{
    "startDate": "2020-01-01",
    "endDate": "2020-03-31",
    "year": "2020",
    "quarter": "Q1",
    "symbol": "MDU",
    "data": {
        "bs": [
            {
                "label": "Cash and cash equivalents",
                "concept": "CashAndCashEquivalentsAtCarryingValue",
                "unit": "usd",
                "value": 116526000
            },
            {
                "label": "Receivables, net",
                "concept": "ReceivablesNetCurrent",
                "unit": "usd",
                "value": 835468000
            },
            {
                "label": "Inventories",
                "concept": "InventoryNet",
                "unit": "usd",
                "value": 305958000
            },
            {
                "label": "Current regulatory assets",
                "concept": "RegulatoryAssetsCurrent",
                "unit": "usd",
                "value": 55206000
            },
            {
                "label": "Prepayments and other current assets",
                "concept": "OtherAssetsCurrent",
                "unit": "usd",
                "value": 60230000
            },
            {
                "label": "Total current assets",
                "concept": "AssetsCurrent",
                "unit": "usd",
                "value": 1373388000
            },
            {
                "label": "Property, plant and equipment",
                "concept": "PropertyPlantAndEquipmentGross",
                "unit": "usd",
                "value": 8008338000
            },
            {
                "label": "Less accumulated depreciation, depletion and amortization",
                "concept": "AccumulatedDepreciationDepletionAndAmortizationPropertyPlantAndEquipment",
                "unit": "usd",
                "value": 3039812000
            },
            {
                "label": "Net property, plant and equipment",
                "concept": "PropertyPlantAndEquipmentNet",
                "unit": "usd",
                "value": 4968526000
            },
            {
                "label": "Other intangible assets, net",
                "concept": "IntangibleAssetsNetExcludingGoodwill",
                "unit": "usd",
                "value": 34250000
            },
            {
                "label": "Regulatory assets",
                "concept": "RegulatoryAssetsNoncurrent",
                "unit": "usd",
                "value": 348189000
            },
            {
                "label": "Investments",
                "concept": "LongTermInvestments",
                "unit": "usd",
                "value": 145237000
            },
            {
                "label": "Operating lease right-of-use assets",
                "concept": "OperatingLeaseRightOfUseAsset",
                "unit": "usd",
                "value": 114382000
            },
            {
                "label": "Other",
                "concept": "OtherAssetsNoncurrent",
                "unit": "usd",
                "value": 153017000
            },
            {
                "label": "Total noncurrent assets",
                "concept": "AssetsNoncurrent",
                "unit": "usd",
                "value": 6477128000
            },
            {
                "label": "Total assets",
                "concept": "Assets",
                "unit": "usd",
                "value": 7850516000
            },
            {
                "label": "Short-term borrowings",
                "concept": "ShortTermBorrowings",
                "unit": "usd",
                "value": "N/A"
            },
            {
                "label": "Long-term debt due within one year",
                "concept": "LongTermDebtCurrent",
                "unit": "usd",
                "value": 16560000
            },
            {
                "label": "Accounts payable",
                "concept": "AccountsPayableCurrent",
                "unit": "usd",
                "value": 384339000
            },
            {
                "label": "Taxes payable",
                "concept": "TaxesPayableCurrent",
                "unit": "usd",
                "value": 58743000
            },
            {
                "label": "Dividends payable",
                "concept": "DividendsPayableCurrent",
                "unit": "usd",
                "value": 41608000
            },
            {
                "label": "Accrued compensation",
                "concept": "EmployeeRelatedLiabilitiesCurrent",
                "unit": "usd",
                "value": 55199000
            },
            {
                "label": "Regulatory liabilities due within one year",
                "concept": "RegulatoryLiabilityCurrent",
                "unit": "usd",
                "value": 60072000
            },
            {
                "label": "Operating lease liabilities due within one year",
                "concept": "OperatingLeaseLiabilityCurrent",
                "unit": "usd",
                "value": 31141000
            },
            {
                "label": "Asset retirement obligations due within one year",
                "concept": "AssetRetirementObligationCurrent",
                "unit": "usd",
                "value": 4256000
            },
            {
                "label": "Other accrued liabilities",
                "concept": "OtherLiabilitiesCurrent",
                "unit": "usd",
                "value": 172561000
            },
            {
                "label": "Total current liabilities",
                "concept": "LiabilitiesCurrent",
                "unit": "usd",
                "value": 824479000
            },
            {
                "label": "Long-term debt",
                "concept": "LongTermDebtNoncurrent",
                "unit": "usd",
                "value": 2438675000
            },
            {
                "label": "Deferred income taxes",
                "concept": "DeferredIncomeTaxLiabilitiesNet",
                "unit": "usd",
                "value": 515711000
            },
            {
                "label": "Regulatory liabilities",
                "concept": "RegulatoryLiabilityNoncurrent",
                "unit": "usd",
                "value": 443205000
            },
            {
                "label": "Asset retirement obligations",
                "concept": "AssetRetirementObligationsNoncurrent",
                "unit": "usd",
                "value": 417469000
            },
            {
                "label": "Operating lease liabilities",
                "concept": "OperatingLeaseLiabilityNoncurrent",
                "unit": "usd",
                "value": 83414000
            },
            {
                "label": "Other",
                "concept": "OtherLiabilitiesNoncurrent",
                "unit": "usd",
                "value": 290971000
            },
            {
                "label": "Total noncurrent liabilities",
                "concept": "LiabilitiesNoncurrent",
                "unit": "usd",
                "value": 4189445000
            },
            {
                "label": "Commitments and contingencies",
                "concept": "CommitmentsAndContingencies",
                "unit": "usd",
                "value": "N/A"
            },
            {
                "label": "Common stock Authorized - 500,000,000 shares, $1.00 par value Shares issued - 201,061,198 at March 31, 2020, 198,316,808 at March 31, 2019 and 200,922,790 at December 31, 2019",
                "concept": "CommonStockValue",
                "unit": "usd",
                "value": 201061000
            },
            {
                "label": "Other paid-in capital",
                "concept": "AdditionalPaidInCapitalCommonStock",
                "unit": "usd",
                "value": 1360564000
            },
            {
                "label": "Retained earnings",
                "concept": "RetainedEarningsAccumulatedDeficit",
                "unit": "usd",
                "value": 1319988000
            },
            {
                "label": "Accumulated other comprehensive loss",
                "concept": "AccumulatedOtherComprehensiveIncomeLossNetOfTax",
                "unit": "usd",
                "value": 41395000
            },
            {
                "label": "Treasury stock at cost - 538,921 shares",
                "concept": "TreasuryStockCommonValue",
                "unit": "usd",
                "value": 3626000
            },
            {
                "label": "Total stockholders' equity",
                "concept": "StockholdersEquity",
                "unit": "usd",
                "value": 2836592000
            },
            {
                "label": "Total liabilities and stockholders' equity",
                "concept": "LiabilitiesAndStockholdersEquity",
                "unit": "usd",
                "value": 7850516000
            }
        ],
        "cf": [
            {
                "label": "Net income",
                "concept": "NetIncomeLoss",
                "unit": "usd",
                "value": 25130000
            },
            {
                "label": "Loss from discontinued operations, net of tax",
                "concept": "IncomeLossFromDiscontinuedOperationsNetOfTaxAttributableToReportingEntity",
                "unit": "usd",
                "value": 409000
            },
            {
                "label": "Income from continuing operations",
                "concept": "IncomeLossFromContinuingOperations",
                "unit": "usd",
                "value": 25539000
            },
            {
                "label": "Depreciation, depletion and amortization",
                "concept": "DepreciationDepletionAndAmortization",
                "unit": "usd",
                "value": 69239000
            },
            {
                "label": "Deferred income taxes",
                "concept": "DeferredIncomeTaxExpenseBenefit",
                "unit": "usd",
                "value": 1813000
            },
            {
                "label": "Receivables",
                "concept": "IncreaseDecreaseInReceivables",
                "unit": "usd",
                "value": 44549000
            },
            {
                "label": "Inventories",
                "concept": "IncreaseDecreaseInInventories",
                "unit": "usd",
                "value": 29337000
            },
            {
                "label": "Other current assets",
                "concept": "IncreaseDecreaseInOtherCurrentAssets",
                "unit": "usd",
                "value": 14959000
            },
            {
                "label": "Accounts payable",
                "concept": "IncreaseDecreaseInAccountsPayable",
                "unit": "usd",
                "value": 24105000
            },
            {
                "label": "Other current liabilities",
                "concept": "IncreaseDecreaseInOtherCurrentLiabilities",
                "unit": "usd",
                "value": 23259000
            },
            {
                "label": "Other noncurrent changes",
                "concept": "IncreaseDecreaseInOtherNoncurrentAssetsAndLiabilitiesNet",
                "unit": "usd",
                "value": 326000
            },
            {
                "label": "Net cash provided by continuing operations",
                "concept": "NetCashProvidedByUsedInOperatingActivitiesContinuingOperations",
                "unit": "usd",
                "value": 79724000
            },
            {
                "label": "Net cash used in discontinued operations",
                "concept": "CashProvidedByUsedInOperatingActivitiesDiscontinuedOperations",
                "unit": "usd",
                "value": 434000
            },
            {
                "label": "Net cash provided by operating activities",
                "concept": "NetCashProvidedByUsedInOperatingActivities",
                "unit": "usd",
                "value": 79290000
            },
            {
                "label": "Capital expenditures",
                "concept": "PaymentsToAcquireProductiveAssets",
                "unit": "usd",
                "value": 139485000
            },
            {
                "label": "Acquisitions, net of cash acquired",
                "concept": "PaymentsToAcquireBusinessesNetOfCashAcquired",
                "unit": "usd",
                "value": 67593000
            },
            {
                "label": "Net proceeds from sale or disposition of property and other",
                "concept": "ProceedsFromSaleOfProductiveAssets",
                "unit": "usd",
                "value": 4540000
            },
            {
                "label": "Investments",
                "concept": "PaymentsForProceedsFromInvestments",
                "unit": "usd",
                "value": 68000
            },
            {
                "label": "Net cash used in investing activities",
                "concept": "NetCashProvidedByUsedInInvestingActivities",
                "unit": "usd",
                "value": 202470000
            },
            {
                "label": "Issuance of short-term borrowings",
                "concept": "ProceedsFromShortTermDebt",
                "unit": "usd",
                "value": "N/A"
            },
            {
                "label": "Issuance of long-term debt",
                "concept": "ProceedsFromIssuanceOfLongTermDebt",
                "unit": "usd",
                "value": 248021000
            },
            {
                "label": "Repayment of long-term debt",
                "concept": "RepaymentsOfLongTermDebt",
                "unit": "usd",
                "value": 36242000
            },
            {
                "label": "Proceeds from issuance of common stock",
                "concept": "ProceedsFromIssuanceOfCommonStock",
                "unit": "usd",
                "value": 3410000
            },
            {
                "label": "Dividends paid",
                "concept": "PaymentsOfDividends",
                "unit": "usd",
                "value": 41580000
            },
            {
                "label": "Tax withholding on stock-based compensation",
                "concept": "PaymentsRelatedToTaxWithholdingForShareBasedCompensation",
                "unit": "usd",
                "value": 362000
            },
            {
                "label": "Net cash provided by financing activities",
                "concept": "NetCashProvidedByUsedInFinancingActivities",
                "unit": "usd",
                "value": 173247000
            },
            {
                "label": "Increase (decrease) in cash and cash equivalents",
                "concept": "CashCashEquivalentsRestrictedCashAndRestrictedCashEquivalentsPeriodIncreaseDecreaseExcludingExchangeRateEffect",
                "unit": "usd",
                "value": 50067000
            }
        ],
        "ic": [
            {
                "label": "Operating revenues:",
                "concept": "Revenues",
                "unit": "usd",
                "value": 1197373000
            },
            {
                "label": "Operation and maintenance:",
                "concept": "SellingGeneralAndAdministrativeExpense",
                "unit": "usd",
                "value": 821000000
            },
            {
                "label": "Purchased natural gas sold",
                "concept": "UtilitiesOperatingExpenseGasAndPetroleumPurchased",
                "unit": "usd",
                "value": 165412000
            },
            {
                "label": "Taxes, other than income",
                "concept": "TaxesExcludingIncomeAndExciseTaxes",
                "unit": "usd",
                "value": 64112000
            },
            {
                "label": "Electric fuel and purchased power",
                "concept": "UtilitiesOperatingExpensePurchasedPower",
                "unit": "usd",
                "value": 20540000
            },
            {
                "label": "Total operating expenses",
                "concept": "OperatingExpenses",
                "unit": "usd",
                "value": 1140303000
            },
            {
                "label": "Operating income",
                "concept": "OperatingIncomeLoss",
                "unit": "usd",
                "value": 57070000
            },
            {
                "label": "Other income (expense)",
                "concept": "OtherNonoperatingIncomeExpense",
                "unit": "usd",
                "value": 1005000
            },
            {
                "label": "Interest expense",
                "concept": "InterestExpense",
                "unit": "usd",
                "value": 24553000
            },
            {
                "label": "Income before income taxes",
                "concept": "IncomeLossFromContinuingOperationsBeforeIncomeTaxesExtraordinaryItemsNoncontrollingInterest",
                "unit": "usd",
                "value": 31512000
            },
            {
                "label": "Income taxes",
                "concept": "IncomeTaxExpenseBenefit",
                "unit": "usd",
                "value": 5973000
            },
            {
                "label": "Income from continuing operations",
                "concept": "IncomeLossFromContinuingOperations",
                "unit": "usd",
                "value": 25539000
            },
            {
                "label": "Loss from discontinued operations, net of tax",
                "concept": "IncomeLossFromDiscontinuedOperationsNetOfTaxAttributableToReportingEntity",
                "unit": "usd",
                "value": 409000
            },
            {
                "label": "Net income",
                "concept": "NetIncomeLoss",
                "unit": "usd",
                "value": 25130000
            },
            {
                "label": "Income from continuing operations",
                "concept": "IncomeLossFromContinuingOperationsPerBasicShare",
                "unit": "usd/shares",
                "value": 0.13
            },
            {
                "label": "Discontinued operations, net of tax",
                "concept": "DiscontinuedOperationIncomeLossFromDiscontinuedOperationNetOfTaxPerBasicShare",
                "unit": "usd/shares",
                "value": "N/A"
            },
            {
                "label": "Earnings per share - basic",
                "concept": "EarningsPerShareBasic",
                "unit": "usd/shares",
                "value": 0.13
            },
            {
                "label": "Income from continuing operations",
                "concept": "IncomeLossFromContinuingOperationsPerDilutedShare",
                "unit": "usd/shares",
                "value": 0.13
            },
            {
                "label": "Discontinued operations, net of tax",
                "concept": "DiscontinuedOperationIncomeLossFromDiscontinuedOperationNetOfTaxPerDilutedShare",
                "unit": "usd/shares",
                "value": "N/A"
            },
            {
                "label": "Earnings per share - diluted",
                "concept": "EarningsPerShareDiluted",
                "unit": "usd/shares",
                "value": 0.13
            },
            {
                "label": "Weighted average common shares outstanding - diluted",
                "concept": "WeightedAverageNumberOfDilutedSharesOutstanding",
                "unit": "shares",
                "value": 200456000
            }
        ]
    }
}