{
    "startDate": "2020-01-01",
    "endDate": "2020-03-31",
    "year": "2020",
    "quarter": "Q1",
    "symbol": "TKR",
    "data": {
        "bs": [
            {
                "label": "Cash and cash equivalents",
                "concept": "CashAndCashEquivalentsAtCarryingValue",
                "unit": "usd",
                "value": 387500000.0
            },
            {
                "label": "Restricted cash",
                "concept": "RestrictedCashAndCashEquivalentsAtCarryingValue",
                "unit": "usd",
                "value": 6500000.0
            },
            {
                "label": "Accounts receivable, less allowances (2019 \u2013 $19.7 million; 2018 \u2013 $21.9 million)",
                "concept": "AccountsReceivableNetCurrent",
                "unit": "usd",
                "value": 577700000.0
            },
            {
                "label": "Unbilled Receivables, Asset, Net",
                "concept": "ContractWithCustomerAssetNet",
                "unit": "usd",
                "value": 137400000.0
            },
            {
                "label": "Inventories, net",
                "concept": "InventoryNet",
                "unit": "usd",
                "value": 819700000.0
            },
            {
                "label": "Deferred charges and prepaid expenses",
                "concept": "PrepaidExpenseAndOtherAssetsCurrent",
                "unit": "usd",
                "value": 35700000.0
            },
            {
                "label": "Other current assets",
                "concept": "OtherAssetsCurrent",
                "unit": "usd",
                "value": 127700000.0
            },
            {
                "label": "Total Current Assets",
                "concept": "AssetsCurrent",
                "unit": "usd",
                "value": 2092199999.9999998
            },
            {
                "label": "Property, Plant and Equipment, net",
                "concept": "PropertyPlantAndEquipmentNet",
                "unit": "usd",
                "value": 961600000.0
            },
            {
                "label": "Operating Lease, Right-of-Use Asset",
                "concept": "OperatingLeaseRightOfUseAsset",
                "unit": "usd",
                "value": 112800000.0
            },
            {
                "label": "Assets for Plan Benefits, Defined Benefit Plan",
                "concept": "DefinedBenefitPlanAssetsForPlanBenefitsNoncurrent",
                "unit": "usd",
                "value": 7100000.0
            },
            {
                "label": "Other Assets, Miscellaneous, Noncurrent",
                "concept": "OtherAssetsMiscellaneousNoncurrent",
                "unit": "usd",
                "value": "N/A"
            },
            {
                "label": "Goodwill",
                "concept": "Goodwill",
                "unit": "usd",
                "value": 987900000.0
            },
            {
                "label": "Other intangible assets",
                "concept": "IntangibleAssetsNetExcludingGoodwill",
                "unit": "usd",
                "value": 735300000.0
            },
            {
                "label": "Deferred Income Tax Assets, Net",
                "concept": "DeferredIncomeTaxAssetsNet",
                "unit": "usd",
                "value": 67400000.0
            },
            {
                "label": "Other Assets, Noncurrent",
                "concept": "OtherAssetsNoncurrent",
                "unit": "usd",
                "value": 15700000.0
            },
            {
                "label": "Total Other Assets",
                "concept": "AssetsNoncurrent",
                "unit": "usd",
                "value": 1926200000.0
            },
            {
                "label": "Total Assets",
                "concept": "Assets",
                "unit": "usd",
                "value": 4980000000.0
            },
            {
                "label": "Short-term debt",
                "concept": "ShortTermBorrowings",
                "unit": "usd",
                "value": 109000000.0
            },
            {
                "label": "Current portion of long-term debt",
                "concept": "LongTermDebtCurrent",
                "unit": "usd",
                "value": 64099999.99999999
            },
            {
                "label": "Operating Lease, Liability, Current",
                "concept": "OperatingLeaseLiabilityCurrent",
                "unit": "usd",
                "value": 28600000.0
            },
            {
                "label": "Accounts payable, trade",
                "concept": "AccountsPayableCurrent",
                "unit": "usd",
                "value": 296000000.0
            },
            {
                "label": "Salaries, wages and benefits",
                "concept": "EmployeeRelatedLiabilitiesCurrent",
                "unit": "usd",
                "value": 88300000.0
            },
            {
                "label": "Income taxes payable",
                "concept": "AccruedIncomeTaxesCurrent",
                "unit": "usd",
                "value": 15800000.0
            },
            {
                "label": "Other current liabilities",
                "concept": "OtherLiabilitiesCurrent",
                "unit": "usd",
                "value": 168000000.0
            },
            {
                "label": "Total Current Liabilities",
                "concept": "LiabilitiesCurrent",
                "unit": "usd",
                "value": 769800000.0
            },
            {
                "label": "Long-term debt",
                "concept": "LongTermDebtNoncurrent",
                "unit": "usd",
                "value": 1785800000.0
            },
            {
                "label": "Accrued pension cost",
                "concept": "DefinedBenefitPensionPlanLiabilitiesNoncurrent",
                "unit": "usd",
                "value": 164500000.0
            },
            {
                "label": "Accrued postretirement benefits cost",
                "concept": "OtherPostretirementDefinedBenefitPlanLiabilitiesNoncurrent",
                "unit": "usd",
                "value": 44800000.0
            },
            {
                "label": "Operating Lease, Liability, Noncurrent",
                "concept": "OperatingLeaseLiabilityNoncurrent",
                "unit": "usd",
                "value": 70800000.0
            },
            {
                "label": "Deferred Income Tax Liabilities, Net",
                "concept": "DeferredIncomeTaxLiabilitiesNet",
                "unit": "usd",
                "value": 158700000.0
            },
            {
                "label": "Other non-current liabilities",
                "concept": "OtherLiabilitiesNoncurrent",
                "unit": "usd",
                "value": 85300000.0
            },
            {
                "label": "Total Non-Current Liabilities",
                "concept": "LiabilitiesNoncurrent",
                "unit": "usd",
                "value": 2309900000.0
            },
            {
                "label": "Class I and II Serial Preferred Stock, without par value: Authorized \u2013 10,000,000 shares each class, none issued",
                "concept": "PreferredStockValue",
                "unit": "usd",
                "value": "N/A"
            },
            {
                "label": "Common Stock, Value, Outstanding",
                "concept": "CommonStockValueOutstanding",
                "unit": "usd",
                "value": 53100000.0
            },
            {
                "label": "Other paid-in capital",
                "concept": "AdditionalPaidInCapitalCommonStock",
                "unit": "usd",
                "value": 920100000.0
            },
            {
                "label": "Earnings invested in the business",
                "concept": "RetainedEarningsAccumulatedDeficit",
                "unit": "usd",
                "value": 1964800000.0
            },
            {
                "label": "Accumulated other comprehensive loss",
                "concept": "AccumulatedOtherComprehensiveIncomeLossNetOfTax",
                "unit": "usd",
                "value": 118900000.0
            },
            {
                "label": "Treasury shares at cost (2018 - 19,152,333 shares; 2017 - 20,672,133 shares)",
                "concept": "TreasuryStockValue",
                "unit": "usd",
                "value": 1001700000.0
            },
            {
                "label": "Total Shareholders' Equity",
                "concept": "StockholdersEquity",
                "unit": "usd",
                "value": 1817400000.0
            },
            {
                "label": "Noncontrolling Interest",
                "concept": "MinorityInterest",
                "unit": "usd",
                "value": 82900000.0
            },
            {
                "label": "Total Equity",
                "concept": "StockholdersEquityIncludingPortionAttributableToNoncontrollingInterest",
                "unit": "usd",
                "value": 1900300000.0
            },
            {
                "label": "Total Liabilities and Shareholders' Equity",
                "concept": "LiabilitiesAndStockholdersEquity",
                "unit": "usd",
                "value": 4980000000.0
            }
        ],
        "cf": [
            {
                "label": "Net income",
                "concept": "ProfitLoss",
                "unit": "usd",
                "value": 84000000.0
            },
            {
                "label": "Depreciation and amortization",
                "concept": "DepreciationDepletionAndAmortization",
                "unit": "usd",
                "value": 42300000.0
            },
            {
                "label": "Loss on sale of assets",
                "concept": "GainLossOnSaleOfPropertyPlantEquipment",
                "unit": "usd",
                "value": 1200000.0
            },
            {
                "label": "Deferred income tax provision",
                "concept": "DeferredIncomeTaxExpenseBenefit",
                "unit": "usd",
                "value": 5100000.0
            },
            {
                "label": "Stock-based compensation expense",
                "concept": "ShareBasedCompensation",
                "unit": "usd",
                "value": 5600000.0
            },
            {
                "label": "Pension and other postretirement expense",
                "concept": "PensionAndOtherPostretirementBenefitExpense",
                "unit": "usd",
                "value": 300000.0
            },
            {
                "label": "Pension contributions and other postretirement benefit payments",
                "concept": "PensionAndOtherPostretirementBenefitContributions",
                "unit": "usd",
                "value": 5500000.0
            },
            {
                "label": "Accounts receivable",
                "concept": "IncreaseDecreaseInAccountsReceivable",
                "unit": "usd",
                "value": 47600000.0
            },
            {
                "label": "Increase (Decrease) in Contract with Customer, Asset",
                "concept": "IncreaseDecreaseInContractWithCustomerAsset",
                "unit": "usd",
                "value": 8300000.000000001
            },
            {
                "label": "Inventories",
                "concept": "IncreaseDecreaseInInventories",
                "unit": "usd",
                "value": 300000.0
            },
            {
                "label": "Accounts payable, trade",
                "concept": "IncreaseDecreaseInAccountsPayableTrade",
                "unit": "usd",
                "value": "N/A"
            },
            {
                "label": "Other accrued expenses",
                "concept": "IncreaseDecreaseInOtherAccruedLiabilities",
                "unit": "usd",
                "value": 34300000.0
            },
            {
                "label": "Income taxes",
                "concept": "IncreaseDecreaseInIncomeTaxes",
                "unit": "usd",
                "value": 12500000.0
            },
            {
                "label": "Other, net",
                "concept": "IncreaseDecreaseInOtherOperatingCapitalNet",
                "unit": "usd",
                "value": 11400000.0
            },
            {
                "label": "Net Cash Provided by Operating Activities",
                "concept": "NetCashProvidedByUsedInOperatingActivities",
                "unit": "usd",
                "value": 56200000.0
            },
            {
                "label": "Capital expenditures",
                "concept": "PaymentsToAcquireProductiveAssets",
                "unit": "usd",
                "value": 31800000.0
            },
            {
                "label": "Acquisitions, net of cash received",
                "concept": "PaymentsToAcquireBusinessesNetOfCashAcquired",
                "unit": "usd",
                "value": "N/A"
            },
            {
                "label": "Proceeds from disposal of property, plant and equipment",
                "concept": "ProceedsFromSaleOfPropertyPlantAndEquipment",
                "unit": "usd",
                "value": "N/A"
            },
            {
                "label": "Other",
                "concept": "PaymentsForProceedsFromOtherInvestingActivities",
                "unit": "usd",
                "value": 200000.0
            },
            {
                "label": "Net Cash Used by Investing Activities",
                "concept": "NetCashProvidedByUsedInInvestingActivities",
                "unit": "usd",
                "value": 31600000.0
            },
            {
                "label": "Cash dividends paid to shareholders",
                "concept": "PaymentsOfDividendsCommonStock",
                "unit": "usd",
                "value": 22900000.0
            },
            {
                "label": "Purchase of treasury shares",
                "concept": "PaymentsForRepurchaseOfCommonStock",
                "unit": "usd",
                "value": 42300000.0
            },
            {
                "label": "Assets for Plan Benefits, Defined Benefit Plan",
                "concept": "ProceedsFromStockOptionsExercised",
                "unit": "usd",
                "value": 7500000.0
            },
            {
                "label": "Payment, Tax Withholding, Share-based Payment Arrangement",
                "concept": "PaymentsRelatedToTaxWithholdingForShareBasedCompensation",
                "unit": "usd",
                "value": 10200000.0
            },
            {
                "label": "Proceeds from Accounts Receivable Securitization",
                "concept": "ProceedsFromAccountsReceivableSecuritization",
                "unit": "usd",
                "value": 10000000.0
            },
            {
                "label": "Repayments of Accounts Receivable Securitization",
                "concept": "RepaymentsOfAccountsReceivableSecuritization",
                "unit": "usd",
                "value": 10000000.0
            },
            {
                "label": "Proceeds from Issuance of Long-term Debt",
                "concept": "ProceedsFromIssuanceOfLongTermDebt",
                "unit": "usd",
                "value": 200000000.0
            },
            {
                "label": "Payments on long-term debt",
                "concept": "RepaymentsOfLongTermDebt",
                "unit": "usd",
                "value": 37900000.0
            },
            {
                "label": "Short-term debt activity, net",
                "concept": "ProceedsFromRepaymentsOfShortTermDebt",
                "unit": "usd",
                "value": 72300000.0
            },
            {
                "label": "Net Cash Used by Financing Activities",
                "concept": "NetCashProvidedByUsedInFinancingActivities",
                "unit": "usd",
                "value": 166500000.0
            },
            {
                "label": "Effect of exchange rate changes on cash",
                "concept": "EffectOfExchangeRateOnCashAndCashEquivalents",
                "unit": "usd",
                "value": 13300000.0
            },
            {
                "label": "Cash, Cash Equivalents, Restricted Cash and Restricted Cash Equivalents, Period Increase (Decrease), Including Exchange Rate Effect",
                "concept": "CashCashEquivalentsRestrictedCashAndRestrictedCashEquivalentsPeriodIncreaseDecreaseIncludingExchangeRateEffect",
                "unit": "usd",
                "value": 177800000.0
            }
        ],
        "ic": [
            {
                "label": "Other comprehensive income",
                "concept": "OtherComprehensiveIncomeLossNetOfTax",
                "unit": "usd",
                "value": 76300000.0
            },
            {
                "label": "Net Periodic Defined Benefits Expense (Reversal of Expense), Excluding Service Cost Component",
                "concept": "NetPeriodicDefinedBenefitsExpenseReversalOfExpenseExcludingServiceCostComponent",
                "unit": "usd",
                "value": 3400000.0
            },
            {
                "label": "Revenue from Contract with Customer, Excluding Assessed Tax",
                "concept": "RevenueFromContractWithCustomerExcludingAssessedTax",
                "unit": "usd",
                "value": 923400000.0
            },
            {
                "label": "Cost of Goods and Services Sold",
                "concept": "CostOfGoodsAndServicesSold",
                "unit": "usd",
                "value": 644500000.0
            },
            {
                "label": "Gross Profit",
                "concept": "GrossProfit",
                "unit": "usd",
                "value": 278900000.0
            },
            {
                "label": "Selling, general and administrative expenses",
                "concept": "SellingGeneralAndAdministrativeExpense",
                "unit": "usd",
                "value": 153600000.0
            },
            {
                "label": "Impairment and restructuring charges",
                "concept": "RestructuringSettlementAndImpairmentProvisions",
                "unit": "usd",
                "value": 3600000.0
            },
            {
                "label": "Operating Income (Loss)",
                "concept": "OperatingIncomeLoss",
                "unit": "usd",
                "value": 121700000.0
            },
            {
                "label": "Interest expense",
                "concept": "InterestExpense",
                "unit": "usd",
                "value": 17100000.0
            },
            {
                "label": "Investment Income, Interest",
                "concept": "InvestmentIncomeInterest",
                "unit": "usd",
                "value": 1500000.0
            },
            {
                "label": "Other (expense) income, net",
                "concept": "OtherNonoperatingIncomeExpense",
                "unit": "usd",
                "value": 4099999.9999999995
            },
            {
                "label": "Income (Loss) Before Income Taxes",
                "concept": "IncomeLossFromContinuingOperationsBeforeIncomeTaxesMinorityInterestAndIncomeLossFromEquityMethodInvestments",
                "unit": "usd",
                "value": 113600000.0
            },
            {
                "label": "Provision (benefit) for income taxes",
                "concept": "IncomeTaxExpenseBenefit",
                "unit": "usd",
                "value": 29600000.0
            },
            {
                "label": "Net Income",
                "concept": "ProfitLoss",
                "unit": "usd",
                "value": 84000000.0
            },
            {
                "label": "Net (loss) income attributable to noncontrolling interest",
                "concept": "NetIncomeLossAttributableToNoncontrollingInterest",
                "unit": "usd",
                "value": 3300000.0
            },
            {
                "label": "Net Income (loss) attributable to The Timken Company",
                "concept": "NetIncomeLoss",
                "unit": "usd",
                "value": 80700000.0
            }
        ]
    }
}