{
    "startDate": "2019-03-31",
    "endDate": "2020-03-28",
    "year": "2020",
    "quarter": "FY",
    "symbol": "HAE",
    "data": {
        "bs": [
            {
                "label": "Cash and cash equivalents",
                "concept": "CashAndCashEquivalentsAtCarryingValue",
                "unit": "usd",
                "value": 137311000
            },
            {
                "label": "Accounts receivable, less allowance of $3,824 at March 28, 2020 and $3,937 at March 30, 2019",
                "concept": "AccountsReceivableNetCurrent",
                "unit": "usd",
                "value": 165207000
            },
            {
                "label": "Inventories, net",
                "concept": "InventoryNet",
                "unit": "usd",
                "value": 270276000
            },
            {
                "label": "Prepaid expenses and other current assets",
                "concept": "PrepaidExpenseAndOtherAssetsCurrent",
                "unit": "usd",
                "value": 30845000
            },
            {
                "label": "Total current assets",
                "concept": "AssetsCurrent",
                "unit": "usd",
                "value": 603639000
            },
            {
                "label": "Property, plant and equipment, net",
                "concept": "PropertyPlantAndEquipmentNet",
                "unit": "usd",
                "value": 253399000
            },
            {
                "label": "Intangible assets, less accumulated amortization of $296,942 at March 28, 2020 and $263,479 at March 30, 2019",
                "concept": "IntangibleAssetsNetExcludingGoodwill",
                "unit": "usd",
                "value": 133106000
            },
            {
                "label": "Goodwill",
                "concept": "Goodwill",
                "unit": "usd",
                "value": 210652000
            },
            {
                "label": "Deferred tax asset",
                "concept": "DeferredIncomeTaxAssetsNet",
                "unit": "usd",
                "value": 3930000
            },
            {
                "label": "Other long-term assets",
                "concept": "OtherAssetsNoncurrent",
                "unit": "usd",
                "value": 62384000
            },
            {
                "label": "Total assets",
                "concept": "Assets",
                "unit": "usd",
                "value": 1267110000
            },
            {
                "label": "Notes payable and current maturities of long-term debt",
                "concept": "LongTermDebtCurrent",
                "unit": "usd",
                "value": 76980000
            },
            {
                "label": "Accounts payable",
                "concept": "AccountsPayableCurrent",
                "unit": "usd",
                "value": 50730000
            },
            {
                "label": "Accrued payroll and related costs",
                "concept": "EmployeeRelatedLiabilitiesCurrent",
                "unit": "usd",
                "value": 49471000
            },
            {
                "label": "Other current liabilities",
                "concept": "OtherLiabilitiesCurrent",
                "unit": "usd",
                "value": 97641000
            },
            {
                "label": "Total current liabilities",
                "concept": "LiabilitiesCurrent",
                "unit": "usd",
                "value": 274822000
            },
            {
                "label": "Long-term debt, net of current maturities",
                "concept": "LongTermDebtNoncurrent",
                "unit": "usd",
                "value": 305513000
            },
            {
                "label": "Deferred tax liability",
                "concept": "DeferredIncomeTaxLiabilitiesNet",
                "unit": "usd",
                "value": 10562000
            },
            {
                "label": "Other long-term liabilities",
                "concept": "OtherLiabilitiesNoncurrent",
                "unit": "usd",
                "value": 89104000
            },
            {
                "label": "Common stock, $0.01 par value; Authorized \u2014 150,000,000 shares; Issued and outstanding \u2014 50,322,930 shares at March 28, 2020 and 51,019,918 shares at March 30, 2019",
                "concept": "CommonStockValue",
                "unit": "usd",
                "value": 503000
            },
            {
                "label": "Additional paid-in capital",
                "concept": "AdditionalPaidInCapitalCommonStock",
                "unit": "usd",
                "value": 553229000
            },
            {
                "label": "Retained earnings",
                "concept": "RetainedEarningsAccumulatedDeficit",
                "unit": "usd",
                "value": 78512000
            },
            {
                "label": "Accumulated other comprehensive loss",
                "concept": "AccumulatedOtherComprehensiveIncomeLossNetOfTax",
                "unit": "usd",
                "value": 45135000
            },
            {
                "label": "Total stockholders\u2019 equity",
                "concept": "StockholdersEquity",
                "unit": "usd",
                "value": 587109000
            },
            {
                "label": "Total liabilities and stockholders\u2019 equity",
                "concept": "LiabilitiesAndStockholdersEquity",
                "unit": "usd",
                "value": 1267110000
            }
        ],
        "cf": [
            {
                "label": "Share-based compensation expense",
                "concept": "ShareBasedCompensation",
                "unit": "usd",
                "value": 20454000
            },
            {
                "label": "Gain on divestiture",
                "concept": "hae:GainLossOnDivestitureofBusiness",
                "unit": "usd",
                "value": 8083000
            },
            {
                "label": "Deferred tax (benefit) provision",
                "concept": "DeferredOtherTaxExpenseBenefit",
                "unit": "usd",
                "value": 6958000
            },
            {
                "label": "Unrealized (gain) loss from hedging activities",
                "concept": "UnrealizedGainLossOnDerivatives",
                "unit": "usd",
                "value": 813000
            },
            {
                "label": "Provision for losses on accounts receivable",
                "concept": "ProvisionForDoubtfulAccounts",
                "unit": "usd",
                "value": 373000
            },
            {
                "label": "Other non-cash operating activities",
                "concept": "OtherOperatingActivitiesCashFlowStatement",
                "unit": "usd",
                "value": 1234000
            },
            {
                "label": "Change in accounts receivable",
                "concept": "IncreaseDecreaseInAccountsReceivable",
                "unit": "usd",
                "value": 18863000
            },
            {
                "label": "Change in inventories",
                "concept": "IncreaseDecreaseInInventories",
                "unit": "usd",
                "value": 84721000
            },
            {
                "label": "Change in prepaid income taxes",
                "concept": "IncreaseDecreaseInPrepaidTaxes",
                "unit": "usd",
                "value": 1480000
            },
            {
                "label": "Change in other assets and other liabilities",
                "concept": "IncreaseDecreaseInOtherOperatingCapitalNet",
                "unit": "usd",
                "value": 2876000
            },
            {
                "label": "Change in accounts payable and accrued expenses",
                "concept": "IncreaseDecreaseInAccountsPayableAndAccruedLiabilities",
                "unit": "usd",
                "value": 17308000
            },
            {
                "label": "Net cash provided by operating activities",
                "concept": "NetCashProvidedByUsedInOperatingActivities",
                "unit": "usd",
                "value": 158217000
            },
            {
                "label": "Capital expenditures",
                "concept": "PaymentsToAcquirePropertyPlantAndEquipment",
                "unit": "usd",
                "value": 48758000
            },
            {
                "label": "Acquisition",
                "concept": "PaymentsToAcquireBusinessTwoNetOfCashAcquired",
                "unit": "usd",
                "value": 35000000
            },
            {
                "label": "Net cash used in investing activities",
                "concept": "NetCashProvidedByUsedInInvestingActivities",
                "unit": "usd",
                "value": 57176000
            },
            {
                "label": "Repayment of term loan borrowings",
                "concept": "RepaymentsOfLongTermDebt",
                "unit": "usd",
                "value": 13125000
            },
            {
                "label": "Net increase in short-term loans",
                "concept": "ProceedsFromRepaymentsOfShortTermDebt",
                "unit": "usd",
                "value": 45000000
            },
            {
                "label": "Proceeds from employee stock purchase plan",
                "concept": "EmployeeStockOwnershipPlanESOPCashContributionsToESOP",
                "unit": "usd",
                "value": 3369000
            },
            {
                "label": "Proceeds from exercise of stock options",
                "concept": "ProceedsFromStockOptionsExercised",
                "unit": "usd",
                "value": 8647000
            },
            {
                "label": "Share repurchases",
                "concept": "PaymentsForRepurchaseOfCommonStock",
                "unit": "usd",
                "value": 175000000
            },
            {
                "label": "Other financing activities",
                "concept": "ProceedsFromPaymentsForOtherFinancingActivities",
                "unit": "usd",
                "value": 99000
            },
            {
                "label": "Net cash used in financing activities",
                "concept": "NetCashProvidedByUsedInFinancingActivities",
                "unit": "usd",
                "value": 131208000
            },
            {
                "label": "Effect of exchange rates on cash and cash equivalents",
                "concept": "EffectOfExchangeRateOnCashCashEquivalentsRestrictedCashAndRestrictedCashEquivalents",
                "unit": "usd",
                "value": 1873000
            },
            {
                "label": "Net Change in Cash and Cash Equivalents",
                "concept": "CashCashEquivalentsRestrictedCashAndRestrictedCashEquivalentsPeriodIncreaseDecreaseIncludingExchangeRateEffect",
                "unit": "usd",
                "value": 32040000
            },
            {
                "label": "Interest paid",
                "concept": "InterestPaidNet",
                "unit": "usd",
                "value": 12545000
            },
            {
                "label": "Income taxes paid",
                "concept": "IncomeTaxesPaidNet",
                "unit": "usd",
                "value": 11507000
            },
            {
                "label": "Transfers from inventory to fixed assets for placement of Haemonetics equipment",
                "concept": "hae:TransfersFromInventoryToFixedAssets",
                "unit": "usd",
                "value": 14479000
            },
            {
                "label": "Tenant improvement allowances excluded from capital expenditures",
                "concept": "CapitalExpendituresIncurredButNotYetPaid",
                "unit": "usd",
                "value": 5660000
            }
        ],
        "ic": [
            {
                "label": "Cost of goods sold",
                "concept": "CostOfGoodsAndServicesSold",
                "unit": "usd",
                "value": 503966000
            },
            {
                "label": "Gross profit",
                "concept": "GrossProfit",
                "unit": "usd",
                "value": 484513000
            },
            {
                "label": "Research and development",
                "concept": "ResearchAndDevelopmentExpense",
                "unit": "usd",
                "value": 30883000
            },
            {
                "label": "Selling, general and administrative",
                "concept": "SellingGeneralAndAdministrativeExpense",
                "unit": "usd",
                "value": 299680000
            },
            {
                "label": "Impairment of assets",
                "concept": "ImpairmentOfLongLivedAssetsHeldForUse",
                "unit": "usd",
                "value": 50599000
            },
            {
                "label": "Total operating expenses",
                "concept": "OperatingExpenses",
                "unit": "usd",
                "value": 381162000
            },
            {
                "label": "Operating income",
                "concept": "OperatingIncomeLoss",
                "unit": "usd",
                "value": 103351000
            },
            {
                "label": "Gain on divestiture",
                "concept": "DisposalGroupNotDiscontinuedOperationGainLossOnDisposal",
                "unit": "usd",
                "value": "N/A"
            },
            {
                "label": "Interest and other expense, net",
                "concept": "OtherNonoperatingIncomeExpense",
                "unit": "usd",
                "value": 16199000
            },
            {
                "label": "Net income",
                "concept": "NetIncomeLoss",
                "unit": "usd",
                "value": 76526000
            },
            {
                "label": "Net income (loss) per share - basic (in dollars per share)",
                "concept": "EarningsPerShareBasic",
                "unit": "usd/shares",
                "value": 1.51
            },
            {
                "label": "Net income (loss) per share - diluted (in dollars per share)",
                "concept": "EarningsPerShareDiluted",
                "unit": "usd/shares",
                "value": 1.48
            },
            {
                "label": "Basic (in shares)",
                "concept": "WeightedAverageNumberOfSharesOutstandingBasic",
                "unit": "shares",
                "value": 50692000
            },
            {
                "label": "Diluted (in shares)",
                "concept": "WeightedAverageNumberOfDilutedSharesOutstanding",
                "unit": "shares",
                "value": 51815000
            }
        ]
    }
}