{
    "startDate": "2020-01-01",
    "endDate": "2020-03-31",
    "year": "2020",
    "quarter": "Q1",
    "symbol": "RDI",
    "data": {
        "bs": [
            {
                "label": "Cash and Cash Equivalents, at Carrying Value",
                "concept": "CashCashEquivalentsRestrictedCashAndRestrictedCashEquivalents",
                "unit": "usd",
                "value": 54893000
            },
            {
                "label": "Cash and Cash Equivalents, at Carrying Value",
                "concept": "CashCashEquivalentsRestrictedCashAndRestrictedCashEquivalents",
                "unit": "usd",
                "value": 54893000
            }
        ],
        "cf": [
            {
                "label": "ProfitLoss",
                "concept": "ProfitLoss",
                "unit": "usd",
                "value": -5955000
            },
            {
                "label": "Income (Loss) from Equity Method Investments",
                "concept": "IncomeLossFromEquityMethodInvestments",
                "unit": "usd",
                "value": 78000
            },
            {
                "label": "Equity Method Investment, Dividends or Distributions",
                "concept": "EquityMethodInvestmentDividendsOrDistributions",
                "unit": "usd",
                "value": 229000
            },
            {
                "label": "Operating Lease, Right-of-Use Asset, Amortization",
                "concept": "rdi:OperatingLeaseRightOfUseAssetAmortization",
                "unit": "usd",
                "value": 5028000
            },
            {
                "label": "Finance Lease, Right-of-Use Asset, Amortization",
                "concept": "FinanceLeaseRightOfUseAssetAmortization",
                "unit": "usd",
                "value": 39000
            },
            {
                "label": "Increase (Decrease) In Operating Leases",
                "concept": "rdi:IncreaseDecreaseInOperatingLeases",
                "unit": "usd",
                "value": -4833000
            },
            {
                "label": "Deferred Income Taxes and Tax Credits",
                "concept": "DeferredIncomeTaxesAndTaxCredits",
                "unit": "usd",
                "value": 471000
            },
            {
                "label": "Depreciation and Amortization, Discontinued Operations",
                "concept": "DepreciationAndAmortizationDiscontinuedOperations",
                "unit": "usd",
                "value": 5270000
            },
            {
                "label": "Amortization Of Actuarial Gain (Loss)",
                "concept": "rdi:AmortizationOfActuarialGainLoss",
                "unit": "usd",
                "value": -217000
            },
            {
                "label": "Stock based compensation expense",
                "concept": "ShareBasedCompensation",
                "unit": "usd",
                "value": 335000
            },
            {
                "label": "Decrease in receivables",
                "concept": "IncreaseDecreaseInReceivables",
                "unit": "usd",
                "value": -3867000
            },
            {
                "label": "(Increase) decrease in prepaid and other assets",
                "concept": "IncreaseDecreaseInPrepaidDeferredExpenseAndOtherAssets",
                "unit": "usd",
                "value": 4027000
            },
            {
                "label": "Increase (Decrease) In Accrued Pension",
                "concept": "rdi:IncreaseDecreaseInAccruedPension",
                "unit": "usd",
                "value": -171000
            },
            {
                "label": "Accounts payable and accrued expenses",
                "concept": "IncreaseDecreaseInAccountsPayableAndAccruedLiabilities",
                "unit": "usd",
                "value": -3552000
            },
            {
                "label": "Increase Decrease in Film Rent Payable",
                "concept": "rdi:IncreaseDecreaseInFilmRentPayable",
                "unit": "usd",
                "value": -4821000
            },
            {
                "label": "Increase (Decrease) in Income Taxes Payable",
                "concept": "IncreaseDecreaseInAccruedIncomeTaxesPayable",
                "unit": "usd",
                "value": -49000
            },
            {
                "label": "Increase (decrease) in deferred revenues and other liabilities",
                "concept": "rdi:IncreaseDecreaseInDeferredRevenuesAndOtherLiabilities",
                "unit": "usd",
                "value": -642000
            },
            {
                "label": "Net Cash Provided by (Used in) Operating Activities",
                "concept": "NetCashProvidedByUsedInOperatingActivities",
                "unit": "usd",
                "value": -8672000
            },
            {
                "label": "Acquisitions",
                "concept": "PaymentsToAcquirePropertyPlantAndEquipment",
                "unit": "usd",
                "value": 9804000
            },
            {
                "label": "Net cash used in investing activities",
                "concept": "NetCashProvidedByUsedInInvestingActivities",
                "unit": "usd",
                "value": -9804000
            },
            {
                "label": "Repayment of long-term borrowings",
                "concept": "RepaymentsOfLongTermDebt",
                "unit": "usd",
                "value": 22733000
            },
            {
                "label": "Finance Lease, Principal Payments",
                "concept": "FinanceLeasePrincipalPayments",
                "unit": "usd",
                "value": 40000
            },
            {
                "label": "Proceeds from Issuance of Long-term Debt",
                "concept": "ProceedsFromIssuanceOfLongTermDebt",
                "unit": "usd",
                "value": 84648000
            },
            {
                "label": "Capitalized borrowing costs",
                "concept": "PaymentsOfFinancingCosts",
                "unit": "usd",
                "value": 270000
            },
            {
                "label": "Repurchase of Class A Nonvoting Common Stock",
                "concept": "PaymentsForRepurchaseOfCommonStock",
                "unit": "usd",
                "value": 671000
            },
            {
                "label": "Payments for (Proceeds from) Stock Option Exercised",
                "concept": "rdi:PaymentsForProceedsFromStockOptionExercised",
                "unit": "usd",
                "value": 29000
            },
            {
                "label": "Net cash used in financing activities",
                "concept": "NetCashProvidedByUsedInFinancingActivities",
                "unit": "usd",
                "value": 60905000
            },
            {
                "label": "Effect of exchange rate changes on cash and cash equivalents",
                "concept": "EffectOfExchangeRateOnCashCashEquivalentsRestrictedCashAndRestrictedCashEquivalents",
                "unit": "usd",
                "value": 329000
            },
            {
                "label": "Increase (decrease) in cash and cash equivalents",
                "concept": "CashCashEquivalentsRestrictedCashAndRestrictedCashEquivalentsPeriodIncreaseDecreaseIncludingExchangeRateEffect",
                "unit": "usd",
                "value": 42758000
            },
            {
                "label": "Interest Paid, Net",
                "concept": "InterestPaidNet",
                "unit": "usd",
                "value": 2381000
            },
            {
                "label": "Income taxes paid",
                "concept": "IncomeTaxesPaidNet",
                "unit": "usd",
                "value": 1426000
            },
            {
                "label": "Additions To Operating And Investing Properties Through Accrued Expenses",
                "concept": "rdi:AdditionsToOperatingAndInvestingPropertiesThroughAccruedExpenses",
                "unit": "usd",
                "value": 5671000
            }
        ],
        "ic": [
            {
                "label": "ProfitLoss",
                "concept": "ProfitLoss",
                "unit": "usd",
                "value": -5955000
            },
            {
                "label": "Other Comprehensive Income (Loss), Foreign Currency Transaction and Translation Gain (Loss) Arising During Period, Net of Tax",
                "concept": "OtherComprehensiveIncomeLossForeignCurrencyTransactionAndTranslationAdjustmentNetOfTax",
                "unit": "usd",
                "value": -15698000
            },
            {
                "label": "Other Comprehensive Income (Loss), Cash Flow Hedge, Gain (Loss), Net Of Tax",
                "concept": "rdi:OtherComprehensiveIncomeLossCashFlowHedgeGainLossNetOfTax",
                "unit": "usd",
                "value": -214000
            },
            {
                "label": "Other Comprehensive Income (Loss), Other",
                "concept": "rdi:OtherComprehensiveIncomeLossOther",
                "unit": "usd",
                "value": 33000
            },
            {
                "label": "Comprehensive Income (Loss), Net of Tax, Including Portion Attributable to Noncontrolling Interest",
                "concept": "ComprehensiveIncomeNetOfTaxIncludingPortionAttributableToNoncontrollingInterest",
                "unit": "usd",
                "value": -21834000
            },
            {
                "label": "Net Income (Loss) Attributable to Noncontrolling Interest",
                "concept": "NetIncomeLossAttributableToNoncontrollingInterest",
                "unit": "usd",
                "value": -80000
            },
            {
                "label": "Other Comprehensive Income (Loss), Net of Tax, Portion Attributable to Noncontrolling Interest",
                "concept": "OtherComprehensiveIncomeLossNetOfTaxPortionAttributableToNoncontrollingInterest",
                "unit": "usd",
                "value": -18000
            },
            {
                "label": "Comprehensive Income (Loss), Net of Tax, Attributable to Parent",
                "concept": "ComprehensiveIncomeNetOfTax",
                "unit": "usd",
                "value": -21736000
            }
        ]
    }
}