{
    "startDate": "2020-01-01",
    "endDate": "2020-03-31",
    "year": "2020",
    "quarter": "Q1",
    "symbol": "IP",
    "data": {
        "bs": [
            {
                "label": "Cash and temporary investments",
                "concept": "CashCashEquivalentsAndShortTermInvestments",
                "unit": "usd",
                "value": 1239000000
            },
            {
                "label": "Accounts and notes receivable, net",
                "concept": "AccountsNotesAndLoansReceivableNetCurrent",
                "unit": "usd",
                "value": 3226000000
            },
            {
                "label": "Contract assets",
                "concept": "ContractWithCustomerAssetGross",
                "unit": "usd",
                "value": 423000000
            },
            {
                "label": "Inventories",
                "concept": "InventoryNet",
                "unit": "usd",
                "value": 2002000000
            },
            {
                "label": "Assets held for sale",
                "concept": "AssetsOfDisposalGroupIncludingDiscontinuedOperationCurrent",
                "unit": "usd",
                "value": 112000000
            },
            {
                "label": "Other current assets",
                "concept": "OtherAssetsCurrent",
                "unit": "usd",
                "value": 213000000
            },
            {
                "label": "Total Current Assets",
                "concept": "AssetsCurrent",
                "unit": "usd",
                "value": 7215000000
            },
            {
                "label": "Plants, Properties and Equipment, net",
                "concept": "PropertyPlantAndEquipmentNet",
                "unit": "usd",
                "value": 12691000000
            },
            {
                "label": "Forestlands",
                "concept": "TimberAndTimberlands",
                "unit": "usd",
                "value": 308000000
            },
            {
                "label": "Investments",
                "concept": "InvestmentsInAffiliatesSubsidiariesAssociatesAndJointVentures",
                "unit": "usd",
                "value": 1370000000
            },
            {
                "label": "Financial Assets of Variable Interest Entities (Note 16)",
                "concept": "NotesReceivableGross",
                "unit": "usd",
                "value": 7093000000
            },
            {
                "label": "Goodwill",
                "concept": "Goodwill",
                "unit": "usd",
                "value": 3304000000
            },
            {
                "label": "Right of Use Assets",
                "concept": "OperatingLeaseRightOfUseAsset",
                "unit": "usd",
                "value": 422000000
            },
            {
                "label": "Deferred Charges and Other Assets",
                "concept": "OtherAssetsNoncurrent",
                "unit": "usd",
                "value": 812000000
            },
            {
                "label": "Total Assets",
                "concept": "Assets",
                "unit": "usd",
                "value": 33215000000
            },
            {
                "label": "Notes payable and current maturities of long-term debt",
                "concept": "DebtCurrent",
                "unit": "usd",
                "value": 664000000
            },
            {
                "label": "Current nonrecourse financial liabilities of variable interest entities (Note 16)",
                "concept": "OtherLiabilitiesCurrent",
                "unit": "usd",
                "value": 4220000000
            },
            {
                "label": "Accounts payable",
                "concept": "AccountsPayableCurrent",
                "unit": "usd",
                "value": 2379000000
            },
            {
                "label": "Accrued payroll and benefits",
                "concept": "EmployeeRelatedLiabilitiesCurrent",
                "unit": "usd",
                "value": 355000000
            },
            {
                "label": "Liabilities held for sale",
                "concept": "LiabilitiesOfDisposalGroupIncludingDiscontinuedOperationCurrent",
                "unit": "usd",
                "value": 364000000
            },
            {
                "label": "Other current liabilities",
                "concept": "OtherAccruedLiabilitiesCurrent",
                "unit": "usd",
                "value": 1360000000
            },
            {
                "label": "Total Current Liabilities",
                "concept": "LiabilitiesCurrent",
                "unit": "usd",
                "value": 9342000000
            },
            {
                "label": "Long-Term Debt",
                "concept": "LongTermDebtAndCapitalLeaseObligations",
                "unit": "usd",
                "value": 9561000000
            },
            {
                "label": "Long-Term Nonrecourse Financial Liabilities of Variable Interest Entities (Note 16)",
                "concept": "OtherLongTermDebtNoncurrent",
                "unit": "usd",
                "value": 2087000000
            },
            {
                "label": "Deferred Income Taxes",
                "concept": "DeferredIncomeTaxLiabilitiesNet",
                "unit": "usd",
                "value": 2662000000
            },
            {
                "label": "Pension Benefit Obligation",
                "concept": "DefinedBenefitPensionPlanLiabilitiesNoncurrent",
                "unit": "usd",
                "value": 1521000000
            },
            {
                "label": "Postretirement and Postemployment Benefit Obligation",
                "concept": "OtherPostretirementDefinedBenefitPlanLiabilitiesNoncurrent",
                "unit": "usd",
                "value": 252000000
            },
            {
                "label": "Long-Term Lease Obligations",
                "concept": "OperatingLeaseLiabilityNoncurrent",
                "unit": "usd",
                "value": 293000000
            },
            {
                "label": "Other Liabilities",
                "concept": "OtherLiabilitiesNoncurrent",
                "unit": "usd",
                "value": 636000000
            },
            {
                "label": "Common stock, $1 par value, 2020 \u2013 448.9 shares and 2019 \u2013 448.9 shares",
                "concept": "CommonStockValue",
                "unit": "usd",
                "value": 449000000
            },
            {
                "label": "Paid-in capital",
                "concept": "AdditionalPaidInCapitalCommonStock",
                "unit": "usd",
                "value": 6252000000
            },
            {
                "label": "Retained earnings",
                "concept": "RetainedEarningsAccumulatedDeficit",
                "unit": "usd",
                "value": 8062000000
            },
            {
                "label": "Accumulated other comprehensive loss",
                "concept": "AccumulatedOtherComprehensiveIncomeLossNetOfTax",
                "unit": "usd",
                "value": 5255000000
            },
            {
                "label": "Shareholders' Equity before Treasury Stock, Total",
                "concept": "StockholdersEquityBeforeTreasuryStock",
                "unit": "usd",
                "value": 9508000000
            },
            {
                "label": "Less: Common stock held in treasury, at cost, 2020 \u2013 56.1 shares and 2019 \u2013 56.8 shares",
                "concept": "TreasuryStockValue",
                "unit": "usd",
                "value": 2651000000
            },
            {
                "label": "Total International Paper Shareholders\u2019 Equity",
                "concept": "StockholdersEquity",
                "unit": "usd",
                "value": 6857000000
            },
            {
                "label": "Noncontrolling interests",
                "concept": "MinorityInterest",
                "unit": "usd",
                "value": 4000000
            },
            {
                "label": "Total Equity",
                "concept": "StockholdersEquityIncludingPortionAttributableToNoncontrollingInterest",
                "unit": "usd",
                "value": 6861000000
            },
            {
                "label": "Total Liabilities and Equity",
                "concept": "LiabilitiesAndStockholdersEquity",
                "unit": "usd",
                "value": 33215000000
            }
        ],
        "cf": [
            {
                "label": "Net earnings (loss)",
                "concept": "ProfitLoss",
                "unit": "usd",
                "value": 141000000
            },
            {
                "label": "Deferred income tax provision (benefit), net",
                "concept": "DeferredIncomeTaxExpenseBenefit",
                "unit": "usd",
                "value": 35000000
            },
            {
                "label": "Equity method dividends received",
                "concept": "CashDividendsPaidToParentCompanyBy50PercentOrLessOwnedPersons",
                "unit": "usd",
                "value": 5000000
            },
            {
                "label": "Equity (earnings) losses, net",
                "concept": "IncomeLossFromEquityMethodInvestments",
                "unit": "usd",
                "value": 31000000
            },
            {
                "label": "Periodic pension expense, net",
                "concept": "PensionExpense",
                "unit": "usd",
                "value": 11000000
            },
            {
                "label": "Other, net",
                "concept": "OtherNoncashIncomeExpense",
                "unit": "usd",
                "value": 166000000
            },
            {
                "label": "Accounts and notes receivable",
                "concept": "IncreaseDecreaseInAccountsAndNotesReceivable",
                "unit": "usd",
                "value": 107000000
            },
            {
                "label": "Contract assets",
                "concept": "ContractWithCustomerAssetReclassifiedToReceivable",
                "unit": "usd",
                "value": 33000000
            },
            {
                "label": "Inventories",
                "concept": "IncreaseDecreaseInInventories",
                "unit": "usd",
                "value": 60000000
            },
            {
                "label": "Accounts payable and accrued liabilities",
                "concept": "IncreaseDecreaseInAccountsPayableAndAccruedLiabilities",
                "unit": "usd",
                "value": 31000000
            },
            {
                "label": "Interest payable",
                "concept": "IncreaseDecreaseInInterestPayableNet",
                "unit": "usd",
                "value": 12000000
            },
            {
                "label": "Other",
                "concept": "IncreaseDecreaseInOtherOperatingCapitalNet",
                "unit": "usd",
                "value": 23000000
            },
            {
                "label": "Cash Provided By (Used For) Operations",
                "concept": "NetCashProvidedByUsedInOperatingActivities",
                "unit": "usd",
                "value": 649000000
            },
            {
                "label": "Invested in capital projects, net of insurance recoveries",
                "concept": "PaymentsToAcquireProductiveAssets",
                "unit": "usd",
                "value": 286000000
            },
            {
                "label": "Acquisitions, net of cash acquired",
                "concept": "PaymentsToAcquireBusinessesNetOfCashAcquired",
                "unit": "usd",
                "value": "N/A"
            },
            {
                "label": "Proceeds from divestitures, net of cash divested",
                "concept": "ProceedsFromDivestitureOfBusinessesNetOfCashDivested",
                "unit": "usd",
                "value": "N/A"
            },
            {
                "label": "Proceeds from sale of equity method investments",
                "concept": "ProceedsFromSaleOfEquityMethodInvestments",
                "unit": "usd",
                "value": 250000000
            },
            {
                "label": "Proceeds from sale of fixed assets",
                "concept": "ProceedsFromSaleOfProductiveAssets",
                "unit": "usd",
                "value": 1000000
            },
            {
                "label": "Other",
                "concept": "PaymentsForProceedsFromOtherInvestingActivities",
                "unit": "usd",
                "value": "N/A"
            },
            {
                "label": "Cash Provided By (Used For) Investment Activities",
                "concept": "NetCashProvidedByUsedInInvestingActivities",
                "unit": "usd",
                "value": 35000000
            },
            {
                "label": "Repurchases of common stock and payments of restricted stock tax withholding",
                "concept": "PaymentsForRepurchaseOfCommonStock",
                "unit": "usd",
                "value": 41000000
            },
            {
                "label": "Issuance of debt",
                "concept": "ProceedsFromIssuanceOfLongTermDebt",
                "unit": "usd",
                "value": 560000000
            },
            {
                "label": "Reduction of debt",
                "concept": "RepaymentsOfLongTermDebt",
                "unit": "usd",
                "value": 136000000
            },
            {
                "label": "Change in book overdrafts",
                "concept": "ProceedsFromRepaymentsOfBankOverdrafts",
                "unit": "usd",
                "value": 9000000
            },
            {
                "label": "Dividends paid",
                "concept": "PaymentsOfDividends",
                "unit": "usd",
                "value": 202000000
            },
            {
                "label": "Other",
                "concept": "ProceedsFromPaymentsForOtherFinancingActivities",
                "unit": "usd",
                "value": 7000000
            },
            {
                "label": "Cash Provided By (Used For) Financing Activities",
                "concept": "NetCashProvidedByUsedInFinancingActivities",
                "unit": "usd",
                "value": 165000000
            },
            {
                "label": "Cash Included in Assets Held for Sale",
                "concept": "IncreaseDecreaseInRestrictedCash",
                "unit": "usd",
                "value": 9000000
            },
            {
                "label": "Effect of Exchange Rate Changes on Cash",
                "concept": "EffectOfExchangeRateOnCashAndCashEquivalents",
                "unit": "usd",
                "value": 42000000
            },
            {
                "label": "Change in Cash and Temporary Investments",
                "concept": "CashAndCashEquivalentsPeriodIncreaseDecrease",
                "unit": "usd",
                "value": 728000000
            }
        ],
        "ic": [
            {
                "label": "Net Sales",
                "concept": "RevenueFromContractWithCustomerExcludingAssessedTax",
                "unit": "usd",
                "value": 5352000000
            },
            {
                "label": "Cost of products sold",
                "concept": "CostOfGoodsAndServicesSold",
                "unit": "usd",
                "value": 3746000000
            },
            {
                "label": "Selling and administrative expenses",
                "concept": "SellingGeneralAndAdministrativeExpense",
                "unit": "usd",
                "value": 418000000
            },
            {
                "label": "Depreciation, amortization and cost of timber harvested",
                "concept": "DepreciationDepletionAndAmortization",
                "unit": "usd",
                "value": 323000000
            },
            {
                "label": "Distribution expenses",
                "concept": "ip:DistributionExpenses",
                "unit": "usd",
                "value": 407000000
            },
            {
                "label": "Taxes other than payroll and income taxes",
                "concept": "TaxesOther",
                "unit": "usd",
                "value": 44000000
            },
            {
                "label": "Net (gains) losses on sales and impairments of businesses",
                "concept": "GainLossOnSalesOfAssetsAndAssetImpairmentCharges",
                "unit": "usd",
                "value": 344000000
            },
            {
                "label": "Net (gains) losses on sales of equity method investments",
                "concept": "GainLossOnSaleOfEquityInvestments",
                "unit": "usd",
                "value": 33000000
            },
            {
                "label": "Interest expense, net",
                "concept": "InterestIncomeExpenseNet",
                "unit": "usd",
                "value": 117000000
            },
            {
                "label": "Non-operating pension expense (income)",
                "concept": "NetPeriodicDefinedBenefitsExpenseReversalOfExpenseExcludingServiceCostComponent",
                "unit": "usd",
                "value": 6000000
            },
            {
                "label": "Earnings (Loss) From Continuing Operations Before Income Taxes and Equity Earnings",
                "concept": "IncomeLossFromContinuingOperationsBeforeIncomeTaxesMinorityInterestAndIncomeLossFromEquityMethodInvestments",
                "unit": "usd",
                "value": 16000000
            },
            {
                "label": "Income tax provision (benefit)",
                "concept": "IncomeTaxExpenseBenefit",
                "unit": "usd",
                "value": 94000000
            },
            {
                "label": "Equity earnings (loss), net of taxes",
                "concept": "IncomeLossFromEquityMethodInvestments",
                "unit": "usd",
                "value": 31000000
            },
            {
                "label": "Net Earnings (Loss)",
                "concept": "ProfitLoss",
                "unit": "usd",
                "value": 141000000
            },
            {
                "label": "Less: Net earnings (loss) attributable to noncontrolling interests",
                "concept": "NetIncomeLossAttributableToNoncontrollingInterest",
                "unit": "usd",
                "value": "N/A"
            },
            {
                "label": "Net Earnings (Loss) Attributable to International Paper Company",
                "concept": "NetIncomeLoss",
                "unit": "usd",
                "value": 141000000
            },
            {
                "label": "Net earnings (loss)",
                "concept": "EarningsPerShareBasic",
                "unit": "usd/shares",
                "value": 0.36
            },
            {
                "label": "Net earnings (loss)",
                "concept": "EarningsPerShareDiluted",
                "unit": "usd/shares",
                "value": 0.36
            },
            {
                "label": "Average Shares of Common Stock Outstanding \u2013 assuming dilution",
                "concept": "WeightedAverageNumberOfDilutedSharesOutstanding",
                "unit": "shares",
                "value": 392600000.0
            }
        ]
    }
}