{
    "startDate": "2020-01-01",
    "endDate": "2020-03-31",
    "year": "2020",
    "quarter": "Q1",
    "symbol": "ORI",
    "data": {
        "bs": [
            {
                "label": "Fixed maturity securities (at fair value) (amortized cost: $8,409.1 and $8,537.3)",
                "concept": "AvailableForSaleSecuritiesDebtSecurities",
                "unit": "usd",
                "value": 8495400000.0
            },
            {
                "label": "Short-term investments (at fair value which approximates cost)",
                "concept": "OtherShortTermInvestments",
                "unit": "usd",
                "value": 493900000.0
            },
            {
                "label": "Total",
                "concept": "AvailableForSaleSecurities",
                "unit": "usd",
                "value": 8989400000.0
            },
            {
                "label": "Fixed maturity securities (at amortized cost) (fair value: $1,048.5 and $1,058.2)",
                "concept": "HeldToMaturitySecurities",
                "unit": "usd",
                "value": 1015800000.0
            },
            {
                "label": "Equity securities (at fair value) (cost: $3,236.3 and $3,089.1)",
                "concept": "EquitySecuritiesFvNi",
                "unit": "usd",
                "value": 3214900000.0
            },
            {
                "label": "Other investments",
                "concept": "OtherInvestments",
                "unit": "usd",
                "value": 24700000.0
            },
            {
                "label": "Total investments",
                "concept": "Investments",
                "unit": "usd",
                "value": 13244800000.0
            },
            {
                "label": "Cash",
                "concept": "Cash",
                "unit": "usd",
                "value": 144500000.0
            },
            {
                "label": "Accrued investment income",
                "concept": "AccruedInvestmentIncomeReceivable",
                "unit": "usd",
                "value": 90000000.0
            },
            {
                "label": "Accounts and notes receivable",
                "concept": "PremiumsAndOtherReceivablesNet",
                "unit": "usd",
                "value": 1590300000.0
            },
            {
                "label": "Federal income tax recoverable: Current",
                "concept": "IncomeTaxReceivable",
                "unit": "usd",
                "value": "N/A"
            },
            {
                "label": "Deferred Income Tax Assets, Net",
                "concept": "DeferredIncomeTaxAssetsNet",
                "unit": "usd",
                "value": 130100000.0
            },
            {
                "label": "Reinsurance balances and funds held",
                "concept": "FundsHeldUnderReinsuranceAgreementsAsset",
                "unit": "usd",
                "value": 186200000.0
            },
            {
                "label": "Reinsurance recoverable: Paid losses",
                "concept": "ReinsuranceRecoverablesOnPaidLosses",
                "unit": "usd",
                "value": 76000000.0
            },
            {
                "label": "Reinsurance recoverable: Policy and claim reserves",
                "concept": "ori:ReinsuranceRecoverablesPolicyAndClaimReserves",
                "unit": "usd",
                "value": 3808000000.0
            },
            {
                "label": "Deferred policy acquisition costs",
                "concept": "DeferredPolicyAcquisitionCosts",
                "unit": "usd",
                "value": 323300000.0
            },
            {
                "label": "Sundry assets",
                "concept": "OtherAssets",
                "unit": "usd",
                "value": 758600000.0
            },
            {
                "label": "Total Other Assets",
                "concept": "ori:TotalOtherAssets",
                "unit": "usd",
                "value": 7107300000.0
            },
            {
                "label": "Total Assets",
                "concept": "Assets",
                "unit": "usd",
                "value": 20352200000.0
            },
            {
                "label": "Losses, claims, and settlement expenses",
                "concept": "LiabilityForClaimsAndClaimsAdjustmentExpense",
                "unit": "usd",
                "value": 9995900000.0
            },
            {
                "label": "Unearned premiums",
                "concept": "UnearnedPremiums",
                "unit": "usd",
                "value": 2284600000.0
            },
            {
                "label": "Other policyholders' benefits and funds",
                "concept": "ori:OtherPolicholdersBenefitsAndFunds",
                "unit": "usd",
                "value": 195300000.0
            },
            {
                "label": "Total policy liabilities and accruals",
                "concept": "ori:TotalPolicyLiabilitiesAndAccruals",
                "unit": "usd",
                "value": 12475800000.0
            },
            {
                "label": "Commissions, expenses, fees, and taxes",
                "concept": "AccountsPayableAndAccruedLiabilitiesCurrentAndNoncurrent",
                "unit": "usd",
                "value": 547100000.0
            },
            {
                "label": "Reinsurance balances and funds",
                "concept": "ori:ReinsuranceBalancesAndFundsHeld",
                "unit": "usd",
                "value": 727900000.0
            },
            {
                "label": "Taxes Payable, Current",
                "concept": "TaxesPayableCurrent",
                "unit": "usd",
                "value": 27900000.0
            },
            {
                "label": "Deferred Income Tax Liabilities, Net",
                "concept": "DeferredIncomeTaxLiabilitiesNet",
                "unit": "usd",
                "value": "N/A"
            },
            {
                "label": "Debt",
                "concept": "DebtAndCapitalLeaseObligations",
                "unit": "usd",
                "value": 967800000.0
            },
            {
                "label": "Sundry liabilities",
                "concept": "OtherLiabilities",
                "unit": "usd",
                "value": 462500000.0
            },
            {
                "label": "Commitments and contingent liabilities",
                "concept": "CommitmentsAndContingencies",
                "unit": "usd",
                "value": "N/A"
            },
            {
                "label": "Total Liabilities",
                "concept": "Liabilities",
                "unit": "usd",
                "value": 15209300000.0
            },
            {
                "label": "Preferred Stock",
                "concept": "PreferredStockValueOutstanding",
                "unit": "usd",
                "value": "N/A"
            },
            {
                "label": "Common stock",
                "concept": "CommonStockValue",
                "unit": "usd",
                "value": 303900000.0
            },
            {
                "label": "Additional paid-in capital",
                "concept": "AdditionalPaidInCapitalCommonStock",
                "unit": "usd",
                "value": 1304200000.0
            },
            {
                "label": "Retained earnings",
                "concept": "RetainedEarningsAccumulatedDeficit",
                "unit": "usd",
                "value": 3715800000.0
            },
            {
                "label": "Accumulated other comprehensive income (loss)",
                "concept": "AccumulatedOtherComprehensiveIncomeLossNetOfTax",
                "unit": "usd",
                "value": 69200000.0
            },
            {
                "label": "Unallocated ESSOP shares (at cost)",
                "concept": "ori:UnallocatedEssopShares",
                "unit": "usd",
                "value": 111900000.0
            },
            {
                "label": "Total Common Shareholders' Equity",
                "concept": "StockholdersEquity",
                "unit": "usd",
                "value": 5142900000.0
            },
            {
                "label": "Total Liabilities, Preferred Stock and Common Shareholders' Equity",
                "concept": "LiabilitiesAndStockholdersEquity",
                "unit": "usd",
                "value": 20352200000.0
            }
        ],
        "cf": [
            {
                "label": "Net income (loss)",
                "concept": "NetIncomeLoss",
                "unit": "usd",
                "value": 604800000.0
            },
            {
                "label": "Deferred policy acquisition costs",
                "concept": "IncreaseDecreaseInDeferredPolicyAcquisitionCosts",
                "unit": "usd",
                "value": 2000000.0
            },
            {
                "label": "Premiums and other receivables",
                "concept": "IncreaseDecreaseInPremiumsReceivable",
                "unit": "usd",
                "value": 119900000.0
            },
            {
                "label": "Unpaid claims and related items",
                "concept": "IncreaseDecreaseInLiabilityForClaimsAndClaimsAdjustmentExpenseReserve",
                "unit": "usd",
                "value": 73700000.0
            },
            {
                "label": "Unearned premiums and other policyholders' liabilities",
                "concept": "IncreaseDecreaseInOtherPolicyholderFunds",
                "unit": "usd",
                "value": 700000.0
            },
            {
                "label": "Income taxes",
                "concept": "ori:IncreaseDecreaseInIncomeTaxesNet",
                "unit": "usd",
                "value": 171500000.0
            },
            {
                "label": "Reinsurance balances and funds",
                "concept": "IncreaseDecreaseInFundsHeldUnderReinsuranceAgreements",
                "unit": "usd",
                "value": 89900000.0
            },
            {
                "label": "Unrealized investment (gains) losses from changes in fair value of equity securities",
                "concept": "ori:Unrealizedfromchangesinfairvalueofequitysecurities",
                "unit": "usd",
                "value": 962700000.0
            },
            {
                "label": "Accounts payable, accrued expenses and other",
                "concept": "IncreaseDecreaseInAccountsPayableAndAccruedLiabilities",
                "unit": "usd",
                "value": 1900000.0
            },
            {
                "label": "Total",
                "concept": "NetCashProvidedByUsedInOperatingActivities",
                "unit": "usd",
                "value": 216300000.0
            },
            {
                "label": "Maturities and early calls",
                "concept": "ProceedsFromMaturitiesPrepaymentsAndCallsOfAvailableForSaleSecurities",
                "unit": "usd",
                "value": 297300000.0
            },
            {
                "label": "Sales",
                "concept": "ProceedsFromSaleOfAvailableForSaleSecuritiesDebt",
                "unit": "usd",
                "value": 88800000.0
            },
            {
                "label": "Equity securities",
                "concept": "ProceedsFromSaleOfAvailableForSaleSecuritiesEquity",
                "unit": "usd",
                "value": 140500000.0
            },
            {
                "label": "Other - net",
                "concept": "ProceedsFromSaleAndMaturityOfOtherInvestments",
                "unit": "usd",
                "value": 3200000.0
            },
            {
                "label": "Available for sale",
                "concept": "PaymentsToAcquireAvailableForSaleSecuritiesDebt",
                "unit": "usd",
                "value": 274400000.0
            },
            {
                "label": "Equity securities",
                "concept": "PaymentsToAcquireAvailableForSaleSecuritiesEquity",
                "unit": "usd",
                "value": 271200000.0
            },
            {
                "label": "Other - net",
                "concept": "PaymentsToAcquireOtherInvestments",
                "unit": "usd",
                "value": 10900000.0
            },
            {
                "label": "Net decrease (increase) in short-term investments",
                "concept": "PaymentsForProceedsFromShortTermInvestments",
                "unit": "usd",
                "value": 9800000.0
            },
            {
                "label": "Total",
                "concept": "NetCashProvidedByUsedInInvestingActivities",
                "unit": "usd",
                "value": 36400000.0
            },
            {
                "label": "Issuance of common shares",
                "concept": "ProceedsFromIssuanceOfCommonStock",
                "unit": "usd",
                "value": 5000000.0
            },
            {
                "label": "Redemption of debentures and notes",
                "concept": "RepaymentsOfOtherDebt",
                "unit": "usd",
                "value": 6500000.0
            },
            {
                "label": "Origination of Loans to Employee Stock Ownership Plans",
                "concept": "OriginationOfLoansToEmployeeStockOwnershipPlans",
                "unit": "usd",
                "value": 50000000.0
            },
            {
                "label": "Dividends on common shares",
                "concept": "PaymentsOfDividendsCommonStock",
                "unit": "usd",
                "value": 62900000.0
            },
            {
                "label": "Other - net",
                "concept": "ProceedsFromPaymentsForOtherFinancingActivities",
                "unit": "usd",
                "value": 100000.0
            },
            {
                "label": "Total",
                "concept": "NetCashProvidedByUsedInFinancingActivities",
                "unit": "usd",
                "value": 114200000.0
            },
            {
                "label": "Cash paid (received) during the period for: Interest",
                "concept": "InterestPaidNet",
                "unit": "usd",
                "value": 20600000.0
            },
            {
                "label": "Cash paid (received) during the period for: Income taxes",
                "concept": "IncomeTaxesPaidNet",
                "unit": "usd",
                "value": 6700000.0
            }
        ],
        "ic": [
            {
                "label": "Net premiums earned",
                "concept": "PremiumsEarnedNet",
                "unit": "usd",
                "value": 1376700000.0
            },
            {
                "label": "Title, escrow, and other fees",
                "concept": "ori:TitleEscrowAndOtherFees",
                "unit": "usd",
                "value": 120100000.0
            },
            {
                "label": "Total premiums and fees",
                "concept": "ori:TotalPremiumsAndFees",
                "unit": "usd",
                "value": 1496800000.0
            },
            {
                "label": "Net investment income",
                "concept": "NetInvestmentIncome",
                "unit": "usd",
                "value": 114100000.0
            },
            {
                "label": "Other income",
                "concept": "OtherIncome",
                "unit": "usd",
                "value": 34600000.0
            },
            {
                "label": "Total operating revenues",
                "concept": "ori:TotalOperatingRevenues",
                "unit": "usd",
                "value": 1645700000.0
            },
            {
                "label": "Total realized and unrealized investment gains (losses)",
                "concept": "GainLossOnInvestments",
                "unit": "usd",
                "value": 944100000.0
            },
            {
                "label": "Total revenues",
                "concept": "Revenues",
                "unit": "usd",
                "value": 701500000.0
            },
            {
                "label": "Benefits, claims and settlement expenses",
                "concept": "PolicyholderBenefitsAndClaimsIncurredNet",
                "unit": "usd",
                "value": 619700000.0
            },
            {
                "label": "Dividends to policyholders",
                "concept": "PolicyholderDividends",
                "unit": "usd",
                "value": 2900000.0
            },
            {
                "label": "Underwriting, acquisition, and other expenses",
                "concept": "ori:UnderwritingAcquisitionAndOtherExpenses",
                "unit": "usd",
                "value": 836900000.0
            },
            {
                "label": "Interest and other charges",
                "concept": "ori:InterestAndOtherCharges",
                "unit": "usd",
                "value": 11900000.0
            },
            {
                "label": "Total expenses",
                "concept": "BenefitsLossesAndExpenses",
                "unit": "usd",
                "value": 1471500000.0
            },
            {
                "label": "Current",
                "concept": "CurrentIncomeTaxExpenseBenefit",
                "unit": "usd",
                "value": 40000000.0
            },
            {
                "label": "Deferred",
                "concept": "DeferredIncomeTaxExpenseBenefit",
                "unit": "usd",
                "value": 205200000.0
            },
            {
                "label": "Total",
                "concept": "IncomeTaxExpenseBenefit",
                "unit": "usd",
                "value": 165100000.0
            },
            {
                "label": "Net Income (Loss)",
                "concept": "NetIncomeLoss",
                "unit": "usd",
                "value": 604800000.0
            },
            {
                "label": "Average shares outstanding: Basic (in shares)",
                "concept": "WeightedAverageNumberOfSharesOutstandingBasic",
                "unit": "shares",
                "value": 300280398
            },
            {
                "label": "Average shares outstanding: Diluted (in shares)",
                "concept": "WeightedAverageNumberOfDilutedSharesOutstanding",
                "unit": "shares",
                "value": 300280398
            }
        ]
    }
}