{
    "startDate": "2019-12-29",
    "endDate": "2020-03-28",
    "year": "2020",
    "quarter": "Q3",
    "symbol": "AVT",
    "data": {
        "bs": [
            {
                "label": "Cash, Cash Equivalents, Restricted Cash and Restricted Cash Equivalents",
                "concept": "CashCashEquivalentsRestrictedCashAndRestrictedCashEquivalents",
                "unit": "usd",
                "value": 402655000
            },
            {
                "label": "Cash, Cash Equivalents, Restricted Cash and Restricted Cash Equivalents",
                "concept": "CashCashEquivalentsRestrictedCashAndRestrictedCashEquivalents",
                "unit": "usd",
                "value": 402655000
            }
        ],
        "cf": [],
        "ic": [
            {
                "label": "Net income",
                "concept": "NetIncomeLoss",
                "unit": "usd",
                "value": 128661000
            },
            {
                "label": "Foreign currency translation and other",
                "concept": "OtherComprehensiveIncomeForeignCurrencyTransactionAndTranslationGainLossArisingDuringPeriodNetOfTax",
                "unit": "usd",
                "value": 96351000
            },
            {
                "label": "Pension liability adjustments, net",
                "concept": "OtherComprehensiveIncomeLossPensionAndOtherPostretirementBenefitPlansAdjustmentNetOfTax",
                "unit": "usd",
                "value": 3167000
            },
            {
                "label": "Comprehensive Income (Loss), Net of Tax, Attributable to Parent",
                "concept": "ComprehensiveIncomeNetOfTax",
                "unit": "usd",
                "value": 221845000
            }
        ]
    }
}