{
    "startDate": "2019-12-29",
    "endDate": "2020-03-28",
    "year": "2020",
    "quarter": "Q2",
    "symbol": "MOG",
    "data": {
        "bs": [
            {
                "label": "Beginning of period",
                "concept": "StockholdersEquity",
                "unit": "usd",
                "value": 1245678000
            },
            {
                "label": "End of period",
                "concept": "StockholdersEquity",
                "unit": "usd",
                "value": 1245678000
            }
        ],
        "cf": [],
        "ic": [
            {
                "label": "Net sales",
                "concept": "Revenues",
                "unit": "usd",
                "value": 765277000
            },
            {
                "label": "Cost of sales",
                "concept": "CostOfGoodsAndServicesSold",
                "unit": "usd",
                "value": 557223000
            },
            {
                "label": "Gross profit",
                "concept": "GrossProfit",
                "unit": "usd",
                "value": 208054000
            },
            {
                "label": "Research and development",
                "concept": "ResearchAndDevelopmentExpense",
                "unit": "usd",
                "value": 26688000
            },
            {
                "label": "Selling, general and administrative",
                "concept": "SellingGeneralAndAdministrativeExpense",
                "unit": "usd",
                "value": 107251000
            },
            {
                "label": "Interest",
                "concept": "InterestExpense",
                "unit": "usd",
                "value": 10251000
            },
            {
                "label": "Other",
                "concept": "OtherOperatingIncomeExpenseNet",
                "unit": "usd",
                "value": 2333000
            },
            {
                "label": "Earnings before income taxes",
                "concept": "IncomeLossFromContinuingOperationsBeforeIncomeTaxesExtraordinaryItemsNoncontrollingInterest",
                "unit": "usd",
                "value": 61531000
            },
            {
                "label": "Income taxes",
                "concept": "IncomeTaxExpenseBenefit",
                "unit": "usd",
                "value": 11786000
            },
            {
                "label": "Net earnings",
                "concept": "NetIncomeLoss",
                "unit": "usd",
                "value": 49745000
            },
            {
                "label": "Basic",
                "concept": "EarningsPerShareBasic",
                "unit": "usd/shares",
                "value": 1.49
            },
            {
                "label": "Diluted",
                "concept": "EarningsPerShareDiluted",
                "unit": "usd/shares",
                "value": 1.48
            },
            {
                "label": "Dividends declared per share",
                "concept": "CommonStockDividendsPerShareDeclared",
                "unit": "usd/shares",
                "value": 0.25
            },
            {
                "label": "Basic",
                "concept": "WeightedAverageNumberOfSharesOutstandingBasic",
                "unit": "shares",
                "value": 33434420
            },
            {
                "label": "Diluted",
                "concept": "WeightedAverageNumberOfDilutedSharesOutstanding",
                "unit": "shares",
                "value": 33685395
            }
        ]
    }
}