{
    "startDate": "2020-01-01",
    "endDate": "2020-03-31",
    "year": "2020",
    "quarter": "Q1",
    "symbol": "CSL",
    "data": {
        "bs": [
            {
                "label": "Cash and cash equivalents",
                "concept": "CashAndCashEquivalentsAtCarryingValueIncludingDiscontinuedOperations",
                "unit": "usd",
                "value": 1187700000.0
            },
            {
                "label": "Receivables, net of allowance for credit losses of $7.9 million and $6.6 million, respectively",
                "concept": "AccountsReceivableNetCurrent",
                "unit": "usd",
                "value": 686600000.0
            },
            {
                "label": "Inventories, net",
                "concept": "InventoryNet",
                "unit": "usd",
                "value": 560600000.0
            },
            {
                "label": "Contract assets",
                "concept": "ContractWithCustomerAssetNetCurrent",
                "unit": "usd",
                "value": 103600000.0
            },
            {
                "label": "Prepaid expenses",
                "concept": "PrepaidExpenseCurrent",
                "unit": "usd",
                "value": 23300000.0
            },
            {
                "label": "Other current assets",
                "concept": "OtherAssetsCurrent",
                "unit": "usd",
                "value": 46800000.0
            },
            {
                "label": "Total current assets",
                "concept": "AssetsCurrent",
                "unit": "usd",
                "value": 2608600000.0
            },
            {
                "label": "Property, plant, and equipment, net",
                "concept": "PropertyPlantAndEquipmentNet",
                "unit": "usd",
                "value": 771200000.0
            },
            {
                "label": "Goodwill, net",
                "concept": "Goodwill",
                "unit": "usd",
                "value": 1706600000.0
            },
            {
                "label": "Other intangible assets, net",
                "concept": "IntangibleAssetsNetExcludingGoodwill",
                "unit": "usd",
                "value": 1106500000.0
            },
            {
                "label": "Other long-term assets",
                "concept": "OtherAssetsNoncurrent",
                "unit": "usd",
                "value": 104700000.0
            },
            {
                "label": "Total assets",
                "concept": "Assets",
                "unit": "usd",
                "value": 6297600000.0
            },
            {
                "label": "Accounts payable",
                "concept": "AccountsPayableCurrent",
                "unit": "usd",
                "value": 336600000.0
            },
            {
                "label": "Accrued and other current liabilities",
                "concept": "AccruedLiabilitiesCurrent",
                "unit": "usd",
                "value": 234700000.0
            },
            {
                "label": "Contract liabilities",
                "concept": "ContractWithCustomerLiabilityCurrent",
                "unit": "usd",
                "value": 30500000.0
            },
            {
                "label": "Current portion of debt",
                "concept": "LongTermDebtCurrent",
                "unit": "usd",
                "value": 900000.0
            },
            {
                "label": "Total current liabilities",
                "concept": "LiabilitiesCurrent",
                "unit": "usd",
                "value": 602700000.0
            },
            {
                "label": "Long-term debt, less current portion",
                "concept": "LongTermDebtNoncurrent",
                "unit": "usd",
                "value": 2576400000.0
            },
            {
                "label": "Contract liabilities",
                "concept": "ContractWithCustomerLiabilityNoncurrent",
                "unit": "usd",
                "value": 223700000.0
            },
            {
                "label": "Other long-term liabilities",
                "concept": "OtherLiabilitiesNoncurrent",
                "unit": "usd",
                "value": 376300000.0
            },
            {
                "label": "Total long-term liabilities",
                "concept": "LiabilitiesNoncurrent",
                "unit": "usd",
                "value": 3176400000.0
            },
            {
                "label": "Preferred stock, $1 par value per share (5.0 shares authorized and unissued)",
                "concept": "PreferredStockValue",
                "unit": "usd",
                "value": "N/A"
            },
            {
                "label": "Common stock, $1 par value per share (200.0 shares authorized; 54.9 and 55.7 shares outstanding, respectively)",
                "concept": "CommonStockValue",
                "unit": "usd",
                "value": 78700000.0
            },
            {
                "label": "Additional paid-in capital",
                "concept": "AdditionalPaidInCapitalCommonStock",
                "unit": "usd",
                "value": 418700000.0
            },
            {
                "label": "Deferred compensation equity",
                "concept": "csl:DeferredCompensationEquityEarnedPortion",
                "unit": "usd",
                "value": 3400000.0
            },
            {
                "label": "Treasury shares, at cost (23.5 and 22.7 shares, respectively)",
                "concept": "TreasuryStockValue",
                "unit": "usd",
                "value": 1567500000.0
            },
            {
                "label": "Accumulated other comprehensive loss",
                "concept": "AccumulatedOtherComprehensiveIncomeLossNetOfTax",
                "unit": "usd",
                "value": 169600000.0
            },
            {
                "label": "Retained earnings",
                "concept": "RetainedEarningsAccumulatedDeficit",
                "unit": "usd",
                "value": 3754800000.0
            },
            {
                "label": "Total shareholders' equity",
                "concept": "StockholdersEquity",
                "unit": "usd",
                "value": 2518500000.0
            },
            {
                "label": "Total liabilities and equity",
                "concept": "LiabilitiesAndStockholdersEquity",
                "unit": "usd",
                "value": 6297600000.0
            }
        ],
        "cf": [
            {
                "label": "Net income",
                "concept": "NetIncomeLoss",
                "unit": "usd",
                "value": 61800000.0
            },
            {
                "label": "Depreciation",
                "concept": "Depreciation",
                "unit": "usd",
                "value": 24600000.0
            },
            {
                "label": "Amortization",
                "concept": "AmortizationOfIntangibleAssets",
                "unit": "usd",
                "value": 32200000.000000004
            },
            {
                "label": "Lease expense",
                "concept": "OperatingLeaseExpense",
                "unit": "usd",
                "value": 7400000.0
            },
            {
                "label": "Stock-based compensation",
                "concept": "ShareBasedCompensation",
                "unit": "usd",
                "value": 12700000.0
            },
            {
                "label": "Loss on extinguishment of debt",
                "concept": "GainsLossesOnExtinguishmentOfDebt",
                "unit": "usd",
                "value": 8800000.0
            },
            {
                "label": "Deferred taxes",
                "concept": "IncreaseDecreaseInDeferredIncomeTaxes",
                "unit": "usd",
                "value": 2300000.0
            },
            {
                "label": "Other operating activities, net",
                "concept": "IncreaseDecreaseInOtherOperatingCapitalNet",
                "unit": "usd",
                "value": 6000000.0
            },
            {
                "label": "Receivables",
                "concept": "IncreaseDecreaseInAccountsReceivable",
                "unit": "usd",
                "value": 8300000.000000001
            },
            {
                "label": "Inventories",
                "concept": "IncreaseDecreaseInInventories",
                "unit": "usd",
                "value": 64900000.00000001
            },
            {
                "label": "Contract assets",
                "concept": "IncreaseDecreaseInContractWithCustomerAsset",
                "unit": "usd",
                "value": 3300000.0
            },
            {
                "label": "Prepaid expenses and other assets",
                "concept": "IncreaseDecreaseInPrepaidDeferredExpenseAndOtherAssets",
                "unit": "usd",
                "value": 32500000.0
            },
            {
                "label": "Accounts payable",
                "concept": "IncreaseDecreaseInAccountsPayable",
                "unit": "usd",
                "value": 6900000.0
            },
            {
                "label": "Accrued and other current liabilities",
                "concept": "IncreaseDecreaseInAccruedLiabilities",
                "unit": "usd",
                "value": 58900000.0
            },
            {
                "label": "Contract liabilities",
                "concept": "IncreaseDecreaseInContractWithCustomerLiability",
                "unit": "usd",
                "value": 6900000.0
            },
            {
                "label": "Other long-term liabilities",
                "concept": "IncreaseDecreaseInOtherOperatingLiabilities",
                "unit": "usd",
                "value": 8900000.0
            },
            {
                "label": "Net cash provided by operating activities",
                "concept": "NetCashProvidedByUsedInOperatingActivities",
                "unit": "usd",
                "value": 53200000.0
            },
            {
                "label": "Acquisitions, net of cash acquired",
                "concept": "PaymentsToAcquireBusinessesNetOfCashAcquired",
                "unit": "usd",
                "value": 2400000.0
            },
            {
                "label": "Capital expenditures",
                "concept": "PaymentsToAcquirePropertyPlantAndEquipment",
                "unit": "usd",
                "value": 22800000.0
            },
            {
                "label": "Other investing activities, net",
                "concept": "PaymentsForProceedsFromOtherInvestingActivities",
                "unit": "usd",
                "value": 900000.0
            },
            {
                "label": "Net cash used in investing activities",
                "concept": "NetCashProvidedByUsedInInvestingActivities",
                "unit": "usd",
                "value": 24300000.0
            },
            {
                "label": "Proceeds from notes",
                "concept": "ProceedsFromIssuanceOfLongTermDebt",
                "unit": "usd",
                "value": 740700000.0
            },
            {
                "label": "Repayment of notes",
                "concept": "RepaymentsOfLongTermDebt",
                "unit": "usd",
                "value": 258500000.0
            },
            {
                "label": "Borrowings from revolving credit facility",
                "concept": "ProceedsFromLinesOfCredit",
                "unit": "usd",
                "value": 500000000.0
            },
            {
                "label": "Repurchases of common stock",
                "concept": "PaymentsForRepurchaseOfCommonStock",
                "unit": "usd",
                "value": 120600000.0
            },
            {
                "label": "Dividends paid",
                "concept": "PaymentsOfDividendsCommonStock",
                "unit": "usd",
                "value": 28300000.0
            },
            {
                "label": "Financing costs",
                "concept": "PaymentsOfFinancingCosts",
                "unit": "usd",
                "value": 24200000.0
            },
            {
                "label": "Proceeds from exercise of stock options",
                "concept": "ProceedsFromStockOptionsExercised",
                "unit": "usd",
                "value": 10500000.0
            },
            {
                "label": "Withholding tax paid related to stock-based compensation",
                "concept": "PaymentsRelatedToTaxWithholdingForShareBasedCompensation",
                "unit": "usd",
                "value": 6400000.0
            },
            {
                "label": "Other financing activities, net",
                "concept": "ProceedsFromPaymentsForOtherFinancingActivities",
                "unit": "usd",
                "value": 200000.0
            },
            {
                "label": "Net cash used in financing activities",
                "concept": "NetCashProvidedByUsedInFinancingActivities",
                "unit": "usd",
                "value": 813000000.0
            },
            {
                "label": "Effect of foreign currency exchange rate changes on cash and cash equivalents",
                "concept": "EffectOfExchangeRateOnCashCashEquivalentsRestrictedCashAndRestrictedCashEquivalents",
                "unit": "usd",
                "value": 5400000.0
            },
            {
                "label": "Change in cash and cash equivalents",
                "concept": "CashCashEquivalentsRestrictedCashAndRestrictedCashEquivalentsPeriodIncreaseDecreaseIncludingExchangeRateEffect",
                "unit": "usd",
                "value": 836500000.0
            }
        ],
        "ic": [
            {
                "label": "Revenues",
                "concept": "Revenues",
                "unit": "usd",
                "value": 1030200000.0
            },
            {
                "label": "Cost of goods sold",
                "concept": "CostOfGoodsAndServicesSold",
                "unit": "usd",
                "value": 751800000.0
            },
            {
                "label": "Selling and administrative expenses",
                "concept": "SellingGeneralAndAdministrativeExpense",
                "unit": "usd",
                "value": 161900000.0
            },
            {
                "label": "Research and development expenses",
                "concept": "ResearchAndDevelopmentExpense",
                "unit": "usd",
                "value": 14400000.0
            },
            {
                "label": "Other operating income, net",
                "concept": "OtherOperatingIncomeExpenseNet",
                "unit": "usd",
                "value": 600000.0
            },
            {
                "label": "Operating income",
                "concept": "OperatingIncomeLoss",
                "unit": "usd",
                "value": 102700000.0
            },
            {
                "label": "Interest expense, net",
                "concept": "InterestExpense",
                "unit": "usd",
                "value": 18900000.0
            },
            {
                "label": "Loss on extinguishment of debt",
                "concept": "GainsLossesOnExtinguishmentOfDebt",
                "unit": "usd",
                "value": 8800000.0
            },
            {
                "label": "Interest income",
                "concept": "InterestIncomeOther",
                "unit": "usd",
                "value": 700000.0
            },
            {
                "label": "Other non-operating income, net",
                "concept": "OtherNonoperatingIncomeExpense",
                "unit": "usd",
                "value": 500000.0
            },
            {
                "label": "Income from continuing operations before income taxes",
                "concept": "IncomeLossFromContinuingOperationsBeforeIncomeTaxesMinorityInterestAndIncomeLossFromEquityMethodInvestments",
                "unit": "usd",
                "value": 76200000.0
            },
            {
                "label": "Provision for income taxes",
                "concept": "IncomeTaxExpenseBenefit",
                "unit": "usd",
                "value": 14400000.0
            },
            {
                "label": "Income from continuing operations",
                "concept": "IncomeLossFromContinuingOperations",
                "unit": "usd",
                "value": 61800000.0
            },
            {
                "label": "Income before income taxes",
                "concept": "DiscontinuedOperationIncomeLossFromDiscontinuedOperationBeforeIncomeTax",
                "unit": "usd",
                "value": "N/A"
            },
            {
                "label": "Benefit from income taxes",
                "concept": "DiscontinuedOperationTaxEffectOfDiscontinuedOperation",
                "unit": "usd",
                "value": "N/A"
            },
            {
                "label": "Income from discontinued operations",
                "concept": "IncomeLossFromDiscontinuedOperationsNetOfTaxAttributableToReportingEntity",
                "unit": "usd",
                "value": "N/A"
            },
            {
                "label": "Net income",
                "concept": "NetIncomeLoss",
                "unit": "usd",
                "value": 61800000.0
            },
            {
                "label": "Income from continuing operations (in dollars per share)",
                "concept": "IncomeLossFromContinuingOperationsPerBasicShare",
                "unit": "usd/shares",
                "value": 1.1
            },
            {
                "label": "Income from discontinued operations (in dollars per share)",
                "concept": "DiscontinuedOperationIncomeLossFromDiscontinuedOperationNetOfTaxPerBasicShare",
                "unit": "usd/shares",
                "value": "N/A"
            },
            {
                "label": "Basic earnings per share (in dollars per share)",
                "concept": "EarningsPerShareBasic",
                "unit": "usd/shares",
                "value": 1.1
            },
            {
                "label": "Income from continuing operations (in dollars per share)",
                "concept": "IncomeLossFromContinuingOperationsPerDilutedShare",
                "unit": "usd/shares",
                "value": 1.09
            },
            {
                "label": "Income from discontinued operations (in dollars per share)",
                "concept": "DiscontinuedOperationIncomeLossFromDiscontinuedOperationNetOfTaxPerDilutedShare",
                "unit": "usd/shares",
                "value": "N/A"
            },
            {
                "label": "Diluted earnings per share (in dollars per share)",
                "concept": "EarningsPerShareDiluted",
                "unit": "usd/shares",
                "value": 1.09
            },
            {
                "label": "Basic (in shares)",
                "concept": "WeightedAverageNumberOfSharesOutstandingBasic",
                "unit": "shares",
                "value": 55800000.0
            },
            {
                "label": "Diluted (in shares)",
                "concept": "WeightedAverageNumberOfDilutedSharesOutstanding",
                "unit": "shares",
                "value": 56500000.0
            },
            {
                "label": "Net income",
                "concept": "NetIncomeLoss",
                "unit": "usd",
                "value": 61800000.0
            },
            {
                "label": "Foreign currency (losses) gains",
                "concept": "OtherComprehensiveIncomeForeignCurrencyTransactionAndTranslationAdjustmentNetOfTaxPortionAttributableToParent",
                "unit": "usd",
                "value": 28300000.0
            },
            {
                "label": "Amortization of unrecognized net periodic benefit costs, net of tax",
                "concept": "OtherComprehensiveIncomeDefinedBenefitPlansAdjustmentNetOfTaxPortionAttributableToParent",
                "unit": "usd",
                "value": 1000000.0
            },
            {
                "label": "Other, net of tax",
                "concept": "OtherComprehensiveIncomeDerivativesQualifyingAsHedgesNetOfTaxPortionAttributableToParent",
                "unit": "usd",
                "value": 18200000.0
            },
            {
                "label": "Other comprehensive (loss) income",
                "concept": "OtherComprehensiveIncomeLossNetOfTaxPortionAttributableToParent",
                "unit": "usd",
                "value": 45500000.0
            },
            {
                "label": "Comprehensive income",
                "concept": "ComprehensiveIncomeNetOfTax",
                "unit": "usd",
                "value": 16300000.0
            }
        ]
    }
}