{
    "startDate": "2020-01-01",
    "endDate": "2020-03-31",
    "year": "2020",
    "quarter": "Q1",
    "symbol": "TGPL",
    "data": {
        "bs": [
            {
                "label": "Cash",
                "concept": "Cash",
                "unit": "usd",
                "value": "N/A"
            },
            {
                "label": "Affiliates",
                "concept": "DueFromRelatedPartiesCurrent",
                "unit": "usd",
                "value": 1685000
            },
            {
                "label": "Trade and other",
                "concept": "AccountsReceivableNetCurrent",
                "unit": "usd",
                "value": 233039000
            },
            {
                "label": "Transportation and exchange gas receivables",
                "concept": "GasImbalanceAssetLiability",
                "unit": "usd",
                "value": 5663000
            },
            {
                "label": "Inventories",
                "concept": "OtherInventory",
                "unit": "usd",
                "value": 63862000
            },
            {
                "label": "Regulatory assets",
                "concept": "RegulatoryAssetsCurrent",
                "unit": "usd",
                "value": 62559000
            },
            {
                "label": "Other",
                "concept": "OtherAssetsCurrent",
                "unit": "usd",
                "value": 10753000
            },
            {
                "label": "Total current assets",
                "concept": "AssetsCurrent",
                "unit": "usd",
                "value": 377561000
            },
            {
                "label": "Natural gas transmission plant",
                "concept": "PropertyPlantAndEquipmentGross",
                "unit": "usd",
                "value": 16888643000
            },
            {
                "label": "Less-Accumulated depreciation and amortization",
                "concept": "AccumulatedDepreciationDepletionAndAmortizationPropertyPlantAndEquipment",
                "unit": "usd",
                "value": 4528011000
            },
            {
                "label": "Total property, plant and equipment, net",
                "concept": "PropertyPlantAndEquipmentNet",
                "unit": "usd",
                "value": 12360632000
            },
            {
                "label": "Regulatory assets",
                "concept": "RegulatoryAssetsNoncurrent",
                "unit": "usd",
                "value": 318200000
            },
            {
                "label": "Right-of-use assets",
                "concept": "OperatingLeaseRightOfUseAsset",
                "unit": "usd",
                "value": 83342000
            },
            {
                "label": "Other",
                "concept": "OtherAssetsNoncurrent",
                "unit": "usd",
                "value": 196426000
            },
            {
                "label": "Total other assets",
                "concept": "tgpl:AssetsNoncurrentExcludingPPE",
                "unit": "usd",
                "value": 597968000
            },
            {
                "label": "Total Assets",
                "concept": "Assets",
                "unit": "usd",
                "value": 13336161000
            },
            {
                "label": "Affiliate",
                "concept": "DueToRelatedPartiesCurrent",
                "unit": "usd",
                "value": 40767000
            },
            {
                "label": "Advances from affiliate",
                "concept": "tgpl:Advancesfromaffiliate",
                "unit": "usd",
                "value": 316907000
            },
            {
                "label": "Trade and other",
                "concept": "AccountsPayableTradeCurrent",
                "unit": "usd",
                "value": 118607000
            },
            {
                "label": "Transportation and exchange gas payables",
                "concept": "GasImbalancePayableCurrent",
                "unit": "usd",
                "value": 607000
            },
            {
                "label": "Reserve for rate refunds",
                "concept": "CustomerRefundLiabilityCurrent",
                "unit": "usd",
                "value": 248291000
            },
            {
                "label": "Regulatory liabilities",
                "concept": "RegulatoryLiabilityCurrent",
                "unit": "usd",
                "value": 57092000
            },
            {
                "label": "Accrued liabilities",
                "concept": "AccruedLiabilitiesCurrent",
                "unit": "usd",
                "value": 158908000
            },
            {
                "label": "Long-term debt due within one year",
                "concept": "LongTermDebtCurrent",
                "unit": "usd",
                "value": 20644000
            },
            {
                "label": "Total current liabilities",
                "concept": "LiabilitiesCurrent",
                "unit": "usd",
                "value": 961823000
            },
            {
                "label": "Long-Term Debt",
                "concept": "LongTermDebtNoncurrent",
                "unit": "usd",
                "value": 4041622000
            },
            {
                "label": "Asset retirement obligations",
                "concept": "AssetRetirementObligationsNoncurrent",
                "unit": "usd",
                "value": 431937000
            },
            {
                "label": "Regulatory liabilities",
                "concept": "RegulatoryLiabilityNoncurrent",
                "unit": "usd",
                "value": 962945000
            },
            {
                "label": "Deferred revenue",
                "concept": "DeferredRevenueNoncurrent",
                "unit": "usd",
                "value": 212957000
            },
            {
                "label": "Lease liability",
                "concept": "OperatingLeaseLiabilityNoncurrent",
                "unit": "usd",
                "value": 83107000
            },
            {
                "label": "Other",
                "concept": "OtherLiabilitiesNoncurrent",
                "unit": "usd",
                "value": 28003000
            },
            {
                "label": "Total other long-term liabilities",
                "concept": "LiabilitiesOtherThanLongtermDebtNoncurrent",
                "unit": "usd",
                "value": 1718949000
            },
            {
                "label": "Contingent Liabilities and Commitments (Note 3)",
                "concept": "CommitmentsAndContingencies",
                "unit": "usd",
                "value": "N/A"
            },
            {
                "label": "Member's capital",
                "concept": "MembersCapital",
                "unit": "usd",
                "value": 4428499000
            },
            {
                "label": "Retained earnings",
                "concept": "RetainedEarningsAccumulatedDeficit",
                "unit": "usd",
                "value": 2185268000
            },
            {
                "label": "Total member's equity",
                "concept": "MembersEquity",
                "unit": "usd",
                "value": 6613767000
            },
            {
                "label": "Total liabilities and member's equity",
                "concept": "LiabilitiesAndStockholdersEquity",
                "unit": "usd",
                "value": 13336161000
            }
        ],
        "cf": [
            {
                "label": "Allowance for equity funds used during construction (equity AFUDC)",
                "concept": "IncreaseDecreaseInAllowanceForEquityFundsUsedDuringConstruction",
                "unit": "usd",
                "value": 8121000
            },
            {
                "label": "Distribution from unconsolidated affiliates",
                "concept": "EquityMethodInvestmentDividendsOrDistributions",
                "unit": "usd",
                "value": "N/A"
            },
            {
                "label": "Receivables - affiliates",
                "concept": "IncreaseDecreaseInDueFromAffiliatesCurrent",
                "unit": "usd",
                "value": 1016000
            },
            {
                "label": "Receivables - trade and other",
                "concept": "IncreaseDecreaseInOtherReceivables",
                "unit": "usd",
                "value": 20227000
            },
            {
                "label": "Transportation and exchange gas receivable",
                "concept": "tgpl:IncreaseDecreaseInTransportationAndExchangeGasReceivable",
                "unit": "usd",
                "value": 697000
            },
            {
                "label": "Inventories",
                "concept": "IncreaseDecreaseInInventories",
                "unit": "usd",
                "value": 1130000
            },
            {
                "label": "Payables - afilliates",
                "concept": "IncreaseDecreaseInAccountsPayableRelatedParties",
                "unit": "usd",
                "value": 6973000
            },
            {
                "label": "Payables - trade",
                "concept": "IncreaseDecreaseInAccountsPayable",
                "unit": "usd",
                "value": 31120000
            },
            {
                "label": "Accrued liabilities",
                "concept": "IncreaseDecreaseInAccruedLiabilities",
                "unit": "usd",
                "value": 40343000
            },
            {
                "label": "Reserve for rate refunds",
                "concept": "tgpl:IncreaseDecreaseinReserveforRateRefunds",
                "unit": "usd",
                "value": 59449000
            },
            {
                "label": "Asset retirement obligations",
                "concept": "IncreaseDecreaseInAssetRetirementObligations",
                "unit": "usd",
                "value": 5432000
            },
            {
                "label": "Deferred revenue",
                "concept": "IncreaseDecreaseInDeferredRevenue",
                "unit": "usd",
                "value": 2641000
            },
            {
                "label": "Other, net",
                "concept": "OtherOperatingActivitiesCashFlowStatement",
                "unit": "usd",
                "value": 9572000
            },
            {
                "label": "Net cash provided by operating activities",
                "concept": "NetCashProvidedByUsedInOperatingActivities",
                "unit": "usd",
                "value": 390224000
            },
            {
                "label": "Proceeds from other financing obligations",
                "concept": "ProceedsFromPaymentsForOtherFinancingActivities",
                "unit": "usd",
                "value": 1685000
            },
            {
                "label": "Payments on other financing obligations",
                "concept": "PaymentsOfFinancingCosts",
                "unit": "usd",
                "value": 4837000
            },
            {
                "label": "Advances from affiliate, net",
                "concept": "IncreaseDecreaseInNotesPayableRelatedPartiesCurrent",
                "unit": "usd",
                "value": 64358000
            },
            {
                "label": "Net cash used in financing activities",
                "concept": "NetCashProvidedByUsedInFinancingActivities",
                "unit": "usd",
                "value": 208794000
            },
            {
                "label": "Capital expenditures",
                "concept": "PaymentsToAcquirePropertyPlantAndEquipment",
                "unit": "usd",
                "value": 173184000
            },
            {
                "label": "Contributions and advances for construction costs",
                "concept": "ProceedsFromContributionInAidOfConstruction",
                "unit": "usd",
                "value": 10149000
            },
            {
                "label": "Disposal of property, plant and equipment, net",
                "concept": "PaymentsForProceedsFromRemovalCosts",
                "unit": "usd",
                "value": 4782000
            },
            {
                "label": "Advances to affiliate, net",
                "concept": "IncreaseDecreaseInNotesReceivableRelatedPartiesCurrent",
                "unit": "usd",
                "value": "N/A"
            },
            {
                "label": "Purchase of ARO Trust investments",
                "concept": "PaymentsToInvestInDecommissioningFund",
                "unit": "usd",
                "value": 28686000
            },
            {
                "label": "Proceeds from sale of ARO Trust investments",
                "concept": "ProceedsFromDecommissioningFund",
                "unit": "usd",
                "value": 15073000
            },
            {
                "label": "Other, net",
                "concept": "PaymentsForProceedsFromOtherInvestingActivities",
                "unit": "usd",
                "value": "N/A"
            },
            {
                "label": "Net cash used in investing activities",
                "concept": "NetCashProvidedByUsedInInvestingActivities",
                "unit": "usd",
                "value": 181430000
            },
            {
                "label": "Increase (decrease) in cash",
                "concept": "CashPeriodIncreaseDecrease",
                "unit": "usd",
                "value": "N/A"
            },
            {
                "label": "Increase to property, plant and equipment, exclusive of equity AFUDC",
                "concept": "PaymentsToAcquireOilAndGasPropertyAndEquipment",
                "unit": "usd",
                "value": 132575000
            },
            {
                "label": "Changes in related accounts payable and accrued liabilities",
                "concept": "IncreaseDecreaseInAccountsPayableAndAccruedLiabilities",
                "unit": "usd",
                "value": 40609000
            },
            {
                "label": "Capital expenditures",
                "concept": "PaymentsToAcquirePropertyPlantAndEquipment",
                "unit": "usd",
                "value": 173184000
            }
        ],
        "ic": [
            {
                "label": "Natural gas sales",
                "concept": "ResultsOfOperationsSalesRevenueToUnaffiliatedEnterprises",
                "unit": "usd",
                "value": 19654000
            },
            {
                "label": "Natural gas transportation",
                "concept": "RegulatedOperatingRevenuePipelines",
                "unit": "usd",
                "value": 566006000
            },
            {
                "label": "Natural gas storage",
                "concept": "RevenueFromContractWithCustomerExcludingAssessedTax",
                "unit": "usd",
                "value": 38374000
            },
            {
                "label": "Other",
                "concept": "ResultsOfOperationsRevenueOther",
                "unit": "usd",
                "value": 3334000
            },
            {
                "label": "Total operating revenues",
                "concept": "ResultsOfOperationsRevenueFromOilAndGasProducingActivities",
                "unit": "usd",
                "value": 627368000
            },
            {
                "label": "Cost of natural gas sales",
                "concept": "tgpl:Costofnaturalgassales",
                "unit": "usd",
                "value": 19654000
            },
            {
                "label": "Cost of natural gas transportation",
                "concept": "tgpl:Costofnaturalgastransportation",
                "unit": "usd",
                "value": 13396000
            },
            {
                "label": "Operation and maintenance",
                "concept": "UtilitiesOperatingExpenseMaintenanceAndOperations",
                "unit": "usd",
                "value": 80689000
            },
            {
                "label": "Administrative and general",
                "concept": "GeneralAndAdministrativeExpense",
                "unit": "usd",
                "value": 42171000
            },
            {
                "label": "Depreciation and amortization",
                "concept": "DepreciationDepletionAndAmortization",
                "unit": "usd",
                "value": 113635000
            },
            {
                "label": "Taxes - other than income taxes",
                "concept": "TaxesExcludingIncomeAndExciseTaxes",
                "unit": "usd",
                "value": 22437000
            },
            {
                "label": "Regulatory credit resulting from Tax Reform",
                "concept": "tgpl:RegulatorycreditresultingfromTaxReform",
                "unit": "usd",
                "value": 7688000
            },
            {
                "label": "Other expense, net",
                "concept": "OtherOperatingIncomeExpenseNet",
                "unit": "usd",
                "value": 3290000
            },
            {
                "label": "Total operating costs and expenses",
                "concept": "CostsAndExpenses",
                "unit": "usd",
                "value": 287584000
            },
            {
                "label": "Operating Income",
                "concept": "OperatingIncomeLoss",
                "unit": "usd",
                "value": 339784000
            },
            {
                "label": "Interest expense",
                "concept": "InterestExpense",
                "unit": "usd",
                "value": 73109000
            },
            {
                "label": "Allowance for equity and borrowed funds used during construction (AFUDC)",
                "concept": "PublicUtilitiesAllowanceForFundsUsedDuringConstructionAdditions",
                "unit": "usd",
                "value": 10953000
            },
            {
                "label": "Equity in earnings losses of unconsolidated affiliates",
                "concept": "IncomeLossFromEquityMethodInvestments",
                "unit": "usd",
                "value": "N/A"
            },
            {
                "label": "Miscellaneous other (income) expenses, net",
                "concept": "OtherNonoperatingIncomeExpense",
                "unit": "usd",
                "value": 356000
            },
            {
                "label": "Total other (income) and other expenses",
                "concept": "NonoperatingIncomeExpense",
                "unit": "usd",
                "value": 61800000
            },
            {
                "label": "Net Income",
                "concept": "NetIncomeLoss",
                "unit": "usd",
                "value": 277984000
            },
            {
                "label": "Equity interest in unrealized gain (loss) on interest rate hedges (includes $(78) for the three months ended March 31, 2019 of accumulated other comprehensive income reclassification for equity interest in realized gains on interest rate hedges)",
                "concept": "OtherComprehensiveIncomeDerivativesQualifyingAsHedgesNetOfTaxPortionAttributableToParent",
                "unit": "usd",
                "value": "N/A"
            },
            {
                "label": "Comprehensive Income",
                "concept": "ComprehensiveIncomeNetOfTax",
                "unit": "usd",
                "value": 277984000
            }
        ]
    }
}