{
    "startDate": "2019-04-01",
    "endDate": "2020-03-29",
    "year": "2020",
    "quarter": "FY",
    "symbol": "HWKN",
    "data": {
        "bs": [
            {
                "label": "Shares outstanding, beginning balance",
                "concept": "SharesIssued",
                "unit": "shares",
                "value": 10512229
            },
            {
                "label": "Total shareholders\u2019 equity",
                "concept": "StockholdersEquity",
                "unit": "usd",
                "value": 526000
            },
            {
                "label": "Shares outstanding, beginning balance",
                "concept": "SharesIssued",
                "unit": "shares",
                "value": 10512229
            },
            {
                "label": "Total shareholders\u2019 equity",
                "concept": "StockholdersEquity",
                "unit": "usd",
                "value": 526000
            }
        ],
        "cf": [
            {
                "label": "Net income (loss)",
                "concept": "NetIncomeLoss",
                "unit": "usd",
                "value": 28367000
            },
            {
                "label": "Depreciation and amortization",
                "concept": "DepreciationDepletionAndAmortization",
                "unit": "usd",
                "value": 21584000
            },
            {
                "label": "Operating leases",
                "concept": "FinanceLeaseRightOfUseAssetAmortization",
                "unit": "usd",
                "value": 2033000
            },
            {
                "label": "Amortization of debt issuance costs",
                "concept": "AmortizationOfFinancingCosts",
                "unit": "usd",
                "value": 93000
            },
            {
                "label": "Loss (gain) on deferred compensation assets",
                "concept": "GainLossOnInvestmentsExcludingOtherThanTemporaryImpairments",
                "unit": "usd",
                "value": 233000
            },
            {
                "label": "Goodwill Impairment",
                "concept": "GoodwillImpairmentLoss",
                "unit": "usd",
                "value": "N/A"
            },
            {
                "label": "Deferred income taxes",
                "concept": "DeferredIncomeTaxExpenseBenefit",
                "unit": "usd",
                "value": 1421000
            },
            {
                "label": "Stock compensation expense",
                "concept": "ShareBasedCompensation",
                "unit": "usd",
                "value": 2273000
            },
            {
                "label": "Loss (gain) from property disposals",
                "concept": "GainLossOnDispositionOfAssets",
                "unit": "usd",
                "value": 563000
            },
            {
                "label": "Trade receivables",
                "concept": "IncreaseDecreaseInAccountsReceivable",
                "unit": "usd",
                "value": 3387000
            },
            {
                "label": "Inventories",
                "concept": "IncreaseDecreaseInInventories",
                "unit": "usd",
                "value": 6045000
            },
            {
                "label": "Accounts payable",
                "concept": "IncreaseDecreaseInAccountsPayable",
                "unit": "usd",
                "value": 4228000
            },
            {
                "label": "Accrued liabilities",
                "concept": "IncreaseDecreaseInAccruedLiabilities",
                "unit": "usd",
                "value": 663000
            },
            {
                "label": "Lease liabilities",
                "concept": "OperatingLeasePayments",
                "unit": "usd",
                "value": 2025000
            },
            {
                "label": "Income taxes",
                "concept": "IncreaseDecreaseInAccruedIncomeTaxesPayable",
                "unit": "usd",
                "value": 586000
            },
            {
                "label": "Other",
                "concept": "IncreaseDecreaseInOtherOperatingCapitalNet",
                "unit": "usd",
                "value": 933000
            },
            {
                "label": "Net cash provided by operating activities",
                "concept": "NetCashProvidedByUsedInOperatingActivities",
                "unit": "usd",
                "value": 58902000
            },
            {
                "label": "Additions to property, plant, and equipment",
                "concept": "PaymentsToAcquirePropertyPlantAndEquipment",
                "unit": "usd",
                "value": 24549000
            },
            {
                "label": "Proceeds from property disposals",
                "concept": "ProceedsFromSaleOfPropertyPlantAndEquipment",
                "unit": "usd",
                "value": 346000
            },
            {
                "label": "Net cash used in investing activities",
                "concept": "NetCashProvidedByUsedInInvestingActivities",
                "unit": "usd",
                "value": 24203000
            },
            {
                "label": "Cash dividends paid",
                "concept": "PaymentsOfDividendsCommonStock",
                "unit": "usd",
                "value": 9825000
            },
            {
                "label": "New shares issued",
                "concept": "ProceedsFromIssuanceOfCommonStock",
                "unit": "usd",
                "value": 1400000
            },
            {
                "label": "Shares surrendered for payroll taxes",
                "concept": "hwkn:SharesSurrenduredForPayrollTaxes",
                "unit": "usd",
                "value": 343000
            },
            {
                "label": "Shares repurchased",
                "concept": "PaymentsForRepurchaseOfEquity",
                "unit": "usd",
                "value": 5853000
            },
            {
                "label": "Payments for debt issuance costs",
                "concept": "PaymentsOfDebtIssuanceCosts",
                "unit": "usd",
                "value": "N/A"
            },
            {
                "label": "Payments on senior secured term loan",
                "concept": "RepaymentsOfDebt",
                "unit": "usd",
                "value": "N/A"
            },
            {
                "label": "Payments on senior secured revolving credit facility",
                "concept": "RepaymentsOfOtherLongTermDebt",
                "unit": "usd",
                "value": 44000000
            },
            {
                "label": "Proceeds from revolver borrowings",
                "concept": "ProceedsFromLongTermLinesOfCredit",
                "unit": "usd",
                "value": 19000000
            },
            {
                "label": "Net cash used in financing activities",
                "concept": "NetCashProvidedByUsedInFinancingActivities",
                "unit": "usd",
                "value": 39621000
            },
            {
                "label": "NET (DECREASE) INCREASE IN CASH AND CASH EQUIVALENTS",
                "concept": "CashAndCashEquivalentsPeriodIncreaseDecrease",
                "unit": "usd",
                "value": 4922000
            },
            {
                "label": "Cash paid during the year for income taxes",
                "concept": "IncomeTaxesPaidNet",
                "unit": "usd",
                "value": 11415000
            },
            {
                "label": "Cash paid for interest",
                "concept": "InterestPaidNet",
                "unit": "usd",
                "value": 2413000
            },
            {
                "label": "Noncash investing activities - Capital expenditures in accounts payable",
                "concept": "CapitalExpendituresIncurredButNotYetPaid",
                "unit": "usd",
                "value": 1041000
            }
        ],
        "ic": [
            {
                "label": "Cash dividends declared",
                "concept": "DividendsCommonStockCash",
                "unit": "usd",
                "value": 9825000
            },
            {
                "label": "Share-based compensation expense",
                "concept": "AdjustmentsToAdditionalPaidInCapitalSharebasedCompensationRequisiteServicePeriodRecognitionValue",
                "unit": "usd",
                "value": 2273000
            },
            {
                "label": "Vesting of restricted stock",
                "concept": "StockIssuedDuringPeriodValueRestrictedStockAwardGross",
                "unit": "usd",
                "value": "N/A"
            },
            {
                "label": "Shares surrendered for payroll taxes",
                "concept": "hwkn:SharesSurrenderedDuringPeriodForPayrollTaxesValue",
                "unit": "usd",
                "value": 343000
            },
            {
                "label": "ESPP shares issued",
                "concept": "StockIssuedDuringPeriodValueEmployeeStockPurchasePlan",
                "unit": "usd",
                "value": 1400000
            },
            {
                "label": "Shares repurchased",
                "concept": "PaymentsForRepurchaseOfEquity",
                "unit": "usd",
                "value": 5853000
            },
            {
                "label": "Other comprehensive income, net of tax",
                "concept": "OtherComprehensiveIncomeLossNetOfTax",
                "unit": "usd",
                "value": 396000
            },
            {
                "label": "Net income (loss)",
                "concept": "NetIncomeLoss",
                "unit": "usd",
                "value": 28367000
            }
        ]
    }
}