{
    "startDate": "2019-12-29",
    "endDate": "2020-03-28",
    "year": "2020",
    "quarter": "FY",
    "symbol": "CRUS",
    "data": {
        "bs": [
            {
                "label": "Cash and cash equivalents",
                "concept": "CashAndCashEquivalentsAtCarryingValue",
                "unit": "usd",
                "value": 292119000
            },
            {
                "label": "Marketable securities",
                "concept": "AvailableForSaleSecuritiesDebtSecuritiesCurrent",
                "unit": "usd",
                "value": 22008000
            },
            {
                "label": "Accounts receivable, net",
                "concept": "AccountsReceivableNetCurrent",
                "unit": "usd",
                "value": 153998000
            },
            {
                "label": "Inventories",
                "concept": "InventoryNet",
                "unit": "usd",
                "value": 146725000
            },
            {
                "label": "Prepaid assets",
                "concept": "PrepaidExpenseCurrent",
                "unit": "usd",
                "value": 23594000
            },
            {
                "label": "Other current assets",
                "concept": "OtherAssetsCurrent",
                "unit": "usd",
                "value": 11752000
            },
            {
                "label": "Total current assets",
                "concept": "AssetsCurrent",
                "unit": "usd",
                "value": 650196000
            },
            {
                "label": "Long-term marketable securities",
                "concept": "AvailableForSaleSecuritiesDebtSecuritiesNoncurrent",
                "unit": "usd",
                "value": 283573000
            },
            {
                "label": "Right-of-use lease assets",
                "concept": "OperatingLeaseRightOfUseAsset",
                "unit": "usd",
                "value": 141274000
            },
            {
                "label": "Property and equipment, net",
                "concept": "PropertyPlantAndEquipmentNet",
                "unit": "usd",
                "value": 158244000
            },
            {
                "label": "Intangibles, net",
                "concept": "FiniteLivedIntangibleAssetsNet",
                "unit": "usd",
                "value": 34430000
            },
            {
                "label": "Goodwill",
                "concept": "Goodwill",
                "unit": "usd",
                "value": 287088000
            },
            {
                "label": "Deferred tax assets",
                "concept": "DeferredIncomeTaxAssetsNet",
                "unit": "usd",
                "value": 10052000
            },
            {
                "label": "Other assets",
                "concept": "OtherAssetsNoncurrent",
                "unit": "usd",
                "value": 27820000
            },
            {
                "label": "Total assets",
                "concept": "Assets",
                "unit": "usd",
                "value": 1592677000
            },
            {
                "label": "Accounts payable",
                "concept": "AccountsPayableCurrent",
                "unit": "usd",
                "value": 78412000
            },
            {
                "label": "Accrued salaries and benefits",
                "concept": "EmployeeRelatedLiabilitiesCurrent",
                "unit": "usd",
                "value": 42439000
            },
            {
                "label": "Software license agreements",
                "concept": "crus:SoftwareLicenseAgreement",
                "unit": "usd",
                "value": 10888000
            },
            {
                "label": "Current lease liabilities",
                "concept": "OperatingLeaseLiabilityCurrent",
                "unit": "usd",
                "value": 13580000
            },
            {
                "label": "Other accrued liabilities",
                "concept": "OtherAccruedLiabilitiesCurrent",
                "unit": "usd",
                "value": 13318000
            },
            {
                "label": "Total current liabilities",
                "concept": "LiabilitiesCurrent",
                "unit": "usd",
                "value": 158637000
            },
            {
                "label": "Software license agreements",
                "concept": "crus:SoftwareLicenseAgreementLongTerm",
                "unit": "usd",
                "value": 3806000
            },
            {
                "label": "Non-current income taxes",
                "concept": "AccruedIncomeTaxesNoncurrent",
                "unit": "usd",
                "value": 71143000
            },
            {
                "label": "Non-current lease liabilities",
                "concept": "OperatingLeaseLiabilityNoncurrent",
                "unit": "usd",
                "value": 129312000
            },
            {
                "label": "Other long-term liabilities",
                "concept": "OtherLiabilitiesNoncurrent",
                "unit": "usd",
                "value": "N/A"
            },
            {
                "label": "Total long-term liabilities",
                "concept": "LiabilitiesNoncurrent",
                "unit": "usd",
                "value": 204261000
            },
            {
                "label": "Preferred stock, 5.0 million shares authorized but unissued",
                "concept": "PreferredStockValue",
                "unit": "usd",
                "value": "N/A"
            },
            {
                "label": "Common stock, $0.001 par value, 280,000 shares authorized, 58,242 shares and 58,954 shares issued and outstanding at March 28, 2020 and March\u00a030, 2019, respectively",
                "concept": "CommonStockValue",
                "unit": "usd",
                "value": 58000
            },
            {
                "label": "Additional paid-in capital",
                "concept": "AdditionalPaidInCapitalCommonStock",
                "unit": "usd",
                "value": 1434871000
            },
            {
                "label": "Accumulated deficit",
                "concept": "RetainedEarningsAccumulatedDeficit",
                "unit": "usd",
                "value": 201681000
            },
            {
                "label": "Accumulated other comprehensive loss",
                "concept": "AccumulatedOtherComprehensiveIncomeLossNetOfTax",
                "unit": "usd",
                "value": 3469000
            },
            {
                "label": "Total stockholders\u2019 equity",
                "concept": "StockholdersEquity",
                "unit": "usd",
                "value": 1229779000
            },
            {
                "label": "Total liabilities and stockholders\u2019 equity",
                "concept": "LiabilitiesAndStockholdersEquity",
                "unit": "usd",
                "value": 1592677000
            }
        ],
        "cf": [],
        "ic": [
            {
                "label": "Net sales",
                "concept": "RevenueFromContractWithCustomerExcludingAssessedTax",
                "unit": "usd",
                "value": 279291000
            },
            {
                "label": "Gross profit",
                "concept": "GrossProfit",
                "unit": "usd",
                "value": 146235000
            },
            {
                "label": "Net income",
                "concept": "NetIncomeLoss",
                "unit": "usd",
                "value": 10158000
            },
            {
                "label": "Basic earnings per share (in dollars per share)",
                "concept": "EarningsPerShareBasic",
                "unit": "usd/shares",
                "value": 0.17
            },
            {
                "label": "Diluted earnings per share (in dollars per share)",
                "concept": "EarningsPerShareDiluted",
                "unit": "usd/shares",
                "value": 0.17
            }
        ]
    }
}