{
    "startDate": "2020-01-01",
    "endDate": "2020-03-31",
    "year": "2020",
    "quarter": "Q3",
    "symbol": "LANC",
    "data": {
        "bs": [
            {
                "label": "Cash and equivalents",
                "concept": "CashAndCashEquivalentsAtCarryingValue",
                "unit": "usd",
                "value": 177798000
            },
            {
                "label": "Receivables",
                "concept": "ReceivablesNetCurrent",
                "unit": "usd",
                "value": 87649000
            },
            {
                "label": "Raw materials",
                "concept": "InventoryRawMaterialsNetOfReserves",
                "unit": "usd",
                "value": 40108000
            },
            {
                "label": "Finished goods",
                "concept": "InventoryFinishedGoodsNetOfReserves",
                "unit": "usd",
                "value": 56151000
            },
            {
                "label": "Total inventories",
                "concept": "InventoryNet",
                "unit": "usd",
                "value": 96259000
            },
            {
                "label": "Other current assets",
                "concept": "OtherAssetsCurrent",
                "unit": "usd",
                "value": 20269000
            },
            {
                "label": "Total current assets",
                "concept": "AssetsCurrent",
                "unit": "usd",
                "value": 381975000
            },
            {
                "label": "Land, buildings and improvements",
                "concept": "lanc:LandBuildingsAndImprovements",
                "unit": "usd",
                "value": 181671000
            },
            {
                "label": "Machinery and equipment",
                "concept": "MachineryAndEquipmentGross",
                "unit": "usd",
                "value": 389200000
            },
            {
                "label": "Total cost",
                "concept": "PropertyPlantAndEquipmentGross",
                "unit": "usd",
                "value": 570871000
            },
            {
                "label": "Less accumulated depreciation",
                "concept": "AccumulatedDepreciationDepletionAndAmortizationPropertyPlantAndEquipment",
                "unit": "usd",
                "value": 274436000
            },
            {
                "label": "Property, plant and equipment-net",
                "concept": "PropertyPlantAndEquipmentNet",
                "unit": "usd",
                "value": 296435000
            },
            {
                "label": "Other intangible assets-net",
                "concept": "FiniteLivedIntangibleAssetsNet",
                "unit": "usd",
                "value": 66460000
            },
            {
                "label": "Operating lease right-of-use assets",
                "concept": "OperatingLeaseRightOfUseAsset",
                "unit": "usd",
                "value": 24469000
            },
            {
                "label": "Other noncurrent assets",
                "concept": "OtherAssetsNoncurrent",
                "unit": "usd",
                "value": 15342000
            },
            {
                "label": "Total",
                "concept": "Assets",
                "unit": "usd",
                "value": 993052000
            },
            {
                "label": "Accounts payable",
                "concept": "AccountsPayableCurrent",
                "unit": "usd",
                "value": 90818000
            },
            {
                "label": "Accrued liabilities",
                "concept": "AccruedLiabilitiesCurrent",
                "unit": "usd",
                "value": 46328000
            },
            {
                "label": "Total current liabilities",
                "concept": "LiabilitiesCurrent",
                "unit": "usd",
                "value": 137146000
            },
            {
                "label": "Other Noncurrent Liabilities",
                "concept": "OtherLiabilitiesNoncurrent",
                "unit": "usd",
                "value": 31306000
            },
            {
                "label": "Deferred Income Taxes",
                "concept": "DeferredIncomeTaxLiabilitiesNet",
                "unit": "usd",
                "value": 32024000
            },
            {
                "label": "Commitments and Contingencies",
                "concept": "CommitmentsAndContingencies",
                "unit": "usd",
                "value": "N/A"
            },
            {
                "label": "Preferred stock-authorized 3,050,000 shares; outstanding-none",
                "concept": "PreferredStockValueOutstanding",
                "unit": "usd",
                "value": "N/A"
            },
            {
                "label": "Common stock-authorized 75,000,000 shares; outstanding-March-27,515,651 shares; June-27,491,497 shares",
                "concept": "CommonStockValue",
                "unit": "usd",
                "value": 124221000
            },
            {
                "label": "Retained earnings",
                "concept": "RetainedEarningsAccumulatedDeficit",
                "unit": "usd",
                "value": 1409994000
            },
            {
                "label": "Accumulated other comprehensive loss",
                "concept": "AccumulatedOtherComprehensiveIncomeLossDefinedBenefitPensionAndOtherPostretirementPlansNetOfTax",
                "unit": "usd",
                "value": 10099000
            },
            {
                "label": "Common stock in treasury, at cost",
                "concept": "TreasuryStockValue",
                "unit": "usd",
                "value": 750832000
            },
            {
                "label": "Total shareholders' equity",
                "concept": "StockholdersEquity",
                "unit": "usd",
                "value": 773284000
            },
            {
                "label": "Total",
                "concept": "LiabilitiesAndStockholdersEquity",
                "unit": "usd",
                "value": 993052000
            }
        ],
        "cf": [],
        "ic": [
            {
                "label": "Cost of Sales",
                "concept": "CostOfGoodsAndServicesSold",
                "unit": "usd",
                "value": 244401000
            },
            {
                "label": "Gross Profit",
                "concept": "GrossProfit",
                "unit": "usd",
                "value": 76962000
            },
            {
                "label": "Selling, General and Administrative Expenses",
                "concept": "SellingGeneralAndAdministrativeExpense",
                "unit": "usd",
                "value": 46907000
            },
            {
                "label": "Change in Contingent Consideration",
                "concept": "FairValueMeasurementWithUnobservableInputsReconciliationRecurringBasisLiabilityGainLossIncludedInEarnings",
                "unit": "usd",
                "value": 65000
            },
            {
                "label": "Restructuring and Impairment Charges",
                "concept": "RestructuringSettlementAndImpairmentProvisions",
                "unit": "usd",
                "value": "N/A"
            },
            {
                "label": "Operating Income",
                "concept": "OperatingIncomeLoss",
                "unit": "usd",
                "value": 29990000
            },
            {
                "label": "Other, Net",
                "concept": "OtherNonoperatingIncomeExpense",
                "unit": "usd",
                "value": 727000
            },
            {
                "label": "Income Before Income Taxes",
                "concept": "IncomeLossFromContinuingOperationsBeforeIncomeTaxesMinorityInterestAndIncomeLossFromEquityMethodInvestments",
                "unit": "usd",
                "value": 30717000
            },
            {
                "label": "Taxes Based on Income",
                "concept": "IncomeTaxExpenseBenefit",
                "unit": "usd",
                "value": 8288000
            },
            {
                "label": "Net Income",
                "concept": "NetIncomeLoss",
                "unit": "usd",
                "value": 22429000
            },
            {
                "label": "Basic (in dollars per share)",
                "concept": "EarningsPerShareBasic",
                "unit": "usd/shares",
                "value": 0.82
            },
            {
                "label": "Diluted (in dollars per share)",
                "concept": "EarningsPerShareDiluted",
                "unit": "usd/shares",
                "value": 0.81
            },
            {
                "label": "Basic (in shares)",
                "concept": "WeightedAverageNumberOfSharesOutstandingBasic",
                "unit": "shares",
                "value": 27457000
            },
            {
                "label": "Diluted (in shares)",
                "concept": "WeightedAverageNumberOfDilutedSharesOutstanding",
                "unit": "shares",
                "value": 27501000
            }
        ]
    }
}