{
    "startDate": "2019-01-01",
    "endDate": "2019-12-31",
    "year": "2019",
    "quarter": "FY",
    "symbol": "DKMR",
    "data": {
        "bs": [
            {
                "label": "",
                "concept": "AssetsCurrent",
                "unit": "usd",
                "value": "N/A"
            },
            {
                "label": "",
                "concept": "Assets",
                "unit": "usd",
                "value": 0
            },
            {
                "label": "",
                "concept": "AccountsPayableAndOtherAccruedLiabilities",
                "unit": "usd",
                "value": 20226
            },
            {
                "label": "",
                "concept": "AccountsPayableRelatedPartiesCurrent",
                "unit": "usd",
                "value": 16870
            },
            {
                "label": "",
                "concept": "RelatedPartyDepositLiabilities",
                "unit": "usd",
                "value": "N/A"
            },
            {
                "label": "",
                "concept": "LiabilitiesCurrent",
                "unit": "usd",
                "value": 37096
            },
            {
                "label": "",
                "concept": "LongTermDebtCurrent",
                "unit": "usd",
                "value": "N/A"
            },
            {
                "label": "",
                "concept": "Liabilities",
                "unit": "usd",
                "value": 37096
            },
            {
                "label": "",
                "concept": "CommonStockValue",
                "unit": "usd",
                "value": 202180
            },
            {
                "label": "",
                "concept": "AdditionalPaidInCapital",
                "unit": "usd",
                "value": 20891603
            },
            {
                "label": "",
                "concept": "RetainedEarningsAccumulatedDeficit",
                "unit": "usd",
                "value": -21130879
            },
            {
                "label": "",
                "concept": "StockholdersEquity",
                "unit": "usd",
                "value": -37096
            },
            {
                "label": "",
                "concept": "LiabilitiesAndStockholdersEquity",
                "unit": "usd",
                "value": 0
            }
        ],
        "cf": [
            {
                "label": "",
                "concept": "NetIncomeLoss",
                "unit": "usd",
                "value": -20453195
            },
            {
                "label": "",
                "concept": "GainsLossesOnExtinguishmentOfDebt",
                "unit": "usd",
                "value": 150197
            },
            {
                "label": "",
                "concept": "IssuanceOfStockAndWarrantsForServicesOrClaims",
                "unit": "usd",
                "value": 20550000
            },
            {
                "label": "",
                "concept": "IncreaseDecreaseInAccountsPayableAndAccruedLiabilities",
                "unit": "usd",
                "value": 37772
            },
            {
                "label": "",
                "concept": "IncreaseDecreaseInAccountsPayableRelatedParties",
                "unit": "usd",
                "value": 15620
            },
            {
                "label": "",
                "concept": "NetCashProvidedByUsedInOperatingActivities",
                "unit": "usd",
                "value": "N/A"
            },
            {
                "label": "",
                "concept": "NetCashProvidedByUsedInInvestingActivities",
                "unit": "usd",
                "value": "N/A"
            },
            {
                "label": "",
                "concept": "ProceedsFromRelatedPartyDebt",
                "unit": "usd",
                "value": "N/A"
            },
            {
                "label": "",
                "concept": "ProceedsFromIssuanceOfPrivatePlacement",
                "unit": "usd",
                "value": "N/A"
            },
            {
                "label": "",
                "concept": "NetCashProvidedByUsedInFinancingActivities",
                "unit": "usd",
                "value": "N/A"
            },
            {
                "label": "",
                "concept": "CashAndCashEquivalentsPeriodIncreaseDecrease",
                "unit": "usd",
                "value": "N/A"
            },
            {
                "label": "",
                "concept": "InterestPaid",
                "unit": "usd",
                "value": "N/A"
            },
            {
                "label": "",
                "concept": "IncomeTaxesPaid",
                "unit": "usd",
                "value": "N/A"
            }
        ],
        "ic": []
    }
}