{
    "startDate": "2020-01-01",
    "endDate": "2020-03-31",
    "year": "2020",
    "quarter": "Q1",
    "symbol": "FMCC",
    "data": {
        "bs": [
            {
                "label": "Financing Receivable, Allowance for Credit Loss",
                "concept": "FinancingReceivableAllowanceForCreditLosses",
                "unit": "usd",
                "value": 1231000000
            },
            {
                "label": "Cash and cash equivalents",
                "concept": "CashAndCashEquivalentsAtCarryingValue",
                "unit": "usd",
                "value": 9628000000
            },
            {
                "label": "Marketable securities",
                "concept": "MarketableSecurities",
                "unit": "usd",
                "value": 2453000000
            },
            {
                "label": "Net Investment in Operating Leases",
                "concept": "PropertySubjectToOrAvailableForOperatingLeaseNet",
                "unit": "usd",
                "value": 27030000000
            },
            {
                "label": "Finance receivables, net",
                "concept": "NotesReceivableNet",
                "unit": "usd",
                "value": 110746000000
            },
            {
                "label": "Notes and accounts receivable from affiliated companies",
                "concept": "DueFromAffiliates",
                "unit": "usd",
                "value": 1201000000
            },
            {
                "label": "Derivative financial instruments",
                "concept": "DerivativeFairValueOfDerivativeAsset",
                "unit": "usd",
                "value": 2420000000
            },
            {
                "label": "Other assets",
                "concept": "OtherAssets",
                "unit": "usd",
                "value": 3302000000
            },
            {
                "label": "Total assets",
                "concept": "Assets",
                "unit": "usd",
                "value": 156816000000
            },
            {
                "label": "Accounts Payable, Trade",
                "concept": "AccountsPayableTradeCurrentAndNoncurrent",
                "unit": "usd",
                "value": 1000000000
            },
            {
                "label": "Affiliated companies",
                "concept": "DueToAffiliateCurrentAndNoncurrent",
                "unit": "usd",
                "value": 328000000
            },
            {
                "label": "Accounts Payable and Accrued Liabilities",
                "concept": "AccountsPayableAndAccruedLiabilitiesCurrentAndNoncurrent",
                "unit": "usd",
                "value": 1328000000
            },
            {
                "label": "Debt",
                "concept": "DebtAndCapitalLeaseObligations",
                "unit": "usd",
                "value": 136836000000
            },
            {
                "label": "Deferred income taxes",
                "concept": "DeferredIncomeTaxLiabilities",
                "unit": "usd",
                "value": 2225000000
            },
            {
                "label": "Derivative financial instruments",
                "concept": "DerivativeFairValueOfDerivativeLiability",
                "unit": "usd",
                "value": 801000000
            },
            {
                "label": "Other liabilities and deferred income",
                "concept": "OtherLiabilities",
                "unit": "usd",
                "value": 2083000000
            },
            {
                "label": "Total liabilities",
                "concept": "Liabilities",
                "unit": "usd",
                "value": 143273000000
            },
            {
                "label": "Stockholders' Equity Attributable to Parent",
                "concept": "StockholdersEquity",
                "unit": "usd",
                "value": 5227000000
            },
            {
                "label": "Accumulated other comprehensive income",
                "concept": "AccumulatedOtherComprehensiveIncomeLossNetOfTax",
                "unit": "usd",
                "value": 1133000000
            },
            {
                "label": "Retained earnings",
                "concept": "RetainedEarningsAccumulatedDeficit",
                "unit": "usd",
                "value": 9449000000
            },
            {
                "label": "Total shareholder\u2019s interest",
                "concept": "StockholdersEquityIncludingPortionAttributableToNoncontrollingInterest",
                "unit": "usd",
                "value": 13543000000
            },
            {
                "label": "Total liabilities and shareholder's interest",
                "concept": "LiabilitiesAndStockholdersEquity",
                "unit": "usd",
                "value": 156816000000
            }
        ],
        "cf": [
            {
                "label": "Net Income",
                "concept": "NetIncomeLoss",
                "unit": "usd",
                "value": 21000000
            },
            {
                "label": "Provision for Other Credit Losses",
                "concept": "ProvisionForOtherCreditLosses",
                "unit": "usd",
                "value": 586000000
            },
            {
                "label": "Depreciation Depletion and Amortizations",
                "concept": "fmcc:DepreciationDepletionandAmortizations",
                "unit": "usd",
                "value": 1250000000
            },
            {
                "label": "Amortization Of Upfront Interest Supplements",
                "concept": "fmcc:AmortizationOfUpfrontInterestSupplements",
                "unit": "usd",
                "value": 532000000
            },
            {
                "label": "Net Change in Finance Receivables Held-for-sale",
                "concept": "fmcc:NetChangeinFinanceReceivablesHeldforsale",
                "unit": "usd",
                "value": 74000000
            },
            {
                "label": "Net change in deferred income taxes",
                "concept": "IncreaseDecreaseInDeferredIncomeTaxes",
                "unit": "usd",
                "value": 272000000
            },
            {
                "label": "Net change in other assets",
                "concept": "IncreaseDecreaseInOtherOperatingAssets",
                "unit": "usd",
                "value": 322000000
            },
            {
                "label": "Net change in other liabilities",
                "concept": "IncreaseDecreaseInOtherOperatingLiabilities",
                "unit": "usd",
                "value": 583000000
            },
            {
                "label": "All other operating activities",
                "concept": "IncreaseDecreaseInOtherOperatingCapitalNet",
                "unit": "usd",
                "value": 103000000
            },
            {
                "label": "Net Cash Provided by (Used in) Operating Activities",
                "concept": "NetCashProvidedByUsedInOperatingActivities",
                "unit": "usd",
                "value": 177000000
            },
            {
                "label": "Purchases of finance receivables",
                "concept": "PaymentsToAcquireFinanceReceivables",
                "unit": "usd",
                "value": 8222000000
            },
            {
                "label": "Principal collections of finance receivables",
                "concept": "ProceedsFromCollectionOfFinanceReceivables",
                "unit": "usd",
                "value": 10258000000
            },
            {
                "label": "Purchases of operating lease vehicles",
                "concept": "fmcc:PaymentsToAcquireOperatingLeaseVehicles",
                "unit": "usd",
                "value": 3441000000
            },
            {
                "label": "Proceeds From Liquidations of Operating Lease Vehicles",
                "concept": "fmcc:ProceedsFromLiquidationsOfOperatingLeaseVehicles",
                "unit": "usd",
                "value": 2768000000
            },
            {
                "label": "Net change in wholesale receivables and other",
                "concept": "fmcc:NetIncreaseDecreaseInWholesaleReceivablesandother",
                "unit": "usd",
                "value": 881000000
            },
            {
                "label": "Purchases of marketable securities",
                "concept": "PaymentsToAcquireMarketableSecurities",
                "unit": "usd",
                "value": 680000000
            },
            {
                "label": "Proceeds from sales and maturities of marketable securities",
                "concept": "ProceedsFromSaleAndMaturityOfMarketableSecurities",
                "unit": "usd",
                "value": 1535000000
            },
            {
                "label": "Settlements of derivatives",
                "concept": "PaymentsForProceedsFromDerivativeInstrumentInvestingActivities",
                "unit": "usd",
                "value": 159000000
            },
            {
                "label": "All other investing activities",
                "concept": "PaymentsForProceedsFromOtherInvestingActivities",
                "unit": "usd",
                "value": 22000000
            },
            {
                "label": "Net Cash Provided by (Used in) Investing Activities",
                "concept": "NetCashProvidedByUsedInInvestingActivities",
                "unit": "usd",
                "value": 2814000000
            },
            {
                "label": "Proceeds from issuances of long-term debt",
                "concept": "ProceedsFromIssuanceOfLongTermDebt",
                "unit": "usd",
                "value": 11623000000
            },
            {
                "label": "Principal payments on long-term debt",
                "concept": "RepaymentsOfLongTermDebt",
                "unit": "usd",
                "value": 12652000000
            },
            {
                "label": "Change in short-term debt, net",
                "concept": "ProceedsFromRepaymentsOfShortTermDebt",
                "unit": "usd",
                "value": 904000000
            },
            {
                "label": "Cash distributions to parent",
                "concept": "fmcc:PaymentsOfCapitalDistributionsCashAndDistributionsOfEarningsToParent",
                "unit": "usd",
                "value": 275000000
            },
            {
                "label": "All other financing activities",
                "concept": "ProceedsFromPaymentsForOtherFinancingActivities",
                "unit": "usd",
                "value": 21000000
            },
            {
                "label": "Net Cash Provided by (Used in) Financing Activities",
                "concept": "NetCashProvidedByUsedInFinancingActivities",
                "unit": "usd",
                "value": 2229000000
            },
            {
                "label": "Effect of Exchange Rate on Cash, Cash Equivalents, Restricted Cash and Restricted Cash Equivalents",
                "concept": "EffectOfExchangeRateOnCashCashEquivalentsRestrictedCashAndRestrictedCashEquivalents",
                "unit": "usd",
                "value": 252000000
            },
            {
                "label": "Net increase/(decrease) in cash, cash equivalents, and restricted cash",
                "concept": "CashCashEquivalentsRestrictedCashAndRestrictedCashEquivalentsPeriodIncreaseDecreaseIncludingExchangeRateEffect",
                "unit": "usd",
                "value": 510000000
            }
        ],
        "ic": [
            {
                "label": "Net income",
                "concept": "NetIncomeLoss",
                "unit": "usd",
                "value": 21000000
            },
            {
                "label": "Foreign currency translation",
                "concept": "OtherComprehensiveIncomeLossForeignCurrencyTransactionAndTranslationAdjustmentNetOfTax",
                "unit": "usd",
                "value": 348000000
            },
            {
                "label": "Comprehensive income / (loss)",
                "concept": "ComprehensiveIncomeNetOfTax",
                "unit": "usd",
                "value": 327000000
            }
        ]
    }
}