{
    "startDate": "2020-01-01",
    "endDate": "2020-03-31",
    "year": "2020",
    "quarter": "Q2",
    "symbol": "APD",
    "data": {
        "bs": [
            {
                "label": "Operating lease ROU asset, other noncurrent assets",
                "concept": "OperatingLeaseRightOfUseAsset",
                "unit": "usd",
                "value": 351100000.0
            },
            {
                "label": "Operating lease liabilities, payables and accrued liabilities",
                "concept": "OperatingLeaseLiabilityCurrent",
                "unit": "usd",
                "value": 67200000.0
            },
            {
                "label": "Operating lease liabilities, other noncurrent liabilities",
                "concept": "OperatingLeaseLiabilityNoncurrent",
                "unit": "usd",
                "value": 326200000.0
            },
            {
                "label": "Total Operating Lease Liabilities",
                "concept": "OperatingLeaseLiability",
                "unit": "usd",
                "value": 393400000.0
            }
        ],
        "cf": [],
        "ic": [
            {
                "label": "Before-tax share-based compensation cost",
                "concept": "AllocatedShareBasedCompensationExpense",
                "unit": "usd",
                "value": 13500000.0
            },
            {
                "label": "Income tax benefit",
                "concept": "EmployeeServiceShareBasedCompensationTaxBenefitFromCompensationExpense",
                "unit": "usd",
                "value": 3100000.0
            },
            {
                "label": "After-tax share-based compensation cost",
                "concept": "AllocatedShareBasedCompensationExpenseNetOfTax",
                "unit": "usd",
                "value": 10400000.0
            }
        ]
    }
}