{
    "startDate": "2020-01-01",
    "endDate": "2020-03-31",
    "year": "2020",
    "quarter": "Q1",
    "symbol": "GCILLC",
    "data": {
        "bs": [
            {
                "label": "Cash and cash equivalents",
                "concept": "CashEquivalentsAtCarryingValue",
                "unit": "usd",
                "value": 97052000
            },
            {
                "label": "Trade and other receivables, net of allowance for doubtful accounts of $7,795 and $7,516, respectively",
                "concept": "AccountsAndOtherReceivablesNetCurrent",
                "unit": "usd",
                "value": 106284000
            },
            {
                "label": "Other current assets",
                "concept": "OtherAssetsCurrent",
                "unit": "usd",
                "value": 35591000
            },
            {
                "label": "Total current assets",
                "concept": "AssetsCurrent",
                "unit": "usd",
                "value": 238927000
            },
            {
                "label": "Investments in equity securities (note 3)",
                "concept": "gcillc:EquitySecuritiesNoncurrent",
                "unit": "usd",
                "value": 2343209000
            },
            {
                "label": "Equity method investments in affiliates (note 4)",
                "concept": "EquityMethodInvestments",
                "unit": "usd",
                "value": 166565000
            },
            {
                "label": "Property and equipment, net",
                "concept": "PropertyPlantAndEquipmentNet",
                "unit": "usd",
                "value": 1067592000
            },
            {
                "label": "Goodwill",
                "concept": "Goodwill",
                "unit": "usd",
                "value": 844182000
            },
            {
                "label": "Intangible assets not subject to amortization",
                "concept": "gcillc:IndefiniteLivedIntangibleAssetsIncludingGoodwill",
                "unit": "usd",
                "value": 1190682000
            },
            {
                "label": "Intangible assets subject to amortization, net (note 5)",
                "concept": "FiniteLivedIntangibleAssetsNet",
                "unit": "usd",
                "value": 379885000
            },
            {
                "label": "Other assets, net",
                "concept": "OtherAssetsNoncurrent",
                "unit": "usd",
                "value": 323559000
            },
            {
                "label": "Total assets",
                "concept": "Assets",
                "unit": "usd",
                "value": 10436153000
            },
            {
                "label": "Accounts payable and accrued liabilities",
                "concept": "AccountsPayableAndAccruedLiabilitiesCurrent",
                "unit": "usd",
                "value": 90759000
            },
            {
                "label": "Deferred revenue",
                "concept": "ContractWithCustomerLiabilityCurrent",
                "unit": "usd",
                "value": 25902000
            },
            {
                "label": "Current portion of debt, net of deferred financing costs (note 6)",
                "concept": "DebtCurrent",
                "unit": "usd",
                "value": 3085000
            },
            {
                "label": "Other current liabilities",
                "concept": "OtherLiabilitiesCurrent",
                "unit": "usd",
                "value": 95101000
            },
            {
                "label": "Total current liabilities",
                "concept": "LiabilitiesCurrent",
                "unit": "usd",
                "value": 214847000
            },
            {
                "label": "Long-term debt, net (note 6)",
                "concept": "LongTermDebtNoncurrent",
                "unit": "usd",
                "value": 2603329000
            },
            {
                "label": "Loans from GCI Liberty",
                "concept": "DueToAffiliateNoncurrent",
                "unit": "usd",
                "value": 106403000
            },
            {
                "label": "Obligations under finance leases and tower obligations, excluding current portion",
                "concept": "gcillc:FinanceLeaseAndSaleLeasebackTransactionLiabilityNoncurrent",
                "unit": "usd",
                "value": 96104000
            },
            {
                "label": "Long-term deferred revenue",
                "concept": "ContractWithCustomerLiabilityNoncurrent",
                "unit": "usd",
                "value": 54940000
            },
            {
                "label": "Deferred income tax liabilities",
                "concept": "DeferredIncomeTaxLiabilitiesNet",
                "unit": "usd",
                "value": 1341149000
            },
            {
                "label": "Derivative instrument (note 2)",
                "concept": "DerivativeLiabilities",
                "unit": "usd",
                "value": 24165000
            },
            {
                "label": "Other liabilities",
                "concept": "OtherLiabilitiesNoncurrent",
                "unit": "usd",
                "value": 127013000
            },
            {
                "label": "Total liabilities",
                "concept": "Liabilities",
                "unit": "usd",
                "value": 4567950000
            },
            {
                "label": "Retained earnings",
                "concept": "RetainedEarningsAccumulatedDeficit",
                "unit": "usd",
                "value": 2542848000
            },
            {
                "label": "Total member's equity",
                "concept": "StockholdersEquity",
                "unit": "usd",
                "value": 5859428000
            },
            {
                "label": "Non-controlling interests",
                "concept": "MinorityInterest",
                "unit": "usd",
                "value": 8775000
            },
            {
                "label": "Total equity",
                "concept": "StockholdersEquityIncludingPortionAttributableToNoncontrollingInterest",
                "unit": "usd",
                "value": 5868203000
            },
            {
                "label": "Commitments and contingencies (note 8)",
                "concept": "CommitmentsAndContingencies",
                "unit": "usd",
                "value": "N/A"
            },
            {
                "label": "Total liabilities and equity",
                "concept": "LiabilitiesAndStockholdersEquity",
                "unit": "usd",
                "value": 10436153000
            }
        ],
        "cf": [
            {
                "label": "Net earnings (loss)",
                "concept": "ProfitLoss",
                "unit": "usd",
                "value": 640065000
            },
            {
                "label": "Depreciation and amortization expense",
                "concept": "DepreciationDepletionAndAmortization",
                "unit": "usd",
                "value": 63008000
            },
            {
                "label": "Stock-based compensation expense",
                "concept": "ShareBasedCompensation",
                "unit": "usd",
                "value": 2475000
            },
            {
                "label": "Share of earnings (losses) of affiliates, net (note 4)",
                "concept": "IncomeLossFromEquityMethodInvestments",
                "unit": "usd",
                "value": 707000
            },
            {
                "label": "Realized and unrealized gains (losses) on financial instruments, net (note 2)",
                "concept": "gcillc:GainLossOnFinancialInstruments",
                "unit": "usd",
                "value": 855502000
            },
            {
                "label": "Deferred income tax expense (benefit)",
                "concept": "DeferredIncomeTaxExpenseBenefit",
                "unit": "usd",
                "value": 236392000
            },
            {
                "label": "Other, net",
                "concept": "OtherNoncashIncomeExpense",
                "unit": "usd",
                "value": 25000
            },
            {
                "label": "Current and other assets",
                "concept": "IncreaseDecreaseInOperatingAssets",
                "unit": "usd",
                "value": 13970000
            },
            {
                "label": "Payables and other liabilities",
                "concept": "IncreaseDecreaseInOperatingLiabilities",
                "unit": "usd",
                "value": 3268000
            },
            {
                "label": "Net cash provided (used) by operating activities",
                "concept": "NetCashProvidedByUsedInOperatingActivities",
                "unit": "usd",
                "value": 34558000
            },
            {
                "label": "Capital expended for property and equipment",
                "concept": "PaymentsToAcquirePropertyPlantAndEquipment",
                "unit": "usd",
                "value": 35665000
            },
            {
                "label": "Other investing activities, net",
                "concept": "PaymentsForProceedsFromOtherInvestingActivities",
                "unit": "usd",
                "value": 1088000
            },
            {
                "label": "Net cash provided (used) by investing activities",
                "concept": "NetCashProvidedByUsedInInvestingActivities",
                "unit": "usd",
                "value": 34577000
            },
            {
                "label": "Borrowings from GCI Liberty",
                "concept": "gcillc:ProceedsFromBorrowingsFromAffiliates",
                "unit": "usd",
                "value": 2000000
            },
            {
                "label": "Repayment of debt, finance leases and tower obligations",
                "concept": "gcillc:RepaymentOfDebtFinanceLeaseObligationAndSaleLeaseBackObligation",
                "unit": "usd",
                "value": 2259000
            },
            {
                "label": "Contributions from (distributions to) member",
                "concept": "PaymentsOfDistributionsToAffiliates",
                "unit": "usd",
                "value": 3640000
            },
            {
                "label": "Other financing activities, net",
                "concept": "ProceedsFromPaymentsForOtherFinancingActivities",
                "unit": "usd",
                "value": 1082000
            },
            {
                "label": "Net cash provided (used) by financing activities",
                "concept": "NetCashProvidedByUsedInFinancingActivities",
                "unit": "usd",
                "value": 2299000
            },
            {
                "label": "Net increase (decrease) in cash, cash equivalents and restricted cash",
                "concept": "CashCashEquivalentsRestrictedCashAndRestrictedCashEquivalentsPeriodIncreaseDecreaseIncludingExchangeRateEffect",
                "unit": "usd",
                "value": 2280000
            }
        ],
        "ic": [
            {
                "label": "Revenue",
                "concept": "RevenueFromContractWithCustomerExcludingAssessedTax",
                "unit": "usd",
                "value": 235799000
            },
            {
                "label": "Operating expense (exclusive of depreciation and amortization shown separately below)",
                "concept": "OtherCostAndExpenseOperating",
                "unit": "usd",
                "value": 69663000
            },
            {
                "label": "Selling, general and administrative, including stock-based compensation (note 7)",
                "concept": "SellingGeneralAndAdministrativeExpense",
                "unit": "usd",
                "value": 91894000
            },
            {
                "label": "Depreciation and amortization expense",
                "concept": "DepreciationDepletionAndAmortization",
                "unit": "usd",
                "value": 63008000
            },
            {
                "label": "Insurance proceeds",
                "concept": "gcillc:InsuranceRecoveriesAndRestructuringNet",
                "unit": "usd",
                "value": "N/A"
            },
            {
                "label": "Operating costs and expenses",
                "concept": "OperatingExpenses",
                "unit": "usd",
                "value": 224565000
            },
            {
                "label": "Operating income (loss)",
                "concept": "OperatingIncomeLoss",
                "unit": "usd",
                "value": 11234000
            },
            {
                "label": "Interest expense (including amortization of deferred loan fees)",
                "concept": "InterestExpense",
                "unit": "usd",
                "value": 32137000
            },
            {
                "label": "Share of earnings (losses) of affiliates, net (note 4)",
                "concept": "IncomeLossFromEquityMethodInvestments",
                "unit": "usd",
                "value": 707000
            },
            {
                "label": "Realized and unrealized gains (losses) on financial instruments, net (note 2)",
                "concept": "gcillc:GainLossOnFinancialInstruments",
                "unit": "usd",
                "value": 855502000
            },
            {
                "label": "Other, net",
                "concept": "OtherNonoperatingIncomeExpense",
                "unit": "usd",
                "value": 655000
            },
            {
                "label": "Other income (expense)",
                "concept": "NonoperatingIncomeExpense",
                "unit": "usd",
                "value": 887691000
            },
            {
                "label": "Earnings (loss) before income taxes",
                "concept": "IncomeLossFromContinuingOperationsBeforeIncomeTaxesExtraordinaryItemsNoncontrollingInterest",
                "unit": "usd",
                "value": 876457000
            },
            {
                "label": "Income tax (expense) benefit",
                "concept": "IncomeTaxExpenseBenefit",
                "unit": "usd",
                "value": 236392000
            },
            {
                "label": "Net earnings (loss)",
                "concept": "ProfitLoss",
                "unit": "usd",
                "value": 640065000
            },
            {
                "label": "Less net earnings (loss) attributable to the non-controlling interests",
                "concept": "NetIncomeLossAttributableToNoncontrollingInterest",
                "unit": "usd",
                "value": 25000
            },
            {
                "label": "Net earnings (loss) attributable to member",
                "concept": "NetIncomeLoss",
                "unit": "usd",
                "value": 640040000
            }
        ]
    }
}