{
    "startDate": "2020-01-01",
    "endDate": "2020-03-31",
    "year": "2020",
    "quarter": "Q1",
    "symbol": "ABD",
    "data": {
        "bs": [
            {
                "label": "Cash and cash equivalents",
                "concept": "CashAndCashEquivalentsAtCarryingValue",
                "unit": "usd",
                "value": 93400000.0
            },
            {
                "label": "Accounts receivable, net",
                "concept": "AccountsReceivableNetCurrent",
                "unit": "usd",
                "value": 298900000.0
            },
            {
                "label": "Inventories",
                "concept": "InventoryNet",
                "unit": "usd",
                "value": 291600000.0
            },
            {
                "label": "Other current assets",
                "concept": "OtherAssetsCurrent",
                "unit": "usd",
                "value": 54100000.0
            },
            {
                "label": "Total current assets",
                "concept": "AssetsCurrent",
                "unit": "usd",
                "value": 738000000.0
            },
            {
                "label": "Less: accumulated depreciation",
                "concept": "AccumulatedDepreciationDepletionAndAmortizationPropertyPlantAndEquipment",
                "unit": "usd",
                "value": 381000000.0
            },
            {
                "label": "Property, plant and equipment, net",
                "concept": "PropertyPlantAndEquipmentNet",
                "unit": "usd",
                "value": 250600000.0
            },
            {
                "label": "Right of use asset, leases",
                "concept": "OperatingLeaseRightOfUseAsset",
                "unit": "usd",
                "value": 92100000.0
            },
            {
                "label": "Deferred income taxes",
                "concept": "DeferredIncomeTaxAssetsNet",
                "unit": "usd",
                "value": 109200000.0
            },
            {
                "label": "Identifiable intangibles, net",
                "concept": "IntangibleAssetsNetExcludingGoodwill",
                "unit": "usd",
                "value": 725900000.0
            },
            {
                "label": "Other non-current assets",
                "concept": "OtherAssetsNoncurrent",
                "unit": "usd",
                "value": 19700000.0
            },
            {
                "label": "Total assets",
                "concept": "Assets",
                "unit": "usd",
                "value": 2653200000.0
            },
            {
                "label": "Notes payable",
                "concept": "ShortTermBankLoansAndNotesPayable",
                "unit": "usd",
                "value": 15700000.0
            },
            {
                "label": "Current portion of long-term debt",
                "concept": "LongTermDebtCurrent",
                "unit": "usd",
                "value": 51500000.0
            },
            {
                "label": "Accounts payable",
                "concept": "AccountsPayableCurrent",
                "unit": "usd",
                "value": 185900000.0
            },
            {
                "label": "Accrued compensation",
                "concept": "EmployeeRelatedLiabilitiesCurrent",
                "unit": "usd",
                "value": 28300000.0
            },
            {
                "label": "Accrued customer program liabilities",
                "concept": "abd:AccruedCustomerProgramLiabilitiesCurrent",
                "unit": "usd",
                "value": 64200000.0
            },
            {
                "label": "Lease liabilities",
                "concept": "OperatingLeaseLiabilityCurrent",
                "unit": "usd",
                "value": 19900000.0
            },
            {
                "label": "Other current liabilities",
                "concept": "OtherLiabilitiesCurrent",
                "unit": "usd",
                "value": 104000000.0
            },
            {
                "label": "Total current liabilities",
                "concept": "LiabilitiesCurrent",
                "unit": "usd",
                "value": 469500000.0
            },
            {
                "label": "Long-term debt, net",
                "concept": "LongTermDebtNoncurrent",
                "unit": "usd",
                "value": 856900000.0
            },
            {
                "label": "Long-term lease liabilities",
                "concept": "OperatingLeaseLiabilityNoncurrent",
                "unit": "usd",
                "value": 81700000.0
            },
            {
                "label": "Deferred income taxes",
                "concept": "DeferredIncomeTaxLiabilitiesNet",
                "unit": "usd",
                "value": 167300000.0
            },
            {
                "label": "Pension and post-retirement benefit obligations",
                "concept": "PensionAndOtherPostretirementDefinedBenefitPlansLiabilitiesNoncurrent",
                "unit": "usd",
                "value": 268900000.0
            },
            {
                "label": "Other non-current liabilities",
                "concept": "OtherLiabilitiesNoncurrent",
                "unit": "usd",
                "value": 91000000.0
            },
            {
                "label": "Total liabilities",
                "concept": "Liabilities",
                "unit": "usd",
                "value": 1935300000.0
            },
            {
                "label": "Common stock",
                "concept": "CommonStockValue",
                "unit": "usd",
                "value": 1000000.0
            },
            {
                "label": "Treasury stock",
                "concept": "TreasuryStockValue",
                "unit": "usd",
                "value": 39900000.0
            },
            {
                "label": "Paid-in capital",
                "concept": "AdditionalPaidInCapital",
                "unit": "usd",
                "value": 1874300000.0
            },
            {
                "label": "Accumulated other comprehensive loss",
                "concept": "AccumulatedOtherComprehensiveIncomeLossNetOfTax",
                "unit": "usd",
                "value": 545100000.0
            },
            {
                "label": "Accumulated deficit",
                "concept": "RetainedEarningsAccumulatedDeficit",
                "unit": "usd",
                "value": 572400000.0
            },
            {
                "label": "Total stockholders' equity",
                "concept": "StockholdersEquity",
                "unit": "usd",
                "value": 717900000.0
            },
            {
                "label": "Total liabilities and stockholders' equity",
                "concept": "LiabilitiesAndStockholdersEquity",
                "unit": "usd",
                "value": 2653200000.0
            }
        ],
        "cf": [
            {
                "label": "Amortization of inventory step-up",
                "concept": "AmortizationOfAcquisitionCosts",
                "unit": "usd",
                "value": "N/A"
            },
            {
                "label": "Loss on disposal of assets",
                "concept": "GainLossOnSaleOfPropertyPlantEquipment",
                "unit": "usd",
                "value": "N/A"
            },
            {
                "label": "Depreciation",
                "concept": "Depreciation",
                "unit": "usd",
                "value": 8600000.0
            },
            {
                "label": "Amortization of debt issuance costs",
                "concept": "AmortizationOfFinancingCosts",
                "unit": "usd",
                "value": 500000.0
            },
            {
                "label": "Stock-based compensation",
                "concept": "ShareBasedCompensation",
                "unit": "usd",
                "value": 900000.0
            },
            {
                "label": "Accounts receivable",
                "concept": "IncreaseDecreaseInAccountsReceivable",
                "unit": "usd",
                "value": 112000000.0
            },
            {
                "label": "Inventories",
                "concept": "IncreaseDecreaseInInventories",
                "unit": "usd",
                "value": 26200000.0
            },
            {
                "label": "Other assets",
                "concept": "IncreaseDecreaseInOtherOperatingAssets",
                "unit": "usd",
                "value": 13800000.0
            },
            {
                "label": "Accounts payable",
                "concept": "IncreaseDecreaseInAccountsPayable",
                "unit": "usd",
                "value": 45200000.0
            },
            {
                "label": "Accrued expenses and other liabilities",
                "concept": "IncreaseDecreaseInAccruedLiabilitiesAndOtherOperatingLiabilities",
                "unit": "usd",
                "value": 72100000.0
            },
            {
                "label": "Accrued income taxes",
                "concept": "IncreaseDecreaseInAccruedIncomeTaxesPayable",
                "unit": "usd",
                "value": 6300000.0
            },
            {
                "label": "Net cash used by operating activities",
                "concept": "NetCashProvidedByUsedInOperatingActivities",
                "unit": "usd",
                "value": 25200000.0
            },
            {
                "label": "Additions to property, plant and equipment",
                "concept": "PaymentsToAcquirePropertyPlantAndEquipment",
                "unit": "usd",
                "value": 6900000.0
            },
            {
                "label": "Proceeds from the disposition of assets",
                "concept": "ProceedsFromSaleOfPropertyPlantAndEquipment",
                "unit": "usd",
                "value": "N/A"
            },
            {
                "label": "Other assets acquired",
                "concept": "PaymentsToAcquireOtherProductiveAssets",
                "unit": "usd",
                "value": "N/A"
            },
            {
                "label": "Net cash used by investing activities",
                "concept": "NetCashProvidedByUsedInInvestingActivities",
                "unit": "usd",
                "value": 6300000.0
            },
            {
                "label": "Proceeds from long-term borrowings",
                "concept": "ProceedsFromIssuanceOfLongTermDebt",
                "unit": "usd",
                "value": 117400000.0
            },
            {
                "label": "Repayments of long-term debt",
                "concept": "RepaymentsOfLongTermDebt",
                "unit": "usd",
                "value": 5300000.0
            },
            {
                "label": "Borrowings of notes payable, net",
                "concept": "ProceedsFromRepaymentsOfShortTermDebt",
                "unit": "usd",
                "value": 12400000.0
            },
            {
                "label": "Dividends paid",
                "concept": "PaymentsOfDividendsCommonStock",
                "unit": "usd",
                "value": 6200000.0
            },
            {
                "label": "Repurchases of common stock",
                "concept": "PaymentsForRepurchaseOfCommonStock",
                "unit": "usd",
                "value": 18900000.0
            },
            {
                "label": "Payments related to tax withholding for stock-based compensation",
                "concept": "PaymentsRelatedToTaxWithholdingForShareBasedCompensation",
                "unit": "usd",
                "value": 1700000.0
            },
            {
                "label": "Proceeds from the exercise of stock options",
                "concept": "ProceedsFromStockOptionsExercised",
                "unit": "usd",
                "value": 1500000.0
            },
            {
                "label": "Net cash provided by financing activities",
                "concept": "NetCashProvidedByUsedInFinancingActivities",
                "unit": "usd",
                "value": 99200000.0
            },
            {
                "label": "Effect of foreign exchange rate changes on cash and cash equivalents",
                "concept": "EffectOfExchangeRateOnCashAndCashEquivalents",
                "unit": "usd",
                "value": 2100000.0
            },
            {
                "label": "Net increase in cash and cash equivalents",
                "concept": "CashCashEquivalentsRestrictedCashAndRestrictedCashEquivalentsPeriodIncreaseDecreaseIncludingExchangeRateEffect",
                "unit": "usd",
                "value": 65599999.99999999
            },
            {
                "label": "Interest",
                "concept": "InterestPaidNet",
                "unit": "usd",
                "value": 2900000.0
            },
            {
                "label": "Income taxes",
                "concept": "IncomeTaxesPaidNet",
                "unit": "usd",
                "value": 10100000.0
            }
        ],
        "ic": [
            {
                "label": "Net sales",
                "concept": "Revenues",
                "unit": "usd",
                "value": 384100000.0
            },
            {
                "label": "Cost of products sold",
                "concept": "CostOfGoodsAndServicesSold",
                "unit": "usd",
                "value": 271900000.0
            },
            {
                "label": "Gross profit",
                "concept": "GrossProfit",
                "unit": "usd",
                "value": 112200000.0
            },
            {
                "label": "Selling, general and administrative expenses",
                "concept": "SellingGeneralAndAdministrativeExpense",
                "unit": "usd",
                "value": 86100000.0
            },
            {
                "label": "Amortization of intangibles",
                "concept": "AmortizationOfIntangibleAssets",
                "unit": "usd",
                "value": 8400000.0
            },
            {
                "label": "Restructuring charges",
                "concept": "RestructuringCharges",
                "unit": "usd",
                "value": 300000.0
            },
            {
                "label": "Total operating costs and expenses",
                "concept": "OperatingExpenses",
                "unit": "usd",
                "value": 94800000.0
            },
            {
                "label": "Operating income",
                "concept": "OperatingIncomeLoss",
                "unit": "usd",
                "value": 17400000.0
            },
            {
                "label": "Interest expense",
                "concept": "InterestExpense",
                "unit": "usd",
                "value": 8600000.0
            },
            {
                "label": "Interest income",
                "concept": "InvestmentIncomeInterest",
                "unit": "usd",
                "value": 300000.0
            },
            {
                "label": "Non-operating pension income",
                "concept": "NetPeriodicDefinedBenefitsExpenseReversalOfExpenseExcludingServiceCostComponent",
                "unit": "usd",
                "value": 1500000.0
            },
            {
                "label": "Other income, net",
                "concept": "OtherNonoperatingIncomeExpense",
                "unit": "usd",
                "value": 500000.0
            },
            {
                "label": "Income before income tax",
                "concept": "IncomeLossFromContinuingOperationsBeforeIncomeTaxesExtraordinaryItemsNoncontrollingInterest",
                "unit": "usd",
                "value": 11100000.0
            },
            {
                "label": "Income tax expense",
                "concept": "IncomeTaxExpenseBenefit",
                "unit": "usd",
                "value": 3100000.0
            },
            {
                "label": "Net income (loss)",
                "concept": "NetIncomeLoss",
                "unit": "usd",
                "value": 8000000.0
            },
            {
                "label": "Basic income (loss) per share",
                "concept": "EarningsPerShareBasic",
                "unit": "usd/shares",
                "value": 0.08
            },
            {
                "label": "Diluted income (loss) per share",
                "concept": "EarningsPerShareDiluted",
                "unit": "usd/shares",
                "value": 0.08
            },
            {
                "label": "Basic",
                "concept": "WeightedAverageNumberOfSharesOutstandingBasic",
                "unit": "shares",
                "value": 96000000.0
            },
            {
                "label": "Diluted",
                "concept": "WeightedAverageNumberOfDilutedSharesOutstanding",
                "unit": "shares",
                "value": 97500000.0
            }
        ]
    }
}