{
    "startDate": "2020-01-01",
    "endDate": "2020-03-31",
    "year": "2020",
    "quarter": "Q1",
    "symbol": "YORW",
    "data": {
        "bs": [
            {
                "label": "UTILITY PLANT, at original cost",
                "concept": "PublicUtilitiesPropertyPlantAndEquipmentPlantInService",
                "unit": "usd",
                "value": 406655000
            },
            {
                "label": "Plant acquisition adjustments",
                "concept": "PublicUtilitiesPropertyPlantAndEquipmentAmountOfAcquisitionAdjustments1",
                "unit": "usd",
                "value": -3301000
            },
            {
                "label": "Accumulated depreciation",
                "concept": "PublicUtilitiesPropertyPlantAndEquipmentAccumulatedDepreciation",
                "unit": "usd",
                "value": 86409000
            },
            {
                "label": "Net utility plant",
                "concept": "PublicUtilitiesPropertyPlantAndEquipmentNet",
                "unit": "usd",
                "value": 316945000
            },
            {
                "label": "OTHER PHYSICAL PROPERTY, net of accumulated depreciation of $442 in 2020 and $435 in 2019",
                "concept": "PropertyPlantAndEquipmentNet",
                "unit": "usd",
                "value": 762000
            },
            {
                "label": "Cash and cash equivalents",
                "concept": "CashAndCashEquivalentsAtCarryingValue",
                "unit": "usd",
                "value": 2000
            },
            {
                "label": "Accounts receivable, net of reserves of $343 in 2020 and $305 in 2019",
                "concept": "AccountsReceivableNetCurrent",
                "unit": "usd",
                "value": 4875000
            },
            {
                "label": "Unbilled revenues",
                "concept": "UnbilledReceivablesCurrent",
                "unit": "usd",
                "value": 2693000
            },
            {
                "label": "Recoverable income taxes",
                "concept": "IncomeTaxesReceivable",
                "unit": "usd",
                "value": 14000
            },
            {
                "label": "Materials and supplies inventories, at cost",
                "concept": "PublicUtilitiesInventory",
                "unit": "usd",
                "value": 1078000
            },
            {
                "label": "Prepaid expenses",
                "concept": "PrepaidExpenseCurrent",
                "unit": "usd",
                "value": 1274000
            },
            {
                "label": "Total current assets",
                "concept": "AssetsCurrent",
                "unit": "usd",
                "value": 9936000
            },
            {
                "label": "Prepaid pension cost",
                "concept": "DefinedBenefitPlanAssetsForPlanBenefitsNoncurrent",
                "unit": "usd",
                "value": 2505000
            },
            {
                "label": "Note receivable",
                "concept": "NotesAndLoansReceivableNetNoncurrent",
                "unit": "usd",
                "value": 255000
            },
            {
                "label": "Deferred regulatory assets",
                "concept": "RegulatoryAssetsNoncurrent",
                "unit": "usd",
                "value": 35228000
            },
            {
                "label": "Other assets",
                "concept": "OtherAssetsNoncurrent",
                "unit": "usd",
                "value": 3805000
            },
            {
                "label": "Total other long-term assets",
                "concept": "AssetsNoncurrentOtherThanNoncurrentInvestmentsAndPropertyPlantAndEquipment",
                "unit": "usd",
                "value": 41793000
            },
            {
                "label": "Total Assets",
                "concept": "Assets",
                "unit": "usd",
                "value": 369436000
            },
            {
                "label": "Common stock, no par value, authorized 46,500,000 shares, issued and outstanding 13,024,187 shares in 2020 and 13,014,898 shares in 2019",
                "concept": "CommonStockValue",
                "unit": "usd",
                "value": 84424000
            },
            {
                "label": "Retained earnings",
                "concept": "RetainedEarningsAccumulatedDeficit",
                "unit": "usd",
                "value": 51865000
            },
            {
                "label": "Balance",
                "concept": "StockholdersEquity",
                "unit": "usd",
                "value": 136289000
            },
            {
                "label": "PREFERRED STOCK, authorized 500,000 shares, no shares issued",
                "concept": "PreferredStockValue",
                "unit": "usd",
                "value": 0
            },
            {
                "label": "Long-term portion",
                "concept": "LongTermDebtNoncurrent",
                "unit": "usd",
                "value": 94884000
            },
            {
                "label": "COMMITMENTS",
                "concept": "CommitmentsAndContingencies",
                "unit": "usd",
                "value": "N/A"
            },
            {
                "label": "Less current maturities",
                "concept": "LongTermDebtCurrent",
                "unit": "usd",
                "value": 6500000
            },
            {
                "label": "Accounts payable",
                "concept": "AccountsPayableCurrent",
                "unit": "usd",
                "value": 3924000
            },
            {
                "label": "Dividends payable",
                "concept": "DividendsPayableCurrent",
                "unit": "usd",
                "value": 2101000
            },
            {
                "label": "Accrued compensation and benefits",
                "concept": "EmployeeRelatedLiabilitiesCurrent",
                "unit": "usd",
                "value": 1222000
            },
            {
                "label": "Accrued interest",
                "concept": "InterestPayableCurrent",
                "unit": "usd",
                "value": 1122000
            },
            {
                "label": "Deferred regulatory liabilities",
                "concept": "RegulatoryLiabilityCurrent",
                "unit": "usd",
                "value": 382000
            },
            {
                "label": "Other accrued expenses",
                "concept": "AccruedLiabilitiesCurrent",
                "unit": "usd",
                "value": 432000
            },
            {
                "label": "Total current liabilities",
                "concept": "LiabilitiesCurrent",
                "unit": "usd",
                "value": 15683000
            },
            {
                "label": "Customers' advances for construction",
                "concept": "ContractWithCustomerLiabilityNoncurrent",
                "unit": "usd",
                "value": 9197000
            },
            {
                "label": "Deferred income taxes",
                "concept": "DeferredIncomeTaxLiabilitiesNet",
                "unit": "usd",
                "value": 40616000
            },
            {
                "label": "Deferred employee benefits",
                "concept": "PensionAndOtherPostretirementAndPostemploymentBenefitPlansLiabilitiesNoncurrent",
                "unit": "usd",
                "value": 4294000
            },
            {
                "label": "Deferred regulatory liabilities",
                "concept": "RegulatoryLiabilityNoncurrent",
                "unit": "usd",
                "value": 25541000
            },
            {
                "label": "Other deferred credits",
                "concept": "OtherLiabilitiesNoncurrent",
                "unit": "usd",
                "value": 2895000
            },
            {
                "label": "Total deferred credits",
                "concept": "LiabilitiesOtherThanLongtermDebtNoncurrent",
                "unit": "usd",
                "value": 82543000
            },
            {
                "label": "Contributions in aid of construction",
                "concept": "ContributionsInAidOfConstruction",
                "unit": "usd",
                "value": 40037000
            },
            {
                "label": "Total Stockholders' Equity and Liabilities",
                "concept": "LiabilitiesAndStockholdersEquity",
                "unit": "usd",
                "value": 369436000
            }
        ],
        "cf": [
            {
                "label": "Net Income",
                "concept": "NetIncomeLoss",
                "unit": "usd",
                "value": 4002000
            },
            {
                "label": "Depreciation and amortization",
                "concept": "DepreciationDepletionAndAmortization",
                "unit": "usd",
                "value": 2024000
            },
            {
                "label": "Stock-based compensation",
                "concept": "RestrictedStockExpense",
                "unit": "usd",
                "value": 37000
            },
            {
                "label": "Decrease in deferred income taxes",
                "concept": "DeferredIncomeTaxExpenseBenefit",
                "unit": "usd",
                "value": -14000
            },
            {
                "label": "Other",
                "concept": "OtherNoncashIncomeExpense",
                "unit": "usd",
                "value": -100000
            },
            {
                "label": "(Increase) decrease in accounts receivable and unbilled revenues",
                "concept": "IncreaseDecreaseInAccountsAndOtherReceivables",
                "unit": "usd",
                "value": 457000
            },
            {
                "label": "Decrease in recoverable income taxes",
                "concept": "IncreaseDecreaseInIncomeTaxesReceivable",
                "unit": "usd",
                "value": -533000
            },
            {
                "label": "Increase in accounts payable, accrued compensation and benefits, accrued expenses, deferred employee benefits, regulatory liabilities, and other deferred credits",
                "concept": "IncreaseDecreaseInAccountsPayableAndAccruedLiabilities",
                "unit": "usd",
                "value": 570000
            },
            {
                "label": "Net cash provided by operating activities",
                "concept": "NetCashProvidedByUsedInOperatingActivities",
                "unit": "usd",
                "value": 4742000
            },
            {
                "label": "Utility plant additions, including debt portion of allowance for funds used during construction of $57 in 2020 and $39 in 2019",
                "concept": "PaymentsToAcquireOtherPropertyPlantAndEquipment",
                "unit": "usd",
                "value": 3858000
            },
            {
                "label": "Net cash used in investing activities",
                "concept": "NetCashProvidedByUsedInInvestingActivities",
                "unit": "usd",
                "value": -3858000
            },
            {
                "label": "Customers' advances for construction and contributions in aid of construction",
                "concept": "ProceedsFromAdvancesForConstruction",
                "unit": "usd",
                "value": 1419000
            },
            {
                "label": "Repayments of customer advances",
                "concept": "RepaymentsOfAdvancesForConstruction",
                "unit": "usd",
                "value": 58000
            },
            {
                "label": "Proceeds of long-term debt issues",
                "concept": "ProceedsFromIssuanceOfLongTermDebt",
                "unit": "usd",
                "value": 6784000
            },
            {
                "label": "Debt issuance costs",
                "concept": "PaymentsOfDebtIssuanceCosts",
                "unit": "usd",
                "value": 0
            },
            {
                "label": "Repayments of long-term debt",
                "concept": "RepaymentsOfLongTermDebt",
                "unit": "usd",
                "value": 6478000
            },
            {
                "label": "Repayments under short-term line of credit agreements",
                "concept": "RepaymentsOfLinesOfCredit",
                "unit": "usd",
                "value": 0
            },
            {
                "label": "Changes in cash overdraft position",
                "concept": "ProceedsFromRepaymentsOfBankOverdrafts",
                "unit": "usd",
                "value": -621000
            },
            {
                "label": "Issuance of common stock",
                "concept": "ProceedsFromIssuanceOfCommonStock",
                "unit": "usd",
                "value": 411000
            },
            {
                "label": "Dividends paid",
                "concept": "PaymentsOfDividendsCommonStock",
                "unit": "usd",
                "value": 2341000
            },
            {
                "label": "Net cash used in financing activities",
                "concept": "NetCashProvidedByUsedInFinancingActivities",
                "unit": "usd",
                "value": -884000
            },
            {
                "label": "Net change in cash and cash equivalents",
                "concept": "CashCashEquivalentsRestrictedCashAndRestrictedCashEquivalentsPeriodIncreaseDecreaseExcludingExchangeRateEffect",
                "unit": "usd",
                "value": 0
            },
            {
                "label": "Interest, net of amounts capitalized",
                "concept": "InterestPaidNet",
                "unit": "usd",
                "value": 884000
            },
            {
                "label": "Income taxes",
                "concept": "IncomeTaxesPaid",
                "unit": "usd",
                "value": 0
            }
        ],
        "ic": [
            {
                "label": "OPERATING REVENUES",
                "concept": "Revenues",
                "unit": "usd",
                "value": 12877000
            },
            {
                "label": "Operation and maintenance",
                "concept": "UtilitiesOperatingExpenseMaintenanceAndOperations",
                "unit": "usd",
                "value": 2663000
            },
            {
                "label": "Administrative and general",
                "concept": "GeneralAndAdministrativeExpense",
                "unit": "usd",
                "value": 2244000
            },
            {
                "label": "Depreciation and amortization",
                "concept": "UtilitiesOperatingExpenseDepreciationAndAmortization",
                "unit": "usd",
                "value": 2024000
            },
            {
                "label": "Taxes other than income taxes",
                "concept": "UtilitiesOperatingExpenseTaxes",
                "unit": "usd",
                "value": 330000
            },
            {
                "label": "Operating expenses",
                "concept": "UtilitiesOperatingExpense",
                "unit": "usd",
                "value": 7261000
            },
            {
                "label": "Operating income",
                "concept": "OperatingIncomeLoss",
                "unit": "usd",
                "value": 5616000
            },
            {
                "label": "Interest on debt",
                "concept": "InterestExpense",
                "unit": "usd",
                "value": 1195000
            },
            {
                "label": "Allowance for funds used during construction",
                "concept": "PublicUtilitiesAllowanceForFundsUsedDuringConstructionAdditions",
                "unit": "usd",
                "value": 101000
            },
            {
                "label": "Other pension costs",
                "concept": "NetPeriodicDefinedBenefitsExpenseReversalOfExpenseExcludingServiceCostComponent",
                "unit": "usd",
                "value": 341000
            },
            {
                "label": "Other income (expenses), net",
                "concept": "OtherNonoperatingIncomeExpense",
                "unit": "usd",
                "value": -125000
            },
            {
                "label": "Other income (expenses)",
                "concept": "NonoperatingIncomeExpense",
                "unit": "usd",
                "value": -1045000
            },
            {
                "label": "Income before income taxes",
                "concept": "IncomeLossFromContinuingOperationsBeforeIncomeTaxesMinorityInterestAndIncomeLossFromEquityMethodInvestments",
                "unit": "usd",
                "value": 4571000
            },
            {
                "label": "Income taxes",
                "concept": "IncomeTaxExpenseBenefit",
                "unit": "usd",
                "value": 569000
            },
            {
                "label": "Net Income",
                "concept": "NetIncomeLoss",
                "unit": "usd",
                "value": 4002000
            },
            {
                "label": "Basic Earnings Per Share (in dollars per share)",
                "concept": "EarningsPerShareBasic",
                "unit": "usd/shares",
                "value": 0.31
            },
            {
                "label": "Diluted Earnings Per Share (in dollars per share)",
                "concept": "EarningsPerShareDiluted",
                "unit": "usd/shares",
                "value": 0.31
            }
        ]
    }
}