{
    "startDate": "2020-01-01",
    "endDate": "2020-03-28",
    "year": "2020",
    "quarter": "Q1",
    "symbol": "SPXC",
    "data": {
        "bs": [
            {
                "label": "Cash and equivalents",
                "concept": "CashAndCashEquivalentsAtCarryingValue",
                "unit": "usd",
                "value": 163100000.0
            },
            {
                "label": "Accounts receivable, net",
                "concept": "AccountsReceivableNetCurrent",
                "unit": "usd",
                "value": 239600000.0
            },
            {
                "label": "Contract assets",
                "concept": "ContractWithCustomerAssetNetCurrent",
                "unit": "usd",
                "value": 73600000.0
            },
            {
                "label": "Inventories, net",
                "concept": "InventoryNet",
                "unit": "usd",
                "value": 175100000.0
            },
            {
                "label": "Other current assets (includes income taxes receivable of $22.7 and $23.0 at March 28, 2020 and December 31, 2019, respectively)",
                "concept": "OtherAssetsCurrent",
                "unit": "usd",
                "value": 92600000.0
            },
            {
                "label": "Total current assets",
                "concept": "AssetsCurrent",
                "unit": "usd",
                "value": 744000000.0
            },
            {
                "label": "Land",
                "concept": "Land",
                "unit": "usd",
                "value": 18700000.0
            },
            {
                "label": "Buildings and leasehold improvements",
                "concept": "BuildingsAndImprovementsGross",
                "unit": "usd",
                "value": 121000000.0
            },
            {
                "label": "Machinery and equipment",
                "concept": "MachineryAndEquipmentGross",
                "unit": "usd",
                "value": 343300000.0
            },
            {
                "label": "Property, plant and equipment, gross",
                "concept": "PropertyPlantAndEquipmentGross",
                "unit": "usd",
                "value": 483000000.0
            },
            {
                "label": "Accumulated depreciation",
                "concept": "AccumulatedDepreciationDepletionAndAmortizationPropertyPlantAndEquipment",
                "unit": "usd",
                "value": 306100000.0
            },
            {
                "label": "Property, plant and equipment, net",
                "concept": "PropertyPlantAndEquipmentNet",
                "unit": "usd",
                "value": 176900000.0
            },
            {
                "label": "Goodwill",
                "concept": "Goodwill",
                "unit": "usd",
                "value": 446600000.0
            },
            {
                "label": "Intangibles, net",
                "concept": "IntangibleAssetsNetExcludingGoodwill",
                "unit": "usd",
                "value": 247600000.0
            },
            {
                "label": "Other assets",
                "concept": "OtherAssetsNoncurrent",
                "unit": "usd",
                "value": 592000000.0
            },
            {
                "label": "Deferred income taxes",
                "concept": "DeferredIncomeTaxAssetsNet",
                "unit": "usd",
                "value": 14800000.0
            },
            {
                "label": "TOTAL ASSETS",
                "concept": "Assets",
                "unit": "usd",
                "value": 2221900000.0
            },
            {
                "label": "Accounts payable",
                "concept": "AccountsPayableCurrent",
                "unit": "usd",
                "value": 148000000.0
            },
            {
                "label": "Contract liabilities",
                "concept": "ContractWithCustomerLiabilityCurrent",
                "unit": "usd",
                "value": 94000000.0
            },
            {
                "label": "Accrued expenses",
                "concept": "AccruedLiabilitiesCurrent",
                "unit": "usd",
                "value": 195000000.0
            },
            {
                "label": "Income taxes payable",
                "concept": "AccruedIncomeTaxesCurrent",
                "unit": "usd",
                "value": 2200000.0
            },
            {
                "label": "Short-term debt",
                "concept": "ShortTermBorrowings",
                "unit": "usd",
                "value": 260300000.0
            },
            {
                "label": "Current maturities of long-term debt",
                "concept": "LongTermDebtCurrent",
                "unit": "usd",
                "value": 2600000.0
            },
            {
                "label": "Total current liabilities",
                "concept": "LiabilitiesCurrent",
                "unit": "usd",
                "value": 702100000.0
            },
            {
                "label": "Long-term debt",
                "concept": "LongTermDebtAndCapitalLeaseObligations",
                "unit": "usd",
                "value": 248600000.0
            },
            {
                "label": "Deferred and other income taxes",
                "concept": "DeferredIncomeTaxesAndOtherTaxLiabilitiesNoncurrent",
                "unit": "usd",
                "value": 26200000.0
            },
            {
                "label": "Other long-term liabilities",
                "concept": "OtherLiabilitiesNoncurrent",
                "unit": "usd",
                "value": 729900000.0
            },
            {
                "label": "Total long-term liabilities",
                "concept": "LiabilitiesNoncurrent",
                "unit": "usd",
                "value": 1004700000.0
            },
            {
                "label": "Commitments and contingent liabilities (Note 15)",
                "concept": "CommitmentsAndContingencies",
                "unit": "usd",
                "value": "N/A"
            },
            {
                "label": "Common stock (52,225,682 and 44,533,979 issued and outstanding at March 28, 2020, respectively, and 52,017,204 and 44,202,503 issued and outstanding at December 31, 2019, respectively)",
                "concept": "CommonStockValueOutstanding",
                "unit": "usd",
                "value": 500000.0
            },
            {
                "label": "Paid-in capital",
                "concept": "AdditionalPaidInCapitalCommonStock",
                "unit": "usd",
                "value": 1298500000.0
            },
            {
                "label": "Retained deficit",
                "concept": "RetainedEarningsAccumulatedDeficit",
                "unit": "usd",
                "value": 562600000.0
            },
            {
                "label": "Accumulated other comprehensive income",
                "concept": "AccumulatedOtherComprehensiveIncomeLossNetOfTax",
                "unit": "usd",
                "value": 231400000.0
            },
            {
                "label": "Common stock in treasury (7,691,703 and 7,814,701 shares at March 28, 2020 and December 31, 2019, respectively)",
                "concept": "TreasuryStockValue",
                "unit": "usd",
                "value": 452700000.0
            },
            {
                "label": "Total equity",
                "concept": "StockholdersEquityIncludingPortionAttributableToNoncontrollingInterest",
                "unit": "usd",
                "value": 515100000.0
            },
            {
                "label": "TOTAL LIABILITIES AND EQUITY",
                "concept": "LiabilitiesAndStockholdersEquity",
                "unit": "usd",
                "value": 2221900000.0
            }
        ],
        "cf": [
            {
                "label": "Net income",
                "concept": "ProfitLoss",
                "unit": "usd",
                "value": 22700000.0
            },
            {
                "label": "Less: Loss from discontinued operations, net of tax",
                "concept": "IncomeLossFromDiscontinuedOperationsNetOfTax",
                "unit": "usd",
                "value": "N/A"
            },
            {
                "label": "Income from continuing operations",
                "concept": "IncomeLossFromContinuingOperationsIncludingPortionAttributableToNoncontrollingInterest",
                "unit": "usd",
                "value": 22700000.0
            },
            {
                "label": "Special charges, net",
                "concept": "spxc:SpecialCharges",
                "unit": "usd",
                "value": 300000.0
            },
            {
                "label": "Gain on change in fair value of equity security",
                "concept": "EquitySecuritiesFvNiGainLoss",
                "unit": "usd",
                "value": "N/A"
            },
            {
                "label": "Deferred and other income taxes",
                "concept": "DeferredIncomeTaxesAndTaxCredits",
                "unit": "usd",
                "value": 3900000.0
            },
            {
                "label": "Depreciation and amortization",
                "concept": "DepreciationDepletionAndAmortization",
                "unit": "usd",
                "value": 9200000.0
            },
            {
                "label": "Pension and other employee benefits",
                "concept": "PensionAndOtherPostretirementBenefitExpense",
                "unit": "usd",
                "value": 2200000.0
            },
            {
                "label": "Long-term incentive compensation",
                "concept": "ShareBasedCompensation",
                "unit": "usd",
                "value": 3500000.0
            },
            {
                "label": "Other, net",
                "concept": "OtherNoncashIncomeExpense",
                "unit": "usd",
                "value": 700000.0
            },
            {
                "label": "Accounts receivable and other assets",
                "concept": "IncreaseDecreaseInAccountsReceivableAndOtherOperatingAssets",
                "unit": "usd",
                "value": 23800000.0
            },
            {
                "label": "Inventories",
                "concept": "IncreaseDecreaseInInventories",
                "unit": "usd",
                "value": 22700000.0
            },
            {
                "label": "Accounts payable, accrued expenses and other",
                "concept": "IncreaseDecreaseInAccountsPayableAndAccruedLiabilities",
                "unit": "usd",
                "value": 40400000.0
            },
            {
                "label": "Cash spending on restructuring actions",
                "concept": "PaymentsForRestructuring",
                "unit": "usd",
                "value": 500000.0
            },
            {
                "label": "Net cash from continuing operations",
                "concept": "NetCashProvidedByUsedInOperatingActivitiesContinuingOperations",
                "unit": "usd",
                "value": 2700000.0
            },
            {
                "label": "Net cash used in discontinued operations",
                "concept": "CashProvidedByUsedInOperatingActivitiesDiscontinuedOperations",
                "unit": "usd",
                "value": 3100000.0
            },
            {
                "label": "Net cash from (used in) operating activities",
                "concept": "NetCashProvidedByUsedInOperatingActivities",
                "unit": "usd",
                "value": 400000.0
            },
            {
                "label": "Proceeds from company-owned life insurance policies, net",
                "concept": "ProceedsFromLifeInsurancePolicies",
                "unit": "usd",
                "value": 1100000.0
            },
            {
                "label": "Business acquisitions, net of cash acquired",
                "concept": "PaymentsToAcquireBusinessesNetOfCashAcquired",
                "unit": "usd",
                "value": "N/A"
            },
            {
                "label": "Net proceeds from sales of assets",
                "concept": "spxc:ProceedsFromSaleOfAssets",
                "unit": "usd",
                "value": "N/A"
            },
            {
                "label": "Capital expenditures",
                "concept": "PaymentsToAcquireProductiveAssets",
                "unit": "usd",
                "value": 3600000.0
            },
            {
                "label": "Net cash used in continuing operations",
                "concept": "NetCashProvidedByUsedInInvestingActivitiesContinuingOperations",
                "unit": "usd",
                "value": 2500000.0
            },
            {
                "label": "Net cash from discontinued operations",
                "concept": "CashProvidedByUsedInInvestingActivitiesDiscontinuedOperations",
                "unit": "usd",
                "value": "N/A"
            },
            {
                "label": "Net cash used in investing activities",
                "concept": "NetCashProvidedByUsedInInvestingActivities",
                "unit": "usd",
                "value": 2500000.0
            },
            {
                "label": "Borrowings under senior credit facilities",
                "concept": "spxc:BorrowingsUnderSeniorCreditFacilities",
                "unit": "usd",
                "value": 178700000.0
            },
            {
                "label": "Repayments under senior credit facilities",
                "concept": "spxc:RepaymentsUnderSeniorCreditFacilities",
                "unit": "usd",
                "value": 88700000.0
            },
            {
                "label": "Borrowings under trade receivables financing arrangement",
                "concept": "spxc:BorrowingUnderTradeReceivablesAgreement",
                "unit": "usd",
                "value": 55000000.0
            },
            {
                "label": "Repayments under trade receivables financing arrangement",
                "concept": "spxc:RepaymentsUnderTradeReceivablesAgreement",
                "unit": "usd",
                "value": 27000000.0
            },
            {
                "label": "Net borrowings (repayments) under other financing arrangements",
                "concept": "ProceedsFromPaymentsForOtherFinancingActivities",
                "unit": "usd",
                "value": 700000.0
            },
            {
                "label": "Payment of contingent consideration",
                "concept": "PaymentForContingentConsiderationLiabilityFinancingActivities",
                "unit": "usd",
                "value": 1500000.0
            },
            {
                "label": "Minimum withholdings paid on behalf of employees for net share settlements, net of proceeds from the exercise of employee stock options",
                "concept": "PaymentsRelatedToTaxWithholdingForShareBasedCompensation",
                "unit": "usd",
                "value": 2800000.0
            },
            {
                "label": "Net cash from continuing operations",
                "concept": "NetCashProvidedByUsedInFinancingActivitiesContinuingOperations",
                "unit": "usd",
                "value": 113000000.0
            },
            {
                "label": "Net cash from (used in) discontinued operations",
                "concept": "CashProvidedByUsedInFinancingActivitiesDiscontinuedOperations",
                "unit": "usd",
                "value": "N/A"
            },
            {
                "label": "Net cash from financing activities",
                "concept": "NetCashProvidedByUsedInFinancingActivities",
                "unit": "usd",
                "value": 113000000.0
            },
            {
                "label": "Change in cash and equivalents due to changes in foreign currency exchange rates",
                "concept": "EffectOfExchangeRateOnCashCashEquivalentsRestrictedCashAndRestrictedCashEquivalentsIncludingDisposalGroupAndDiscontinuedOperations",
                "unit": "usd",
                "value": 1700000.0
            },
            {
                "label": "Net change in cash and equivalents",
                "concept": "CashCashEquivalentsRestrictedCashAndRestrictedCashEquivalentsPeriodIncreaseDecreaseIncludingExchangeRateEffect",
                "unit": "usd",
                "value": 108400000.0
            }
        ],
        "ic": [
            {
                "label": "Revenues",
                "concept": "RevenueFromContractWithCustomerExcludingAssessedTax",
                "unit": "usd",
                "value": 369300000.0
            },
            {
                "label": "Cost of products sold",
                "concept": "CostOfGoodsAndServicesSold",
                "unit": "usd",
                "value": 255200000.0
            },
            {
                "label": "Selling, general and administrative",
                "concept": "SellingGeneralAndAdministrativeExpense",
                "unit": "usd",
                "value": 78900000.0
            },
            {
                "label": "Intangible amortization",
                "concept": "AmortizationOfIntangibleAssets",
                "unit": "usd",
                "value": 2600000.0
            },
            {
                "label": "Special charges, net",
                "concept": "spxc:SpecialCharges",
                "unit": "usd",
                "value": 300000.0
            },
            {
                "label": "Other operating (income) expense",
                "concept": "OtherOperatingIncomeExpenseNet",
                "unit": "usd",
                "value": 400000.0
            },
            {
                "label": "Operating income",
                "concept": "OperatingIncomeLoss",
                "unit": "usd",
                "value": 32700000.000000004
            },
            {
                "label": "Other income, net",
                "concept": "OtherNonoperatingIncomeExpense",
                "unit": "usd",
                "value": 700000.0
            },
            {
                "label": "Interest expense",
                "concept": "InterestExpense",
                "unit": "usd",
                "value": 4700000.0
            },
            {
                "label": "Interest income",
                "concept": "InvestmentIncomeInterest",
                "unit": "usd",
                "value": "N/A"
            },
            {
                "label": "Income from continuing operations before income taxes",
                "concept": "IncomeLossFromContinuingOperationsBeforeIncomeTaxesExtraordinaryItemsNoncontrollingInterest",
                "unit": "usd",
                "value": 28700000.0
            },
            {
                "label": "Income tax provision",
                "concept": "IncomeTaxExpenseBenefit",
                "unit": "usd",
                "value": 6000000.0
            },
            {
                "label": "Income from continuing operations",
                "concept": "IncomeLossFromContinuingOperations",
                "unit": "usd",
                "value": 22700000.0
            },
            {
                "label": "Income (loss) from discontinued operations, net of tax",
                "concept": "DiscontinuedOperationIncomeLossFromDiscontinuedOperationDuringPhaseOutPeriodNetOfTax",
                "unit": "usd",
                "value": "N/A"
            },
            {
                "label": "Loss on disposition of discontinued operations, net of tax",
                "concept": "DiscontinuedOperationGainLossOnDisposalOfDiscontinuedOperationNetOfTax",
                "unit": "usd",
                "value": "N/A"
            },
            {
                "label": "Loss from discontinued operations, net of tax",
                "concept": "IncomeLossFromDiscontinuedOperationsNetOfTaxAttributableToReportingEntity",
                "unit": "usd",
                "value": "N/A"
            },
            {
                "label": "Net income (loss)",
                "concept": "NetIncomeLoss",
                "unit": "usd",
                "value": 22700000.0
            },
            {
                "label": "Income from continuing operations (in dollars per share)",
                "concept": "IncomeLossFromContinuingOperationsPerBasicShare",
                "unit": "usd/shares",
                "value": 0.51
            },
            {
                "label": "Income (loss) from discontinued operations (in dollars per share)",
                "concept": "IncomeLossFromDiscontinuedOperationsNetOfTaxPerBasicShare",
                "unit": "usd/shares",
                "value": "N/A"
            },
            {
                "label": "Net income per share (in dollars per share)",
                "concept": "EarningsPerShareBasic",
                "unit": "usd/shares",
                "value": 0.51
            },
            {
                "label": "Weighted-average number of common shares outstanding \u2014 basic",
                "concept": "WeightedAverageNumberOfSharesOutstandingBasic",
                "unit": "shares",
                "value": 44309000.0
            },
            {
                "label": "Income from continuing operations (in dollars per share)",
                "concept": "IncomeLossFromContinuingOperationsPerDilutedShare",
                "unit": "usd/shares",
                "value": 0.5
            },
            {
                "label": "Income (loss) from discontinued operations (in dollars per share)",
                "concept": "IncomeLossFromDiscontinuedOperationsNetOfTaxPerDilutedShare",
                "unit": "usd/shares",
                "value": "N/A"
            },
            {
                "label": "Net income per share (in dollars per share)",
                "concept": "EarningsPerShareDiluted",
                "unit": "usd/shares",
                "value": 0.5
            },
            {
                "label": "Weighted-average number of common shares outstanding \u2014 diluted",
                "concept": "WeightedAverageNumberOfDilutedSharesOutstanding",
                "unit": "shares",
                "value": 45527000.0
            },
            {
                "label": "Comprehensive income",
                "concept": "ComprehensiveIncomeNetOfTax",
                "unit": "usd",
                "value": 9800000.0
            }
        ]
    }
}