{
    "startDate": "2020-01-01",
    "endDate": "2020-03-31",
    "year": "2020",
    "quarter": "Q1",
    "symbol": "TLSRP",
    "data": {
        "bs": [
            {
                "label": "Cash and cash equivalents",
                "concept": "CashAndCashEquivalentsAtCarryingValue",
                "unit": "usd",
                "value": 6383000
            },
            {
                "label": "Accounts receivable, net of reserve of $722 and $720, respectively (Note 1)",
                "concept": "ReceivablesNetCurrent",
                "unit": "usd",
                "value": 27138000
            },
            {
                "label": "Inventories, net of obsolescence reserve of $861 and $860, respectively (Note 1)",
                "concept": "InventoryNet",
                "unit": "usd",
                "value": 2758000
            },
            {
                "label": "Deferred program expenses",
                "concept": "OtherPrepaidExpenseCurrent",
                "unit": "usd",
                "value": 636000
            },
            {
                "label": "Other current assets",
                "concept": "OtherAssetsCurrent",
                "unit": "usd",
                "value": 2548000
            },
            {
                "label": "Total current assets",
                "concept": "AssetsCurrent",
                "unit": "usd",
                "value": 39463000
            },
            {
                "label": "Property and equipment, net of accumulated depreciation of $33,503 and $32,470, respectively",
                "concept": "PropertyPlantAndEquipmentNet",
                "unit": "usd",
                "value": 20072000
            },
            {
                "label": "Operating lease right-of-use assets",
                "concept": "OperatingLeaseRightOfUseAsset",
                "unit": "usd",
                "value": 1904000
            },
            {
                "label": "Goodwill (Note 3)",
                "concept": "Goodwill",
                "unit": "usd",
                "value": 14916000
            },
            {
                "label": "Other assets",
                "concept": "OtherAssetsNoncurrent",
                "unit": "usd",
                "value": 981000
            },
            {
                "label": "Total assets",
                "concept": "Assets",
                "unit": "usd",
                "value": 77336000
            },
            {
                "label": "Senior term loan, net of unamortized discount and issuance costs - short-term (Note 5)",
                "concept": "SeniorNotesCurrent",
                "unit": "usd",
                "value": 16470000
            },
            {
                "label": "Accounts payable and other accrued liabilities (Note 6)",
                "concept": "AccountsPayableAndOtherAccruedLiabilitiesCurrent",
                "unit": "usd",
                "value": 15183000
            },
            {
                "label": "Accrued compensation and benefits",
                "concept": "DeferredCompensationLiabilityCurrent",
                "unit": "usd",
                "value": 11588000
            },
            {
                "label": "Contract liabilities",
                "concept": "ContractWithCustomerLiabilityCurrent",
                "unit": "usd",
                "value": 7416000
            },
            {
                "label": "Finance lease obligations - short-term (Note 10)",
                "concept": "CapitalLeaseObligationsCurrent",
                "unit": "usd",
                "value": 1252000
            },
            {
                "label": "Other current liabilities",
                "concept": "OtherLiabilitiesCurrent",
                "unit": "usd",
                "value": 2383000
            },
            {
                "label": "Total current liabilities",
                "concept": "LiabilitiesCurrent",
                "unit": "usd",
                "value": 54292000
            },
            {
                "label": "Senior term loan, net of unamortized discount and issuance costs (Note 5)",
                "concept": "SeniorLongTermNotes",
                "unit": "usd",
                "value": 0
            },
            {
                "label": "Subordinated debt (Note 5)",
                "concept": "SubordinatedLongTermDebt",
                "unit": "usd",
                "value": 3014000
            },
            {
                "label": "Finance lease obligations - long-term (Note 10)",
                "concept": "CapitalLeaseObligationsNoncurrent",
                "unit": "usd",
                "value": 15319000
            },
            {
                "label": "Operating lease obligations - long-term (Note 10)",
                "concept": "OperatingLeaseLiabilityNoncurrent",
                "unit": "usd",
                "value": 1443000
            },
            {
                "label": "Deferred income taxes (Note 7)",
                "concept": "DeferredIncomeTaxLiabilitiesNet",
                "unit": "usd",
                "value": 631000
            },
            {
                "label": "Other liabilities (Note 9)",
                "concept": "OtherLiabilitiesNoncurrent",
                "unit": "usd",
                "value": 554000
            },
            {
                "label": "Total liabilities",
                "concept": "Liabilities",
                "unit": "usd",
                "value": 215419000
            },
            {
                "label": "Commitments and contingencies (Note 8)",
                "concept": "CommitmentsAndContingencies",
                "unit": "usd",
                "value": "N/A"
            },
            {
                "label": "Common stock",
                "concept": "CommonStockValue",
                "unit": "usd",
                "value": 78000
            },
            {
                "label": "Additional paid-in capital",
                "concept": "AdditionalPaidInCapitalCommonStock",
                "unit": "usd",
                "value": 4310000
            },
            {
                "label": "Accumulated other comprehensive income",
                "concept": "AccumulatedOtherComprehensiveIncomeLossNetOfTax",
                "unit": "usd",
                "value": 5000
            },
            {
                "label": "Accumulated deficit",
                "concept": "RetainedEarningsAccumulatedDeficit",
                "unit": "usd",
                "value": -147774000
            },
            {
                "label": "Total Telos stockholders' deficit",
                "concept": "StockholdersEquity",
                "unit": "usd",
                "value": -143381000
            },
            {
                "label": "Non-controlling interest, end of period",
                "concept": "MinorityInterest",
                "unit": "usd",
                "value": 5298000
            },
            {
                "label": "Total stockholders' deficit",
                "concept": "StockholdersEquityIncludingPortionAttributableToNoncontrollingInterest",
                "unit": "usd",
                "value": -138083000
            },
            {
                "label": "Total liabilities, redeemable preferred stock, and stockholders' deficit",
                "concept": "LiabilitiesAndStockholdersEquity",
                "unit": "usd",
                "value": 77336000
            }
        ],
        "cf": [
            {
                "label": "Net loss",
                "concept": "ProfitLoss",
                "unit": "usd",
                "value": -1460000
            },
            {
                "label": "Depreciation and amortization",
                "concept": "DepreciationDepletionAndAmortization",
                "unit": "usd",
                "value": 1389000
            },
            {
                "label": "Amortization of debt issuance costs",
                "concept": "AmortizationOfFinancingCosts",
                "unit": "usd",
                "value": 235000
            },
            {
                "label": "Deferred income tax provision (benefit)",
                "concept": "DeferredIncomeTaxExpenseBenefit",
                "unit": "usd",
                "value": 10000
            },
            {
                "label": "Other noncash items",
                "concept": "OtherNoncashIncomeExpense",
                "unit": "usd",
                "value": 1000
            },
            {
                "label": "Changes in other operating assets and liabilities",
                "concept": "IncreaseDecreaseInOtherOperatingCapitalNet",
                "unit": "usd",
                "value": -614000
            },
            {
                "label": "Cash provided by (used in) operating activities",
                "concept": "NetCashProvidedByUsedInOperatingActivities",
                "unit": "usd",
                "value": 1743000
            },
            {
                "label": "Capitalized software development costs",
                "concept": "PaymentsToDevelopSoftware",
                "unit": "usd",
                "value": 1507000
            },
            {
                "label": "Purchases of property and equipment",
                "concept": "PaymentsToAcquirePropertyPlantAndEquipment",
                "unit": "usd",
                "value": 210000
            },
            {
                "label": "Cash used in investing activities",
                "concept": "NetCashProvidedByUsedInInvestingActivities",
                "unit": "usd",
                "value": -1717000
            },
            {
                "label": "Payments under finance lease obligations",
                "concept": "RepaymentsOfLongTermCapitalLeaseObligations",
                "unit": "usd",
                "value": 294000
            },
            {
                "label": "Amendment fee paid to lender",
                "concept": "PaymentsOfDebtRestructuringCosts",
                "unit": "usd",
                "value": 100000
            },
            {
                "label": "Distributions to Telos ID Class B member - non-controlling interest",
                "concept": "PaymentsToMinorityShareholders",
                "unit": "usd",
                "value": 0
            },
            {
                "label": "Cash used in financing activities",
                "concept": "NetCashProvidedByUsedInFinancingActivities",
                "unit": "usd",
                "value": -394000
            },
            {
                "label": "(Decrease) increase in cash and cash equivalents",
                "concept": "CashCashEquivalentsRestrictedCashAndRestrictedCashEquivalentsPeriodIncreaseDecreaseExcludingExchangeRateEffect",
                "unit": "usd",
                "value": -368000
            },
            {
                "label": "Interest",
                "concept": "InterestPaidNet",
                "unit": "usd",
                "value": 739000
            }
        ],
        "ic": [
            {
                "label": "Net loss",
                "concept": "ProfitLoss",
                "unit": "usd",
                "value": -1460000
            },
            {
                "label": "Foreign currency translation adjustments",
                "concept": "OtherComprehensiveIncomeLossForeignCurrencyTransactionAndTranslationAdjustmentNetOfTax",
                "unit": "usd",
                "value": -1000
            },
            {
                "label": "Less: Comprehensive income attributable to non-controlling interest",
                "concept": "ComprehensiveIncomeNetOfTaxAttributableToNoncontrollingInterest",
                "unit": "usd",
                "value": 784000
            },
            {
                "label": "Comprehensive loss attributable to Telos Corporation",
                "concept": "ComprehensiveIncomeNetOfTax",
                "unit": "usd",
                "value": -2245000
            }
        ]
    }
}