{
    "startDate": "2020-01-01",
    "endDate": "2020-03-31",
    "year": "2020",
    "quarter": "Q1",
    "symbol": "BMY",
    "data": {
        "bs": [
            {
                "label": "Cash and cash equivalents",
                "concept": "CashAndCashEquivalentsAtCarryingValue",
                "unit": "usd",
                "value": 15817000000
            },
            {
                "label": "Marketable debt securities",
                "concept": "MarketableSecuritiesCurrent",
                "unit": "usd",
                "value": 2505000000
            },
            {
                "label": "Total current assets",
                "concept": "AssetsCurrent",
                "unit": "usd",
                "value": 31853000000
            },
            {
                "label": "Property, plant and equipment",
                "concept": "PropertyPlantAndEquipmentNet",
                "unit": "usd",
                "value": 6112000000
            },
            {
                "label": "Other intangible assets",
                "concept": "IntangibleAssetsNetExcludingGoodwill",
                "unit": "usd",
                "value": 61666000000
            },
            {
                "label": "Deferred income taxes",
                "concept": "DeferredIncomeTaxAssetsNet",
                "unit": "usd",
                "value": 605000000
            },
            {
                "label": "Marketable debt securities",
                "concept": "MarketableSecuritiesNoncurrent",
                "unit": "usd",
                "value": 651000000
            },
            {
                "label": "Total Assets",
                "concept": "Assets",
                "unit": "usd",
                "value": 129285000000
            },
            {
                "label": "Short-term debt obligations",
                "concept": "DebtCurrent",
                "unit": "usd",
                "value": 3862000000
            },
            {
                "label": "Other current liabilities",
                "concept": "OtherLiabilitiesCurrent",
                "unit": "usd",
                "value": 12301000000
            },
            {
                "label": "Total Current Liabilities",
                "concept": "LiabilitiesCurrent",
                "unit": "usd",
                "value": 19232000000
            },
            {
                "label": "Accrued Income Taxes, Noncurrent",
                "concept": "DeferredIncomeTaxLiabilitiesNet",
                "unit": "usd",
                "value": 6531000000
            },
            {
                "label": "Total Liabilities",
                "concept": "Liabilities",
                "unit": "usd",
                "value": 79308000000
            },
            {
                "label": "Preferred stock",
                "concept": "PreferredStockValue",
                "unit": "usd",
                "value": "N/A"
            },
            {
                "label": "Common stock",
                "concept": "CommonStockValue",
                "unit": "usd",
                "value": 292000000
            },
            {
                "label": "Capital in excess of par value of stock",
                "concept": "AdditionalPaidInCapital",
                "unit": "usd",
                "value": 43254000000
            },
            {
                "label": "Accumulated other comprehensive loss",
                "concept": "AccumulatedOtherComprehensiveIncomeLossNetOfTax",
                "unit": "usd",
                "value": 1549000000
            },
            {
                "label": "Retained earnings",
                "concept": "RetainedEarningsAccumulatedDeficit",
                "unit": "usd",
                "value": 32671000000
            },
            {
                "label": "Less cost of treasury stock",
                "concept": "TreasuryStockValue",
                "unit": "usd",
                "value": 24757000000
            },
            {
                "label": "Total Bristol-Myers Squibb Company Shareholders' Equity",
                "concept": "StockholdersEquity",
                "unit": "usd",
                "value": 49911000000
            },
            {
                "label": "Stockholders' Equity Attributable to Noncontrolling Interest",
                "concept": "MinorityInterest",
                "unit": "usd",
                "value": 66000000
            },
            {
                "label": "Total Equity",
                "concept": "StockholdersEquityIncludingPortionAttributableToNoncontrollingInterest",
                "unit": "usd",
                "value": 49977000000
            },
            {
                "label": "Total Liabilities and Equity",
                "concept": "LiabilitiesAndStockholdersEquity",
                "unit": "usd",
                "value": 129285000000
            }
        ],
        "cf": [
            {
                "label": "Net Earnings",
                "concept": "ProfitLoss",
                "unit": "usd",
                "value": 766000000
            },
            {
                "label": "Depreciation, Depletion and Amortization",
                "concept": "DepreciationDepletionAndAmortization",
                "unit": "usd",
                "value": 2477000000
            },
            {
                "label": "Deferred Income Tax Expense (Benefit)",
                "concept": "DeferredIncomeTaxExpenseBenefit",
                "unit": "usd",
                "value": 53000000
            },
            {
                "label": "Share-based Payment Arrangement, Noncash Expense",
                "concept": "ShareBasedCompensation",
                "unit": "usd",
                "value": 210000000
            },
            {
                "label": "Impairment of Long-Lived Assets to be Disposed of",
                "concept": "ImpairmentOfLongLivedAssetsToBeDisposedOf",
                "unit": "usd",
                "value": 53000000
            },
            {
                "label": "Pension settlements and amortization",
                "concept": "bmy:Pensionsettlementsandamortization",
                "unit": "usd",
                "value": 11000000
            },
            {
                "label": "Divestiture gains and royalties",
                "concept": "bmy:Divestituregainsandroyalties",
                "unit": "usd",
                "value": 173000000
            },
            {
                "label": "Equity investment, (gain) loss",
                "concept": "MarketableSecuritiesGainLoss",
                "unit": "usd",
                "value": 339000000
            },
            {
                "label": "Other Noncash Income (Expense)",
                "concept": "OtherNoncashIncomeExpense",
                "unit": "usd",
                "value": 42000000
            },
            {
                "label": "Increase (Decrease) in Receivables",
                "concept": "IncreaseDecreaseInReceivables",
                "unit": "usd",
                "value": 743000000
            },
            {
                "label": "Increase (Decrease) in Inventories",
                "concept": "IncreaseDecreaseInInventories",
                "unit": "usd",
                "value": 1448000000
            },
            {
                "label": "Increase (Decrease) in Accounts Payable",
                "concept": "IncreaseDecreaseInAccountsPayable",
                "unit": "usd",
                "value": 703000000
            },
            {
                "label": "Increase (Decrease) in Income Taxes Payable",
                "concept": "IncreaseDecreaseInAccruedIncomeTaxesPayable",
                "unit": "usd",
                "value": 229000000
            },
            {
                "label": "Increase (Decrease) in Other Operating Assets and Liabilities, Net",
                "concept": "IncreaseDecreaseInOtherOperatingCapitalNet",
                "unit": "usd",
                "value": 355000000
            },
            {
                "label": "Net Cash Provided by (Used in) Operating Activities",
                "concept": "NetCashProvidedByUsedInOperatingActivities",
                "unit": "usd",
                "value": 3894000000
            },
            {
                "label": "Proceeds from Sale and Maturity of Debt Securities, Available-for-sale",
                "concept": "ProceedsFromSaleAndMaturityOfAvailableForSaleSecurities",
                "unit": "usd",
                "value": 1394000000
            },
            {
                "label": "Payments to Acquire Marketable Debt Securities",
                "concept": "PaymentsToAcquireMarketableSecurities",
                "unit": "usd",
                "value": 735000000
            },
            {
                "label": "Payments to Acquire Property, Plant, and Equipment",
                "concept": "PaymentsToAcquirePropertyPlantAndEquipment",
                "unit": "usd",
                "value": 186000000
            },
            {
                "label": "Divestiture and other proceeds",
                "concept": "bmy:Divestitureandotherproceeds",
                "unit": "usd",
                "value": 205000000
            },
            {
                "label": "Payments to Acquire Businesses, Net of Cash Acquired",
                "concept": "PaymentsToAcquireBusinessesNetOfCashAcquired",
                "unit": "usd",
                "value": 25000000
            },
            {
                "label": "Net Cash Provided by (Used in) Investing Activities",
                "concept": "NetCashProvidedByUsedInInvestingActivities",
                "unit": "usd",
                "value": 653000000
            },
            {
                "label": "Proceeds from (Repayments of) Short-term Debt",
                "concept": "ProceedsFromRepaymentsOfShortTermDebt",
                "unit": "usd",
                "value": 26000000
            },
            {
                "label": "Repayments of Long-term Debt",
                "concept": "RepaymentsOfLongTermDebt",
                "unit": "usd",
                "value": "N/A"
            },
            {
                "label": "Payments for Repurchase of Common Stock",
                "concept": "PaymentsForRepurchaseOfCommonStock",
                "unit": "usd",
                "value": 81000000
            },
            {
                "label": "Payments of Dividends",
                "concept": "PaymentsOfDividends",
                "unit": "usd",
                "value": 1017000000
            },
            {
                "label": "Proceeds from (Payments for) Other Financing Activities",
                "concept": "ProceedsFromPaymentsForOtherFinancingActivities",
                "unit": "usd",
                "value": 18000000
            },
            {
                "label": "Net Cash Provided by (Used in) Financing Activities",
                "concept": "NetCashProvidedByUsedInFinancingActivities",
                "unit": "usd",
                "value": 1054000000
            },
            {
                "label": "Effect of Exchange Rate on Cash, Cash Equivalents, Restricted Cash and Restricted Cash Equivalents",
                "concept": "EffectOfExchangeRateOnCashCashEquivalentsRestrictedCashAndRestrictedCashEquivalents",
                "unit": "usd",
                "value": 67000000
            },
            {
                "label": "Cash, Cash Equivalents, Restricted Cash and Restricted Cash Equivalents, Period Increase (Decrease), Including Exchange Rate Effect",
                "concept": "CashCashEquivalentsRestrictedCashAndRestrictedCashEquivalentsPeriodIncreaseDecreaseIncludingExchangeRateEffect",
                "unit": "usd",
                "value": 3426000000
            }
        ],
        "ic": [
            {
                "label": "Selling, General and Administrative Expense",
                "concept": "SellingGeneralAndAdministrativeExpense",
                "unit": "usd",
                "value": 1606000000
            },
            {
                "label": "Research and Development Expense",
                "concept": "ResearchAndDevelopmentExpense",
                "unit": "usd",
                "value": 2372000000
            },
            {
                "label": "Amortization of Acquired Intangible Assets",
                "concept": "bmy:AmortizationofAcquiredIntangibleAssets",
                "unit": "usd",
                "value": 2282000000
            },
            {
                "label": "Costs and Expenses",
                "concept": "CostsAndExpenses",
                "unit": "usd",
                "value": 11085000000
            },
            {
                "label": "Income (Loss) from Continuing Operations before Equity Method Investments, Income Taxes, Noncontrolling Interest",
                "concept": "IncomeLossFromContinuingOperationsBeforeIncomeTaxesMinorityInterestAndIncomeLossFromEquityMethodInvestments",
                "unit": "usd",
                "value": 304000000
            },
            {
                "label": "Net Income (Loss), Including Portion Attributable to Noncontrolling Interest",
                "concept": "ProfitLoss",
                "unit": "usd",
                "value": 766000000
            },
            {
                "label": "Net Income (Loss) Attributable to Parent",
                "concept": "NetIncomeLoss",
                "unit": "usd",
                "value": 775000000
            }
        ]
    }
}