{
    "startDate": "2020-01-01",
    "endDate": "2020-03-31",
    "year": "2020",
    "quarter": "Q1",
    "symbol": "DPL",
    "data": {
        "bs": [
            {
                "label": "Stockholders' Equity, Including Portion Attributable to Noncontrolling Interest",
                "concept": "StockholdersEquityIncludingPortionAttributableToNoncontrollingInterest",
                "unit": "usd",
                "value": 370300000.0
            },
            {
                "label": "Common Stock, Value, Issued",
                "concept": "CommonStockValue",
                "unit": "usd",
                "value": "N/A"
            },
            {
                "label": "Additional Paid in Capital, Common Stock",
                "concept": "AdditionalPaidInCapitalCommonStock",
                "unit": "usd",
                "value": 2370700000.0
            },
            {
                "label": "Accumulated Other Comprehensive Income (Loss), Net of Tax",
                "concept": "AccumulatedOtherComprehensiveIncomeLossNetOfTax",
                "unit": "usd",
                "value": 3900000.0
            }
        ],
        "cf": [
            {
                "label": "Depreciation and amortization",
                "concept": "dpl:DepreciationDepletionandAmortizationIncludingDiscontinuedOperation",
                "unit": "usd",
                "value": 17800000.0
            },
            {
                "label": "Deferred income taxes",
                "concept": "DeferredIncomeTaxExpenseBenefit",
                "unit": "usd",
                "value": 3400000.0
            },
            {
                "label": "Accounts receivable, net",
                "concept": "IncreaseDecreaseInReceivables",
                "unit": "usd",
                "value": 14200000.0
            },
            {
                "label": "Inventories",
                "concept": "IncreaseDecreaseInInventories",
                "unit": "usd",
                "value": 3400000.0
            },
            {
                "label": "Taxes applicable to subsequent years",
                "concept": "dpl:IncreaseDecreaseInTaxesApplicableToSubsequentYears",
                "unit": "usd",
                "value": 17000000.0
            },
            {
                "label": "Deferred regulatory costs, net",
                "concept": "IncreaseDecreaseInRegulatoryAssetsAndLiabilities",
                "unit": "usd",
                "value": 5000000.0
            },
            {
                "label": "Accounts payable",
                "concept": "IncreaseDecreaseInAccountsPayable",
                "unit": "usd",
                "value": 7600000.0
            },
            {
                "label": "Accrued taxes payable / receivable",
                "concept": "IncreaseDecreaseInAccruedIncomeTaxesPayable",
                "unit": "usd",
                "value": 39200000.0
            },
            {
                "label": "Accrued interest",
                "concept": "IncreaseDecreaseInInterestPayableNet",
                "unit": "usd",
                "value": 15100000.0
            },
            {
                "label": "Increase (Decrease) in Obligation, Pension and Other Postretirement Benefits",
                "concept": "IncreaseDecreaseInPensionAndPostretirementObligations",
                "unit": "usd",
                "value": 8199999.999999999
            },
            {
                "label": "Other",
                "concept": "IncreaseDecreaseInOtherOperatingCapitalNet",
                "unit": "usd",
                "value": 400000.0
            },
            {
                "label": "Net Cash Provided by (Used in) Operating Activities",
                "concept": "NetCashProvidedByUsedInOperatingActivities",
                "unit": "usd",
                "value": 12400000.0
            },
            {
                "label": "Capital expenditures",
                "concept": "PaymentsToAcquireProductiveAssets",
                "unit": "usd",
                "value": 44600000.0
            },
            {
                "label": "Proceeds from Sale of Productive Assets",
                "concept": "ProceedsFromSaleOfProductiveAssets",
                "unit": "usd",
                "value": 5100000.0
            },
            {
                "label": "Other investing activities, net",
                "concept": "PaymentsForProceedsFromOtherInvestingActivities",
                "unit": "usd",
                "value": 700000.0
            },
            {
                "label": "Net cash used in investing activities",
                "concept": "NetCashProvidedByUsedInInvestingActivities",
                "unit": "usd",
                "value": 40200000.0
            },
            {
                "label": "Repayments of Lines of Credit",
                "concept": "RepaymentsOfLinesOfCredit",
                "unit": "usd",
                "value": 10000000.0
            },
            {
                "label": "Proceeds from Lines of Credit",
                "concept": "ProceedsFromLinesOfCredit",
                "unit": "usd",
                "value": 45000000.0
            },
            {
                "label": "Retirement of long-term debt, including early payment premium",
                "concept": "RepaymentsOfLongTermDebt",
                "unit": "usd",
                "value": "N/A"
            },
            {
                "label": "Proceeds from (Payments for) Other Financing Activities",
                "concept": "ProceedsFromPaymentsForOtherFinancingActivities",
                "unit": "usd",
                "value": "N/A"
            },
            {
                "label": "Net cash provided by / (used in) financing activities",
                "concept": "NetCashProvidedByUsedInFinancingActivities",
                "unit": "usd",
                "value": 35000000.0
            },
            {
                "label": "Cash, Cash Equivalents, Restricted Cash and Restricted Cash Equivalents, Period Increase (Decrease), Excluding Exchange Rate Effect",
                "concept": "CashCashEquivalentsRestrictedCashAndRestrictedCashEquivalentsPeriodIncreaseDecreaseExcludingExchangeRateEffect",
                "unit": "usd",
                "value": 7200000.0
            },
            {
                "label": "Interest paid, net of amounts capitalized",
                "concept": "InterestPaidNet",
                "unit": "usd",
                "value": 2300000.0
            },
            {
                "label": "Accruals for capital expenditures",
                "concept": "CapitalExpendituresIncurredButNotYetPaid",
                "unit": "usd",
                "value": 5000000.0
            },
            {
                "label": "Non-cash capital contribution",
                "concept": "dpl:Noncashcapitalcontribution",
                "unit": "usd",
                "value": "N/A"
            }
        ],
        "ic": [
            {
                "label": "Net fuel cost",
                "concept": "FuelCosts",
                "unit": "usd",
                "value": 4000000.0
            },
            {
                "label": "Utilities Operating Expense, Purchased Power",
                "concept": "UtilitiesOperatingExpensePurchasedPower",
                "unit": "usd",
                "value": 63200000.0
            },
            {
                "label": "Operation and maintenance",
                "concept": "UtilitiesOperatingExpenseMaintenanceAndOperations",
                "unit": "usd",
                "value": 48700000.0
            },
            {
                "label": "Depreciation and amortization",
                "concept": "DepreciationDepletionAndAmortization",
                "unit": "usd",
                "value": 17800000.0
            },
            {
                "label": "Taxes other than income taxes",
                "concept": "TaxesExcludingIncomeAndExciseTaxes",
                "unit": "usd",
                "value": 20900000.0
            },
            {
                "label": "Other Operating Income (Expense), Net",
                "concept": "OtherOperatingIncomeExpenseNet",
                "unit": "usd",
                "value": 100000.0
            },
            {
                "label": "Costs and Expenses",
                "concept": "CostsAndExpenses",
                "unit": "usd",
                "value": 154500000.0
            },
            {
                "label": "Operating income",
                "concept": "OperatingIncomeLoss",
                "unit": "usd",
                "value": 20200000.0
            },
            {
                "label": "Other income / (expense)",
                "concept": "OtherNonoperatingIncomeExpense",
                "unit": "usd",
                "value": 900000.0
            },
            {
                "label": "Total other expense, net",
                "concept": "NonoperatingIncomeExpense",
                "unit": "usd",
                "value": 19800000.0
            },
            {
                "label": "Income from continuing operations before income tax",
                "concept": "IncomeLossFromContinuingOperationsBeforeIncomeTaxesMinorityInterestAndIncomeLossFromEquityMethodInvestments",
                "unit": "usd",
                "value": 400000.0
            },
            {
                "label": "Income tax expense / (benefit) from continuing operations",
                "concept": "IncomeTaxExpenseBenefit",
                "unit": "usd",
                "value": 500000.0
            },
            {
                "label": "Net income from continuing operations",
                "concept": "IncomeLossFromContinuingOperations",
                "unit": "usd",
                "value": 900000.0
            },
            {
                "label": "Income from discontinued operations before income tax",
                "concept": "DiscontinuedOperationIncomeLossFromDiscontinuedOperationBeforeIncomeTax",
                "unit": "usd",
                "value": 1300000.0
            },
            {
                "label": "Net income from discontinued operations",
                "concept": "IncomeLossFromDiscontinuedOperationsNetOfTaxAttributableToReportingEntity",
                "unit": "usd",
                "value": 1000000.0
            }
        ]
    }
}