{
    "startDate": "2020-02-02",
    "endDate": "2020-05-02",
    "year": "2020",
    "quarter": "Q1",
    "symbol": "LB",
    "data": {
        "bs": [
            {
                "label": "Beginning balance (shares)",
                "concept": "CommonStockSharesOutstanding",
                "unit": "shares",
                "value": 278000000
            },
            {
                "label": "Beginning balance",
                "concept": "StockholdersEquityIncludingPortionAttributableToNoncontrollingInterest",
                "unit": "usd",
                "value": 1858000000
            },
            {
                "label": "Ending balance (shares)",
                "concept": "CommonStockSharesOutstanding",
                "unit": "shares",
                "value": 278000000
            },
            {
                "label": "Ending balance",
                "concept": "StockholdersEquityIncludingPortionAttributableToNoncontrollingInterest",
                "unit": "usd",
                "value": 1858000000
            }
        ],
        "cf": [
            {
                "label": "Net Income (Loss)",
                "concept": "NetIncomeLoss",
                "unit": "usd",
                "value": 297000000
            },
            {
                "label": "Long-lived Store Asset Impairment Charges",
                "concept": "ImpairmentOfLongLivedAssetsHeldForUse",
                "unit": "usd",
                "value": 97000000
            },
            {
                "label": "Depreciation of Long-lived Assets",
                "concept": "Depreciation",
                "unit": "usd",
                "value": 139000000
            },
            {
                "label": "Share-based Compensation Expense",
                "concept": "ShareBasedCompensation",
                "unit": "usd",
                "value": 20000000
            },
            {
                "label": "Deferred Income Taxes",
                "concept": "DeferredIncomeTaxExpenseBenefit",
                "unit": "usd",
                "value": 25000000
            },
            {
                "label": "Gains on Distributions from Easton Investments",
                "concept": "lb:GainLossOnEquityMethodInvestmentDividendsOrDistributions",
                "unit": "usd",
                "value": "N/A"
            },
            {
                "label": "Accounts Receivable",
                "concept": "IncreaseDecreaseInAccountsReceivable",
                "unit": "usd",
                "value": 77000000
            },
            {
                "label": "Inventories",
                "concept": "IncreaseDecreaseInInventories",
                "unit": "usd",
                "value": 208000000
            },
            {
                "label": "Accounts Payable, Accrued Expenses and Other",
                "concept": "IncreaseDecreaseInAccountsPayableAndAccruedLiabilities",
                "unit": "usd",
                "value": 155000000
            },
            {
                "label": "Income Taxes Payable",
                "concept": "IncreaseDecreaseInAccruedIncomeTaxesPayable",
                "unit": "usd",
                "value": 56000000
            },
            {
                "label": "Other Assets and Liabilities",
                "concept": "IncreaseDecreaseInOtherOperatingCapitalNet",
                "unit": "usd",
                "value": 66000000
            },
            {
                "label": "Net Cash Used for Operating Activities",
                "concept": "NetCashProvidedByUsedInOperatingActivities",
                "unit": "usd",
                "value": 342000000
            },
            {
                "label": "Capital Expenditures",
                "concept": "PaymentsToAcquirePropertyPlantAndEquipment",
                "unit": "usd",
                "value": 55000000
            },
            {
                "label": "Other Investing Activities",
                "concept": "PaymentsForProceedsFromOtherInvestingActivities",
                "unit": "usd",
                "value": 5000000
            },
            {
                "label": "Net Cash Used for Investing Activities",
                "concept": "NetCashProvidedByUsedInInvestingActivities",
                "unit": "usd",
                "value": 60000000
            },
            {
                "label": "Dividends Paid",
                "concept": "PaymentsOfDividends",
                "unit": "usd",
                "value": 83000000
            },
            {
                "label": "Tax Payments related to Share-based Awards",
                "concept": "PaymentsRelatedToTaxWithholdingForShareBasedCompensation",
                "unit": "usd",
                "value": 5000000
            },
            {
                "label": "Financing Costs and Other",
                "concept": "ProceedsFromPaymentsForOtherFinancingActivities",
                "unit": "usd",
                "value": 4000000
            },
            {
                "label": "Net Cash Used for Financing Activities",
                "concept": "NetCashProvidedByUsedInFinancingActivities",
                "unit": "usd",
                "value": 138000000
            },
            {
                "label": "Effects of Exchange Rate Changes on Cash and Cash Equivalents",
                "concept": "EffectOfExchangeRateOnCashCashEquivalentsRestrictedCashAndRestrictedCashEquivalents",
                "unit": "usd",
                "value": 2000000
            },
            {
                "label": "Net Decrease in Cash and Cash Equivalents",
                "concept": "CashCashEquivalentsRestrictedCashAndRestrictedCashEquivalentsPeriodIncreaseDecreaseIncludingExchangeRateEffect",
                "unit": "usd",
                "value": 542000000
            }
        ],
        "ic": [
            {
                "label": "Costs of Goods Sold, Buying and Occupancy",
                "concept": "CostOfGoodsAndServicesSold",
                "unit": "usd",
                "value": 1366000000
            },
            {
                "label": "Gross Profit",
                "concept": "GrossProfit",
                "unit": "usd",
                "value": 288000000
            },
            {
                "label": "General, Administrative and Store Operating Expenses",
                "concept": "SellingGeneralAndAdministrativeExpense",
                "unit": "usd",
                "value": 606000000
            },
            {
                "label": "Operating Income (Loss)",
                "concept": "OperatingIncomeLoss",
                "unit": "usd",
                "value": 318000000
            },
            {
                "label": "Interest Expense",
                "concept": "InterestExpense",
                "unit": "usd",
                "value": 97000000
            },
            {
                "label": "Other Income",
                "concept": "OtherNonoperatingIncomeExpense",
                "unit": "usd",
                "value": 3000000
            },
            {
                "label": "Income (Loss) Before Income Taxes",
                "concept": "IncomeLossAttributableToParent",
                "unit": "usd",
                "value": 412000000
            },
            {
                "label": "Provision (Benefit) for Income Taxes",
                "concept": "IncomeTaxExpenseBenefit",
                "unit": "usd",
                "value": 115000000
            },
            {
                "label": "Net Income Per Basic Share (in usd per share)",
                "concept": "EarningsPerShareBasic",
                "unit": "usd/shares",
                "value": 1.07
            },
            {
                "label": "Net Income Per Diluted Share (in usd per share)",
                "concept": "EarningsPerShareDiluted",
                "unit": "usd/shares",
                "value": 1.07
            },
            {
                "label": "Dividends Per Share(in usd per share)",
                "concept": "CommonStockDividendsPerShareDeclared",
                "unit": "usd/shares",
                "value": 0.3
            }
        ]
    }
}