{
    "startDate": "2019-12-01",
    "endDate": "2020-02-29",
    "year": "2020",
    "quarter": "Q1",
    "symbol": "JEF",
    "data": {
        "bs": [
            {
                "label": "Cash and cash equivalents",
                "concept": "CashAndCashEquivalentsAtCarryingValue",
                "unit": "usd",
                "value": 6710659000
            },
            {
                "label": "Cash and securities segregated and on deposit for regulatory purposes or deposited with clearing and depository organizations",
                "concept": "CashAndSecuritiesSegregatedUnderFederalAndOtherRegulations",
                "unit": "usd",
                "value": 742134000
            },
            {
                "label": "Loans to and investments in associated companies",
                "concept": "InvestmentsInAffiliatesSubsidiariesAssociatesAndJointVentures",
                "unit": "usd",
                "value": 1562628000
            },
            {
                "label": "Securities borrowed",
                "concept": "SecuritiesBorrowed",
                "unit": "usd",
                "value": 6708788000
            },
            {
                "label": "Securities purchased under agreements to resell",
                "concept": "SecuritiesPurchasedUnderAgreementsToResell",
                "unit": "usd",
                "value": 4907031000
            },
            {
                "label": "Securities received as collateral",
                "concept": "SecuritiesReceivedAsCollateral",
                "unit": "usd",
                "value": 15004000
            },
            {
                "label": "Receivables",
                "concept": "jef:Receivables",
                "unit": "usd",
                "value": 7234029000
            },
            {
                "label": "Property, equipment and leasehold improvements, net",
                "concept": "jef:PropertyPlantAndEquipmentAndOperatingLeaseRightofUseAssetAfterAccumulatedDepreciationAndAmortization",
                "unit": "usd",
                "value": 928643000
            },
            {
                "label": "Intangible assets, net and goodwill",
                "concept": "IntangibleAssetsNetIncludingGoodwill",
                "unit": "usd",
                "value": 1918068000
            },
            {
                "label": "Other assets",
                "concept": "OtherAssets",
                "unit": "usd",
                "value": 2654158000
            },
            {
                "label": "Total assets",
                "concept": "Assets",
                "unit": "usd",
                "value": 51778123000
            },
            {
                "label": "Short-term borrowings",
                "concept": "OtherShortTermBorrowings",
                "unit": "usd",
                "value": 623156000
            },
            {
                "label": "Securities loaned",
                "concept": "SecuritiesLoaned",
                "unit": "usd",
                "value": 1891912000
            },
            {
                "label": "Securities sold under agreements to repurchase",
                "concept": "SecuritiesSoldUnderAgreementsToRepurchase",
                "unit": "usd",
                "value": 8406022000
            },
            {
                "label": "Other secured financings",
                "concept": "OtherSecuredFinancings",
                "unit": "usd",
                "value": 2920709000
            },
            {
                "label": "Obligation to return securities received as collateral",
                "concept": "ObligationToReturnSecuritiesReceivedAsCollateral",
                "unit": "usd",
                "value": 15004000
            },
            {
                "label": "Lease liabilities",
                "concept": "jef:OperatingLeaseAndFinanceLeaseLiability",
                "unit": "usd",
                "value": 607535000
            },
            {
                "label": "Total liabilities",
                "concept": "Liabilities",
                "unit": "usd",
                "value": 42242459000
            },
            {
                "label": "Commitments and contingencies",
                "concept": "CommitmentsAndContingencies",
                "unit": "usd",
                "value": "N/A"
            },
            {
                "label": "Redeemable noncontrolling interests",
                "concept": "RedeemableNoncontrollingInterestEquityCarryingAmount",
                "unit": "usd",
                "value": 24759000
            },
            {
                "label": "Mandatorily redeemable convertible preferred shares",
                "concept": "jef:MandatorilyRedeemableConvertiblePreferredShares",
                "unit": "usd",
                "value": 125000000
            },
            {
                "label": "Common shares, par value $1 per share, authorized 600,000,000 shares; 277,109,287 and 291,644,153 shares issued and outstanding, after deducting 39,353,325 and 24,818,459 shares held in treasury",
                "concept": "CommonStockValue",
                "unit": "usd",
                "value": 277109000
            },
            {
                "label": "Additional paid-in capital",
                "concept": "AdditionalPaidInCapitalCommonStock",
                "unit": "usd",
                "value": 3329633000
            },
            {
                "label": "Accumulated other comprehensive income (loss)",
                "concept": "AccumulatedOtherComprehensiveIncomeLossNetOfTax",
                "unit": "usd",
                "value": 258400000
            },
            {
                "label": "Retained earnings",
                "concept": "RetainedEarningsAccumulatedDeficit",
                "unit": "usd",
                "value": 6000613000
            },
            {
                "label": "Total Jefferies Financial Group Inc. shareholders\u2019 equity",
                "concept": "StockholdersEquity",
                "unit": "usd",
                "value": 9348955000
            },
            {
                "label": "Noncontrolling interests",
                "concept": "MinorityInterest",
                "unit": "usd",
                "value": 36950000
            },
            {
                "label": "Total equity",
                "concept": "StockholdersEquityIncludingPortionAttributableToNoncontrollingInterest",
                "unit": "usd",
                "value": 9385905000
            },
            {
                "label": "Total",
                "concept": "LiabilitiesAndStockholdersEquity",
                "unit": "usd",
                "value": 51778123000
            }
        ],
        "cf": [
            {
                "label": "Net income",
                "concept": "ProfitLoss",
                "unit": "usd",
                "value": 112021000
            },
            {
                "label": "Deferred income tax provision",
                "concept": "DeferredIncomeTaxExpenseBenefit",
                "unit": "usd",
                "value": 12237000
            },
            {
                "label": "Depreciation and amortization of real estate, property, equipment and leasehold improvements",
                "concept": "jef:Depreciationandamortizationofrealestatepropertyequipmentandleaseholdimprovements",
                "unit": "usd",
                "value": 36415000
            },
            {
                "label": "Other amortization",
                "concept": "OtherDepreciationAndAmortization",
                "unit": "usd",
                "value": 2971000
            },
            {
                "label": "Share-based compensation",
                "concept": "ShareBasedCompensation",
                "unit": "usd",
                "value": 9947000
            },
            {
                "label": "Provision for doubtful accounts",
                "concept": "ProvisionForDoubtfulAccounts",
                "unit": "usd",
                "value": 10870000
            },
            {
                "label": "(Income) loss related to associated companies",
                "concept": "jef:IncomeLossesRelatedtoAssociatedCompaniesIncludingIncomeLossesRelatedtoSubsidiaryAssociatedCompaniesPrimarilyClassifiedasRevenues",
                "unit": "usd",
                "value": 39096000
            },
            {
                "label": "Distributions from associated companies",
                "concept": "jef:DividendsOrDistributionsFromAssociatedCompanies",
                "unit": "usd",
                "value": 49646000
            },
            {
                "label": "Net losses related to property and equipment, and other assets",
                "concept": "jef:Netgainslossesrelatedtopropertyandequipmentandotherassets",
                "unit": "usd",
                "value": 34193000
            },
            {
                "label": "Lease expense",
                "concept": "OperatingLeaseExpense",
                "unit": "usd",
                "value": 22764000
            },
            {
                "label": "Lease payments",
                "concept": "OperatingLeasePayments",
                "unit": "usd",
                "value": 18388000
            },
            {
                "label": "Securities deposited with clearing and depository organizations",
                "concept": "jef:IncreaseDecreaseinSecuritiesDepositedwithClearingandDepositoryOrganizations",
                "unit": "usd",
                "value": 296514000
            },
            {
                "label": "Financial instruments owned, at fair value",
                "concept": "IncreaseDecreaseInTradingSecurities",
                "unit": "usd",
                "value": 1526004000
            },
            {
                "label": "Securities borrowed",
                "concept": "IncreaseDecreaseInSecuritiesBorrowed",
                "unit": "usd",
                "value": 910494000
            },
            {
                "label": "Securities purchased under agreements to resell",
                "concept": "jef:IncreaseDecreaseInSecuritiesPurchasedUnderAgreementsToResell",
                "unit": "usd",
                "value": 614635000
            },
            {
                "label": "Receivables from brokers, dealers and clearing organizations",
                "concept": "IncreaseDecreaseInBrokerageReceivables",
                "unit": "usd",
                "value": 1433478000
            },
            {
                "label": "Receivables from customers of securities operations",
                "concept": "jef:IncreaseDecreaseReceivablesFromCustomersOfSecuritiesOperations",
                "unit": "usd",
                "value": 48710000
            },
            {
                "label": "Other receivables",
                "concept": "IncreaseDecreaseInOtherReceivables",
                "unit": "usd",
                "value": 28454000
            },
            {
                "label": "Other assets",
                "concept": "jef:IncreaseDecreaseInOtherAssets",
                "unit": "usd",
                "value": 231104000
            },
            {
                "label": "Financial instruments sold, not yet purchased, at fair value",
                "concept": "IncreaseDecreaseInTradingLiabilities",
                "unit": "usd",
                "value": 635893000
            },
            {
                "label": "Securities loaned",
                "concept": "IncreaseDecreaseInSecuritiesLoanedTransactions",
                "unit": "usd",
                "value": 371286000
            },
            {
                "label": "Securities sold under agreements to repurchase",
                "concept": "IncreaseDecreaseInPayablesUnderRepurchaseAgreements",
                "unit": "usd",
                "value": 909654000
            },
            {
                "label": "Payables to brokers, dealers and clearing organizations",
                "concept": "IncreaseDecreaseInPayablesToBrokerDealers",
                "unit": "usd",
                "value": 1569726000
            },
            {
                "label": "Payables to customers of securities operations",
                "concept": "IncreaseDecreaseInPayablesToCustomers",
                "unit": "usd",
                "value": 51154000
            },
            {
                "label": "Trade payables, expense accruals and other liabilities",
                "concept": "jef:IncreaseDecreaseinTradePayablesExpenseAccrualsandOtherLiabilities",
                "unit": "usd",
                "value": 199966000
            },
            {
                "label": "Other",
                "concept": "IncreaseDecreaseInOtherOperatingCapitalNet",
                "unit": "usd",
                "value": 74897000
            },
            {
                "label": "Net cash used for operating activities",
                "concept": "NetCashProvidedByUsedInOperatingActivities",
                "unit": "usd",
                "value": 918083000
            },
            {
                "label": "Acquisitions of property, equipment and leasehold improvements, and other assets",
                "concept": "jef:PaymentsToAcquirePropertyPlantAndEquipmentAndOtherAssets",
                "unit": "usd",
                "value": 60982000
            },
            {
                "label": "Proceeds from disposals of property and equipment, and other assets",
                "concept": "jef:ProceedsFromDisposalsOfPropertyAndEquipmentAndOtherAssets",
                "unit": "usd",
                "value": 1230000
            },
            {
                "label": "Advances on notes, loans and other receivables",
                "concept": "PaymentsToAcquireReceivables",
                "unit": "usd",
                "value": 239241000
            },
            {
                "label": "Collections on notes, loans and other receivables",
                "concept": "ProceedsFromSaleAndCollectionOfReceivables",
                "unit": "usd",
                "value": 229476000
            },
            {
                "label": "Loans to and investments in associated companies",
                "concept": "PaymentsToAcquireInterestInSubsidiariesAndAffiliates",
                "unit": "usd",
                "value": 864422000
            },
            {
                "label": "Capital distributions and loan repayments from associated companies",
                "concept": "jef:Capitaldistributionsandloanrepaymentsfromassociatedcompanies",
                "unit": "usd",
                "value": 883299000
            },
            {
                "label": "Purchases of investments (other than short-term)",
                "concept": "jef:PurchasesOfInvestmentsOtherThanShortTerm",
                "unit": "usd",
                "value": "N/A"
            },
            {
                "label": "Proceeds from maturities of investments",
                "concept": "jef:ProceedsFromMaturitiesOfInvestments",
                "unit": "usd",
                "value": "N/A"
            },
            {
                "label": "Proceeds from sales of investments",
                "concept": "jef:ProceedsFromSalesOfInvestments",
                "unit": "usd",
                "value": 1330000
            },
            {
                "label": "Net cash provided by (used for) investing activities",
                "concept": "NetCashProvidedByUsedInInvestingActivities",
                "unit": "usd",
                "value": 49310000
            },
            {
                "label": "Issuance of debt, net of issuance costs",
                "concept": "ProceedsFromOtherDebt",
                "unit": "usd",
                "value": 759478000
            },
            {
                "label": "Repayment of debt",
                "concept": "RepaymentsOfOtherDebt",
                "unit": "usd",
                "value": 555076000
            },
            {
                "label": "Net change in other secured financings",
                "concept": "jef:Netchangeinothersecuredfinancings",
                "unit": "usd",
                "value": 150485000
            },
            {
                "label": "Net change in bank overdrafts",
                "concept": "ProceedsFromRepaymentsOfBankOverdrafts",
                "unit": "usd",
                "value": 34518000
            },
            {
                "label": "Contributions from noncontrolling interests",
                "concept": "ProceedsFromMinorityShareholders",
                "unit": "usd",
                "value": 17100000
            },
            {
                "label": "Purchase of common shares for treasury",
                "concept": "PaymentsForRepurchaseOfCommonStock",
                "unit": "usd",
                "value": 310187000
            },
            {
                "label": "Dividends paid",
                "concept": "PaymentsOfDividendsCommonStock",
                "unit": "usd",
                "value": 42793000
            },
            {
                "label": "Other",
                "concept": "ProceedsFromPaymentsForOtherFinancingActivities",
                "unit": "usd",
                "value": 316000
            },
            {
                "label": "Net cash used for financing activities",
                "concept": "NetCashProvidedByUsedInFinancingActivities",
                "unit": "usd",
                "value": 316165000
            },
            {
                "label": "Effect of foreign exchange rate changes on cash, cash equivalents and restricted cash",
                "concept": "EffectOfExchangeRateOnCashCashEquivalentsRestrictedCashAndRestrictedCashEquivalents",
                "unit": "usd",
                "value": 2927000
            },
            {
                "label": "Net increase (decrease) in cash, cash equivalents and restricted cash",
                "concept": "CashCashEquivalentsRestrictedCashAndRestrictedCashEquivalentsPeriodIncreaseDecreaseIncludingExchangeRateEffect",
                "unit": "usd",
                "value": 1286485000
            }
        ],
        "ic": [
            {
                "label": "Revenues",
                "concept": "Revenues",
                "unit": "usd",
                "value": 1692264000
            },
            {
                "label": "Interest expense",
                "concept": "InterestExpense",
                "unit": "usd",
                "value": 21554000
            },
            {
                "label": "Net revenues",
                "concept": "RevenuesNetOfInterestExpense",
                "unit": "usd",
                "value": 1386328000
            },
            {
                "label": "Compensation and benefits",
                "concept": "LaborAndRelatedExpense",
                "unit": "usd",
                "value": 670193000
            },
            {
                "label": "Cost of sales",
                "concept": "CostOfGoodsAndServicesSold",
                "unit": "usd",
                "value": 72443000
            },
            {
                "label": "Floor brokerage and clearing fees",
                "concept": "FloorBrokerageExchangeAndClearanceFees",
                "unit": "usd",
                "value": 59181000
            },
            {
                "label": "Depreciation and amortization",
                "concept": "DepreciationDepletionAndAmortization",
                "unit": "usd",
                "value": 39470000
            },
            {
                "label": "Selling, general and other expenses",
                "concept": "GeneralAndAdministrativeExpense",
                "unit": "usd",
                "value": 297838000
            },
            {
                "label": "Total expenses",
                "concept": "CostsAndExpenses",
                "unit": "usd",
                "value": 1160679000
            },
            {
                "label": "Income before income taxes and income (loss) related to associated companies",
                "concept": "IncomeLossFromContinuingOperationsBeforeIncomeTaxesMinorityInterestAndIncomeLossFromEquityMethodInvestments",
                "unit": "usd",
                "value": 225649000
            },
            {
                "label": "Income (loss) related to associated companies",
                "concept": "IncomeLossFromEquityMethodInvestments",
                "unit": "usd",
                "value": 67855000
            },
            {
                "label": "Income before income taxes",
                "concept": "IncomeLossFromContinuingOperationsBeforeIncomeTaxesExtraordinaryItemsNoncontrollingInterest",
                "unit": "usd",
                "value": 157794000
            },
            {
                "label": "Income tax provision",
                "concept": "IncomeTaxExpenseBenefit",
                "unit": "usd",
                "value": 45773000
            },
            {
                "label": "Net income",
                "concept": "ProfitLoss",
                "unit": "usd",
                "value": 112021000
            },
            {
                "label": "Net (income) loss attributable to the noncontrolling interests",
                "concept": "NetIncomeLossAttributableToNonredeemableNoncontrollingInterest",
                "unit": "usd",
                "value": 2129000
            },
            {
                "label": "Net loss attributable to the redeemable noncontrolling interests",
                "concept": "NetIncomeLossAttributableToRedeemableNoncontrollingInterest",
                "unit": "usd",
                "value": 282000
            },
            {
                "label": "Net income attributable to Jefferies Financial Group Inc. common shareholders",
                "concept": "jef:NetIncomeLossAvailableToCommonStockholders",
                "unit": "usd",
                "value": 113010000
            },
            {
                "label": "Net income (in dollars per share)",
                "concept": "EarningsPerShareBasic",
                "unit": "usd/shares",
                "value": 0.37
            },
            {
                "label": "Net income (in dollars per share)",
                "concept": "EarningsPerShareDiluted",
                "unit": "usd/shares",
                "value": 0.37
            },
            {
                "label": "Net income attributable to Jefferies Financial Group Inc. common shareholders",
                "concept": "jef:NetIncomeLossAvailableToCommonStockholders",
                "unit": "usd",
                "value": 113010000
            }
        ]
    }
}