{
    "startDate": "2020-01-01",
    "endDate": "2020-03-31",
    "year": "2020",
    "quarter": "Q1",
    "symbol": "IMMU",
    "data": {
        "bs": [
            {
                "label": "Cash and cash equivalents",
                "concept": "CashAndCashEquivalentsAtCarryingValue",
                "unit": "usd",
                "value": 536295000
            },
            {
                "label": "Marketable securities",
                "concept": "AvailableForSaleSecuritiesDebtSecuritiesCurrent",
                "unit": "usd",
                "value": 4325000
            },
            {
                "label": "Accounts receivable, net of allowances of $0 at March 31, 2020 and December 31, 2019",
                "concept": "AccountsReceivableNetCurrent",
                "unit": "usd",
                "value": "N/A"
            },
            {
                "label": "Prepaid expenses",
                "concept": "PrepaidExpenseCurrent",
                "unit": "usd",
                "value": 17315000
            },
            {
                "label": "Other current assets",
                "concept": "OtherAssetsCurrent",
                "unit": "usd",
                "value": 3788000
            },
            {
                "label": "Total current assets",
                "concept": "AssetsCurrent",
                "unit": "usd",
                "value": 561723000
            },
            {
                "label": "Property and equipment, net of accumulated depreciation and amortization of $8,907 and $7,925 at March 31, 2020 and December 31, 2019, respectively",
                "concept": "PropertyPlantAndEquipmentNet",
                "unit": "usd",
                "value": 32150000
            },
            {
                "label": "Other long-term assets",
                "concept": "OtherAssetsNoncurrent",
                "unit": "usd",
                "value": 233000
            },
            {
                "label": "Total Assets",
                "concept": "Assets",
                "unit": "usd",
                "value": 594106000
            },
            {
                "label": "Accounts payable and accrued expenses",
                "concept": "AccountsPayableAndAccruedLiabilitiesCurrent",
                "unit": "usd",
                "value": 59268000
            },
            {
                "label": "Liability related to sale of future royalties - current",
                "concept": "immu:LiabilitiesRelatedToTheSaleOfFutureRoyaltiesCurrent",
                "unit": "usd",
                "value": 7491000
            },
            {
                "label": "Lease liability - current",
                "concept": "OperatingLeaseLiabilityCurrent",
                "unit": "usd",
                "value": 346000
            },
            {
                "label": "Convertible senior notes, net",
                "concept": "ConvertibleDebtCurrent",
                "unit": "usd",
                "value": "N/A"
            },
            {
                "label": "Total current liabilities",
                "concept": "LiabilitiesCurrent",
                "unit": "usd",
                "value": 67105000
            },
            {
                "label": "Liability related to sale of future royalties - non-current",
                "concept": "immu:LiabilitiesRelatedToTheSaleOfFutureRoyaltiesNoncurrent",
                "unit": "usd",
                "value": 267215000
            },
            {
                "label": "Lease liability - non-current",
                "concept": "OperatingLeaseLiabilityNoncurrent",
                "unit": "usd",
                "value": 9875000
            },
            {
                "label": "Total Liabilities",
                "concept": "Liabilities",
                "unit": "usd",
                "value": 409195000
            },
            {
                "label": "Commitments and Contingencies (Note 11)",
                "concept": "CommitmentsAndContingencies",
                "unit": "usd",
                "value": "N/A"
            },
            {
                "label": "Convertible preferred stock, $0.01 par value; authorized 10,000,000 shares; no shares issued and outstanding at March 31, 2020 and December 31, 2019",
                "concept": "ConvertiblePreferredStockNonredeemableOrRedeemableIssuerOptionValue",
                "unit": "usd",
                "value": "N/A"
            },
            {
                "label": "Common stock, $0.01 par value; authorized 250,000,000 shares; issued 213,929,505 shares and outstanding 213,809,884 shares at March 31, 2020; issued 212,529,313 shares and outstanding 212,409,692 shares at December 31, 2019",
                "concept": "CommonStockValue",
                "unit": "usd",
                "value": 2139000
            },
            {
                "label": "Capital contributed in excess of par",
                "concept": "AdditionalPaidInCapitalCommonStock",
                "unit": "usd",
                "value": 1590185000
            },
            {
                "label": "Treasury stock, at cost: 119,621 shares at March 31, 2020 and December 31, 2019",
                "concept": "TreasuryStockValue",
                "unit": "usd",
                "value": 2095000
            },
            {
                "label": "Accumulated deficit",
                "concept": "RetainedEarningsAccumulatedDeficit",
                "unit": "usd",
                "value": 1403453000
            },
            {
                "label": "Accumulated other comprehensive loss",
                "concept": "AccumulatedOtherComprehensiveIncomeLossNetOfTax",
                "unit": "usd",
                "value": 802000
            },
            {
                "label": "Total Immunomedics, Inc. stockholders' equity",
                "concept": "StockholdersEquity",
                "unit": "usd",
                "value": 185974000
            },
            {
                "label": "Noncontrolling interest in subsidiary",
                "concept": "MinorityInterest",
                "unit": "usd",
                "value": 1063000
            },
            {
                "label": "Total Stockholders' Equity",
                "concept": "StockholdersEquityIncludingPortionAttributableToNoncontrollingInterest",
                "unit": "usd",
                "value": 184911000
            },
            {
                "label": "Total Liabilities and Stockholders' Equity",
                "concept": "LiabilitiesAndStockholdersEquity",
                "unit": "usd",
                "value": 594106000
            }
        ],
        "cf": [
            {
                "label": "Net loss",
                "concept": "ProfitLoss",
                "unit": "usd",
                "value": 93079000
            },
            {
                "label": "Depreciation and amortization",
                "concept": "DepreciationAndAmortization",
                "unit": "usd",
                "value": 960000
            },
            {
                "label": "Loss on disposal of property and equipment",
                "concept": "GainLossOnSaleOfPropertyPlantEquipment",
                "unit": "usd",
                "value": 87000
            },
            {
                "label": "Interest on non-recourse debt",
                "concept": "immu:NonRecourseDebtIncreaseAccruedInterest",
                "unit": "usd",
                "value": 13482000
            },
            {
                "label": "Amortization of debt issuance costs",
                "concept": "AmortizationOfFinancingCosts",
                "unit": "usd",
                "value": 8000
            },
            {
                "label": "Non-cash lease expense",
                "concept": "OperatingLeaseExpense",
                "unit": "usd",
                "value": 70000
            },
            {
                "label": "Non-cash expense related to stock-based compensation",
                "concept": "ShareBasedCompensation",
                "unit": "usd",
                "value": 3848000
            },
            {
                "label": "Changes in other operating assets and liabilities",
                "concept": "IncreaseDecreaseInOperatingCapital",
                "unit": "usd",
                "value": 2751000
            },
            {
                "label": "Net cash used in operating activities",
                "concept": "NetCashProvidedByUsedInOperatingActivities",
                "unit": "usd",
                "value": 71873000
            },
            {
                "label": "Purchases of property and equipment",
                "concept": "PaymentsToAcquirePropertyPlantAndEquipment",
                "unit": "usd",
                "value": 473000
            },
            {
                "label": "Net cash used in investing activities",
                "concept": "NetCashProvidedByUsedInInvestingActivities",
                "unit": "usd",
                "value": 473000
            },
            {
                "label": "Exercise of stock options, net",
                "concept": "ProceedsFromStockOptionsExercised",
                "unit": "usd",
                "value": 32000
            },
            {
                "label": "Net cash provided by financing activities",
                "concept": "NetCashProvidedByUsedInFinancingActivities",
                "unit": "usd",
                "value": 32000
            },
            {
                "label": "Effect of changes in exchange rates on cash, cash equivalents and restricted cash",
                "concept": "EffectOfExchangeRateOnCashCashEquivalentsRestrictedCashAndRestrictedCashEquivalents",
                "unit": "usd",
                "value": 19000
            },
            {
                "label": "Net decrease in cash, cash equivalents and restricted cash",
                "concept": "CashCashEquivalentsRestrictedCashAndRestrictedCashEquivalentsPeriodIncreaseDecreaseIncludingExchangeRateEffect",
                "unit": "usd",
                "value": 72333000
            },
            {
                "label": "Interest paid",
                "concept": "InterestPaidNet",
                "unit": "usd",
                "value": 169000
            },
            {
                "label": "Accrued capital expenditures",
                "concept": "CapitalExpendituresIncurredButNotYetPaid",
                "unit": "usd",
                "value": 132000
            },
            {
                "label": "Shares received in cashless exercise",
                "concept": "StockIssued1",
                "unit": "usd",
                "value": "N/A"
            },
            {
                "label": "Issuance of common stock due to debt conversion",
                "concept": "ConversionOfStockAmountConverted1",
                "unit": "usd",
                "value": 7114000
            },
            {
                "label": "Non-cash lease expense",
                "concept": "immu:NonCashLeaseExpense",
                "unit": "usd",
                "value": 70000
            },
            {
                "label": "Change in operating lease liabilities",
                "concept": "immu:IncreaseDecreaseInOperatingLeaseLiabilities",
                "unit": "usd",
                "value": 81000
            }
        ],
        "ic": []
    }
}