{
    "startDate": "2020-01-01",
    "endDate": "2020-03-31",
    "year": "2020",
    "quarter": "Q1",
    "symbol": "NEE",
    "data": {
        "bs": [
            {
                "label": "Electric plant in service and other property",
                "concept": "nee:ElectricUtilityPlantInServiceAndOtherProperty",
                "unit": "usd",
                "value": 97717000000
            },
            {
                "label": "Nuclear fuel",
                "concept": "nee:NuclearFuel",
                "unit": "usd",
                "value": 1839000000
            },
            {
                "label": "Construction work in progress",
                "concept": "ConstructionInProgressGross",
                "unit": "usd",
                "value": 10201000000
            },
            {
                "label": "Accumulated depreciation and amortization",
                "concept": "nee:AccumulatedDepreciationAndAmortization",
                "unit": "usd",
                "value": 25884000000
            },
            {
                "label": "Total property, plant and equipment - net",
                "concept": "PropertyPlantAndEquipmentNet",
                "unit": "usd",
                "value": 83873000000
            },
            {
                "label": "Cash and cash equivalents",
                "concept": "CashAndCashEquivalentsAtCarryingValue",
                "unit": "usd",
                "value": 3335000000
            },
            {
                "label": "Customer receivables, net of allowances",
                "concept": "AccountsReceivableNetCurrent",
                "unit": "usd",
                "value": 2068000000
            },
            {
                "label": "Other receivables",
                "concept": "OtherReceivablesNetCurrent",
                "unit": "usd",
                "value": 553000000
            },
            {
                "label": "Materials, supplies and fossil fuel inventory",
                "concept": "InventoryNet",
                "unit": "usd",
                "value": 1371000000
            },
            {
                "label": "Regulatory assets",
                "concept": "RegulatoryAssetsCurrent",
                "unit": "usd",
                "value": 349000000
            },
            {
                "label": "Derivatives",
                "concept": "DerivativeAssetsCurrent",
                "unit": "usd",
                "value": 994000000
            },
            {
                "label": "Other",
                "concept": "OtherAssetsCurrent",
                "unit": "usd",
                "value": 1055000000
            },
            {
                "label": "Total current assets",
                "concept": "AssetsCurrent",
                "unit": "usd",
                "value": 9725000000
            },
            {
                "label": "Special use funds",
                "concept": "DecommissioningFundInvestments",
                "unit": "usd",
                "value": 6113000000
            },
            {
                "label": "Prepaid benefit costs",
                "concept": "DefinedBenefitPlanAssetsForPlanBenefitsNoncurrent",
                "unit": "usd",
                "value": 1471000000
            },
            {
                "label": "Regulatory assets",
                "concept": "RegulatoryAssetsNoncurrent",
                "unit": "usd",
                "value": 3246000000
            },
            {
                "label": "Derivatives",
                "concept": "DerivativeAssetsNoncurrent",
                "unit": "usd",
                "value": 1936000000
            },
            {
                "label": "Goodwill",
                "concept": "Goodwill",
                "unit": "usd",
                "value": 4201000000
            },
            {
                "label": "Other",
                "concept": "OtherAssetsNoncurrent",
                "unit": "usd",
                "value": 3210000000
            },
            {
                "label": "Total other assets",
                "concept": "OtherAssets",
                "unit": "usd",
                "value": 27039000000
            },
            {
                "label": "TOTAL ASSETS",
                "concept": "Assets",
                "unit": "usd",
                "value": 120637000000
            },
            {
                "label": "Common stock",
                "concept": "CommonStockValue",
                "unit": "usd",
                "value": 5000000
            },
            {
                "label": "Additional paid-in capital",
                "concept": "AdditionalPaidInCapitalCommonStock",
                "unit": "usd",
                "value": 11668000000
            },
            {
                "label": "Accumulated other comprehensive loss",
                "concept": "AccumulatedOtherComprehensiveIncomeLossNetOfTax",
                "unit": "usd",
                "value": 192000000
            },
            {
                "label": "Total common shareholders' equity",
                "concept": "StockholdersEquity",
                "unit": "usd",
                "value": 36403000000
            },
            {
                "label": "Noncontrolling interests",
                "concept": "MinorityInterest",
                "unit": "usd",
                "value": 4472000000
            },
            {
                "label": "Total equity",
                "concept": "StockholdersEquityIncludingPortionAttributableToNoncontrollingInterest",
                "unit": "usd",
                "value": 40875000000
            },
            {
                "label": "Redeemable noncontrolling interests",
                "concept": "RedeemableNoncontrollingInterestEquityCarryingAmount",
                "unit": "usd",
                "value": 238000000
            },
            {
                "label": "Long-term debt",
                "concept": "LongTermDebtNoncurrent",
                "unit": "usd",
                "value": 41116000000
            },
            {
                "label": "Total capitalization",
                "concept": "CapitalizationLongtermDebtAndEquity",
                "unit": "usd",
                "value": 82229000000
            },
            {
                "label": "Commercial paper",
                "concept": "CommercialPaper",
                "unit": "usd",
                "value": 1576000000
            },
            {
                "label": "Other short-term debt",
                "concept": "OtherShortTermBorrowings",
                "unit": "usd",
                "value": 2025000000
            },
            {
                "label": "Current portion of long-term debt",
                "concept": "LongTermDebtCurrent",
                "unit": "usd",
                "value": 2489000000
            },
            {
                "label": "Accounts payable",
                "concept": "AccountsPayableCurrentAndNoncurrent",
                "unit": "usd",
                "value": 3350000000
            },
            {
                "label": "Customer deposits",
                "concept": "ContractWithCustomerLiabilityCurrent",
                "unit": "usd",
                "value": 502000000
            },
            {
                "label": "Accrued interest and taxes",
                "concept": "nee:AccruedInterestAndTaxes",
                "unit": "usd",
                "value": 711000000
            },
            {
                "label": "Derivatives",
                "concept": "DerivativeLiabilitiesCurrent",
                "unit": "usd",
                "value": 448000000
            },
            {
                "label": "Accrued construction-related expenditures",
                "concept": "ConstructionPayableCurrent",
                "unit": "usd",
                "value": 887000000
            },
            {
                "label": "Regulatory liabilities",
                "concept": "RegulatoryLiabilityCurrent",
                "unit": "usd",
                "value": 312000000
            },
            {
                "label": "Other",
                "concept": "OtherLiabilitiesCurrent",
                "unit": "usd",
                "value": 1422000000
            },
            {
                "label": "Total current liabilities",
                "concept": "LiabilitiesCurrent",
                "unit": "usd",
                "value": 13722000000
            },
            {
                "label": "Asset retirement obligations",
                "concept": "AssetRetirementObligationsNoncurrent",
                "unit": "usd",
                "value": 3479000000
            },
            {
                "label": "Deferred income taxes",
                "concept": "DeferredIncomeTaxLiabilitiesNet",
                "unit": "usd",
                "value": 8082000000
            },
            {
                "label": "Regulatory liabilities",
                "concept": "RegulatoryLiabilityNoncurrent",
                "unit": "usd",
                "value": 9282000000
            },
            {
                "label": "Derivatives",
                "concept": "DerivativeLiabilitiesNoncurrent",
                "unit": "usd",
                "value": 1856000000
            },
            {
                "label": "Other",
                "concept": "OtherLiabilitiesNoncurrent",
                "unit": "usd",
                "value": 1987000000
            },
            {
                "label": "Total other liabilities and deferred credits",
                "concept": "LiabilitiesNoncurrent",
                "unit": "usd",
                "value": 24686000000
            },
            {
                "label": "COMMITMENTS AND CONTINGENCIES",
                "concept": "CommitmentsAndContingencies",
                "unit": "usd",
                "value": "N/A"
            },
            {
                "label": "TOTAL CAPITALIZATION AND LIABILITIES",
                "concept": "LiabilitiesAndStockholdersEquity",
                "unit": "usd",
                "value": 120637000000
            }
        ],
        "cf": [
            {
                "label": "Net Income",
                "concept": "ProfitLoss",
                "unit": "usd",
                "value": 308000000
            },
            {
                "label": "Depreciation and amortization",
                "concept": "DepreciationAndAmortization",
                "unit": "usd",
                "value": 848000000
            },
            {
                "label": "Nuclear fuel and other amortization",
                "concept": "nee:NuclearFuelAndOtherAmortization",
                "unit": "usd",
                "value": 74000000
            },
            {
                "label": "Unrealized losses on marked to market derivative contracts \u2013 net",
                "concept": "UnrealizedGainLossOnDerivativesAndCommodityContracts",
                "unit": "usd",
                "value": 563000000
            },
            {
                "label": "Foreign currency transaction gains",
                "concept": "ForeignCurrencyTransactionGainLossBeforeTax",
                "unit": "usd",
                "value": 39000000
            },
            {
                "label": "Deferred income taxes",
                "concept": "DeferredIncomeTaxExpenseBenefit",
                "unit": "usd",
                "value": 180000000
            },
            {
                "label": "Cost recovery clauses and franchise fees",
                "concept": "nee:CostRecoveryClausesAndFranchiseFees",
                "unit": "usd",
                "value": 10000000
            },
            {
                "label": "Equity in earnings of equity method investees",
                "concept": "IncomeLossFromEquityMethodInvestments",
                "unit": "usd",
                "value": 390000000
            },
            {
                "label": "Distributions of earnings from equity method investees",
                "concept": "EquityMethodInvestmentDividendsOrDistributions",
                "unit": "usd",
                "value": 100000000
            },
            {
                "label": "Gains on disposal of businesses, assets and investments \u2013 net",
                "concept": "GainLossOnDispositionOfAssets1",
                "unit": "usd",
                "value": 297000000
            },
            {
                "label": "Other - net",
                "concept": "OtherOperatingActivitiesCashFlowStatement",
                "unit": "usd",
                "value": 311000000
            },
            {
                "label": "Current assets",
                "concept": "IncreaseDecreaseInOtherCurrentAssets",
                "unit": "usd",
                "value": 142000000
            },
            {
                "label": "Noncurrent assets",
                "concept": "IncreaseDecreaseInOtherNoncurrentAssets",
                "unit": "usd",
                "value": 56000000
            },
            {
                "label": "Current liabilities",
                "concept": "IncreaseDecreaseInOtherCurrentLiabilities",
                "unit": "usd",
                "value": 245000000
            },
            {
                "label": "Noncurrent liabilities",
                "concept": "IncreaseDecreaseInOtherNoncurrentLiabilities",
                "unit": "usd",
                "value": 15000000
            },
            {
                "label": "Net cash provided by operating activities",
                "concept": "NetCashProvidedByUsedInOperatingActivities",
                "unit": "usd",
                "value": 1894000000
            },
            {
                "label": "Capital expenditures of FPL",
                "concept": "nee:CapitalExpendituresOfPublicUtility",
                "unit": "usd",
                "value": 1394000000
            },
            {
                "label": "Acquisition and capital expenditures of Gulf Power",
                "concept": "nee:PaymentsToAcquireBusinessesGrossAndRelatedCapitalExpenditures",
                "unit": "usd",
                "value": 340000000
            },
            {
                "label": "Independent power and other investments of NEER",
                "concept": "nee:IndependentPowerInvestments",
                "unit": "usd",
                "value": 1492000000
            },
            {
                "label": "Nuclear fuel purchases",
                "concept": "PaymentsForProceedsFromNuclearFuel",
                "unit": "usd",
                "value": 57000000
            },
            {
                "label": "Other capital expenditures, acquisitions and other investments",
                "concept": "nee:OtherCapitalExpenditures",
                "unit": "usd",
                "value": 1000000
            },
            {
                "label": "Proceeds from sale or maturity of securities in special use funds",
                "concept": "ProceedsFromDecommissioningFund",
                "unit": "usd",
                "value": 1081000000
            },
            {
                "label": "Purchases of securities in special use funds",
                "concept": "PaymentsToInvestInDecommissioningFund",
                "unit": "usd",
                "value": 1084000000
            },
            {
                "label": "Other - net",
                "concept": "PaymentsForProceedsFromOtherInvestingActivities",
                "unit": "usd",
                "value": 152000000
            },
            {
                "label": "Net cash used in investing activities",
                "concept": "NetCashProvidedByUsedInInvestingActivities",
                "unit": "usd",
                "value": 3135000000
            },
            {
                "label": "Issuances of long-term debt",
                "concept": "ProceedsFromIssuanceOfLongTermDebt",
                "unit": "usd",
                "value": 4354000000
            },
            {
                "label": "Retirements of long-term debt",
                "concept": "RepaymentsOfLongTermDebt",
                "unit": "usd",
                "value": 312000000
            },
            {
                "label": "Net change in commercial paper",
                "concept": "ProceedsFromRepaymentsOfCommercialPaper",
                "unit": "usd",
                "value": 940000000
            },
            {
                "label": "Proceeds from other short-term debt",
                "concept": "ProceedsFromOtherShortTermDebt",
                "unit": "usd",
                "value": 1625000000
            },
            {
                "label": "Repayments of other short-term debt",
                "concept": "RepaymentsOfOtherShortTermDebt",
                "unit": "usd",
                "value": "N/A"
            },
            {
                "label": "Payments from (to) related parties under a cash sweep and credit support agreement \u2013 net",
                "concept": "ProceedsFromRepaymentsOfRelatedPartyDebt",
                "unit": "usd",
                "value": 48000000
            },
            {
                "label": "Issuances of common stock/equity units - net",
                "concept": "PaymentsOfStockIssuanceCosts",
                "unit": "usd",
                "value": 57000000
            },
            {
                "label": "Dividends",
                "concept": "PaymentsOfDividends",
                "unit": "usd",
                "value": 685000000
            },
            {
                "label": "Other - net",
                "concept": "ProceedsFromPaymentsForOtherFinancingActivities",
                "unit": "usd",
                "value": 72000000
            },
            {
                "label": "Net cash provided by (used in) financing activities",
                "concept": "NetCashProvidedByUsedInFinancingActivities",
                "unit": "usd",
                "value": 3961000000
            },
            {
                "label": "Effects of currency translation on cash, cash equivalents and restricted cash",
                "concept": "EffectOfExchangeRateOnCashCashEquivalentsRestrictedCashAndRestrictedCashEquivalents",
                "unit": "usd",
                "value": 6000000
            },
            {
                "label": "Net increase (decrease) in cash, cash equivalents and restricted cash",
                "concept": "CashCashEquivalentsRestrictedCashAndRestrictedCashEquivalentsPeriodIncreaseDecreaseIncludingExchangeRateEffect",
                "unit": "usd",
                "value": 2726000000
            },
            {
                "label": "Accrued property additions",
                "concept": "CapitalExpendituresIncurredButNotYetPaid",
                "unit": "usd",
                "value": 3194000000
            },
            {
                "label": "Increase in property, plant and equipment related to an acquisition",
                "concept": "nee:IncreaseInPropertyPlantAndEquipmentAcquisition",
                "unit": "usd",
                "value": 353000000
            },
            {
                "label": "Decrease in joint venture investments related to an acquisition",
                "concept": "nee:DecreaseInJointVentureInvestmentsAcquisition",
                "unit": "usd",
                "value": 145000000
            }
        ],
        "ic": [
            {
                "label": "OPERATING REVENUES",
                "concept": "RegulatedAndUnregulatedOperatingRevenue",
                "unit": "usd",
                "value": 4613000000
            },
            {
                "label": "Fuel, purchased power and interchange",
                "concept": "nee:FuelPurchasedPowerAndInterchangeExpense",
                "unit": "usd",
                "value": 821000000
            },
            {
                "label": "Other operations and maintenance",
                "concept": "UtilitiesOperatingExpenseMaintenanceAndOperations",
                "unit": "usd",
                "value": 830000000
            },
            {
                "label": "Depreciation and amortization",
                "concept": "nee:DepreciationAndAmortizationExcludingNuclearFuel",
                "unit": "usd",
                "value": 848000000
            },
            {
                "label": "Gains on disposal of businesses/assets - net",
                "concept": "DisposalGroupNotDiscontinuedOperationGainLossOnDisposal",
                "unit": "usd",
                "value": 273000000
            },
            {
                "label": "Taxes other than income taxes and other - net",
                "concept": "TaxesExcludingIncomeAndExciseTaxes",
                "unit": "usd",
                "value": 406000000
            },
            {
                "label": "Total operating expenses - net",
                "concept": "OperatingExpenses",
                "unit": "usd",
                "value": 2632000000
            },
            {
                "label": "OPERATING INCOME",
                "concept": "OperatingIncomeLoss",
                "unit": "usd",
                "value": 1981000000
            },
            {
                "label": "Interest expense",
                "concept": "nee:InterestExpenseAggregateExpenses",
                "unit": "usd",
                "value": 1311000000
            },
            {
                "label": "Equity in earnings (losses) of equity method investees",
                "concept": "IncomeLossFromEquityMethodInvestments",
                "unit": "usd",
                "value": 390000000
            },
            {
                "label": "Allowance for equity funds used during construction",
                "concept": "PublicUtilitiesAllowanceForFundsUsedDuringConstructionCapitalizedCostOfEquity",
                "unit": "usd",
                "value": 22000000
            },
            {
                "label": "Interest income",
                "concept": "nee:InterestIncome",
                "unit": "usd",
                "value": 13000000
            },
            {
                "label": "Gains on disposal of investments and other property - net",
                "concept": "GainLossOnInvestments",
                "unit": "usd",
                "value": 24000000
            },
            {
                "label": "Change in unrealized gains (losses) on equity securities held in NEER's nuclear decommissioning funds - net",
                "concept": "nee:OtherThanTemporaryImpairmentLossesOnSecuritiesHeldInNuclearDecommissioningFunds",
                "unit": "usd",
                "value": 328000000
            },
            {
                "label": "Other net periodic benefit income",
                "concept": "AmountRecognizedInNetPeriodicBenefitCostAndOtherComprehensiveIncomeLossBeforeTax",
                "unit": "usd",
                "value": 52000000
            },
            {
                "label": "Other - net",
                "concept": "OtherNonoperatingIncomeExpense",
                "unit": "usd",
                "value": 10000000
            },
            {
                "label": "Total other income (deductions) - net",
                "concept": "NonoperatingIncomeExpense",
                "unit": "usd",
                "value": 1908000000
            },
            {
                "label": "INCOME BEFORE INCOME TAXES",
                "concept": "IncomeLossFromContinuingOperationsBeforeIncomeTaxesExtraordinaryItemsNoncontrollingInterest",
                "unit": "usd",
                "value": 73000000
            },
            {
                "label": "INCOME TAX EXPENSE (BENEFIT)",
                "concept": "IncomeTaxExpenseBenefit",
                "unit": "usd",
                "value": 235000000
            },
            {
                "label": "Net Income (Loss)",
                "concept": "ProfitLoss",
                "unit": "usd",
                "value": 308000000
            },
            {
                "label": "NET LOSS ATTRIBUTABLE TO NONCONTROLLING INTERESTS",
                "concept": "NetIncomeLossAttributableToNoncontrollingInterest",
                "unit": "usd",
                "value": 113000000
            },
            {
                "label": "Net Income (Loss) Attributable to Parent",
                "concept": "NetIncomeLoss",
                "unit": "usd",
                "value": 421000000
            }
        ]
    }
}