{
    "startDate": "2019-12-30",
    "endDate": "2020-04-05",
    "year": "2020",
    "quarter": "Q1",
    "symbol": "TILE",
    "data": {
        "bs": [
            {
                "label": "Cash and cash equivalents",
                "concept": "CashAndCashEquivalentsAtCarryingValue",
                "unit": "usd",
                "value": 72651000
            },
            {
                "label": "Accounts receivable, net",
                "concept": "AccountsReceivableNetCurrent",
                "unit": "usd",
                "value": 145339000
            },
            {
                "label": "Inventories, net",
                "concept": "InventoryNet",
                "unit": "usd",
                "value": 271151000
            },
            {
                "label": "Prepaid expenses and other current assets",
                "concept": "PrepaidExpenseAndOtherAssetsCurrent",
                "unit": "usd",
                "value": 44770000
            },
            {
                "label": "Total current assets",
                "concept": "AssetsCurrent",
                "unit": "usd",
                "value": 533911000
            },
            {
                "label": "Property and equipment, net",
                "concept": "PropertyPlantAndEquipmentNet",
                "unit": "usd",
                "value": 328726000
            },
            {
                "label": "Operating lease right-of-use assets",
                "concept": "OperatingLeaseRightOfUseAsset",
                "unit": "usd",
                "value": 103637000
            },
            {
                "label": "Deferred tax asset",
                "concept": "DeferredIncomeTaxAssetsNet",
                "unit": "usd",
                "value": 23387000
            },
            {
                "label": "Goodwill and intangibles, net",
                "concept": "IntangibleAssetsNetIncludingGoodwill",
                "unit": "usd",
                "value": 219812000
            },
            {
                "label": "Other assets",
                "concept": "OtherAssetsNoncurrent",
                "unit": "usd",
                "value": 77610000
            },
            {
                "label": "Total assets",
                "concept": "Assets",
                "unit": "usd",
                "value": 1287083000
            },
            {
                "label": "Accounts payable",
                "concept": "AccountsPayableCurrent",
                "unit": "usd",
                "value": 68695000
            },
            {
                "label": "Accrued expenses",
                "concept": "AccruedLiabilitiesCurrent",
                "unit": "usd",
                "value": 115934000
            },
            {
                "label": "Current portion of operating lease liabilities",
                "concept": "OperatingLeaseLiabilityCurrent",
                "unit": "usd",
                "value": 14812000
            },
            {
                "label": "Current portion of long-term debt",
                "concept": "LongTermDebtCurrent",
                "unit": "usd",
                "value": 30850000
            },
            {
                "label": "Total current liabilities",
                "concept": "LiabilitiesCurrent",
                "unit": "usd",
                "value": 230291000
            },
            {
                "label": "Long-term debt",
                "concept": "LongTermDebtNoncurrent",
                "unit": "usd",
                "value": 596423000
            },
            {
                "label": "Operating lease liabilities",
                "concept": "OperatingLeaseLiabilityNoncurrent",
                "unit": "usd",
                "value": 87847000
            },
            {
                "label": "Deferred income taxes",
                "concept": "DeferredIncomeTaxLiabilitiesNet",
                "unit": "usd",
                "value": 32706000
            },
            {
                "label": "Other long-term liabilities",
                "concept": "OtherLiabilitiesNoncurrent",
                "unit": "usd",
                "value": 101161000
            },
            {
                "label": "Total liabilities",
                "concept": "Liabilities",
                "unit": "usd",
                "value": 1048428000
            },
            {
                "label": "Commitments and Contingencies",
                "concept": "CommitmentsAndContingencies",
                "unit": "usd",
                "value": "N/A"
            },
            {
                "label": "Preferred stock",
                "concept": "PreferredStockValue",
                "unit": "usd",
                "value": "N/A"
            },
            {
                "label": "Common stock",
                "concept": "CommonStockValue",
                "unit": "usd",
                "value": 5849000
            },
            {
                "label": "Additional paid-in capital",
                "concept": "AdditionalPaidInCapitalCommonStock",
                "unit": "usd",
                "value": 246378000
            },
            {
                "label": "Retained earnings",
                "concept": "RetainedEarningsAccumulatedDeficit",
                "unit": "usd",
                "value": 180082000
            },
            {
                "label": "Accumulated other comprehensive loss \u2013 foreign currency translation",
                "concept": "AccumulatedOtherComprehensiveIncomeLossForeignCurrencyTranslationAdjustmentNetOfTax",
                "unit": "usd",
                "value": 128384000
            },
            {
                "label": "Accumulated other comprehensive loss \u2013 cash flow hedge",
                "concept": "AccumulatedOtherComprehensiveIncomeLossCumulativeChangesInNetGainLossFromCashFlowHedgesEffectNetOfTax",
                "unit": "usd",
                "value": 10303000
            },
            {
                "label": "Accumulated other comprehensive loss \u2013 pension liability",
                "concept": "AccumulatedOtherComprehensiveIncomeLossDefinedBenefitPensionAndOtherPostretirementPlansNetOfTax",
                "unit": "usd",
                "value": 54967000
            },
            {
                "label": "Total shareholders\u2019 equity",
                "concept": "StockholdersEquity",
                "unit": "usd",
                "value": 238655000
            },
            {
                "label": "Total liabilities and shareholders\u2019 equity",
                "concept": "LiabilitiesAndStockholdersEquity",
                "unit": "usd",
                "value": 1287083000
            }
        ],
        "cf": [
            {
                "label": "Stock compensation amortization (benefit) expense",
                "concept": "EmployeeBenefitsAndShareBasedCompensation",
                "unit": "usd",
                "value": 2932000
            },
            {
                "label": "Deferred income taxes and other",
                "concept": "DeferredIncomeTaxesAndTaxCredits",
                "unit": "usd",
                "value": 15732000
            },
            {
                "label": "Amortization of acquired intangible assets",
                "concept": "AmortizationOfIntangibleAssets",
                "unit": "usd",
                "value": 1315000
            },
            {
                "label": "Accounts receivable",
                "concept": "IncreaseDecreaseInAccountsReceivable",
                "unit": "usd",
                "value": 28635000
            },
            {
                "label": "Inventories",
                "concept": "IncreaseDecreaseInInventories",
                "unit": "usd",
                "value": 22514000
            },
            {
                "label": "Prepaid expenses and current assets",
                "concept": "IncreaseDecreaseInPrepaidDeferredExpenseAndOtherAssets",
                "unit": "usd",
                "value": 7464000
            },
            {
                "label": "Accounts payable and accrued expenses",
                "concept": "IncreaseDecreaseInAccountsPayableAndAccruedLiabilities",
                "unit": "usd",
                "value": 27056000
            },
            {
                "label": "CASH USED IN OPERATING ACTIVITIES",
                "concept": "NetCashProvidedByUsedInOperatingActivities",
                "unit": "usd",
                "value": 15717000
            },
            {
                "label": "Capital expenditures",
                "concept": "PaymentsToAcquirePropertyPlantAndEquipment",
                "unit": "usd",
                "value": 22204000
            },
            {
                "label": "Other",
                "concept": "PaymentsForProceedsFromOtherInvestingActivities",
                "unit": "usd",
                "value": 90000
            },
            {
                "label": "CASH USED IN INVESTING ACTIVITIES",
                "concept": "NetCashProvidedByUsedInInvestingActivities",
                "unit": "usd",
                "value": 22294000
            },
            {
                "label": "Repayments of long-term debt",
                "concept": "RepaymentsOfLinesOfCredit",
                "unit": "usd",
                "value": 19875000
            },
            {
                "label": "Borrowing of long-term debt",
                "concept": "ProceedsFromIssuanceOfSecuredDebt",
                "unit": "usd",
                "value": 54000000
            },
            {
                "label": "Tax withholding payments for share-based compensation",
                "concept": "PaymentsRelatedToTaxWithholdingForShareBasedCompensation",
                "unit": "usd",
                "value": 1344000
            },
            {
                "label": "Proceeds from issuance of common stock",
                "concept": "ProceedsFromIssuanceOfCommonStock",
                "unit": "usd",
                "value": 93000
            },
            {
                "label": "Dividends paid",
                "concept": "PaymentsOfDividends",
                "unit": "usd",
                "value": "N/A"
            },
            {
                "label": "Other",
                "concept": "ProceedsFromPaymentsForOtherFinancingActivities",
                "unit": "usd",
                "value": 399000
            },
            {
                "label": "CASH PROVIDED BY FINANCING ACTIVITIES:",
                "concept": "NetCashProvidedByUsedInFinancingActivities",
                "unit": "usd",
                "value": 32475000
            },
            {
                "label": "Net cash provided by operating, investing and financing activities",
                "concept": "CashCashEquivalentsRestrictedCashAndRestrictedCashEquivalentsPeriodIncreaseDecreaseExcludingExchangeRateEffect",
                "unit": "usd",
                "value": 5536000
            },
            {
                "label": "Effect of exchange rate changes on cash",
                "concept": "EffectOfExchangeRateOnCashCashEquivalentsRestrictedCashAndRestrictedCashEquivalents",
                "unit": "usd",
                "value": 3114000
            },
            {
                "label": "Net change during the period",
                "concept": "CashCashEquivalentsRestrictedCashAndRestrictedCashEquivalentsPeriodIncreaseDecreaseIncludingExchangeRateEffect",
                "unit": "usd",
                "value": 8650000
            }
        ],
        "ic": [
            {
                "label": "Net income (loss)",
                "concept": "NetIncomeLoss",
                "unit": "usd",
                "value": 102167000
            },
            {
                "label": "Weighted Average Shares Outstanding (in shares)",
                "concept": "tile:WeightedAverageSharesOutstandingBasicExcludingParticipatingSecurities",
                "unit": "shares",
                "value": 58060000
            },
            {
                "label": "Participating Securities (in shares)",
                "concept": "tile:ParticipatingSecurities",
                "unit": "shares",
                "value": 390000
            },
            {
                "label": "Shares for Basic Earnings Per Share (in shares)",
                "concept": "WeightedAverageNumberOfSharesOutstandingBasic",
                "unit": "shares",
                "value": 58450000
            },
            {
                "label": "Dilutive Effect of Stock Options (in shares)",
                "concept": "IncrementalCommonSharesAttributableToShareBasedPaymentArrangements",
                "unit": "shares",
                "value": 2000
            },
            {
                "label": "Shares for Diluted Earnings Per Share (in shares)",
                "concept": "WeightedAverageNumberOfDilutedSharesOutstanding",
                "unit": "shares",
                "value": 58452000
            }
        ]
    }
}