{
    "startDate": "2020-01-01",
    "endDate": "2020-03-31",
    "year": "2020",
    "quarter": "Q1",
    "symbol": "QDEL",
    "data": {
        "bs": [],
        "cf": [
            {
                "label": "Net income",
                "concept": "NetIncomeLoss",
                "unit": "usd",
                "value": 40237000
            },
            {
                "label": "Depreciation, amortization and other",
                "concept": "DepreciationDepletionAndAmortization",
                "unit": "usd",
                "value": 12480000
            },
            {
                "label": "Stock-based compensation expense",
                "concept": "ShareBasedCompensation",
                "unit": "usd",
                "value": 3878000
            },
            {
                "label": "Amortization of debt discount and deferred issuance costs",
                "concept": "AmortizationOfFinancingCostsAndDiscounts",
                "unit": "usd",
                "value": 217000
            },
            {
                "label": "Accretion of interest on deferred consideration",
                "concept": "AccretionExpense",
                "unit": "usd",
                "value": 1895000
            },
            {
                "label": "Change in deferred tax assets and liabilities",
                "concept": "DeferredIncomeTaxExpenseBenefit",
                "unit": "usd",
                "value": 78000
            },
            {
                "label": "Accounts receivable",
                "concept": "IncreaseDecreaseInAccountsReceivable",
                "unit": "usd",
                "value": 7737000
            },
            {
                "label": "Inventories",
                "concept": "IncreaseDecreaseInInventories",
                "unit": "usd",
                "value": 602000
            },
            {
                "label": "Prepaid expenses and other current and non-current assets",
                "concept": "IncreaseDecreaseInPrepaidExpensesOther",
                "unit": "usd",
                "value": 321000
            },
            {
                "label": "Accounts payable",
                "concept": "IncreaseDecreaseInAccountsPayable",
                "unit": "usd",
                "value": 6639000
            },
            {
                "label": "Accrued payroll and related expenses",
                "concept": "IncreaseDecreaseInEmployeeRelatedLiabilities",
                "unit": "usd",
                "value": 2860000
            },
            {
                "label": "Other current and non-current liabilities",
                "concept": "IncreaseDecreaseInOtherOperatingLiabilities",
                "unit": "usd",
                "value": 6634000
            },
            {
                "label": "Net cash provided by operating activities:",
                "concept": "NetCashProvidedByUsedInOperatingActivities",
                "unit": "usd",
                "value": 61180000
            },
            {
                "label": "Acquisitions of property, equipment and intangibles",
                "concept": "PaymentsToAcquirePropertyPlantAndEquipment",
                "unit": "usd",
                "value": 5884000
            },
            {
                "label": "Net cash used for investing activities:",
                "concept": "NetCashProvidedByUsedInInvestingActivities",
                "unit": "usd",
                "value": 5884000
            },
            {
                "label": "Proceeds from issuance of common stock",
                "concept": "ProceedsFromIssuanceOfCommonStock",
                "unit": "usd",
                "value": 2805000
            },
            {
                "label": "Payments on Revolving Credit Facility",
                "concept": "RepaymentsOfLinesOfCredit",
                "unit": "usd",
                "value": 112000
            },
            {
                "label": "Payments on finance lease obligation",
                "concept": "FinanceLeasePrincipalPayments",
                "unit": "usd",
                "value": "N/A"
            },
            {
                "label": "Repurchases of common stock",
                "concept": "PaymentsForRepurchaseOfCommonStock",
                "unit": "usd",
                "value": 1954000
            },
            {
                "label": "Payments of acquisition contingent consideration",
                "concept": "PaymentForContingentConsiderationLiabilityFinancingActivities",
                "unit": "usd",
                "value": 34000
            },
            {
                "label": "Net cash provided by (used for) financing activities:",
                "concept": "NetCashProvidedByUsedInFinancingActivities",
                "unit": "usd",
                "value": 705000
            },
            {
                "label": "Effect of exchange rates on cash",
                "concept": "EffectOfExchangeRateOnCash",
                "unit": "usd",
                "value": 6000
            },
            {
                "label": "Net increase in cash and cash equivalents",
                "concept": "CashCashEquivalentsRestrictedCashAndRestrictedCashEquivalentsPeriodIncreaseDecreaseIncludingExchangeRateEffect",
                "unit": "usd",
                "value": 55995000
            },
            {
                "label": "Purchase of property, equipment and intangibles by incurring current liabilities",
                "concept": "NoncashOrPartNoncashAcquisitionFixedAssetsAcquired1",
                "unit": "usd",
                "value": 860000
            }
        ],
        "ic": [
            {
                "label": "Net income",
                "concept": "NetIncomeLoss",
                "unit": "usd",
                "value": 40237000
            },
            {
                "label": "Changes in cumulative translation adjustment, net of tax",
                "concept": "OtherComprehensiveIncomeLossForeignCurrencyTransactionAndTranslationAdjustmentNetOfTax",
                "unit": "usd",
                "value": 65000
            },
            {
                "label": "Net unrealized gains on derivative instruments",
                "concept": "OtherComprehensiveIncomeLossCashFlowHedgeGainLossBeforeReclassificationAfterTax",
                "unit": "usd",
                "value": 406000
            },
            {
                "label": "Reclassification of net realized gains on derivative instruments included in net income",
                "concept": "OtherComprehensiveIncomeLossCashFlowHedgeGainLossReclassificationAfterTax",
                "unit": "usd",
                "value": 141000
            },
            {
                "label": "Total change in unrealized gains from cash flow hedges, net of tax",
                "concept": "OtherComprehensiveIncomeLossCashFlowHedgeGainLossAfterReclassificationAndTax",
                "unit": "usd",
                "value": 265000
            },
            {
                "label": "Comprehensive income",
                "concept": "ComprehensiveIncomeNetOfTax",
                "unit": "usd",
                "value": 40437000
            }
        ]
    }
}