{
    "startDate": "2020-01-01",
    "endDate": "2020-03-31",
    "year": "2020",
    "quarter": "Q3",
    "symbol": "MDP",
    "data": {
        "bs": [
            {
                "label": "Cash and cash equivalents",
                "concept": "CashAndCashEquivalentsAtCarryingValue",
                "unit": "usd",
                "value": 103400000.0
            },
            {
                "label": "Accounts receivable, net",
                "concept": "AccountsReceivableNetCurrent",
                "unit": "usd",
                "value": 509900000.0
            },
            {
                "label": "Inventories",
                "concept": "InventoryNet",
                "unit": "usd",
                "value": 40700000.0
            },
            {
                "label": "Current portion of subscription acquisition costs",
                "concept": "CapitalizedContractCostNetCurrent",
                "unit": "usd",
                "value": 226800000.0
            },
            {
                "label": "Assets held-for-sale",
                "concept": "AssetsOfDisposalGroupIncludingDiscontinuedOperationCurrent",
                "unit": "usd",
                "value": "N/A"
            },
            {
                "label": "Other current assets",
                "concept": "OtherAssetsCurrent",
                "unit": "usd",
                "value": 69900000.0
            },
            {
                "label": "Total current assets",
                "concept": "AssetsCurrent",
                "unit": "usd",
                "value": 950700000.0
            },
            {
                "label": "Property, plant, and equipment",
                "concept": "mdp:PropertyPlantAndEquipmentandFinanceLeaseRightOfUseAssetBeforeAccumulatedDepreciationAndAmortization",
                "unit": "usd",
                "value": 887000000.0
            },
            {
                "label": "Less accumulated depreciation",
                "concept": "mdp:PropertyPlantAndEquipmentAndFinanceLeaseRightOfUseAssetAccumulatedDepreciationAndAmortization",
                "unit": "usd",
                "value": 474300000.0
            },
            {
                "label": "Net property, plant, and equipment",
                "concept": "mdp:PropertyPlantAndEquipmentAndFinanceLeaseRightOfUseAssetAfterAccumulatedDepreciationAndAmortization",
                "unit": "usd",
                "value": 412700000.0
            },
            {
                "label": "Subscription acquisition costs",
                "concept": "CapitalizedContractCostNetNoncurrent",
                "unit": "usd",
                "value": 229700000.0
            },
            {
                "label": "Other assets",
                "concept": "OtherAssetsNoncurrent",
                "unit": "usd",
                "value": 260600000.00000003
            },
            {
                "label": "Intangible assets, net",
                "concept": "IntangibleAssetsNetExcludingGoodwill",
                "unit": "usd",
                "value": 1676800000.0
            },
            {
                "label": "Total assets",
                "concept": "Assets",
                "unit": "usd",
                "value": 5664700000.0
            },
            {
                "label": "Current portion of operating lease liabilities",
                "concept": "OperatingLeaseLiabilityCurrent",
                "unit": "usd",
                "value": 35500000.0
            },
            {
                "label": "Accounts payable",
                "concept": "AccountsPayableCurrent",
                "unit": "usd",
                "value": 131900000.0
            },
            {
                "label": "Accrued expenses and other liabilities",
                "concept": "AccruedLiabilitiesCurrent",
                "unit": "usd",
                "value": 193300000.0
            },
            {
                "label": "Current portion of unearned revenues",
                "concept": "ContractWithCustomerLiabilityCurrent",
                "unit": "usd",
                "value": 412600000.0
            },
            {
                "label": "Liabilities associated with assets held-for-sale",
                "concept": "LiabilitiesOfDisposalGroupIncludingDiscontinuedOperationCurrent",
                "unit": "usd",
                "value": "N/A"
            },
            {
                "label": "Total current liabilities",
                "concept": "LiabilitiesCurrent",
                "unit": "usd",
                "value": 773300000.0
            },
            {
                "label": "Long-term debt",
                "concept": "LongTermDebtNoncurrent",
                "unit": "usd",
                "value": 2337200000.0
            },
            {
                "label": "Operating lease liabilities",
                "concept": "OperatingLeaseLiabilityNoncurrent",
                "unit": "usd",
                "value": 476800000.0
            },
            {
                "label": "Deferred income taxes",
                "concept": "DeferredIncomeTaxLiabilitiesNet",
                "unit": "usd",
                "value": 461600000.0
            },
            {
                "label": "Other noncurrent liabilities",
                "concept": "OtherLiabilitiesNoncurrent",
                "unit": "usd",
                "value": 200300000.0
            },
            {
                "label": "Total liabilities",
                "concept": "Liabilities",
                "unit": "usd",
                "value": 4518800000.0
            },
            {
                "label": "Redeemable, convertible Series A preferred stock, par value $1 per share, $1,000 per share liquidation preference",
                "concept": "TemporaryEquityCarryingAmountAttributableToParent",
                "unit": "usd",
                "value": 553800000.0
            },
            {
                "label": "Series preferred stock, par value $1 per share",
                "concept": "PreferredStockValueOutstanding",
                "unit": "usd",
                "value": "N/A"
            },
            {
                "label": "Additional paid-in capital",
                "concept": "AdditionalPaidInCapital",
                "unit": "usd",
                "value": 225200000.0
            },
            {
                "label": "Retained earnings",
                "concept": "RetainedEarningsAccumulatedDeficit",
                "unit": "usd",
                "value": 371600000.0
            },
            {
                "label": "Accumulated other comprehensive loss",
                "concept": "AccumulatedOtherComprehensiveIncomeLossNetOfTax",
                "unit": "usd",
                "value": 50100000.0
            },
            {
                "label": "Total shareholders' equity",
                "concept": "StockholdersEquity",
                "unit": "usd",
                "value": 592100000.0
            },
            {
                "label": "Total liabilities, redeemable convertible preferred stock, and shareholders' equity",
                "concept": "LiabilitiesAndStockholdersEquity",
                "unit": "usd",
                "value": 5664700000.0
            }
        ],
        "cf": [],
        "ic": [
            {
                "label": "Production, distribution, and editorial",
                "concept": "ProductionAndDistributionCosts",
                "unit": "usd",
                "value": 257399999.99999997
            },
            {
                "label": "Selling, general, and administrative",
                "concept": "SellingGeneralAndAdministrativeExpense",
                "unit": "usd",
                "value": 294200000.0
            },
            {
                "label": "Depreciation and amortization",
                "concept": "DepreciationAndAmortization",
                "unit": "usd",
                "value": 53500000.0
            },
            {
                "label": "Impairment of goodwill and other long-lived assets",
                "concept": "GoodwillAndIntangibleAssetImpairment",
                "unit": "usd",
                "value": 384100000.0
            },
            {
                "label": "Total operating expenses",
                "concept": "CostsAndExpenses",
                "unit": "usd",
                "value": 995700000.0
            },
            {
                "label": "Income (loss) from operations",
                "concept": "OperatingIncomeLoss",
                "unit": "usd",
                "value": 294000000.0
            },
            {
                "label": "Non-operating income (expense), net",
                "concept": "NonoperatingIncomeExpense",
                "unit": "usd",
                "value": 2400000.0
            },
            {
                "label": "Interest expense, net",
                "concept": "InterestIncomeExpenseNet",
                "unit": "usd",
                "value": 36600000.0
            },
            {
                "label": "Earnings (loss) from continuing operations before income taxes",
                "concept": "IncomeLossFromContinuingOperationsBeforeIncomeTaxesExtraordinaryItemsNoncontrollingInterest",
                "unit": "usd",
                "value": 333000000.0
            },
            {
                "label": "Income tax benefit (expense)",
                "concept": "IncomeTaxExpenseBenefit",
                "unit": "usd",
                "value": 43600000.0
            },
            {
                "label": "Earnings (loss) from continuing operations",
                "concept": "IncomeLossFromContinuingOperationsIncludingPortionAttributableToNoncontrollingInterest",
                "unit": "usd",
                "value": 289400000.0
            },
            {
                "label": "Gain (loss) from discontinued operations, net of income taxes",
                "concept": "IncomeLossFromDiscontinuedOperationsNetOfTax",
                "unit": "usd",
                "value": 5000000.0
            },
            {
                "label": "Net earnings (loss)",
                "concept": "NetIncomeLoss",
                "unit": "usd",
                "value": 284400000.0
            },
            {
                "label": "Earnings (loss) attributable to common shareholders",
                "concept": "NetIncomeLossAvailableToCommonStockholdersDiluted",
                "unit": "usd",
                "value": 304100000.0
            },
            {
                "label": "Basic earnings per share for continuing operations (in usd per share)",
                "concept": "IncomeLossFromContinuingOperationsPerBasicShare",
                "unit": "usd/shares",
                "value": 6.76
            },
            {
                "label": "Basic earnings per share for discontinued operations (in usd per share)",
                "concept": "DiscontinuedOperationIncomeLossFromDiscontinuedOperationNetOfTaxPerBasicShare",
                "unit": "usd/shares",
                "value": 0.11
            },
            {
                "label": "Basic earnings (loss) per common share (in usd per share)",
                "concept": "EarningsPerShareBasic",
                "unit": "usd/shares",
                "value": 6.65
            },
            {
                "label": "Basic average common shares outstanding (in shares)",
                "concept": "WeightedAverageNumberOfSharesOutstandingBasic",
                "unit": "shares",
                "value": 45700000.0
            },
            {
                "label": "Diluted earnings per share for continuing operations (in usd per share)",
                "concept": "IncomeLossFromContinuingOperationsPerDilutedShare",
                "unit": "usd/shares",
                "value": 6.76
            },
            {
                "label": "Diluted earnings per share for discontinued operations (in usd per share)",
                "concept": "DiscontinuedOperationIncomeLossFromDiscontinuedOperationNetOfTaxPerDilutedShare",
                "unit": "usd/shares",
                "value": 0.11
            },
            {
                "label": "Diluted earnings (loss) per common share (in usd per share)",
                "concept": "EarningsPerShareDiluted",
                "unit": "usd/shares",
                "value": 6.65
            },
            {
                "label": "Diluted average common shares outstanding (in shares)",
                "concept": "WeightedAverageNumberOfDilutedSharesOutstanding",
                "unit": "shares",
                "value": 45700000.0
            }
        ]
    }
}