{
    "startDate": "2020-02-01",
    "endDate": "2020-04-30",
    "year": "2020",
    "quarter": "Q3",
    "symbol": "CMD",
    "data": {
        "bs": [
            {
                "label": "Cash and cash equivalents",
                "concept": "CashAndCashEquivalentsAtCarryingValue",
                "unit": "usd",
                "value": 115766000
            },
            {
                "label": "Accounts receivable, net of allowance for doubtful accounts of $3,077 and $2,322",
                "concept": "AccountsReceivableNetCurrent",
                "unit": "usd",
                "value": 147558000
            },
            {
                "label": "Inventories, net",
                "concept": "InventoryNet",
                "unit": "usd",
                "value": 185493000
            },
            {
                "label": "Prepaid expenses and other current assets",
                "concept": "PrepaidExpenseAndOtherAssetsCurrent",
                "unit": "usd",
                "value": 21790000
            },
            {
                "label": "Income taxes receivable",
                "concept": "IncomeTaxesReceivable",
                "unit": "usd",
                "value": 15422000
            },
            {
                "label": "Total current assets",
                "concept": "AssetsCurrent",
                "unit": "usd",
                "value": 486029000
            },
            {
                "label": "Property and equipment, net",
                "concept": "PropertyPlantAndEquipmentNet",
                "unit": "usd",
                "value": 224233000
            },
            {
                "label": "Right-of-use assets, net",
                "concept": "cmd:LeaseRightofUseAsset",
                "unit": "usd",
                "value": 50005000
            },
            {
                "label": "Intangible assets, net",
                "concept": "IntangibleAssetsNetExcludingGoodwill",
                "unit": "usd",
                "value": 486325000
            },
            {
                "label": "Goodwill",
                "concept": "Goodwill",
                "unit": "usd",
                "value": 653626000
            },
            {
                "label": "Other long-term assets",
                "concept": "OtherAssetsNoncurrent",
                "unit": "usd",
                "value": 6722000
            },
            {
                "label": "Deferred income taxes",
                "concept": "DeferredIncomeTaxAssetsNet",
                "unit": "usd",
                "value": 5432000
            },
            {
                "label": "Total assets",
                "concept": "Assets",
                "unit": "usd",
                "value": 1912372000
            },
            {
                "label": "Accounts payable",
                "concept": "AccountsPayableCurrent",
                "unit": "usd",
                "value": 52986000
            },
            {
                "label": "Compensation payable",
                "concept": "EmployeeRelatedLiabilitiesCurrent",
                "unit": "usd",
                "value": 32520000
            },
            {
                "label": "Accrued expenses",
                "concept": "AccruedLiabilitiesCurrent",
                "unit": "usd",
                "value": 37564000
            },
            {
                "label": "Deferred revenue",
                "concept": "ContractWithCustomerLiabilityCurrent",
                "unit": "usd",
                "value": 26884000
            },
            {
                "label": "Current portion of long-term debt",
                "concept": "LongTermDebtCurrent",
                "unit": "usd",
                "value": 31414000
            },
            {
                "label": "Income taxes payable",
                "concept": "AccruedIncomeTaxesCurrent",
                "unit": "usd",
                "value": 6298000
            },
            {
                "label": "Current portion of lease liabilities",
                "concept": "cmd:LeaseLiabilityCurrent",
                "unit": "usd",
                "value": 10269000
            },
            {
                "label": "Total current liabilities",
                "concept": "LiabilitiesCurrent",
                "unit": "usd",
                "value": 197935000
            },
            {
                "label": "Long-term debt",
                "concept": "LongTermDebtNoncurrent",
                "unit": "usd",
                "value": 944011000
            },
            {
                "label": "Deferred income taxes",
                "concept": "DeferredIncomeTaxLiabilitiesNet",
                "unit": "usd",
                "value": 27607000
            },
            {
                "label": "Long-term lease liabilities",
                "concept": "cmd:LeaseLiabilityNoncurrent",
                "unit": "usd",
                "value": 41701000
            },
            {
                "label": "Other long-term liabilities",
                "concept": "OtherLiabilitiesNoncurrent",
                "unit": "usd",
                "value": 12649000
            },
            {
                "label": "Total liabilities",
                "concept": "Liabilities",
                "unit": "usd",
                "value": 1223903000
            },
            {
                "label": "Commitments and contingencies (Note 12)",
                "concept": "CommitmentsAndContingencies",
                "unit": "usd",
                "value": "N/A"
            },
            {
                "label": "Preferred Stock, par value $1.00 per share; authorized 1,000,000 shares; none issued",
                "concept": "PreferredStockValue",
                "unit": "usd",
                "value": "N/A"
            },
            {
                "label": "Common Stock, par value $0.10 per share; authorized 75,000,000 shares; issued 47,229,396 shares and outstanding 42,145,737 shares at April 30, 2020; issued 46,362,902 shares and outstanding 41,771,228 shares at July 31, 2019",
                "concept": "CommonStockValue",
                "unit": "usd",
                "value": 4679000
            },
            {
                "label": "Additional paid-in capital",
                "concept": "AdditionalPaidInCapitalCommonStock",
                "unit": "usd",
                "value": 240625000
            },
            {
                "label": "Retained earnings",
                "concept": "RetainedEarningsAccumulatedDeficit",
                "unit": "usd",
                "value": 553917000
            },
            {
                "label": "Accumulated other comprehensive loss",
                "concept": "AccumulatedOtherComprehensiveIncomeLossNetOfTax",
                "unit": "usd",
                "value": 42092000
            },
            {
                "label": "Treasury Stock; 4,645,300 shares at April 30, 2020; 4,591,674 shares at July 31, 2019",
                "concept": "TreasuryStockCommonValue",
                "unit": "usd",
                "value": 68660000
            },
            {
                "label": "Total stockholders\u2019 equity",
                "concept": "StockholdersEquity",
                "unit": "usd",
                "value": 688469000
            },
            {
                "label": "Total liabilities and stockholders\u2019 equity",
                "concept": "LiabilitiesAndStockholdersEquity",
                "unit": "usd",
                "value": 1912372000
            }
        ],
        "cf": [],
        "ic": [
            {
                "label": "Net income",
                "concept": "NetIncomeLoss",
                "unit": "usd",
                "value": 15787000
            },
            {
                "label": "Foreign currency translation",
                "concept": "OtherComprehensiveIncomeForeignCurrencyTransactionAndTranslationAdjustmentNetOfTaxPortionAttributableToParent",
                "unit": "usd",
                "value": 6053000
            },
            {
                "label": "Interest rate swap, net of tax",
                "concept": "OtherComprehensiveIncomeLossDerivativeExcludedComponentIncreaseDecreaseAfterAdjustmentsAndTaxParent",
                "unit": "usd",
                "value": 19125000
            },
            {
                "label": "Total other comprehensive loss:",
                "concept": "OtherComprehensiveIncomeLossNetOfTaxPortionAttributableToParent",
                "unit": "usd",
                "value": 25178000
            },
            {
                "label": "Comprehensive (loss) income",
                "concept": "ComprehensiveIncomeNetOfTax",
                "unit": "usd",
                "value": 9391000
            }
        ]
    }
}