{
    "startDate": "2020-01-01",
    "endDate": "2020-03-31",
    "year": "2020",
    "quarter": "Q1",
    "symbol": "WFC",
    "data": {
        "bs": [
            {
                "label": "Total loans",
                "concept": "ContinuingInvolvementWithTransferredFinancialAssetsPrincipalAmountOutstanding",
                "unit": "usd",
                "value": 1099778000000
            },
            {
                "label": "Delinquent loans and foreclosed assets",
                "concept": "wfc:DelinquentAmountatEndofPeriodonLoansandForeclosedAssetsManagedandSecuritizedorAssetbackedFinancingArrangement",
                "unit": "usd",
                "value": 7007000000
            }
        ],
        "cf": [
            {
                "label": "Net income before noncontrolling interests",
                "concept": "IncomeLossFromContinuingOperationsIncludingPortionAttributableToNoncontrollingInterest",
                "unit": "usd",
                "value": 505000000
            },
            {
                "label": "Provision for credit losses",
                "concept": "ProvisionForLoanLeaseAndOtherLosses",
                "unit": "usd",
                "value": 4005000000
            },
            {
                "label": "Changes in fair value of MSRs, MLHFS and LHFS carried at fair value",
                "concept": "wfc:UnrealizedGainLossOnMortgageServicingRightsMortgagesHeldForSaleAndLoansHeldForSale",
                "unit": "usd",
                "value": 3486000000
            },
            {
                "label": "Depreciation, amortization and accretion",
                "concept": "DepreciationAmortizationAndAccretionNet",
                "unit": "usd",
                "value": 1868000000
            },
            {
                "label": "Other net (gains) losses",
                "concept": "OtherNoncashIncomeExpense",
                "unit": "usd",
                "value": 7638000000
            },
            {
                "label": "Stock-based compensation",
                "concept": "wfc:ShareBasedCompensationAndPreferredStockReleasedByEmployeeStockOptionPlan",
                "unit": "usd",
                "value": 582000000
            },
            {
                "label": "Originations and purchases of mortgage loans held for sale",
                "concept": "wfc:PaymentsforOriginationandpurchasesofMortgageLoansHeldforsale",
                "unit": "usd",
                "value": 37216000000
            },
            {
                "label": "Proceeds from sales of and paydowns on mortgage loans held for sale",
                "concept": "wfc:ProceedsFromSalesofandPaydownsonMortgagesOriginatedHeldForSale",
                "unit": "usd",
                "value": 31922000000
            },
            {
                "label": "Debt and equity securities, held for trading",
                "concept": "IncreaseDecreaseInTradingSecurities",
                "unit": "usd",
                "value": 20413000000
            },
            {
                "label": "Loans held for sale",
                "concept": "IncreaseDecreaseInLoansHeldForSale",
                "unit": "usd",
                "value": 731000000
            },
            {
                "label": "Deferred income taxes",
                "concept": "IncreaseDecreaseInDeferredIncomeTaxes",
                "unit": "usd",
                "value": 1448000000
            },
            {
                "label": "Derivative assets and liabilities",
                "concept": "IncreaseDecreaseInDerivativeAssetsAndLiabilities",
                "unit": "usd",
                "value": 4293000000
            },
            {
                "label": "Other assets",
                "concept": "IncreaseDecreaseInOtherOperatingAssets",
                "unit": "usd",
                "value": 10391000000
            },
            {
                "label": "Other accrued expenses and liabilities",
                "concept": "IncreaseDecreaseInOtherAccountsPayableAndAccruedLiabilities",
                "unit": "usd",
                "value": 933000000
            },
            {
                "label": "Net cash provided by operating activities",
                "concept": "NetCashProvidedByUsedInOperatingActivities",
                "unit": "usd",
                "value": 17273000000
            },
            {
                "label": "Federal funds sold and securities purchased under resale agreements",
                "concept": "wfc:NetChangeInFederalFundsSoldSecuritiesPurchasedUnderResaleAgreementsAndOtherShortTermInvestments",
                "unit": "usd",
                "value": 15675000000
            },
            {
                "label": "Proceeds from sales",
                "concept": "ProceedsFromSaleOfAvailableForSaleSecuritiesDebt",
                "unit": "usd",
                "value": 11843000000
            },
            {
                "label": "Prepayments and maturities",
                "concept": "ProceedsFromMaturitiesPrepaymentsAndCallsOfAvailableForSaleSecurities",
                "unit": "usd",
                "value": 14135000000
            },
            {
                "label": "Purchases",
                "concept": "PaymentsToAcquireAvailableForSaleSecuritiesDebt",
                "unit": "usd",
                "value": 18658000000
            },
            {
                "label": "Paydowns and maturities",
                "concept": "ProceedsFromMaturitiesPrepaymentsAndCallsOfHeldToMaturitySecurities",
                "unit": "usd",
                "value": 3769000000
            },
            {
                "label": "Purchases",
                "concept": "PaymentsToAcquireHeldToMaturitySecurities",
                "unit": "usd",
                "value": 19141000000
            },
            {
                "label": "Proceeds from sales and capital returns",
                "concept": "wfc:ProceedsfromSaleandCapitalReturnsofEquitySecuritiesNotHeldForTrading",
                "unit": "usd",
                "value": 1115000000
            },
            {
                "label": "Purchases",
                "concept": "wfc:PaymentstoAcquireNotHeldForTradingEquitySecurities",
                "unit": "usd",
                "value": 3338000000
            },
            {
                "label": "Loans originated by banking subsidiaries, net of principal collected",
                "concept": "wfc:PaymentsForLoansOriginatedByBankingSubsidiariesNetOfProceedsFromCollections",
                "unit": "usd",
                "value": 53400000000
            },
            {
                "label": "Proceeds from sales (including participations) of loans held for investment",
                "concept": "ProceedsFromSaleOfLoansAndLeasesHeldForInvestment",
                "unit": "usd",
                "value": 1959000000
            },
            {
                "label": "Purchases (including participations) of loans",
                "concept": "PaymentsToAcquireLoansAndLeasesHeldForInvestment",
                "unit": "usd",
                "value": 342000000
            },
            {
                "label": "Principal collected on nonbank entities\u2019 loans",
                "concept": "wfc:PrincipalCollectedOnNonbankEntitiesLoans",
                "unit": "usd",
                "value": 3837000000
            },
            {
                "label": "Loans originated by nonbank entities",
                "concept": "wfc:LoansOriginatedByNonbankEntities",
                "unit": "usd",
                "value": 2348000000
            },
            {
                "label": "Proceeds from sales of foreclosed assets and short sales",
                "concept": "wfc:ProceedsFromSaleOfForeclosedAssetsAndShortSales",
                "unit": "usd",
                "value": 500000000
            },
            {
                "label": "Other, net",
                "concept": "PaymentsForProceedsFromOtherInvestingActivities",
                "unit": "usd",
                "value": 91000000
            },
            {
                "label": "Net cash used by investing activities",
                "concept": "NetCashProvidedByUsedInInvestingActivities",
                "unit": "usd",
                "value": 44303000000
            },
            {
                "label": "Deposits",
                "concept": "IncreaseDecreaseInDeposits",
                "unit": "usd",
                "value": 53903000000
            },
            {
                "label": "Short-term borrowings",
                "concept": "ProceedsFromRepaymentsOfShortTermDebt",
                "unit": "usd",
                "value": 12223000000
            },
            {
                "label": "Proceeds from issuance",
                "concept": "ProceedsFromIssuanceOfLongTermDebtAndCapitalSecuritiesNet",
                "unit": "usd",
                "value": 18895000000
            },
            {
                "label": "Repayment",
                "concept": "RepaymentsOfLongTermDebt",
                "unit": "usd",
                "value": 17563000000
            },
            {
                "label": "Proceeds from issuance",
                "concept": "ProceedsFromIssuanceOfPreferredStockAndPreferenceStock",
                "unit": "usd",
                "value": 1968000000
            },
            {
                "label": "Redeemed",
                "concept": "PaymentsForRepurchaseOfRedeemablePreferredStock",
                "unit": "usd",
                "value": 2470000000
            },
            {
                "label": "Cash dividends paid",
                "concept": "PaymentsOfDividendsPreferredStockAndPreferenceStock",
                "unit": "usd",
                "value": 280000000
            },
            {
                "label": "Proceeds from issuance",
                "concept": "ProceedsFromIssuanceOfCommonStock",
                "unit": "usd",
                "value": 209000000
            },
            {
                "label": "Stock tendered for payment of withholding taxes",
                "concept": "PaymentsRelatedToTaxWithholdingForShareBasedCompensation",
                "unit": "usd",
                "value": 306000000
            },
            {
                "label": "Repurchased",
                "concept": "PaymentsForRepurchaseOfCommonStock",
                "unit": "usd",
                "value": 3407000000
            },
            {
                "label": "Cash dividends paid",
                "concept": "PaymentsOfDividendsCommonStock",
                "unit": "usd",
                "value": 2032000000
            },
            {
                "label": "Net change in noncontrolling interests",
                "concept": "ProceedsFromPaymentsToMinorityShareholders",
                "unit": "usd",
                "value": 29000000
            },
            {
                "label": "Other, net",
                "concept": "ProceedsFromPaymentsForOtherFinancingActivities",
                "unit": "usd",
                "value": 76000000
            },
            {
                "label": "Net cash provided (used) by financing activities",
                "concept": "NetCashProvidedByUsedInFinancingActivities",
                "unit": "usd",
                "value": 36589000000
            },
            {
                "label": "Net change in cash, cash equivalents, and restricted cash",
                "concept": "CashCashEquivalentsRestrictedCashAndRestrictedCashEquivalentsPeriodIncreaseDecreaseIncludingExchangeRateEffect",
                "unit": "usd",
                "value": 9559000000
            },
            {
                "label": "Cash paid for interest",
                "concept": "InterestPaidNet",
                "unit": "usd",
                "value": 3479000000
            },
            {
                "label": "Cash paid for income taxes",
                "concept": "IncomeTaxesPaid",
                "unit": "usd",
                "value": 207000000
            }
        ],
        "ic": [
            {
                "label": "Debt securities",
                "concept": "InterestIncomeDebtSecuritiesOperating",
                "unit": "usd",
                "value": 3472000000
            },
            {
                "label": "Mortgage loans held for sale",
                "concept": "InterestAndFeeIncomeLoansHeldForSaleMortgages",
                "unit": "usd",
                "value": 197000000
            },
            {
                "label": "Loans held for sale",
                "concept": "InterestAndFeeIncomeNonmortgageLoansAndLeasesHeldForSale",
                "unit": "usd",
                "value": 12000000
            },
            {
                "label": "Equity securities",
                "concept": "DividendIncomeEquitySecuritiesOperating",
                "unit": "usd",
                "value": 206000000
            },
            {
                "label": "Other interest income",
                "concept": "OtherInterestAndDividendIncome",
                "unit": "usd",
                "value": 775000000
            },
            {
                "label": "Total interest income",
                "concept": "InterestAndDividendIncomeOperating",
                "unit": "usd",
                "value": 14727000000
            },
            {
                "label": "Deposits",
                "concept": "InterestExpenseDeposits",
                "unit": "usd",
                "value": 1742000000
            },
            {
                "label": "Short-term borrowings",
                "concept": "InterestExpenseShortTermBorrowings",
                "unit": "usd",
                "value": 291000000
            },
            {
                "label": "Long-term debt",
                "concept": "InterestExpenseLongTermDebt",
                "unit": "usd",
                "value": 1240000000
            },
            {
                "label": "Other interest expense",
                "concept": "InterestExpenseOther",
                "unit": "usd",
                "value": 142000000
            },
            {
                "label": "Total interest expense",
                "concept": "InterestExpense",
                "unit": "usd",
                "value": 3415000000
            },
            {
                "label": "Net interest income",
                "concept": "InterestIncomeExpenseNet",
                "unit": "usd",
                "value": 11312000000
            },
            {
                "label": "Provision for credit losses, debt securities",
                "concept": "wfc:DebtSecuritiesCreditLossExpenseReversal",
                "unit": "usd",
                "value": 172000000
            },
            {
                "label": "Provision for credit losses, loans",
                "concept": "ProvisionForLoanAndLeaseLosses",
                "unit": "usd",
                "value": 3833000000
            },
            {
                "label": "Net interest income after provision for credit losses",
                "concept": "InterestIncomeExpenseAfterProvisionForLoanLoss",
                "unit": "usd",
                "value": 7307000000
            },
            {
                "label": "Mortgage banking",
                "concept": "FeesAndCommissionsMortgageBankingAndServicing",
                "unit": "usd",
                "value": 379000000
            },
            {
                "label": "Insurance",
                "concept": "InsuranceServicesRevenue",
                "unit": "usd",
                "value": 95000000
            },
            {
                "label": "Net gains from trading activities",
                "concept": "TradingGainsLosses",
                "unit": "usd",
                "value": 64000000
            },
            {
                "label": "Net gains on debt securities",
                "concept": "wfc:DebtSecuritiesGainLoss1",
                "unit": "usd",
                "value": 237000000
            },
            {
                "label": "Net gains (losses) from equity securities",
                "concept": "wfc:GainsLossesFromEquityInvestments",
                "unit": "usd",
                "value": 1401000000
            },
            {
                "label": "Lease income",
                "concept": "wfc:LeaseIncomeLessor",
                "unit": "usd",
                "value": 352000000
            },
            {
                "label": "Other",
                "concept": "NoninterestIncomeOtherOperatingIncome",
                "unit": "usd",
                "value": 372000000
            },
            {
                "label": "Total noninterest income",
                "concept": "NoninterestIncome",
                "unit": "usd",
                "value": 6405000000
            },
            {
                "label": "Salaries",
                "concept": "SalariesWagesAndOfficersCompensation",
                "unit": "usd",
                "value": 4721000000
            },
            {
                "label": "Commission and incentive compensation",
                "concept": "wfc:CommissionAndIncentiveCompensation",
                "unit": "usd",
                "value": 2463000000
            },
            {
                "label": "Employee benefits",
                "concept": "OtherLaborRelatedExpenses",
                "unit": "usd",
                "value": 1130000000
            },
            {
                "label": "Technology and equipment",
                "concept": "EquipmentExpense",
                "unit": "usd",
                "value": 661000000
            },
            {
                "label": "Net occupancy",
                "concept": "OccupancyNet",
                "unit": "usd",
                "value": 715000000
            },
            {
                "label": "Core deposit and other intangibles",
                "concept": "AmortizationOfIntangibleAssets",
                "unit": "usd",
                "value": 23000000
            },
            {
                "label": "FDIC and other deposit assessments",
                "concept": "FederalDepositInsuranceCorporationPremiumExpense",
                "unit": "usd",
                "value": 118000000
            },
            {
                "label": "Other",
                "concept": "OtherNoninterestExpense",
                "unit": "usd",
                "value": 3217000000
            },
            {
                "label": "Total noninterest expense",
                "concept": "NoninterestExpense",
                "unit": "usd",
                "value": 13048000000
            },
            {
                "label": "Income before income tax expense",
                "concept": "IncomeLossFromContinuingOperationsBeforeIncomeTaxesExtraordinaryItemsNoncontrollingInterest",
                "unit": "usd",
                "value": 664000000
            },
            {
                "label": "Income tax expense",
                "concept": "IncomeTaxExpenseBenefit",
                "unit": "usd",
                "value": 159000000
            },
            {
                "label": "Net income before noncontrolling interests",
                "concept": "IncomeLossFromContinuingOperationsIncludingPortionAttributableToNoncontrollingInterest",
                "unit": "usd",
                "value": 505000000
            },
            {
                "label": "Less: Net income (loss) from noncontrolling interests",
                "concept": "NetIncomeLossAttributableToNoncontrollingInterest",
                "unit": "usd",
                "value": 148000000
            },
            {
                "label": "Wells Fargo net income",
                "concept": "NetIncomeLoss",
                "unit": "usd",
                "value": 653000000
            },
            {
                "label": "Less: Preferred stock dividends and other",
                "concept": "PreferredStockDividendsAndOtherAdjustments",
                "unit": "usd",
                "value": 611000000
            },
            {
                "label": "Wells Fargo net income applicable to common stock",
                "concept": "NetIncomeLossAvailableToCommonStockholdersBasic",
                "unit": "usd",
                "value": 42000000
            },
            {
                "label": "Earnings per common share (in dollars per share)",
                "concept": "EarningsPerShareBasic",
                "unit": "usd/shares",
                "value": 0.01
            },
            {
                "label": "Diluted earnings per common share (in dollars per share)",
                "concept": "EarningsPerShareDiluted",
                "unit": "usd/shares",
                "value": 0.01
            },
            {
                "label": "Average common shares outstanding (in shares)",
                "concept": "WeightedAverageNumberOfSharesOutstandingBasic",
                "unit": "shares",
                "value": 4104800000.0
            },
            {
                "label": "Diluted average common shares outstanding (in shares)",
                "concept": "WeightedAverageNumberOfDilutedSharesOutstanding",
                "unit": "shares",
                "value": 4135300000.0
            }
        ]
    }
}