{
    "startDate": "2020-01-01",
    "endDate": "2020-03-31",
    "year": "2020",
    "quarter": "Q1",
    "symbol": "HSC",
    "data": {
        "bs": [
            {
                "label": "Cash and cash equivalents",
                "concept": "CashAndCashEquivalentsAtCarryingValue",
                "unit": "usd",
                "value": 66488000
            },
            {
                "label": "Restricted cash",
                "concept": "RestrictedCashCurrent",
                "unit": "usd",
                "value": 2300000
            },
            {
                "label": "Trade accounts receivable, net",
                "concept": "AccountsReceivableNetCurrent",
                "unit": "usd",
                "value": 320710000
            },
            {
                "label": "Inventories",
                "concept": "InventoryNet",
                "unit": "usd",
                "value": 167890000
            },
            {
                "label": "Current portion of contract assets",
                "concept": "ContractWithCustomerAssetNetCurrent",
                "unit": "usd",
                "value": 50499000
            },
            {
                "label": "Current portion of assets held-for-sale",
                "concept": "AssetsOfDisposalGroupIncludingDiscontinuedOperationCurrent",
                "unit": "usd",
                "value": 540000
            },
            {
                "label": "Other current assets",
                "concept": "OtherAssetsCurrent",
                "unit": "usd",
                "value": 53668000
            },
            {
                "label": "Total current assets",
                "concept": "AssetsCurrent",
                "unit": "usd",
                "value": 680780000
            },
            {
                "label": "Property, plant and equipment, net",
                "concept": "PropertyPlantAndEquipmentNet",
                "unit": "usd",
                "value": 533349000
            },
            {
                "label": "Goodwill",
                "concept": "Goodwill",
                "unit": "usd",
                "value": 727882000
            },
            {
                "label": "Intangible assets, net",
                "concept": "FiniteLivedIntangibleAssetsNet",
                "unit": "usd",
                "value": 294720000
            },
            {
                "label": "Deferred income tax assets",
                "concept": "DeferredIncomeTaxAssetsNet",
                "unit": "usd",
                "value": 9476000
            },
            {
                "label": "Assets held-for-sale",
                "concept": "DisposalGroupIncludingDiscontinuedOperationAssetsNoncurrent",
                "unit": "usd",
                "value": "N/A"
            },
            {
                "label": "Other assets",
                "concept": "OtherAssetsNoncurrent",
                "unit": "usd",
                "value": 50472000
            },
            {
                "label": "Total assets",
                "concept": "Assets",
                "unit": "usd",
                "value": 2347170000
            },
            {
                "label": "Short-term borrowings",
                "concept": "ShortTermBorrowings",
                "unit": "usd",
                "value": 4820000
            },
            {
                "label": "Current maturities of long-term debt",
                "concept": "LongTermDebtCurrent",
                "unit": "usd",
                "value": 2758000
            },
            {
                "label": "Accounts payable",
                "concept": "AccountsPayableCurrent",
                "unit": "usd",
                "value": 181760000
            },
            {
                "label": "Accrued compensation",
                "concept": "EmployeeRelatedLiabilitiesCurrent",
                "unit": "usd",
                "value": 33492000
            },
            {
                "label": "Income taxes payable",
                "concept": "AccruedIncomeTaxesCurrent",
                "unit": "usd",
                "value": 15956000
            },
            {
                "label": "Insurance liabilities",
                "concept": "SelfInsuranceReserveCurrent",
                "unit": "usd",
                "value": 9844000
            },
            {
                "label": "Current portion of advances on contracts",
                "concept": "ContractWithCustomerLiabilityCurrent",
                "unit": "usd",
                "value": 47822000
            },
            {
                "label": "Current portion of operating lease liabilities",
                "concept": "OperatingLeaseLiabilityCurrent",
                "unit": "usd",
                "value": 12421000
            },
            {
                "label": "Current portion of liabilities of assets held-for-sale",
                "concept": "LiabilitiesOfDisposalGroupIncludingDiscontinuedOperation",
                "unit": "usd",
                "value": "N/A"
            },
            {
                "label": "Other current liabilities",
                "concept": "OtherLiabilitiesCurrent",
                "unit": "usd",
                "value": 141877000
            },
            {
                "label": "Total current liabilities",
                "concept": "LiabilitiesCurrent",
                "unit": "usd",
                "value": 450750000
            },
            {
                "label": "Long-term debt",
                "concept": "LongTermDebtNoncurrent",
                "unit": "usd",
                "value": 789619000
            },
            {
                "label": "Insurance liabilities",
                "concept": "SelfInsuranceReserveNoncurrent",
                "unit": "usd",
                "value": 17019000
            },
            {
                "label": "Retirement plan liabilities",
                "concept": "PensionAndOtherPostretirementDefinedBenefitPlansLiabilitiesNoncurrent",
                "unit": "usd",
                "value": 164499000
            },
            {
                "label": "Advances on contracts",
                "concept": "ContractWithCustomerLiabilityNoncurrent",
                "unit": "usd",
                "value": 53775000
            },
            {
                "label": "Liabilities of assets held-for-sale",
                "concept": "LiabilitiesOfDisposalGroupIncludingDiscontinuedOperationNoncurrent",
                "unit": "usd",
                "value": "N/A"
            },
            {
                "label": "Other liabilities",
                "concept": "OtherLiabilitiesNoncurrent",
                "unit": "usd",
                "value": 77077000
            },
            {
                "label": "Total liabilities",
                "concept": "Liabilities",
                "unit": "usd",
                "value": 1588300000
            },
            {
                "label": "COMMITMENTS AND CONTINGENCIES",
                "concept": "CommitmentsAndContingencies",
                "unit": "usd",
                "value": "N/A"
            },
            {
                "label": "Preferred stock",
                "concept": "PreferredStockValue",
                "unit": "usd",
                "value": "N/A"
            },
            {
                "label": "Common stock",
                "concept": "CommonStockValue",
                "unit": "usd",
                "value": 144219000
            },
            {
                "label": "Additional paid-in capital",
                "concept": "AdditionalPaidInCapitalCommonStock",
                "unit": "usd",
                "value": 201856000
            },
            {
                "label": "Accumulated other comprehensive loss",
                "concept": "AccumulatedOtherComprehensiveIncomeLossNetOfTax",
                "unit": "usd",
                "value": 616476000
            },
            {
                "label": "Retained earnings",
                "concept": "RetainedEarningsAccumulatedDeficit",
                "unit": "usd",
                "value": 1824241000
            },
            {
                "label": "Treasury stock",
                "concept": "TreasuryStockValue",
                "unit": "usd",
                "value": 842987000
            },
            {
                "label": "Total Harsco Corporation stockholders' equity",
                "concept": "StockholdersEquity",
                "unit": "usd",
                "value": 710853000
            },
            {
                "label": "Noncontrolling interests",
                "concept": "MinorityInterest",
                "unit": "usd",
                "value": 48017000
            },
            {
                "label": "Total equity",
                "concept": "StockholdersEquityIncludingPortionAttributableToNoncontrollingInterest",
                "unit": "usd",
                "value": 758870000
            },
            {
                "label": "Total liabilities and equity",
                "concept": "LiabilitiesAndStockholdersEquity",
                "unit": "usd",
                "value": 2347170000
            }
        ],
        "cf": [
            {
                "label": "Depreciation",
                "concept": "Depreciation",
                "unit": "usd",
                "value": 29933000
            },
            {
                "label": "Amortization",
                "concept": "AdjustmentForAmortization",
                "unit": "usd",
                "value": 6557000
            },
            {
                "label": "Deferred income tax expense",
                "concept": "DeferredIncomeTaxExpenseBenefit",
                "unit": "usd",
                "value": 4412000
            },
            {
                "label": "Equity income of unconsolidated entities, net",
                "concept": "IncomeLossFromEquityMethodInvestments",
                "unit": "usd",
                "value": 96000
            },
            {
                "label": "Gain on sale from discontinued business",
                "concept": "DiscontinuedOperationGainLossFromDisposalOfDiscontinuedOperationBeforeIncomeTax",
                "unit": "usd",
                "value": 18462000
            },
            {
                "label": "Other, net",
                "concept": "OtherNoncashIncomeExpense",
                "unit": "usd",
                "value": 2007000
            },
            {
                "label": "Accounts receivable",
                "concept": "IncreaseDecreaseInReceivables",
                "unit": "usd",
                "value": 22050000
            },
            {
                "label": "Inventories",
                "concept": "IncreaseDecreaseInInventories",
                "unit": "usd",
                "value": 16412000
            },
            {
                "label": "Contract assets",
                "concept": "IncreaseDecreaseInContractWithCustomerAsset",
                "unit": "usd",
                "value": 20311000
            },
            {
                "label": "Accounts payable",
                "concept": "IncreaseDecreaseInAccountsPayable",
                "unit": "usd",
                "value": 12308000
            },
            {
                "label": "Accrued interest payable",
                "concept": "IncreaseDecreaseInInterestPayableNet",
                "unit": "usd",
                "value": 9891000
            },
            {
                "label": "Accrued compensation",
                "concept": "IncreaseDecreaseInOtherEmployeeRelatedLiabilities",
                "unit": "usd",
                "value": 2752000
            },
            {
                "label": "Advances on contracts",
                "concept": "hsc:ContractWithCustomerLiabilityIncreaseDecreaseForContractsPaidInAdvance",
                "unit": "usd",
                "value": 40464000
            },
            {
                "label": "Operating lease liabilities",
                "concept": "hsc:IncreaseDecreaseInOperatingLeaseLiabilities",
                "unit": "usd",
                "value": 3358000
            },
            {
                "label": "Retirement plan liabilities, net",
                "concept": "IncreaseDecreaseInPostemploymentObligations",
                "unit": "usd",
                "value": 15534000
            },
            {
                "label": "Increase (Decrease) in Income Taxes Payable",
                "concept": "IncreaseDecreaseInAccruedIncomeTaxesPayable",
                "unit": "usd",
                "value": 3843000
            },
            {
                "label": "Other assets and liabilities",
                "concept": "IncreaseDecreaseInOtherOperatingCapitalNet",
                "unit": "usd",
                "value": 2836000
            },
            {
                "label": "Net cash provided (used) by operating activities",
                "concept": "NetCashProvidedByUsedInOperatingActivities",
                "unit": "usd",
                "value": 11536000
            },
            {
                "label": "Purchases of property, plant and equipment",
                "concept": "PaymentsToAcquirePropertyPlantAndEquipment",
                "unit": "usd",
                "value": 27894000
            },
            {
                "label": "Purchases of businesses, net of cash acquired",
                "concept": "PaymentsToAcquireBusinessesNetOfCashAcquired",
                "unit": "usd",
                "value": 4157000
            },
            {
                "label": "Proceeds from Sale of Productive Assets",
                "concept": "ProceedsFromSaleOfProductiveAssets",
                "unit": "usd",
                "value": 2185000
            },
            {
                "label": "Expenditures for intangible assets",
                "concept": "PaymentsToAcquireIntangibleAssets",
                "unit": "usd",
                "value": 58000
            },
            {
                "label": "Net proceeds (payments) from settlement of foreign currency forward exchange contracts",
                "concept": "PaymentsForProceedsFromHedgeInvestingActivities",
                "unit": "usd",
                "value": 11327000
            },
            {
                "label": "Net cash provided (used) by investing activities",
                "concept": "NetCashProvidedByUsedInInvestingActivities",
                "unit": "usd",
                "value": 18622000
            },
            {
                "label": "Short-term borrowings, net",
                "concept": "ProceedsFromRepaymentsOfShortTermDebt",
                "unit": "usd",
                "value": 3697000
            },
            {
                "label": "Additions",
                "concept": "ProceedsFromIssuanceOfLongTermDebt",
                "unit": "usd",
                "value": 52875000
            },
            {
                "label": "Reductions",
                "concept": "RepaymentsOfLongTermDebt",
                "unit": "usd",
                "value": 38709000
            },
            {
                "label": "Sale of noncontrolling interests",
                "concept": "hsc:NoncontrollingInterestpurchaseorsale",
                "unit": "usd",
                "value": "N/A"
            },
            {
                "label": "Stock-based compensation - Employee taxes paid",
                "concept": "PaymentsRelatedToTaxWithholdingForShareBasedCompensation",
                "unit": "usd",
                "value": 3437000
            },
            {
                "label": "Deferred financing costs",
                "concept": "PaymentsOfFinancingCosts",
                "unit": "usd",
                "value": 1632000
            },
            {
                "label": "Net cash provided by financing activities",
                "concept": "NetCashProvidedByUsedInFinancingActivities",
                "unit": "usd",
                "value": 12794000
            },
            {
                "label": "Effect of exchange rate changes on cash and cash equivalents, including restricted cash",
                "concept": "EffectOfExchangeRateOnCashCashEquivalentsRestrictedCashAndRestrictedCashEquivalents",
                "unit": "usd",
                "value": 10824000
            },
            {
                "label": "Net increase in cash and cash equivalents, including restricted cash",
                "concept": "CashCashEquivalentsRestrictedCashAndRestrictedCashEquivalentsPeriodIncreaseDecreaseIncludingExchangeRateEffect",
                "unit": "usd",
                "value": 9056000
            },
            {
                "label": "Change in accrual for purchases of property, plant and equipment included in accounts payable",
                "concept": "IncreaseDecreaseInOtherAccountsPayableAndAccruedLiabilities",
                "unit": "usd",
                "value": 281000
            }
        ],
        "ic": [
            {
                "label": "Total revenues",
                "concept": "RevenueFromContractWithCustomerExcludingAssessedTax",
                "unit": "usd",
                "value": 398841000
            },
            {
                "label": "Selling, general and administrative costs",
                "concept": "SellingGeneralAndAdministrativeExpense",
                "unit": "usd",
                "value": 72499000
            },
            {
                "label": "Research and development expenses",
                "concept": "ResearchAndDevelopmentExpense",
                "unit": "usd",
                "value": 1260000
            },
            {
                "label": "Other expenses, net",
                "concept": "OtherOperatingIncomeExpenseNet",
                "unit": "usd",
                "value": 5733000
            },
            {
                "label": "Total costs and expenses",
                "concept": "CostsAndExpenses",
                "unit": "usd",
                "value": 395960000
            },
            {
                "label": "Operating income from continuing operations",
                "concept": "OperatingIncomeLoss",
                "unit": "usd",
                "value": 2881000
            },
            {
                "label": "Interest income",
                "concept": "InvestmentIncomeInterest",
                "unit": "usd",
                "value": 193000
            },
            {
                "label": "Interest expense",
                "concept": "InterestExpense",
                "unit": "usd",
                "value": 12649000
            },
            {
                "label": "Unused debt commitment and amendment fees",
                "concept": "OtherNonoperatingExpense",
                "unit": "usd",
                "value": 488000
            },
            {
                "label": "Defined benefit pension income (expense)",
                "concept": "PensionExpenseReversalOfExpenseNoncash",
                "unit": "usd",
                "value": 1589000
            },
            {
                "label": "Income (loss) from continuing operations before income taxes and equity income",
                "concept": "IncomeLossFromContinuingOperationsBeforeIncomeTaxesMinorityInterestAndIncomeLossFromEquityMethodInvestments",
                "unit": "usd",
                "value": 8474000
            },
            {
                "label": "Income tax benefit (expense)",
                "concept": "IncomeTaxExpenseBenefit",
                "unit": "usd",
                "value": 682000
            },
            {
                "label": "Equity income of unconsolidated entities, net",
                "concept": "IncomeLossFromEquityMethodInvestments",
                "unit": "usd",
                "value": 96000
            },
            {
                "label": "Income (loss) from continuing operations",
                "concept": "IncomeLossFromContinuingOperationsIncludingPortionAttributableToNoncontrollingInterest",
                "unit": "usd",
                "value": 7696000
            },
            {
                "label": "Discontinued Operation, Gain (Loss) from Disposal of Discontinued Operation, before Income Tax",
                "concept": "DiscontinuedOperationGainLossFromDisposalOfDiscontinuedOperationBeforeIncomeTax",
                "unit": "usd",
                "value": 18462000
            },
            {
                "label": "Income (loss) from discontinued businesses",
                "concept": "hsc:DiscontinuedOperationLossFromDisposalOfDiscontinuedOperationBeforeIncomeTax",
                "unit": "usd",
                "value": 225000
            },
            {
                "label": "Income tax expense related to discontinued businesses",
                "concept": "DiscontinuedOperationTaxEffectOfDiscontinuedOperation",
                "unit": "usd",
                "value": 9314000
            },
            {
                "label": "Income from discontinued operations",
                "concept": "IncomeLossFromDiscontinuedOperationsNetOfTaxAttributableToReportingEntity",
                "unit": "usd",
                "value": 8923000
            },
            {
                "label": "Net income",
                "concept": "ProfitLoss",
                "unit": "usd",
                "value": 1227000
            },
            {
                "label": "Less: Net income attributable to noncontrolling interests",
                "concept": "NetIncomeLossAttributableToNoncontrollingInterest",
                "unit": "usd",
                "value": 1086000
            },
            {
                "label": "Net income attributable to Harsco Corporation",
                "concept": "NetIncomeLoss",
                "unit": "usd",
                "value": 141000
            },
            {
                "label": "Income (loss) from continuing operations, net of tax",
                "concept": "IncomeLossFromContinuingOperations",
                "unit": "usd",
                "value": 8782000
            },
            {
                "label": "Income from discontinued operations",
                "concept": "IncomeLossFromDiscontinuedOperationsNetOfTaxAttributableToReportingEntity",
                "unit": "usd",
                "value": 8923000
            },
            {
                "label": "Net income attributable to Harsco Corporation",
                "concept": "NetIncomeLoss",
                "unit": "usd",
                "value": 141000
            },
            {
                "label": "Weighted-average shares of common stock outstanding (in shares)",
                "concept": "WeightedAverageNumberOfSharesOutstandingBasic",
                "unit": "shares",
                "value": 78761000
            },
            {
                "label": "Continuing operations (in dollars per share)",
                "concept": "IncomeLossFromContinuingOperationsPerBasicShare",
                "unit": "usd/shares",
                "value": 0.11
            },
            {
                "label": "Discontinued operations (in dollars per share)",
                "concept": "IncomeLossFromDiscontinuedOperationsNetOfTaxPerBasicShare",
                "unit": "usd/shares",
                "value": 0.11
            },
            {
                "label": "Basic earnings (loss) per share attributable to Harsco Corporation common stockholders (in dollars per share)",
                "concept": "EarningsPerShareBasic",
                "unit": "usd/shares",
                "value": "N/A"
            },
            {
                "label": "Diluted weighted-average shares of common stock outstanding (in shares)",
                "concept": "WeightedAverageNumberOfDilutedSharesOutstanding",
                "unit": "shares",
                "value": 78761000
            },
            {
                "label": "Continuing operations (in dollars per share)",
                "concept": "IncomeLossFromContinuingOperationsPerDilutedShare",
                "unit": "usd/shares",
                "value": 0.11
            },
            {
                "label": "Discontinued operations (in dollars per share)",
                "concept": "IncomeLossFromDiscontinuedOperationsNetOfTaxPerDilutedShare",
                "unit": "usd/shares",
                "value": 0.11
            },
            {
                "label": "Diluted earnings (loss) per share attributable to Harsco Corporation common stockholders (in dollars per share)",
                "concept": "EarningsPerShareDiluted",
                "unit": "usd/shares",
                "value": "N/A"
            }
        ]
    }
}