{
    "startDate": "2020-01-01",
    "endDate": "2020-03-31",
    "year": "2020",
    "quarter": "Q1",
    "symbol": "HE",
    "data": {
        "bs": [
            {
                "label": "Cash and due from banks",
                "concept": "CashAndDueFromBanks",
                "unit": "usd",
                "value": 186897000
            },
            {
                "label": "Interest-bearing deposits",
                "concept": "InterestBearingDepositsInBanks",
                "unit": "usd",
                "value": 2635000
            },
            {
                "label": "Available-for-sale investment securities, at fair value",
                "concept": "TradingSecurities",
                "unit": "usd",
                "value": 1340241000
            },
            {
                "label": "Held-to-maturity investment securities, at amortized cost",
                "concept": "HeldToMaturitySecurities",
                "unit": "usd",
                "value": 134656000
            },
            {
                "label": "Stock in Federal Home Loan Bank, at cost",
                "concept": "FederalHomeLoanBankStock",
                "unit": "usd",
                "value": 9760000
            },
            {
                "label": "Loans held for investment",
                "concept": "LoansAndLeasesReceivableNetOfDeferredIncome",
                "unit": "usd",
                "value": 5180932000
            },
            {
                "label": "Allowance for credit losses",
                "concept": "LoansAndLeasesReceivableAllowance",
                "unit": "usd",
                "value": 77084000
            },
            {
                "label": "Loans held for investment, net",
                "concept": "LoansAndLeasesReceivableNetReportedAmount",
                "unit": "usd",
                "value": 5103848000
            },
            {
                "label": "Loans held for sale, at lower of cost or fair value",
                "concept": "LoansReceivableHeldForSaleNetNotPartOfDisposalGroup",
                "unit": "usd",
                "value": 18155000
            },
            {
                "label": "Other",
                "concept": "OtherAssets",
                "unit": "usd",
                "value": 507363000
            },
            {
                "label": "Goodwill",
                "concept": "Goodwill",
                "unit": "usd",
                "value": 82190000
            },
            {
                "label": "Total assets",
                "concept": "Assets",
                "unit": "usd",
                "value": "N/A"
            },
            {
                "label": "Deposit liabilities\u2014noninterest-bearing",
                "concept": "NoninterestBearingDepositLiabilities",
                "unit": "usd",
                "value": 1969694000
            },
            {
                "label": "Deposit liabilities\u2014interest-bearing",
                "concept": "InterestBearingDepositLiabilities",
                "unit": "usd",
                "value": 4414089000
            },
            {
                "label": "Other borrowings",
                "concept": "OtherBorrowings",
                "unit": "usd",
                "value": 157605000
            },
            {
                "label": "Other",
                "concept": "OtherLiabilities",
                "unit": "usd",
                "value": 152365000
            },
            {
                "label": "Total liabilities",
                "concept": "Liabilities",
                "unit": "usd",
                "value": 6693753000
            },
            {
                "label": "Commitments and contingencies",
                "concept": "CommitmentsAndContingencies",
                "unit": "usd",
                "value": "N/A"
            },
            {
                "label": "Common stock ($6 2/3 par value, authorized 50,000,000 shares; outstanding 17,048,783 shares at March 31, 2020 and December 31, 2019)",
                "concept": "CommonStockValue",
                "unit": "usd",
                "value": 1000
            },
            {
                "label": "Premium on capital stock",
                "concept": "AdditionalPaidInCapital",
                "unit": "usd",
                "value": 350158000
            },
            {
                "label": "Retained earnings",
                "concept": "RetainedEarningsAccumulatedDeficit",
                "unit": "usd",
                "value": 330648000
            },
            {
                "label": "Net unrealized gains on securities",
                "concept": "AccumulatedOtherComprehensiveIncomeLossAvailableForSaleSecuritiesAdjustmentNetOfTax",
                "unit": "usd",
                "value": 21929000
            },
            {
                "label": "Retirement benefit plans",
                "concept": "he:AccumulatedOtherComprehensiveIncomeLossDefinedBenefitPensionAndOtherPostretirementPlansNetOfTaxAdjustedForRegulatoryImpacts",
                "unit": "usd",
                "value": 10744000
            },
            {
                "label": "Accumulated other comprehensive loss, net of tax benefits",
                "concept": "AccumulatedOtherComprehensiveIncomeLossNetOfTax",
                "unit": "usd",
                "value": 11185000
            },
            {
                "label": "Total shareholders\u2019 equity",
                "concept": "StockholdersEquity",
                "unit": "usd",
                "value": 691992000
            },
            {
                "label": "Total liabilities and shareholders\u2019 equity",
                "concept": "LiabilitiesAndStockholdersEquity",
                "unit": "usd",
                "value": 7385745000
            },
            {
                "label": "Bank-owned life insurance",
                "concept": "BankOwnedLifeInsurance",
                "unit": "usd",
                "value": 158269000
            },
            {
                "label": "Property, plant and equipment, net of accumulated depreciation",
                "concept": "PropertyPlantAndEquipmentNet",
                "unit": "usd",
                "value": 203622000
            },
            {
                "label": "Accrued interest receivable",
                "concept": "InterestReceivable",
                "unit": "usd",
                "value": 19490000
            },
            {
                "label": "Mortgage-servicing rights",
                "concept": "ServicingAssetAtAmortizedValue",
                "unit": "usd",
                "value": 9120000
            },
            {
                "label": "Low-income housing investments",
                "concept": "he:EquityInvestmentsAffordableHousingProgram",
                "unit": "usd",
                "value": 63967000
            },
            {
                "label": "Real estate acquired in settlement of loans, net",
                "concept": "RealEstateAcquiredThroughForeclosure",
                "unit": "usd",
                "value": 139000
            },
            {
                "label": "Other",
                "concept": "OtherAssetsMiscellaneous",
                "unit": "usd",
                "value": 52756000
            },
            {
                "label": "Other",
                "concept": "OtherAssets",
                "unit": "usd",
                "value": 507363000
            },
            {
                "label": "Accrued expenses",
                "concept": "AccruedLiabilitiesCurrentAndNoncurrent",
                "unit": "usd",
                "value": 38928000
            },
            {
                "label": "Federal and state income taxes payable",
                "concept": "AccruedIncomeTaxes",
                "unit": "usd",
                "value": 17138000
            },
            {
                "label": "Cashier\u2019s checks",
                "concept": "he:CashierChecks",
                "unit": "usd",
                "value": 32372000
            },
            {
                "label": "Advance payments by borrowers",
                "concept": "AdvancePaymentsByBorrowersForTaxesAndInsurance",
                "unit": "usd",
                "value": 5919000
            },
            {
                "label": "Other",
                "concept": "OtherSundryLiabilities",
                "unit": "usd",
                "value": 58008000
            },
            {
                "label": "Other",
                "concept": "OtherLiabilities",
                "unit": "usd",
                "value": 152365000
            },
            {
                "label": "Held-to-maturity investment securities",
                "concept": "HeldToMaturitySecuritiesFairValue",
                "unit": "usd",
                "value": 142570000
            },
            {
                "label": "Securities sold under agreements to repurchase",
                "concept": "SecuritiesSoldUnderAgreementsToRepurchase",
                "unit": "usd",
                "value": 80600000.0
            },
            {
                "label": "Advances from the Federal Home Loan Bank",
                "concept": "AdvancesFromFederalHomeLoanBanks",
                "unit": "usd",
                "value": 27000000.0
            }
        ],
        "cf": [
            {
                "label": "Net cash provided by operating activities",
                "concept": "NetCashProvidedByUsedInOperatingActivities",
                "unit": "usd",
                "value": 39141000
            },
            {
                "label": "Capital expenditures",
                "concept": "PaymentsToAcquirePropertyPlantAndEquipment",
                "unit": "usd",
                "value": 119144000
            },
            {
                "label": "Advances from (to) affiliates",
                "concept": "PaymentsForProceedsFromBusinessesAndInterestInAffiliates",
                "unit": "usd",
                "value": "N/A"
            },
            {
                "label": "Other",
                "concept": "PaymentsForProceedsFromOtherInvestingActivities",
                "unit": "usd",
                "value": 2713000
            },
            {
                "label": "Net cash used in investing activities",
                "concept": "NetCashProvidedByUsedInInvestingActivities",
                "unit": "usd",
                "value": 116431000
            },
            {
                "label": "Common stock dividends",
                "concept": "PaymentsOfDividendsCommonStock",
                "unit": "usd",
                "value": 26784000
            },
            {
                "label": "Preferred stock dividends of Hawaiian Electric and subsidiaries",
                "concept": "PaymentsOfDividendsPreferredStockAndPreferenceStock",
                "unit": "usd",
                "value": 499000
            },
            {
                "label": "Net increase (decrease) in short-term borrowings with original maturities of three months or less",
                "concept": "ProceedsFromRepaymentsOfShortTermDebtMaturingInThreeMonthsOrLess",
                "unit": "usd",
                "value": 50000000
            },
            {
                "label": "Proceeds from issuance of long-term debt",
                "concept": "ProceedsFromIssuanceOfLongTermDebt",
                "unit": "usd",
                "value": 95000000
            },
            {
                "label": "Net increase (decrease) in other bank borrowings with original maturities of three months or less",
                "concept": "he:ProceedsFromPaymentsForOtherBankBorrowings",
                "unit": "usd",
                "value": 38987000
            },
            {
                "label": "Other",
                "concept": "ProceedsFromPaymentsForOtherFinancingActivities",
                "unit": "usd",
                "value": 23000
            },
            {
                "label": "Net cash provided by financing activities",
                "concept": "NetCashProvidedByUsedInFinancingActivities",
                "unit": "usd",
                "value": 78707000
            },
            {
                "label": "Net increase in cash, cash equivalents and restricted cash",
                "concept": "CashCashEquivalentsRestrictedCashAndRestrictedCashEquivalentsPeriodIncreaseDecreaseIncludingExchangeRateEffect",
                "unit": "usd",
                "value": 1417000
            }
        ],
        "ic": [
            {
                "label": "Interest and fees on loans",
                "concept": "InterestAndFeeIncomeLoansAndLeases",
                "unit": "usd",
                "value": 55545000
            },
            {
                "label": "Interest and dividends on investment securities",
                "concept": "InterestAndDividendIncomeSecurities",
                "unit": "usd",
                "value": 9430000
            },
            {
                "label": "Total interest and dividend income",
                "concept": "InterestAndDividendIncomeOperating",
                "unit": "usd",
                "value": 64975000
            },
            {
                "label": "Interest on deposit liabilities",
                "concept": "InterestExpenseDeposits",
                "unit": "usd",
                "value": 3587000
            },
            {
                "label": "Interest on other borrowings",
                "concept": "InterestExpenseBorrowings",
                "unit": "usd",
                "value": 313000
            },
            {
                "label": "Total interest expense",
                "concept": "InterestExpense",
                "unit": "usd",
                "value": 3900000
            },
            {
                "label": "Net interest income",
                "concept": "InterestIncomeExpenseNet",
                "unit": "usd",
                "value": 61075000
            },
            {
                "label": "Provision for credit losses",
                "concept": "ProvisionForLoanLossesExpensed",
                "unit": "usd",
                "value": 10401000
            },
            {
                "label": "Net interest income after provision for credit losses",
                "concept": "InterestIncomeExpenseAfterProvisionForLoanLoss",
                "unit": "usd",
                "value": 50674000
            },
            {
                "label": "Total noninterest income",
                "concept": "NoninterestIncome",
                "unit": "usd",
                "value": 14763000
            },
            {
                "label": "Compensation and employee benefits",
                "concept": "LaborAndRelatedExpense",
                "unit": "usd",
                "value": 25777000
            },
            {
                "label": "Occupancy",
                "concept": "OccupancyNet",
                "unit": "usd",
                "value": 5267000
            },
            {
                "label": "Data processing",
                "concept": "InformationTechnologyAndDataProcessing",
                "unit": "usd",
                "value": 3837000
            },
            {
                "label": "Services",
                "concept": "ProfessionalFees",
                "unit": "usd",
                "value": 2809000
            },
            {
                "label": "Equipment",
                "concept": "EquipmentExpense",
                "unit": "usd",
                "value": 2339000
            },
            {
                "label": "Office supplies, printing and postage",
                "concept": "he:SuppliesPrintingAndPostageExpense",
                "unit": "usd",
                "value": 1341000
            },
            {
                "label": "Marketing",
                "concept": "MarketingExpense",
                "unit": "usd",
                "value": 802000
            },
            {
                "label": "FDIC insurance",
                "concept": "FederalDepositInsuranceCorporationPremiumExpense",
                "unit": "usd",
                "value": 102000
            },
            {
                "label": "Other expense",
                "concept": "OtherNoninterestExpense",
                "unit": "usd",
                "value": 4194000
            },
            {
                "label": "Total noninterest expense",
                "concept": "NoninterestExpense",
                "unit": "usd",
                "value": 46468000
            },
            {
                "label": "Income before income taxes",
                "concept": "IncomeLossFromContinuingOperationsBeforeIncomeTaxesExtraordinaryItemsNoncontrollingInterest",
                "unit": "usd",
                "value": 18969000
            },
            {
                "label": "Income taxes",
                "concept": "IncomeTaxExpenseBenefit",
                "unit": "usd",
                "value": 3208000
            },
            {
                "label": "Net income",
                "concept": "ProfitLoss",
                "unit": "usd",
                "value": 15761000
            },
            {
                "label": "Other comprehensive income, net of taxes",
                "concept": "OtherComprehensiveIncomeLossNetOfTaxPortionAttributableToParent",
                "unit": "usd",
                "value": 19847000
            },
            {
                "label": "Comprehensive income attributable to Hawaiian Electric Industries,\u00a0Inc.",
                "concept": "ComprehensiveIncomeNetOfTax",
                "unit": "usd",
                "value": 35608000
            }
        ]
    }
}