{
    "startDate": "2020-01-01",
    "endDate": "2020-03-31",
    "year": "2020",
    "quarter": "Q1",
    "symbol": "UVSP",
    "data": {
        "bs": [
            {
                "label": "Cash and due from banks",
                "concept": "CashAndDueFromBanks",
                "unit": "usd",
                "value": 49008000
            },
            {
                "label": "Interest-earning deposits with other banks",
                "concept": "InterestBearingDepositsInBanks",
                "unit": "usd",
                "value": 133894000
            },
            {
                "label": "Cash and cash equivalents",
                "concept": "CashCashEquivalentsRestrictedCashAndRestrictedCashEquivalents",
                "unit": "usd",
                "value": 182902000
            },
            {
                "label": "Investment securities held-to-maturity (fair value $229,552 and $194,886 at March 31, 2020 and December 31, 2019, respectively)",
                "concept": "HeldToMaturitySecurities",
                "unit": "usd",
                "value": 222389000
            },
            {
                "label": "Investment securities available-for-sale (amortized cost $208,636, net of allowance for credit losses of $897 at March 31, 2020)",
                "concept": "AvailableForSaleSecuritiesDebtSecurities",
                "unit": "usd",
                "value": 198886000
            },
            {
                "label": "Investments in equity securities",
                "concept": "EquitySecuritiesFvNi",
                "unit": "usd",
                "value": 2246000
            },
            {
                "label": "Federal Home Loan Bank, Federal Reserve Bank and other stock, at cost",
                "concept": "RestrictedInvestments",
                "unit": "usd",
                "value": 28465000
            },
            {
                "label": "Loans held for sale",
                "concept": "LoansReceivableHeldForSaleNetNotPartOfDisposalGroup",
                "unit": "usd",
                "value": 11417000
            },
            {
                "label": "Loans and leases held for investment",
                "concept": "LoansAndLeasesReceivableNetOfDeferredIncome",
                "unit": "usd",
                "value": 4448825000
            },
            {
                "label": "Less: Reserve for credit losses, loans and leases",
                "concept": "FinancingReceivableAllowanceForCreditLosses",
                "unit": "usd",
                "value": 68216000
            },
            {
                "label": "Less: Reserve for loan and lease losses",
                "concept": "LoansAndLeasesReceivableAllowance",
                "unit": "usd",
                "value": 68216000
            },
            {
                "label": "Net loans and leases held for investment",
                "concept": "LoansAndLeasesReceivableNetReportedAmount",
                "unit": "usd",
                "value": 4380609000
            },
            {
                "label": "Premises and equipment, net",
                "concept": "PropertyPlantAndEquipmentNet",
                "unit": "usd",
                "value": 55789000
            },
            {
                "label": "Operating lease right-of-use assets",
                "concept": "OperatingLeaseRightOfUseAsset",
                "unit": "usd",
                "value": 34679000
            },
            {
                "label": "Goodwill",
                "concept": "Goodwill",
                "unit": "usd",
                "value": 172559000
            },
            {
                "label": "Other intangibles, net of accumulated amortization",
                "concept": "FiniteLivedIntangibleAssetsNet",
                "unit": "usd",
                "value": 9773000
            },
            {
                "label": "Bank owned life insurance",
                "concept": "BankOwnedLifeInsurance",
                "unit": "usd",
                "value": 115512000
            },
            {
                "label": "Accrued interest receivable and other assets",
                "concept": "InterestReceivableAndOtherAssets",
                "unit": "usd",
                "value": 49542000
            },
            {
                "label": "Total assets",
                "concept": "Assets",
                "unit": "usd",
                "value": 5464768000
            },
            {
                "label": "Noninterest-bearing deposits",
                "concept": "NoninterestBearingDepositLiabilities",
                "unit": "usd",
                "value": 1318270000
            },
            {
                "label": "Demand deposits",
                "concept": "InterestBearingDomesticDepositDemand",
                "unit": "usd",
                "value": 1615979000
            },
            {
                "label": "Savings deposits",
                "concept": "DepositsSavingsDeposits",
                "unit": "usd",
                "value": 836042000
            },
            {
                "label": "Time deposits",
                "concept": "TimeDeposits",
                "unit": "usd",
                "value": 637012000
            },
            {
                "label": "Total deposits",
                "concept": "Deposits",
                "unit": "usd",
                "value": 4407303000
            },
            {
                "label": "Short-term borrowings",
                "concept": "ShortTermBorrowings",
                "unit": "usd",
                "value": 18415000
            },
            {
                "label": "Long-term debt",
                "concept": "LongTermDebt",
                "unit": "usd",
                "value": 210069000
            },
            {
                "label": "Subordinated notes",
                "concept": "SubordinatedDebt",
                "unit": "usd",
                "value": 94879000
            },
            {
                "label": "Operating lease liabilities",
                "concept": "OperatingLeaseLiability",
                "unit": "usd",
                "value": 37919000
            },
            {
                "label": "Accrued interest payable and other liabilities",
                "concept": "AccruedLiabilitiesCurrentAndNoncurrent",
                "unit": "usd",
                "value": 44632000
            },
            {
                "label": "Total liabilities",
                "concept": "Liabilities",
                "unit": "usd",
                "value": 4813217000
            },
            {
                "label": "Common stock, $5 par value: 48,000,000 shares authorized at March 31, 2020 and December 31, 2019; 31,556,799 shares issued at March 31, 2020 and December 31, 2019; 29,164,782 and 29,334,629 shares outstanding at March 31, 2020\u00a0and December 31, 2019, respectively",
                "concept": "CommonStockValue",
                "unit": "usd",
                "value": 157784000
            },
            {
                "label": "Additional paid-in capital",
                "concept": "AdditionalPaidInCapitalCommonStock",
                "unit": "usd",
                "value": 295439000
            },
            {
                "label": "Retained earnings",
                "concept": "RetainedEarningsAccumulatedDeficit",
                "unit": "usd",
                "value": 272478000
            },
            {
                "label": "Accumulated other comprehensive loss, net of tax benefit",
                "concept": "AccumulatedOtherComprehensiveIncomeLossNetOfTax",
                "unit": "usd",
                "value": 25628000
            },
            {
                "label": "Treasury stock, at cost; 2,392,017 and 2,222,170 shares at March 31, 2020 and December 31, 2019, respectively",
                "concept": "TreasuryStockValue",
                "unit": "usd",
                "value": 48522000
            },
            {
                "label": "Total shareholders\u2019 equity",
                "concept": "StockholdersEquity",
                "unit": "usd",
                "value": 651551000
            },
            {
                "label": "Total liabilities and shareholders\u2019 equity",
                "concept": "LiabilitiesAndStockholdersEquity",
                "unit": "usd",
                "value": 5464768000
            }
        ],
        "cf": [
            {
                "label": "Net income",
                "concept": "NetIncomeLoss",
                "unit": "usd",
                "value": 838000
            },
            {
                "label": "Provision for credit losses",
                "concept": "ProvisionForLoanLeaseAndOtherLosses",
                "unit": "usd",
                "value": 21049000
            },
            {
                "label": "Depreciation of premises and equipment",
                "concept": "DepreciationNonproduction",
                "unit": "usd",
                "value": 1258000
            },
            {
                "label": "Net amortization of investment securities premiums and discounts",
                "concept": "AccretionAmortizationOfDiscountsAndPremiumsInvestments",
                "unit": "usd",
                "value": 383000
            },
            {
                "label": "Net gain on sales of investment securities",
                "concept": "DebtAndEquitySecuritiesGainLoss",
                "unit": "usd",
                "value": 695000
            },
            {
                "label": "Net gain on mortgage banking activities",
                "concept": "uvsp:GainLossOnMortgageBankingActivitiesNet",
                "unit": "usd",
                "value": 2744000
            },
            {
                "label": "Bank owned life insurance income",
                "concept": "BankOwnedLifeInsuranceIncome",
                "unit": "usd",
                "value": 734000
            },
            {
                "label": "Stock-based compensation",
                "concept": "ShareBasedCompensation",
                "unit": "usd",
                "value": 435000
            },
            {
                "label": "Intangible expenses",
                "concept": "uvsp:IntangibleExpensesIncome",
                "unit": "usd",
                "value": 330000
            },
            {
                "label": "Other adjustments to reconcile net income to cash provided by (used in) operating activities",
                "concept": "OtherNoncashIncomeExpense",
                "unit": "usd",
                "value": 273000
            },
            {
                "label": "Originations of loans held for sale",
                "concept": "PaymentsForOriginationAndPurchasesOfLoansHeldForSale",
                "unit": "usd",
                "value": 63730000
            },
            {
                "label": "Proceeds from the sale of loans held for sale",
                "concept": "ProceedsFromSaleOfLoansHeldForSale",
                "unit": "usd",
                "value": 58959000
            },
            {
                "label": "Contributions to pension and other postretirement benefit plans",
                "concept": "PensionAndOtherPostretirementBenefitContributions",
                "unit": "usd",
                "value": 68000
            },
            {
                "label": "Increase in accrued interest receivable and other assets",
                "concept": "IncreaseDecreaseInOtherOperatingAssets",
                "unit": "usd",
                "value": 2752000
            },
            {
                "label": "Decrease in accrued interest payable and other liabilities",
                "concept": "IncreaseDecreaseInOtherOperatingLiabilities",
                "unit": "usd",
                "value": 1750000
            },
            {
                "label": "Net cash provided by operating activities",
                "concept": "NetCashProvidedByUsedInOperatingActivities",
                "unit": "usd",
                "value": 11052000
            },
            {
                "label": "Net capital expenditures",
                "concept": "PaymentsToAcquireProductiveAssets",
                "unit": "usd",
                "value": 379000
            },
            {
                "label": "Proceeds from maturities, calls and principal repayments of securities held-to-maturity",
                "concept": "ProceedsFromMaturitiesPrepaymentsAndCallsOfHeldToMaturitySecurities",
                "unit": "usd",
                "value": 12475000
            },
            {
                "label": "Proceeds from maturities, calls and principal repayments of securities available-for-sale",
                "concept": "ProceedsFromMaturitiesPrepaymentsAndCallsOfAvailableForSaleSecurities",
                "unit": "usd",
                "value": 12896000
            },
            {
                "label": "Proceeds from sales of securities available-for-sale",
                "concept": "ProceedsFromSaleOfAvailableForSaleSecurities",
                "unit": "usd",
                "value": 62276000
            },
            {
                "label": "Purchases of investment securities held-to-maturity",
                "concept": "PaymentsToAcquireHeldToMaturitySecurities",
                "unit": "usd",
                "value": 43116000
            },
            {
                "label": "Purchases of investment securities available-for-sale",
                "concept": "PaymentsToAcquireAvailableForSaleSecurities",
                "unit": "usd",
                "value": 32242000
            },
            {
                "label": "Proceeds from sales of money market mutual funds",
                "concept": "ProceedsFromSaleOfAvailableForSaleSecuritiesEquity",
                "unit": "usd",
                "value": 4753000
            },
            {
                "label": "Purchases of money market mutual funds",
                "concept": "PaymentsToAcquireAvailableForSaleSecuritiesEquity",
                "unit": "usd",
                "value": 4644000
            },
            {
                "label": "Net increase in other investments",
                "concept": "uvsp:ProceedsPaymentsFromOtherInvestments",
                "unit": "usd",
                "value": 211000
            },
            {
                "label": "Net increase in loans and leases",
                "concept": "PaymentsForProceedsFromLoansAndLeases",
                "unit": "usd",
                "value": 62368000
            },
            {
                "label": "Proceeds from sales of other real estate owned",
                "concept": "ProceedsFromSaleOfOtherRealEstate",
                "unit": "usd",
                "value": "N/A"
            },
            {
                "label": "Net cash used in investing activities",
                "concept": "NetCashProvidedByUsedInInvestingActivities",
                "unit": "usd",
                "value": 50560000
            },
            {
                "label": "Net increase in deposits",
                "concept": "IncreaseDecreaseInDeposits",
                "unit": "usd",
                "value": 47229000
            },
            {
                "label": "Net decrease in short-term borrowings",
                "concept": "ProceedsFromRepaymentsOfShortTermDebt",
                "unit": "usd",
                "value": 265000
            },
            {
                "label": "Proceeds from issuance of long-term debt",
                "concept": "ProceedsFromIssuanceOfLongTermDebt",
                "unit": "usd",
                "value": 125000000
            },
            {
                "label": "Repayment of long-term debt",
                "concept": "RepaymentsOfLongTermDebt",
                "unit": "usd",
                "value": 65000000
            },
            {
                "label": "Payment of contingent consideration on acquisitions",
                "concept": "PaymentForContingentConsiderationLiabilityFinancingActivities",
                "unit": "usd",
                "value": 31000
            },
            {
                "label": "Purchases of treasury stock",
                "concept": "PaymentsForRepurchaseOfCommonStock",
                "unit": "usd",
                "value": 4438000
            },
            {
                "label": "Stock issued under dividend reinvestment and employee stock purchase plans",
                "concept": "uvsp:StockIssuedUnderDividendReinvestmentAndEmployeeStockPurchasePlansCashFlowsFromFinancingActivities",
                "unit": "usd",
                "value": 572000
            },
            {
                "label": "Proceeds from exercise of stock options",
                "concept": "ProceedsAndExcessTaxBenefitFromSharebasedCompensation",
                "unit": "usd",
                "value": 94000
            },
            {
                "label": "Cash dividends paid",
                "concept": "PaymentsOfDividendsCommonStock",
                "unit": "usd",
                "value": 5879000
            },
            {
                "label": "Net cash provided by (used in) financing activities",
                "concept": "NetCashProvidedByUsedInFinancingActivities",
                "unit": "usd",
                "value": 97282000
            },
            {
                "label": "Net increase (decrease) in cash and cash equivalents",
                "concept": "CashCashEquivalentsRestrictedCashAndRestrictedCashEquivalentsPeriodIncreaseDecreaseExcludingExchangeRateEffect",
                "unit": "usd",
                "value": 57774000
            },
            {
                "label": "Cash paid for interest",
                "concept": "InterestPaidNet",
                "unit": "usd",
                "value": 9420000
            },
            {
                "label": "Cash paid for income taxes, net of refunds",
                "concept": "IncomeTaxesPaidNet",
                "unit": "usd",
                "value": 32000
            }
        ],
        "ic": []
    }
}