{
    "startDate": "2019-03-01",
    "endDate": "2020-02-29",
    "year": "2020",
    "quarter": "FY",
    "symbol": "STZ",
    "data": {
        "bs": [
            {
                "label": "Cash and cash equivalents",
                "concept": "CashAndCashEquivalentsAtCarryingValue",
                "unit": "usd",
                "value": 81400000.0
            },
            {
                "label": "Accounts receivable",
                "concept": "ReceivablesNetCurrent",
                "unit": "usd",
                "value": 864800000.0
            },
            {
                "label": "Inventories",
                "concept": "InventoryNet",
                "unit": "usd",
                "value": 1373600000.0
            },
            {
                "label": "Prepaid expenses and other",
                "concept": "PrepaidExpenseAndOtherAssetsCurrent",
                "unit": "usd",
                "value": 535799999.99999994
            },
            {
                "label": "Assets held for sale - current",
                "concept": "AssetsHeldForSaleNotPartOfDisposalGroupCurrent",
                "unit": "usd",
                "value": 628500000.0
            },
            {
                "label": "Total current assets",
                "concept": "AssetsCurrent",
                "unit": "usd",
                "value": 3484100000.0
            },
            {
                "label": "Property, plant, and equipment",
                "concept": "PropertyPlantAndEquipmentNet",
                "unit": "usd",
                "value": 5333000000.0
            },
            {
                "label": "Goodwill",
                "concept": "Goodwill",
                "unit": "usd",
                "value": 7757100000.0
            },
            {
                "label": "Intangible assets",
                "concept": "IntangibleAssetsNetExcludingGoodwill",
                "unit": "usd",
                "value": 2718900000.0
            },
            {
                "label": "Securities measured at fair value",
                "concept": "MarketableSecuritiesNoncurrent",
                "unit": "usd",
                "value": 1117100000.0
            },
            {
                "label": "Deferred income taxes",
                "concept": "DeferredIncomeTaxAssetsNet",
                "unit": "usd",
                "value": 2656300000.0
            },
            {
                "label": "Assets held for sale",
                "concept": "AssetsHeldForSaleNotPartOfDisposalGroup",
                "unit": "usd",
                "value": 552100000.0
            },
            {
                "label": "Other assets",
                "concept": "OtherAssetsNoncurrent",
                "unit": "usd",
                "value": 610700000.0
            },
            {
                "label": "Total assets",
                "concept": "Assets",
                "unit": "usd",
                "value": 27323200000.0
            },
            {
                "label": "Current maturities of long-term debt",
                "concept": "LongTermDebtCurrent",
                "unit": "usd",
                "value": 734900000.0
            },
            {
                "label": "Accounts payable",
                "concept": "AccountsPayableCurrent",
                "unit": "usd",
                "value": 557600000.0
            },
            {
                "label": "Other accrued expenses and liabilities",
                "concept": "AccruedLiabilitiesCurrent",
                "unit": "usd",
                "value": 780400000.0
            },
            {
                "label": "Total current liabilities",
                "concept": "LiabilitiesCurrent",
                "unit": "usd",
                "value": 2311800000.0
            },
            {
                "label": "Long-term debt, less current maturities",
                "concept": "LongTermDebtNoncurrent",
                "unit": "usd",
                "value": 11210800000.0
            },
            {
                "label": "Deferred income taxes and other liabilities",
                "concept": "DeferredIncomeTaxesAndOtherLiabilitiesNoncurrent",
                "unit": "usd",
                "value": 1326300000.0
            },
            {
                "label": "Total liabilities",
                "concept": "Liabilities",
                "unit": "usd",
                "value": 14848900000.0
            },
            {
                "label": "Commitments and contingencies",
                "concept": "CommitmentsAndContingencies",
                "unit": "usd",
                "value": "N/A"
            },
            {
                "label": "Preferred Stock, Value",
                "concept": "PreferredStockValue",
                "unit": "usd",
                "value": "N/A"
            },
            {
                "label": "Additional paid-in capital",
                "concept": "AdditionalPaidInCapital",
                "unit": "usd",
                "value": 1514600000.0
            },
            {
                "label": "Retained earnings",
                "concept": "RetainedEarningsAccumulatedDeficit",
                "unit": "usd",
                "value": 13695300000.0
            },
            {
                "label": "Accumulated other comprehensive income (loss)",
                "concept": "AccumulatedOtherComprehensiveIncomeLossNetOfTax",
                "unit": "usd",
                "value": 266300000.0
            },
            {
                "label": "Total stockholders' equity before treasury stock adjustments",
                "concept": "StockholdersEquityBeforeTreasuryStock",
                "unit": "usd",
                "value": 14945800000.0
            },
            {
                "label": "Less: Treasury stock \u2013",
                "concept": "TreasuryStockValue",
                "unit": "usd",
                "value": 2814000000.0
            },
            {
                "label": "Total CBI stockholders\u2019 equity",
                "concept": "StockholdersEquity",
                "unit": "usd",
                "value": 12131800000.0
            },
            {
                "label": "Noncontrolling interests",
                "concept": "NoncontrollingInterestInVariableInterestEntity",
                "unit": "usd",
                "value": 342500000.0
            },
            {
                "label": "Total stockholders\u2019 equity",
                "concept": "StockholdersEquityIncludingPortionAttributableToNoncontrollingInterest",
                "unit": "usd",
                "value": 12474300000.0
            },
            {
                "label": "Total liabilities and stockholders\u2019 equity",
                "concept": "LiabilitiesAndStockholdersEquity",
                "unit": "usd",
                "value": 27323200000.0
            }
        ],
        "cf": [
            {
                "label": "Net income (loss)",
                "concept": "IncomeLossFromContinuingOperationsIncludingPortionAttributableToNoncontrollingInterest",
                "unit": "usd",
                "value": 21400000.0
            },
            {
                "label": "Unrealized net (gain) loss on securities measured at fair value",
                "concept": "DebtAndEquitySecuritiesUnrealizedGainLossExcludingOtherThanTemporaryImpairment",
                "unit": "usd",
                "value": 2126400000.0
            },
            {
                "label": "Deferred tax provision (benefit)",
                "concept": "DeferredIncomeTaxExpenseBenefit",
                "unit": "usd",
                "value": 1153700000.0
            },
            {
                "label": "Depreciation",
                "concept": "Depreciation",
                "unit": "usd",
                "value": 326500000.0
            },
            {
                "label": "Stock-based compensation",
                "concept": "ShareBasedCompensation",
                "unit": "usd",
                "value": 60400000.0
            },
            {
                "label": "Equity in (earnings) losses of equity method investees and related activities, net of distributed earnings",
                "concept": "IncomeLossFromEquityMethodInvestmentsNetOfDividendsOrDistributions",
                "unit": "usd",
                "value": 560800000.0
            },
            {
                "label": "Noncash lease expense",
                "concept": "OtherNoncashExpense",
                "unit": "usd",
                "value": 88300000.0
            },
            {
                "label": "Impairment and amortization of intangible assets",
                "concept": "stz:AmortizationandImpairmentofIntangibleAssets",
                "unit": "usd",
                "value": 16700000.0
            },
            {
                "label": "Amortization of debt issuance costs and loss on extinguishment of debt",
                "concept": "stz:GainLossOnExtinguishmentOfDebtAndAmortizationOfDebtIssuanceCosts",
                "unit": "usd",
                "value": 16100000.000000002
            },
            {
                "label": "Net (gain) loss on sale of unconsolidated investment",
                "concept": "GainLossOnSaleOfInvestments",
                "unit": "usd",
                "value": 400000.0
            },
            {
                "label": "Impairment of assets held for sale",
                "concept": "OtherAssetImpairmentCharges",
                "unit": "usd",
                "value": 449700000.0
            },
            {
                "label": "(Gain) loss on sale of business",
                "concept": "DisposalGroupNotDiscontinuedOperationGainLossOnDisposal",
                "unit": "usd",
                "value": 74100000.0
            },
            {
                "label": "Loss on inventory and related contracts",
                "concept": "stz:LossonInventoryandRelatedContracts",
                "unit": "usd",
                "value": 123000000.0
            },
            {
                "label": "Net income tax benefit related to the Tax Cuts and Jobs Act",
                "concept": "TaxCutsAndJobsActOf2017MeasurementPeriodAdjustmentIncomeTaxExpenseBenefit",
                "unit": "usd",
                "value": "N/A"
            },
            {
                "label": "Accounts receivable",
                "concept": "IncreaseDecreaseInAccountsReceivable",
                "unit": "usd",
                "value": 22000000.0
            },
            {
                "label": "Inventories",
                "concept": "IncreaseDecreaseInInventories",
                "unit": "usd",
                "value": 29500000.0
            },
            {
                "label": "Prepaid expenses and other current assets",
                "concept": "IncreaseDecreaseInPrepaidDeferredExpenseAndOtherAssets",
                "unit": "usd",
                "value": 8100000.0
            },
            {
                "label": "Accounts payable",
                "concept": "IncreaseDecreaseInAccountsPayable",
                "unit": "usd",
                "value": 16800000.0
            },
            {
                "label": "Other accrued expenses and liabilities",
                "concept": "IncreaseDecreaseInOtherAccruedLiabilities",
                "unit": "usd",
                "value": 58500000.0
            },
            {
                "label": "Other",
                "concept": "OtherOperatingActivitiesCashFlowStatement",
                "unit": "usd",
                "value": 75100000.0
            },
            {
                "label": "Total adjustments",
                "concept": "AdjustmentsToReconcileNetIncomeLossToCashProvidedByUsedInOperatingActivities",
                "unit": "usd",
                "value": 2529700000.0
            },
            {
                "label": "Net cash provided by (used in) operating activities",
                "concept": "NetCashProvidedByUsedInOperatingActivities",
                "unit": "usd",
                "value": 2551100000.0
            },
            {
                "label": "Purchases of property, plant, and equipment",
                "concept": "PaymentsToAcquirePropertyPlantAndEquipment",
                "unit": "usd",
                "value": 726500000.0
            },
            {
                "label": "Purchases of businesses, net of cash acquired",
                "concept": "PaymentsToAcquireBusinessesNetOfCashAcquired",
                "unit": "usd",
                "value": 36200000.0
            },
            {
                "label": "Investments in equity method investees and securities",
                "concept": "PaymentsToAcquireInvestments",
                "unit": "usd",
                "value": 48200000.0
            },
            {
                "label": "Proceeds from sales of assets",
                "concept": "ProceedsFromSaleOfPropertyPlantAndEquipment",
                "unit": "usd",
                "value": 8300000.000000001
            },
            {
                "label": "Proceeds from sale of unconsolidated investment",
                "concept": "ProceedsFromSaleAndMaturityOfMarketableSecurities",
                "unit": "usd",
                "value": 1500000.0
            },
            {
                "label": "Proceeds from sale of business",
                "concept": "PaymentsForProceedsFromBusinessesAndInterestInAffiliates",
                "unit": "usd",
                "value": 269700000.0
            },
            {
                "label": "Other investing activities",
                "concept": "PaymentsForProceedsFromOtherInvestingActivities",
                "unit": "usd",
                "value": 400000.0
            },
            {
                "label": "Net cash provided by (used in) investing activities",
                "concept": "NetCashProvidedByUsedInInvestingActivities",
                "unit": "usd",
                "value": 531000000.0
            },
            {
                "label": "Proceeds from issuance of long-term debt",
                "concept": "ProceedsFromIssuanceOfLongTermDebt",
                "unit": "usd",
                "value": 1291300000.0
            },
            {
                "label": "Principal payments of long-term debt",
                "concept": "RepaymentsOfLongTermDebt",
                "unit": "usd",
                "value": 2195300000.0
            },
            {
                "label": "Net proceeds from (repayments of) short-term borrowings",
                "concept": "ProceedsFromRepaymentsOfShortTermDebt",
                "unit": "usd",
                "value": 552600000.0
            },
            {
                "label": "Dividends paid",
                "concept": "PaymentsOfDividendsCommonStock",
                "unit": "usd",
                "value": 569200000.0
            },
            {
                "label": "Purchases of treasury stock",
                "concept": "PaymentsForRepurchaseOfCommonStock",
                "unit": "usd",
                "value": 50000000.0
            },
            {
                "label": "Proceeds from shares issued under equity compensation plans",
                "concept": "ProceedsFromIssuanceOfSharesUnderIncentiveAndShareBasedCompensationPlansIncludingStockOptions",
                "unit": "usd",
                "value": 78200000.0
            },
            {
                "label": "Payments of minimum tax withholdings on stock-based payment awards",
                "concept": "PaymentsRelatedToTaxWithholdingForShareBasedCompensation",
                "unit": "usd",
                "value": 14300000.0
            },
            {
                "label": "Payments of debt issuance, debt extinguishment, and other financing costs",
                "concept": "stz:PaymentsOfDebtExtinguishmentDebtIssuanceAndOtherFinancingCosts",
                "unit": "usd",
                "value": 8199999.999999999
            },
            {
                "label": "Payment of contingent consideration",
                "concept": "PaymentForContingentConsiderationLiabilityFinancingActivities",
                "unit": "usd",
                "value": 11300000.0
            },
            {
                "label": "Net cash provided by (used in) financing activities",
                "concept": "NetCashProvidedByUsedInFinancingActivities",
                "unit": "usd",
                "value": 2031400000.0
            },
            {
                "label": "Effect of exchange rate changes on cash and cash equivalents",
                "concept": "EffectOfExchangeRateOnCashAndCashEquivalentsContinuingOperations",
                "unit": "usd",
                "value": 900000.0
            },
            {
                "label": "Net increase (decrease) in cash and cash equivalents",
                "concept": "CashAndCashEquivalentsPeriodIncreaseDecrease",
                "unit": "usd",
                "value": 12200000.0
            },
            {
                "label": "Interest, net of interest capitalized",
                "concept": "InterestPaidNet",
                "unit": "usd",
                "value": 448900000.0
            },
            {
                "label": "Income taxes, net of refunds received",
                "concept": "IncomeTaxesPaidNet",
                "unit": "usd",
                "value": 85300000.0
            },
            {
                "label": "Additions to property, plant, and equipment",
                "concept": "CapitalExpendituresIncurredButNotYetPaid",
                "unit": "usd",
                "value": 70400000.0
            },
            {
                "label": "Conversion of long-term debt to noncontrolling equity interests",
                "concept": "DebtConversionOriginalDebtAmount1",
                "unit": "usd",
                "value": "N/A"
            }
        ],
        "ic": [
            {
                "label": "Sales",
                "concept": "RevenueFromContractWithCustomerIncludingAssessedTax",
                "unit": "usd",
                "value": 9113000000.0
            },
            {
                "label": "Excise taxes",
                "concept": "ExciseAndSalesTaxes",
                "unit": "usd",
                "value": 769500000.0
            },
            {
                "label": "Net sales",
                "concept": "RevenueFromContractWithCustomerExcludingAssessedTax",
                "unit": "usd",
                "value": 8343500000.0
            },
            {
                "label": "Cost of product sold",
                "concept": "CostOfGoodsAndServicesSold",
                "unit": "usd",
                "value": 4191600000.0000005
            },
            {
                "label": "Gross profit",
                "concept": "GrossProfit",
                "unit": "usd",
                "value": 4151899999.9999995
            },
            {
                "label": "Selling, general, and administrative expenses",
                "concept": "SellingGeneralAndAdministrativeExpense",
                "unit": "usd",
                "value": 1621800000.0
            },
            {
                "label": "Impairment of assets held for sale",
                "concept": "OtherAssetImpairmentCharges",
                "unit": "usd",
                "value": 449700000.0
            },
            {
                "label": "Operating income (loss)",
                "concept": "OperatingIncomeLoss",
                "unit": "usd",
                "value": 2154500000.0
            },
            {
                "label": "Income (loss) from unconsolidated investments",
                "concept": "InvestmentIncomeNet",
                "unit": "usd",
                "value": 2668600000.0
            },
            {
                "label": "Interest expense",
                "concept": "InterestIncomeExpenseNonoperatingNet",
                "unit": "usd",
                "value": 428700000.0
            },
            {
                "label": "(Provision for) benefit from income taxes",
                "concept": "IncomeTaxExpenseBenefit",
                "unit": "usd",
                "value": 966600000.0
            },
            {
                "label": "Net income (loss)",
                "concept": "IncomeLossFromContinuingOperationsIncludingPortionAttributableToNoncontrollingInterest",
                "unit": "usd",
                "value": 21400000.0
            },
            {
                "label": "Net income (loss) attributable to noncontrolling interests",
                "concept": "NetIncomeLossAttributableToNoncontrollingInterest",
                "unit": "usd",
                "value": 33200000.000000004
            },
            {
                "label": "Net income (loss) attributable to CBI",
                "concept": "NetIncomeLoss",
                "unit": "usd",
                "value": 11800000.0
            }
        ]
    }
}