{
    "startDate": "2020-01-01",
    "endDate": "2020-03-31",
    "year": "2020",
    "quarter": "Q1",
    "symbol": "CP",
    "data": {
        "bs": [
            {
                "label": "Cash and cash equivalents",
                "concept": "CashAndCashEquivalentsAtCarryingValue",
                "unit": "cad",
                "value": 247000000
            },
            {
                "label": "Accounts receivable, net",
                "concept": "AccountsReceivableNetCurrent",
                "unit": "cad",
                "value": 885000000
            },
            {
                "label": "Materials and supplies",
                "concept": "MaterialsSuppliesAndOther",
                "unit": "cad",
                "value": 177000000
            },
            {
                "label": "Other current assets",
                "concept": "OtherAssetsCurrent",
                "unit": "cad",
                "value": 98000000
            },
            {
                "label": "Total current assets",
                "concept": "AssetsCurrent",
                "unit": "cad",
                "value": 1407000000
            },
            {
                "label": "Investments",
                "concept": "Investments",
                "unit": "cad",
                "value": 369000000
            },
            {
                "label": "Properties",
                "concept": "PropertyPlantAndEquipmentNet",
                "unit": "cad",
                "value": 19900000000
            },
            {
                "label": "Goodwill and intangible assets",
                "concept": "IntangibleAssetsNetIncludingGoodwill",
                "unit": "cad",
                "value": 223000000
            },
            {
                "label": "Pension asset",
                "concept": "DefinedBenefitPlanAssetsForPlanBenefitsNoncurrent",
                "unit": "cad",
                "value": 1111000000
            },
            {
                "label": "Other assets",
                "concept": "OtherAssetsNoncurrent",
                "unit": "cad",
                "value": 478000000
            },
            {
                "label": "Total assets",
                "concept": "Assets",
                "unit": "cad",
                "value": 23488000000
            },
            {
                "label": "Accounts payable and accrued liabilities",
                "concept": "AccountsPayableAndAccruedLiabilitiesCurrent",
                "unit": "cad",
                "value": 1528000000
            },
            {
                "label": "Long-term debt maturing within one year",
                "concept": "LongTermDebtAndCapitalLeaseObligationsCurrent",
                "unit": "cad",
                "value": 266000000
            },
            {
                "label": "Total current liabilities",
                "concept": "LiabilitiesCurrent",
                "unit": "cad",
                "value": 1794000000
            },
            {
                "label": "Pension and other benefit liabilities",
                "concept": "PensionAndOtherPostretirementDefinedBenefitPlansLiabilitiesNoncurrent",
                "unit": "cad",
                "value": 790000000
            },
            {
                "label": "Other long-term liabilities",
                "concept": "OtherLiabilitiesNoncurrent",
                "unit": "cad",
                "value": 541000000
            },
            {
                "label": "Long-term debt",
                "concept": "LongTermDebtAndCapitalLeaseObligations",
                "unit": "cad",
                "value": 9804000000
            },
            {
                "label": "Deferred income taxes",
                "concept": "DeferredIncomeTaxLiabilitiesNet",
                "unit": "cad",
                "value": 3604000000
            },
            {
                "label": "Total liabilities",
                "concept": "Liabilities",
                "unit": "cad",
                "value": 16533000000
            },
            {
                "label": "Share capital",
                "concept": "CommonStockValue",
                "unit": "cad",
                "value": 1985000000
            },
            {
                "label": "Additional paid-in capital",
                "concept": "AdditionalPaidInCapitalCommonStock",
                "unit": "cad",
                "value": 51000000
            },
            {
                "label": "Accumulated other comprehensive loss",
                "concept": "AccumulatedOtherComprehensiveIncomeLossNetOfTax",
                "unit": "cad",
                "value": 2480000000
            },
            {
                "label": "Retained earnings",
                "concept": "RetainedEarningsAccumulatedDeficit",
                "unit": "cad",
                "value": 7399000000
            },
            {
                "label": "Total shareholders' equity",
                "concept": "StockholdersEquity",
                "unit": "cad",
                "value": 6955000000
            },
            {
                "label": "Total liabilities and shareholders\u2019 equity",
                "concept": "LiabilitiesAndStockholdersEquity",
                "unit": "cad",
                "value": 23488000000
            }
        ],
        "cf": [
            {
                "label": "Net income",
                "concept": "NetIncomeLoss",
                "unit": "cad",
                "value": 409000000
            },
            {
                "label": "Depreciation and amortization",
                "concept": "DepreciationDepletionAndAmortization",
                "unit": "cad",
                "value": 192000000
            },
            {
                "label": "Deferred income tax expense",
                "concept": "DeferredIncomeTaxExpenseBenefit",
                "unit": "cad",
                "value": 39000000
            },
            {
                "label": "Pension recovery and funding",
                "concept": "PensionExpenseReversalOfExpenseNoncash",
                "unit": "cad",
                "value": 65000000
            },
            {
                "label": "Other operating activities, net",
                "concept": "OtherOperatingActivitiesCashFlowStatement",
                "unit": "cad",
                "value": 72000000
            },
            {
                "label": "Change in non-cash working capital balances related to operations",
                "concept": "IncreaseDecreaseInOtherCurrentAssetsAndLiabilitiesNet",
                "unit": "cad",
                "value": 229000000
            },
            {
                "label": "Cash provided by operating activities",
                "concept": "NetCashProvidedByUsedInOperatingActivities",
                "unit": "cad",
                "value": 489000000
            },
            {
                "label": "Additions to properties",
                "concept": "PaymentsToAcquirePropertyPlantAndEquipment",
                "unit": "cad",
                "value": 355000000
            },
            {
                "label": "Proceeds from sale of properties and other assets",
                "concept": "ProceedsFromSaleOfOtherProductiveAssets",
                "unit": "cad",
                "value": 2000000
            },
            {
                "label": "Other investing activities",
                "concept": "PaymentsForProceedsFromOtherInvestingActivities",
                "unit": "cad",
                "value": 9000000
            },
            {
                "label": "Cash used in investing activities",
                "concept": "NetCashProvidedByUsedInInvestingActivities",
                "unit": "cad",
                "value": 362000000
            },
            {
                "label": "Dividends paid",
                "concept": "PaymentsOfDividendsCommonStock",
                "unit": "cad",
                "value": 114000000
            },
            {
                "label": "Issuance of CP Common Shares",
                "concept": "ProceedsFromIssuanceOfCommonStock",
                "unit": "cad",
                "value": 24000000
            },
            {
                "label": "Purchase of CP Common Shares",
                "concept": "PaymentsForRepurchaseOfCommonStock",
                "unit": "cad",
                "value": 501000000
            },
            {
                "label": "Issuance of long-term debt, excluding commercial paper",
                "concept": "ProceedsFromIssuanceOfLongTermDebtAndCapitalSecuritiesNet",
                "unit": "cad",
                "value": 959000000
            },
            {
                "label": "Repayment of long-term debt, excluding commercial paper",
                "concept": "RepaymentsOfLongTermDebtAndCapitalSecurities",
                "unit": "cad",
                "value": 15000000
            },
            {
                "label": "Net repayment of commercial paper",
                "concept": "ProceedsFromRepaymentsOfCommercialPaper",
                "unit": "cad",
                "value": 553000000
            },
            {
                "label": "Increase in short-term borrowings",
                "concept": "ProceedsFromLinesOfCredit",
                "unit": "cad",
                "value": 145000000
            },
            {
                "label": "Other financing activities",
                "concept": "ProceedsFromPaymentsForOtherFinancingActivities",
                "unit": "cad",
                "value": 11000000
            },
            {
                "label": "Cash (used in) provided by financing activities",
                "concept": "NetCashProvidedByUsedInFinancingActivities",
                "unit": "cad",
                "value": 44000000
            },
            {
                "label": "Effect of foreign currency fluctuations on U.S. dollar-denominated cash and cash equivalents",
                "concept": "EffectOfExchangeRateOnCashAndCashEquivalents",
                "unit": "cad",
                "value": 31000000
            },
            {
                "label": "Increase in cash and cash equivalents",
                "concept": "CashCashEquivalentsRestrictedCashAndRestrictedCashEquivalentsPeriodIncreaseDecreaseIncludingExchangeRateEffect",
                "unit": "cad",
                "value": 114000000
            },
            {
                "label": "Income taxes paid",
                "concept": "IncomeTaxesPaidNet",
                "unit": "cad",
                "value": 139000000
            },
            {
                "label": "Interest paid",
                "concept": "InterestPaidNet",
                "unit": "cad",
                "value": 157000000
            }
        ],
        "ic": [
            {
                "label": "Total revenues",
                "concept": "Revenues",
                "unit": "cad",
                "value": 2043000000
            },
            {
                "label": "Compensation and benefits",
                "concept": "LaborAndRelatedExpense",
                "unit": "cad",
                "value": 398000000
            },
            {
                "label": "Fuel",
                "concept": "FuelCosts",
                "unit": "cad",
                "value": 212000000
            },
            {
                "label": "Materials",
                "concept": "CostDirectMaterial",
                "unit": "cad",
                "value": 59000000
            },
            {
                "label": "Equipment rents",
                "concept": "cp:EquipmentRents",
                "unit": "cad",
                "value": 36000000
            },
            {
                "label": "Purchased services and other",
                "concept": "cp:PurchasedServicesandOther",
                "unit": "cad",
                "value": 312000000
            },
            {
                "label": "Total operating expenses",
                "concept": "OperatingExpenses",
                "unit": "cad",
                "value": 1209000000
            },
            {
                "label": "Operating income",
                "concept": "OperatingIncomeLoss",
                "unit": "cad",
                "value": 834000000
            },
            {
                "label": "Other expense (income)",
                "concept": "NonoperatingIncomeExpense",
                "unit": "cad",
                "value": 211000000
            },
            {
                "label": "Other components of net periodic benefit recovery",
                "concept": "NetPeriodicDefinedBenefitsExpenseReversalOfExpenseExcludingServiceCostComponent",
                "unit": "cad",
                "value": 85000000
            },
            {
                "label": "Net interest expense",
                "concept": "InterestRevenueExpenseNet",
                "unit": "cad",
                "value": 114000000
            },
            {
                "label": "Income before income tax expense",
                "concept": "IncomeLossFromContinuingOperationsBeforeIncomeTaxesExtraordinaryItemsNoncontrollingInterest",
                "unit": "cad",
                "value": 594000000
            },
            {
                "label": "Income tax expense",
                "concept": "IncomeTaxExpenseBenefit",
                "unit": "cad",
                "value": 185000000
            },
            {
                "label": "Net income",
                "concept": "NetIncomeLoss",
                "unit": "cad",
                "value": 409000000
            },
            {
                "label": "Basic earnings per share",
                "concept": "EarningsPerShareBasic",
                "unit": "cad/shares",
                "value": 2.99
            },
            {
                "label": "Diluted earnings per share",
                "concept": "EarningsPerShareDiluted",
                "unit": "cad/shares",
                "value": 2.98
            },
            {
                "label": "Basic",
                "concept": "WeightedAverageNumberOfSharesOutstandingBasic",
                "unit": "shares",
                "value": 136700000.0
            },
            {
                "label": "Diluted",
                "concept": "WeightedAverageNumberOfDilutedSharesOutstanding",
                "unit": "shares",
                "value": 137200000.0
            },
            {
                "label": "Dividends declared per share",
                "concept": "CommonStockDividendsPerShareDeclared",
                "unit": "cad/shares",
                "value": 0.83
            }
        ]
    }
}