{
    "startDate": "2020-01-01",
    "endDate": "2020-03-31",
    "year": "2020",
    "quarter": "Q1",
    "symbol": "FSS",
    "data": {
        "bs": [
            {
                "label": "Cash and cash equivalents",
                "concept": "CashAndCashEquivalentsAtCarryingValue",
                "unit": "usd",
                "value": 69400000.0
            },
            {
                "label": "Accounts receivable, net of allowances for doubtful accounts of $2.3 and $2.4, respectively",
                "concept": "AccountsReceivableNetCurrent",
                "unit": "usd",
                "value": 141400000.0
            },
            {
                "label": "Inventories",
                "concept": "InventoryNet",
                "unit": "usd",
                "value": 201400000.0
            },
            {
                "label": "Prepaid expenses and other current assets",
                "concept": "PrepaidExpenseCurrent",
                "unit": "usd",
                "value": 10700000.0
            },
            {
                "label": "Total current assets",
                "concept": "AssetsCurrent",
                "unit": "usd",
                "value": 422900000.0
            },
            {
                "label": "Properties and equipment, net of accumulated depreciation of $127.5 and $125.5, respectively",
                "concept": "PropertyPlantAndEquipmentNet",
                "unit": "usd",
                "value": 98100000.0
            },
            {
                "label": "Rental equipment, net of accumulated depreciation of $34.6 and $33.6, respectively",
                "concept": "PropertySubjectToOrAvailableForOperatingLeaseNet",
                "unit": "usd",
                "value": 115900000.0
            },
            {
                "label": "Operating lease right-of-use assets",
                "concept": "OperatingLeaseRightOfUseAsset",
                "unit": "usd",
                "value": 25800000.0
            },
            {
                "label": "Goodwill",
                "concept": "Goodwill",
                "unit": "usd",
                "value": 387900000.0
            },
            {
                "label": "Intangible assets, net of accumulated amortization of $24.5 and $22.1, respectively",
                "concept": "IntangibleAssetsNetExcludingGoodwill",
                "unit": "usd",
                "value": 159800000.0
            },
            {
                "label": "Deferred tax assets",
                "concept": "DeferredIncomeTaxAssetsNet",
                "unit": "usd",
                "value": 9200000.0
            },
            {
                "label": "Deferred charges and other long-term assets",
                "concept": "DeferredCosts",
                "unit": "usd",
                "value": 7200000.0
            },
            {
                "label": "Long-term assets of discontinued operations",
                "concept": "DisposalGroupIncludingDiscontinuedOperationAssetsNoncurrent",
                "unit": "usd",
                "value": 300000.0
            },
            {
                "label": "Total assets",
                "concept": "Assets",
                "unit": "usd",
                "value": 1227100000.0
            },
            {
                "label": "Current portion of long-term borrowings and finance lease obligations",
                "concept": "LongTermDebtAndCapitalLeaseObligationsCurrent",
                "unit": "usd",
                "value": 200000.0
            },
            {
                "label": "Accounts payable",
                "concept": "AccountsPayableCurrent",
                "unit": "usd",
                "value": 78000000.0
            },
            {
                "label": "Customer deposits",
                "concept": "ContractWithCustomerLiabilityCurrent",
                "unit": "usd",
                "value": 15600000.0
            },
            {
                "label": "Compensation and withholding taxes",
                "concept": "EmployeeRelatedLiabilitiesCurrent",
                "unit": "usd",
                "value": 23000000.0
            },
            {
                "label": "Other current liabilities",
                "concept": "OtherAccruedLiabilitiesCurrent",
                "unit": "usd",
                "value": 50100000.0
            },
            {
                "label": "Current liabilities of discontinued operations",
                "concept": "LiabilitiesOfDisposalGroupIncludingDiscontinuedOperationCurrent",
                "unit": "usd",
                "value": 200000.0
            },
            {
                "label": "Total current liabilities",
                "concept": "LiabilitiesCurrent",
                "unit": "usd",
                "value": 167100000.0
            },
            {
                "label": "Long-term borrowings and finance lease obligations",
                "concept": "LongTermDebtAndCapitalLeaseObligations",
                "unit": "usd",
                "value": 278700000.0
            },
            {
                "label": "Long-term operating lease liabilities",
                "concept": "OperatingLeaseLiabilityNoncurrent",
                "unit": "usd",
                "value": 19800000.0
            },
            {
                "label": "Long-term pension and other postretirement benefit liabilities",
                "concept": "PensionAndOtherPostretirementDefinedBenefitPlansLiabilitiesNoncurrent",
                "unit": "usd",
                "value": 48900000.0
            },
            {
                "label": "Deferred tax liabilities",
                "concept": "DeferredIncomeTaxLiabilitiesNet",
                "unit": "usd",
                "value": 54300000.0
            },
            {
                "label": "Other long-term liabilities",
                "concept": "OtherLiabilitiesNoncurrent",
                "unit": "usd",
                "value": 21200000.0
            },
            {
                "label": "Long-term liabilities of discontinued operations",
                "concept": "LiabilitiesOfDisposalGroupIncludingDiscontinuedOperationNoncurrent",
                "unit": "usd",
                "value": 900000.0
            },
            {
                "label": "Total liabilities",
                "concept": "Liabilities",
                "unit": "usd",
                "value": 590900000.0
            },
            {
                "label": "Common stock, $1 par value per share, 90.0 shares authorized, 67.2 and 66.9 shares issued, respectively",
                "concept": "CommonStockValue",
                "unit": "usd",
                "value": 67200000.0
            },
            {
                "label": "Capital in excess of par value",
                "concept": "AdditionalPaidInCapitalCommonStock",
                "unit": "usd",
                "value": 230100000.0
            },
            {
                "label": "Retained earnings",
                "concept": "RetainedEarningsAccumulatedDeficit",
                "unit": "usd",
                "value": 546800000.0
            },
            {
                "label": "Treasury stock, at cost, 7.0 and 6.4 shares, respectively",
                "concept": "TreasuryStockValue",
                "unit": "usd",
                "value": 111400000.0
            },
            {
                "label": "Accumulated other comprehensive loss",
                "concept": "AccumulatedOtherComprehensiveIncomeLossNetOfTax",
                "unit": "usd",
                "value": 96500000.0
            },
            {
                "label": "Total stockholders\u2019 equity",
                "concept": "StockholdersEquity",
                "unit": "usd",
                "value": 636200000.0
            },
            {
                "label": "Total liabilities and stockholders\u2019 equity",
                "concept": "LiabilitiesAndStockholdersEquity",
                "unit": "usd",
                "value": 1227100000.0
            }
        ],
        "cf": [
            {
                "label": "Net income",
                "concept": "NetIncomeLoss",
                "unit": "usd",
                "value": 23400000.0
            },
            {
                "label": "Net gain on sales of properties and equipment",
                "concept": "GainLossOnSaleOfPropertyPlantEquipment",
                "unit": "usd",
                "value": 200000.0
            },
            {
                "label": "Depreciation and amortization",
                "concept": "DepreciationDepletionAndAmortization",
                "unit": "usd",
                "value": 10800000.0
            },
            {
                "label": "Deferred financing costs",
                "concept": "AmortizationOfFinancingCosts",
                "unit": "usd",
                "value": 100000.0
            },
            {
                "label": "Stock-based compensation expense",
                "concept": "ShareBasedCompensation",
                "unit": "usd",
                "value": 1000000.0
            },
            {
                "label": "Pension (benefit) expense, net of funding",
                "concept": "fss:PensionContributionsNetofPensionExpense",
                "unit": "usd",
                "value": 400000.0
            },
            {
                "label": "Changes in fair value of contingent consideration and deferred payment",
                "concept": "fss:ChangesInFairValueOfContingentConsiderationAndDeferredPayment",
                "unit": "usd",
                "value": "N/A"
            },
            {
                "label": "Deferred income taxes",
                "concept": "DeferredIncomeTaxExpenseBenefit",
                "unit": "usd",
                "value": 2800000.0
            },
            {
                "label": "Changes in operating assets and liabilities",
                "concept": "IncreaseDecreaseInOperatingCapital",
                "unit": "usd",
                "value": 32299999.999999996
            },
            {
                "label": "Net cash provided by (used for) operating activities",
                "concept": "NetCashProvidedByUsedInOperatingActivities",
                "unit": "usd",
                "value": 5200000.0
            },
            {
                "label": "Purchases of properties and equipment",
                "concept": "PaymentsToAcquirePropertyPlantAndEquipment",
                "unit": "usd",
                "value": 9500000.0
            },
            {
                "label": "Proceeds from sales of properties and equipment",
                "concept": "ProceedsFromSaleOfPropertyPlantAndEquipment",
                "unit": "usd",
                "value": 300000.0
            },
            {
                "label": "Proceeds from acquisition-related activity",
                "concept": "PaymentsForProceedsFromPreviousAcquisition",
                "unit": "usd",
                "value": 800000.0
            },
            {
                "label": "Net cash used for investing activities",
                "concept": "NetCashProvidedByUsedInInvestingActivities",
                "unit": "usd",
                "value": 8400000.0
            },
            {
                "label": "Increase in revolving lines of credit, net",
                "concept": "ProceedsFromRepaymentsOfLinesOfCredit",
                "unit": "usd",
                "value": 63600000.0
            },
            {
                "label": "Purchases of treasury stock",
                "concept": "PaymentsForRepurchaseOfCommonStock",
                "unit": "usd",
                "value": 13500000.0
            },
            {
                "label": "Redemptions of common stock to satisfy withholding taxes related to stock-based compensation",
                "concept": "PaymentsRelatedToTaxWithholdingForShareBasedCompensation",
                "unit": "usd",
                "value": 4000000.0
            },
            {
                "label": "Cash dividends paid to stockholders",
                "concept": "PaymentsOfDividendsCommonStock",
                "unit": "usd",
                "value": 4800000.0
            },
            {
                "label": "Other, net",
                "concept": "ProceedsFromPaymentsForOtherFinancingActivities",
                "unit": "usd",
                "value": 100000.0
            },
            {
                "label": "Net cash provided by (used for) financing activities",
                "concept": "NetCashProvidedByUsedInFinancingActivities",
                "unit": "usd",
                "value": 41400000.0
            },
            {
                "label": "Effects of foreign exchange rate changes on cash and cash equivalents",
                "concept": "EffectOfExchangeRateOnCashAndCashEquivalents",
                "unit": "usd",
                "value": 400000.0
            },
            {
                "label": "Increase (decrease) in cash and cash equivalents",
                "concept": "CashCashEquivalentsRestrictedCashAndRestrictedCashEquivalentsPeriodIncreaseDecreaseIncludingExchangeRateEffect",
                "unit": "usd",
                "value": 37800000.0
            }
        ],
        "ic": [
            {
                "label": "Net sales",
                "concept": "Revenues",
                "unit": "usd",
                "value": 286100000.0
            },
            {
                "label": "Cost of sales",
                "concept": "CostOfGoodsAndServicesSold",
                "unit": "usd",
                "value": 211300000.0
            },
            {
                "label": "Gross profit",
                "concept": "GrossProfit",
                "unit": "usd",
                "value": 74800000.0
            },
            {
                "label": "Selling, engineering, general and administrative expenses",
                "concept": "SellingGeneralAndAdministrativeExpense",
                "unit": "usd",
                "value": 42200000.0
            },
            {
                "label": "Acquisition and integration-related expenses",
                "concept": "fss:Acquisitionandintegrationrelatedexpenses",
                "unit": "usd",
                "value": 300000.0
            },
            {
                "label": "Operating income",
                "concept": "OperatingIncomeLoss",
                "unit": "usd",
                "value": 32299999.999999996
            },
            {
                "label": "Income before income taxes",
                "concept": "IncomeLossFromContinuingOperationsBeforeIncomeTaxesMinorityInterestAndIncomeLossFromEquityMethodInvestments",
                "unit": "usd",
                "value": 30600000.0
            },
            {
                "label": "Income tax expense",
                "concept": "IncomeTaxExpenseBenefit",
                "unit": "usd",
                "value": 7200000.0
            },
            {
                "label": "Earnings per share (usd per share)",
                "concept": "EarningsPerShareBasic",
                "unit": "usd/shares",
                "value": 0.39
            },
            {
                "label": "Net earnings per share (usd per share)",
                "concept": "EarningsPerShareDiluted",
                "unit": "usd/shares",
                "value": 0.38
            },
            {
                "label": "Basic (shares)",
                "concept": "WeightedAverageNumberOfSharesOutstandingBasic",
                "unit": "shares",
                "value": 60500000.0
            },
            {
                "label": "Diluted (shares)",
                "concept": "WeightedAverageNumberOfDilutedSharesOutstanding",
                "unit": "shares",
                "value": 61700000.0
            }
        ]
    }
}