{
    "startDate": "2019-12-19",
    "endDate": "2020-03-11",
    "year": "2020",
    "quarter": "Q2",
    "symbol": "LUB",
    "data": {
        "bs": [
            {
                "label": "Cash and cash equivalents",
                "concept": "CashAndCashEquivalentsAtCarryingValue",
                "unit": "usd",
                "value": 7080000
            },
            {
                "label": "Restricted cash and cash equivalents",
                "concept": "RestrictedCashAndCashEquivalentsAtCarryingValue",
                "unit": "usd",
                "value": 8704000
            },
            {
                "label": "Trade accounts and other receivables, net",
                "concept": "AccountsAndOtherReceivablesNetCurrent",
                "unit": "usd",
                "value": 8413000
            },
            {
                "label": "Food and supply inventories",
                "concept": "InventoryNet",
                "unit": "usd",
                "value": 2392000
            },
            {
                "label": "Prepaid expenses",
                "concept": "PrepaidExpenseCurrent",
                "unit": "usd",
                "value": 1970000
            },
            {
                "label": "Total current assets",
                "concept": "AssetsCurrent",
                "unit": "usd",
                "value": 28559000
            },
            {
                "label": "Property and equipment",
                "concept": "DisposalGroupIncludingDiscontinuedOperationPropertyPlantAndEquipment",
                "unit": "usd",
                "value": 13770000
            },
            {
                "label": "Assets related to discontinued operations",
                "concept": "DisposalGroupIncludingDiscontinuedOperationAssetsNoncurrent",
                "unit": "usd",
                "value": 1813000
            },
            {
                "label": "Property and equipment, net",
                "concept": "PropertyPlantAndEquipmentNet",
                "unit": "usd",
                "value": 117430000
            },
            {
                "label": "Intangible assets, net",
                "concept": "IntangibleAssetsNetExcludingGoodwill",
                "unit": "usd",
                "value": 16025000
            },
            {
                "label": "Goodwill",
                "concept": "Goodwill",
                "unit": "usd",
                "value": 514000
            },
            {
                "label": "Operating lease right-of-use assets, net",
                "concept": "OperatingLeaseRightOfUseAsset",
                "unit": "usd",
                "value": 24296000
            },
            {
                "label": "Other assets",
                "concept": "OtherAssets",
                "unit": "usd",
                "value": 890000
            },
            {
                "label": "Total assets",
                "concept": "Assets",
                "unit": "usd",
                "value": 203297000
            },
            {
                "label": "Accounts payable",
                "concept": "AccountsPayableCurrent",
                "unit": "usd",
                "value": 7945000
            },
            {
                "label": "Liabilities related to discontinued operations",
                "concept": "LiabilitiesOfDisposalGroupIncludingDiscontinuedOperationCurrent",
                "unit": "usd",
                "value": 5000
            },
            {
                "label": "Current portion of credit facility debt",
                "concept": "LinesOfCreditCurrent",
                "unit": "usd",
                "value": 2567000
            },
            {
                "label": "Operating lease liabilities-current",
                "concept": "OperatingLeaseLiabilityCurrent",
                "unit": "usd",
                "value": 5916000
            },
            {
                "label": "Accrued expenses and other liabilities",
                "concept": "OtherLiabilities",
                "unit": "usd",
                "value": 24015000
            },
            {
                "label": "Total current liabilities",
                "concept": "LiabilitiesCurrent",
                "unit": "usd",
                "value": 40448000
            },
            {
                "label": "Credit facility debt, less current portion",
                "concept": "LongTermLineOfCredit",
                "unit": "usd",
                "value": 48268000
            },
            {
                "label": "Operating lease liabilities-non-current",
                "concept": "OperatingLeaseLiabilityNoncurrent",
                "unit": "usd",
                "value": 23047000
            },
            {
                "label": "Other liabilities",
                "concept": "OtherLiabilitiesNoncurrent",
                "unit": "usd",
                "value": 922000
            },
            {
                "label": "Total liabilities",
                "concept": "Liabilities",
                "unit": "usd",
                "value": 112685000
            },
            {
                "label": "Commitments and Contingencies",
                "concept": "CommitmentsAndContingencies",
                "unit": "usd",
                "value": "N/A"
            },
            {
                "label": "Common stock, 0.32 par value; 100,000,000 shares authorized; shares issued were 30,751,629 and 30,478,972; and shares outstanding were 30,251,629 and 29,978,972 at March\u00a011, 2020 and August\u00a028, 2019, respectively",
                "concept": "CommonStockValue",
                "unit": "usd",
                "value": 9841000
            },
            {
                "label": "Paid-in capital",
                "concept": "AdditionalPaidInCapital",
                "unit": "usd",
                "value": 35478000
            },
            {
                "label": "Retained earnings",
                "concept": "RetainedEarningsAccumulatedDeficit",
                "unit": "usd",
                "value": 50068000
            },
            {
                "label": "Less cost of treasury stock, 500,000 shares",
                "concept": "TreasuryStockValue",
                "unit": "usd",
                "value": 4775000
            },
            {
                "label": "Total shareholders\u2019 equity",
                "concept": "StockholdersEquity",
                "unit": "usd",
                "value": 90612000
            },
            {
                "label": "Total liabilities and shareholders\u2019 equity",
                "concept": "LiabilitiesAndStockholdersEquity",
                "unit": "usd",
                "value": 203297000
            }
        ],
        "cf": [],
        "ic": [
            {
                "label": "TOTAL SALES",
                "concept": "RevenueFromContractWithCustomerExcludingAssessedTax",
                "unit": "usd",
                "value": 68561000
            },
            {
                "label": "Cost of food",
                "concept": "lub:FoodandBeverageCostofSales1",
                "unit": "usd",
                "value": 17399000
            },
            {
                "label": "Payroll and related costs",
                "concept": "LaborAndRelatedExpense",
                "unit": "usd",
                "value": 23782000
            },
            {
                "label": "Other operating expenses",
                "concept": "OtherCostAndExpenseOperating",
                "unit": "usd",
                "value": 10065000
            },
            {
                "label": "Occupancy costs",
                "concept": "OccupancyNet",
                "unit": "usd",
                "value": 3783000
            },
            {
                "label": "Opening costs",
                "concept": "PreOpeningCosts",
                "unit": "usd",
                "value": 2000
            },
            {
                "label": "Depreciation and amortization",
                "concept": "CostOfGoodsAndServicesSoldDepreciationAndAmortization",
                "unit": "usd",
                "value": 2677000
            },
            {
                "label": "Selling, general and administrative expenses",
                "concept": "SellingGeneralAndAdministrativeExpense",
                "unit": "usd",
                "value": 6816000
            },
            {
                "label": "Other Charges",
                "concept": "RestructuringCharges",
                "unit": "usd",
                "value": 1509000
            },
            {
                "label": "Provision for asset impairments and restaurant closings",
                "concept": "AssetImpairmentCharges",
                "unit": "usd",
                "value": 661000
            },
            {
                "label": "Net gain on disposition of property and equipment",
                "concept": "GainLossOnSaleOfPropertyPlantEquipment",
                "unit": "usd",
                "value": 2527000
            },
            {
                "label": "Total costs and expenses",
                "concept": "CostsAndExpenses",
                "unit": "usd",
                "value": 70976000
            },
            {
                "label": "Interest income",
                "concept": "InterestIncomeOperating",
                "unit": "usd",
                "value": 5000
            },
            {
                "label": "Interest expense",
                "concept": "InterestExpense",
                "unit": "usd",
                "value": 1473000
            },
            {
                "label": "Other income, net",
                "concept": "OtherNonoperatingIncomeExpense",
                "unit": "usd",
                "value": 148000
            },
            {
                "label": "Income (loss) before income taxes and discontinued operations",
                "concept": "IncomeLossFromContinuingOperationsBeforeIncomeTaxesMinorityInterestAndIncomeLossFromEquityMethodInvestments",
                "unit": "usd",
                "value": 3735000
            },
            {
                "label": "Provision for income taxes",
                "concept": "IncomeTaxExpenseBenefit",
                "unit": "usd",
                "value": 62000
            },
            {
                "label": "Income (loss) from continuing operations",
                "concept": "IncomeLossFromContinuingOperations",
                "unit": "usd",
                "value": 3797000
            },
            {
                "label": "Loss from discontinued operations, net of income taxes",
                "concept": "IncomeLossFromDiscontinuedOperationsNetOfTax",
                "unit": "usd",
                "value": 6000
            },
            {
                "label": "NET INCOME (LOSS)",
                "concept": "NetIncomeLoss",
                "unit": "usd",
                "value": 3803000
            },
            {
                "label": "Basic (in dollars per share)",
                "concept": "IncomeLossFromContinuingOperationsPerBasicShare",
                "unit": "usd/shares",
                "value": 0.13
            },
            {
                "label": "Assuming dilution (in dollars per share)",
                "concept": "IncomeLossFromContinuingOperationsPerDilutedShare",
                "unit": "usd/shares",
                "value": 0.13
            },
            {
                "label": "Basic (in dollars per share)",
                "concept": "IncomeLossFromDiscontinuedOperationsNetOfTaxPerBasicShare",
                "unit": "usd/shares",
                "value": 0.0
            },
            {
                "label": "Assuming dilution (in dollars per share)",
                "concept": "IncomeLossFromDiscontinuedOperationsNetOfTaxPerDilutedShare",
                "unit": "usd/shares",
                "value": 0.0
            },
            {
                "label": "Basic (in dollars per share)",
                "concept": "EarningsPerShareBasic",
                "unit": "usd/shares",
                "value": 0.13
            },
            {
                "label": "Assuming dilution (in dollars per share)",
                "concept": "EarningsPerShareDiluted",
                "unit": "usd/shares",
                "value": 0.13
            },
            {
                "label": "Basic (in shares)",
                "concept": "WeightedAverageNumberOfSharesOutstandingBasic",
                "unit": "shares",
                "value": 30215000
            },
            {
                "label": "Assuming dilution (in shares)",
                "concept": "WeightedAverageNumberOfDilutedSharesOutstanding",
                "unit": "shares",
                "value": 30215000
            }
        ]
    }
}