{
    "startDate": "2020-01-01",
    "endDate": "2020-03-31",
    "year": "2020",
    "quarter": "Q1",
    "symbol": "WELL",
    "data": {
        "bs": [
            {
                "label": "Land and land improvements",
                "concept": "LandAndLandImprovements",
                "unit": "usd",
                "value": 3514456000
            },
            {
                "label": "Buildings and improvements",
                "concept": "InvestmentBuildingAndBuildingImprovements",
                "unit": "usd",
                "value": 29236477000
            },
            {
                "label": "Acquired lease intangibles",
                "concept": "OtherFiniteLivedIntangibleAssetsGross",
                "unit": "usd",
                "value": 1629662000
            },
            {
                "label": "Real property held for sale, net of accumulated depreciation",
                "concept": "RealEstateHeldforsale",
                "unit": "usd",
                "value": 729560000
            },
            {
                "label": "Construction in progress",
                "concept": "DevelopmentInProcess",
                "unit": "usd",
                "value": 431497000
            },
            {
                "label": "Less accumulated depreciation and amortization",
                "concept": "RealEstateInvestmentPropertyAccumulatedDepreciation",
                "unit": "usd",
                "value": 5910979000
            },
            {
                "label": "Net real property owned",
                "concept": "RealEstateInvestmentPropertyNet",
                "unit": "usd",
                "value": 29630673000
            },
            {
                "label": "Right of use assets, net",
                "concept": "well:LeaseRightOfUseAsset",
                "unit": "usd",
                "value": 523217000
            },
            {
                "label": "Real estate loans receivable, net of credit allowance",
                "concept": "well:RealEstateLoansReceivableAfterAllowanceForCreditLosses",
                "unit": "usd",
                "value": 221228000
            },
            {
                "label": "Net real estate investments",
                "concept": "RealEstateInvestments",
                "unit": "usd",
                "value": 30375118000
            },
            {
                "label": "Investments in unconsolidated entities",
                "concept": "InvestmentsInAffiliatesSubsidiariesAssociatesAndJointVentures",
                "unit": "usd",
                "value": 702497000
            },
            {
                "label": "Goodwill",
                "concept": "Goodwill",
                "unit": "usd",
                "value": 68321000
            },
            {
                "label": "Cash and cash equivalents",
                "concept": "CashAndCashEquivalentsAtCarryingValue",
                "unit": "usd",
                "value": 303423000
            },
            {
                "label": "Restricted cash",
                "concept": "RestrictedCash",
                "unit": "usd",
                "value": 89643000
            },
            {
                "label": "Straight-line rent receivable",
                "concept": "DeferredRentReceivablesNet",
                "unit": "usd",
                "value": 449075000
            },
            {
                "label": "Total other assets",
                "concept": "OtherAssets",
                "unit": "usd",
                "value": 2547910000
            },
            {
                "label": "Unsecured credit facility and commercial paper",
                "concept": "LineOfCredit",
                "unit": "usd",
                "value": 844985000
            },
            {
                "label": "Senior unsecured notes",
                "concept": "UnsecuredDebt",
                "unit": "usd",
                "value": 10218853000
            },
            {
                "label": "Secured debt",
                "concept": "SecuredDebt",
                "unit": "usd",
                "value": 2901232000
            },
            {
                "label": "Lease liabilities",
                "concept": "well:LeaseLiability",
                "unit": "usd",
                "value": 464659000
            },
            {
                "label": "Accrued expenses and other liabilities",
                "concept": "OtherLiabilities",
                "unit": "usd",
                "value": 997603000
            },
            {
                "label": "Total liabilities",
                "concept": "Liabilities",
                "unit": "usd",
                "value": 15427332000
            },
            {
                "label": "Redeemable noncontrolling interests",
                "concept": "RedeemableNoncontrollingInterestEquityOtherFairValue",
                "unit": "usd",
                "value": 429359000
            },
            {
                "label": "Common stock",
                "concept": "CommonStockValue",
                "unit": "usd",
                "value": 418226000
            },
            {
                "label": "Capital in excess of par value",
                "concept": "AdditionalPaidInCapital",
                "unit": "usd",
                "value": 20818230000
            },
            {
                "label": "Treasury stock",
                "concept": "TreasuryStockValue",
                "unit": "usd",
                "value": 86975000
            },
            {
                "label": "Cumulative net income",
                "concept": "RetainedEarningsAccumulatedDeficit",
                "unit": "usd",
                "value": 7659038000
            },
            {
                "label": "Cumulative dividends",
                "concept": "CumulativeDividends",
                "unit": "usd",
                "value": 12579535000
            },
            {
                "label": "Accumulated other comprehensive income (loss)",
                "concept": "AccumulatedOtherComprehensiveIncomeLossNetOfTax",
                "unit": "usd",
                "value": 96213000
            },
            {
                "label": "Other equity",
                "concept": "well:OtherEquity",
                "unit": "usd",
                "value": 12000
            },
            {
                "label": "Total Welltower Inc. stockholders\u2019 equity",
                "concept": "StockholdersEquity",
                "unit": "usd",
                "value": 16132783000
            },
            {
                "label": "Noncontrolling interests",
                "concept": "MinorityInterest",
                "unit": "usd",
                "value": 933554000
            },
            {
                "label": "Total equity",
                "concept": "StockholdersEquityIncludingPortionAttributableToNoncontrollingInterest",
                "unit": "usd",
                "value": 17066337000
            }
        ],
        "cf": [
            {
                "label": "Depreciation and amortization",
                "concept": "OtherDepreciationAndAmortization",
                "unit": "usd",
                "value": 274801000
            },
            {
                "label": "Other amortization expenses",
                "concept": "AdjustmentForAmortization",
                "unit": "usd",
                "value": 3220000
            },
            {
                "label": "Stock-based compensation expense",
                "concept": "ShareBasedCompensation",
                "unit": "usd",
                "value": 7083000
            },
            {
                "label": "Loss (gain) on derivatives and financial instruments, net",
                "concept": "DerivativeGainLossOnDerivativeNet",
                "unit": "usd",
                "value": 7651000
            },
            {
                "label": "Loss (income) from unconsolidated entities",
                "concept": "IncomeLossFromEquityMethodInvestments",
                "unit": "usd",
                "value": 3692000
            },
            {
                "label": "Rental income less than (in excess of) cash received",
                "concept": "StraightLineRent",
                "unit": "usd",
                "value": 2119000
            },
            {
                "label": "Amortization related to above (below) market leases, net",
                "concept": "AmortizationOfAboveAndBelowMarketLeases",
                "unit": "usd",
                "value": 565000
            },
            {
                "label": "Loss (gain) on real estate dispositions, net",
                "concept": "GainLossOnSaleOfProperties",
                "unit": "usd",
                "value": 262824000
            },
            {
                "label": "Distributions by unconsolidated entities",
                "concept": "EquityMethodInvestmentDividendsOrDistributions",
                "unit": "usd",
                "value": 3385000
            },
            {
                "label": "Increase (decrease) in accrued expenses and other liabilities",
                "concept": "IncreaseDecreaseInOtherOperatingLiabilities",
                "unit": "usd",
                "value": 30030000
            },
            {
                "label": "Decrease (increase) in receivables and other assets",
                "concept": "IncreaseDecreaseInOtherOperatingAssets",
                "unit": "usd",
                "value": 43284000
            },
            {
                "label": "Net cash provided from (used in) operating activities",
                "concept": "NetCashProvidedByUsedInOperatingActivities",
                "unit": "usd",
                "value": 411857000
            },
            {
                "label": "Cash disbursed for acquisitions, net of cash acquired",
                "concept": "PaymentsToAcquireCommercialRealEstate",
                "unit": "usd",
                "value": 390802000
            },
            {
                "label": "Cash disbursed for capital improvements to existing properties",
                "concept": "PaymentsForCapitalImprovements",
                "unit": "usd",
                "value": 69382000
            },
            {
                "label": "Cash disbursed for construction in progress",
                "concept": "PaymentsForConstructionInProcess",
                "unit": "usd",
                "value": 48775000
            },
            {
                "label": "Capitalized interest",
                "concept": "InterestPaidCapitalized",
                "unit": "usd",
                "value": 4746000
            },
            {
                "label": "Investment in loans receivable",
                "concept": "PaymentsToAcquireLoansReceivable",
                "unit": "usd",
                "value": 10441000
            },
            {
                "label": "Principal collected on loans receivable",
                "concept": "ProceedsFromCollectionOfLoansReceivable",
                "unit": "usd",
                "value": 10045000
            },
            {
                "label": "Other investments, net of payments",
                "concept": "PaymentsToAcquireOtherInvestments",
                "unit": "usd",
                "value": 3612000
            },
            {
                "label": "Contributions to unconsolidated entities",
                "concept": "PaymentsToAcquireInterestInJointVenture",
                "unit": "usd",
                "value": 137129000
            },
            {
                "label": "Distributions by unconsolidated entities",
                "concept": "ProceedsFromEquityMethodInvestmentDividendsOrDistributionsReturnOfCapital",
                "unit": "usd",
                "value": 3555000
            },
            {
                "label": "Proceeds from (payments on) derivatives",
                "concept": "PaymentsForDerivativeInstrumentInvestingActivities",
                "unit": "usd",
                "value": 357000
            },
            {
                "label": "Proceeds from sales of real property",
                "concept": "ProceedsFromSaleOfPropertyPlantAndEquipment",
                "unit": "usd",
                "value": 801392000
            },
            {
                "label": "Net cash provided from (used in) investing activities",
                "concept": "NetCashProvidedByUsedInInvestingActivities",
                "unit": "usd",
                "value": 149748000
            },
            {
                "label": "Net increase (decrease) under unsecured credit facility and commercial paper",
                "concept": "ProceedsFromRepaymentsOfLinesOfCredit",
                "unit": "usd",
                "value": 742612000
            },
            {
                "label": "Proceeds from issuance of senior unsecured notes",
                "concept": "ProceedsFromIssuanceOfUnsecuredDebt",
                "unit": "usd",
                "value": "N/A"
            },
            {
                "label": "Payments to extinguish senior unsecured notes",
                "concept": "RepaymentsOfUnsecuredDebt",
                "unit": "usd",
                "value": "N/A"
            },
            {
                "label": "Net proceeds from the issuance of secured debt",
                "concept": "ProceedsFromIssuanceOfSecuredDebt",
                "unit": "usd",
                "value": 44921000
            },
            {
                "label": "Payments on secured debt",
                "concept": "RepaymentsOfSecuredDebt",
                "unit": "usd",
                "value": 31566000
            },
            {
                "label": "Net proceeds from the issuance of common stock",
                "concept": "ProceedsFromIssuanceOfCommonStock",
                "unit": "usd",
                "value": 591001000
            },
            {
                "label": "Payments for deferred financing costs and prepayment penalties",
                "concept": "PaymentsOfFinancingCosts",
                "unit": "usd",
                "value": 722000
            },
            {
                "label": "Contributions by noncontrolling interests",
                "concept": "ProceedsFromMinorityShareholders",
                "unit": "usd",
                "value": 9084000
            },
            {
                "label": "Distributions to noncontrolling interests",
                "concept": "PaymentsToMinorityShareholders",
                "unit": "usd",
                "value": 50124000
            },
            {
                "label": "Cash distributions to stockholders",
                "concept": "well:CashDistributionsToStockholders",
                "unit": "usd",
                "value": 354678000
            },
            {
                "label": "Other financing activities",
                "concept": "ProceedsFromPaymentsForOtherFinancingActivities",
                "unit": "usd",
                "value": 9599000
            },
            {
                "label": "Net cash provided from (used in) financing activities",
                "concept": "NetCashProvidedByUsedInFinancingActivities",
                "unit": "usd",
                "value": 544295000
            },
            {
                "label": "Effect of foreign currency translation on cash and cash equivalents and restricted cash",
                "concept": "EffectOfExchangeRateOnCashCashEquivalentsRestrictedCashAndRestrictedCashEquivalents",
                "unit": "usd",
                "value": 10010000
            },
            {
                "label": "Increase (decrease) in cash, cash equivalents and restricted cash",
                "concept": "CashCashEquivalentsRestrictedCashAndRestrictedCashEquivalentsPeriodIncreaseDecreaseIncludingExchangeRateEffect",
                "unit": "usd",
                "value": 7300000
            },
            {
                "label": "Interest paid",
                "concept": "InterestPaidNet",
                "unit": "usd",
                "value": 140216000
            },
            {
                "label": "Income taxes paid (received), net",
                "concept": "IncomeTaxesPaidNet",
                "unit": "usd",
                "value": 471000
            }
        ],
        "ic": [
            {
                "label": "Depreciation and amortization",
                "concept": "DepreciationAndAmortization",
                "unit": "usd",
                "value": 274801000
            },
            {
                "label": "Impairment of assets",
                "concept": "AssetImpairmentCharges",
                "unit": "usd",
                "value": 27827000
            },
            {
                "label": "Other expenses",
                "concept": "OtherExpenses",
                "unit": "usd",
                "value": 6292000
            },
            {
                "label": "Total expenses",
                "concept": "CostsAndExpenses",
                "unit": "usd",
                "value": 1182912000
            },
            {
                "label": "Income (loss) from unconsolidated entities",
                "concept": "IncomeLossFromEquityMethodInvestments",
                "unit": "usd",
                "value": 3692000
            },
            {
                "label": "Less: Net income (loss) attributable to noncontrolling interests",
                "concept": "NetIncomeLossAttributableToNoncontrollingInterest",
                "unit": "usd",
                "value": 19096000
            },
            {
                "label": "Net income (loss) attributable to common stockholders",
                "concept": "NetIncomeLossAvailableToCommonStockholdersBasic",
                "unit": "usd",
                "value": 310284000
            },
            {
                "label": "Basic (in shares)",
                "concept": "WeightedAverageNumberOfSharesOutstandingBasic",
                "unit": "shares",
                "value": 410306000
            },
            {
                "label": "Diluted (in shares)",
                "concept": "WeightedAverageNumberOfDilutedSharesOutstanding",
                "unit": "shares",
                "value": 412420000
            },
            {
                "label": "Income (loss) from continuing operations (in USD per share)",
                "concept": "IncomeLossFromContinuingOperationsPerBasicShare",
                "unit": "usd/shares",
                "value": 0.8
            },
            {
                "label": "Net income (loss) attributable to common stockholders (in USD per share)",
                "concept": "EarningsPerShareBasic",
                "unit": "usd/shares",
                "value": 0.76
            },
            {
                "label": "Income (loss) from continuing operations (in USD per share)",
                "concept": "IncomeLossFromContinuingOperationsPerDilutedShare",
                "unit": "usd/shares",
                "value": 0.8
            },
            {
                "label": "Net income (loss) attributable to common stockholders (in USD per share)",
                "concept": "EarningsPerShareDiluted",
                "unit": "usd/shares",
                "value": 0.75
            },
            {
                "label": "Dividends declared and paid per common share (in USD per share)",
                "concept": "CommonStockDividendsPerShareCashPaid",
                "unit": "usd/shares",
                "value": 0.87
            },
            {
                "label": "Net income",
                "concept": "ProfitLoss",
                "unit": "usd",
                "value": 329380000
            },
            {
                "label": "Foreign currency translation gain (loss)",
                "concept": "OtherComprehensiveIncomeForeignCurrencyTransactionAndTranslationGainLossArisingDuringPeriodNetOfTax",
                "unit": "usd",
                "value": 265577000
            },
            {
                "label": "Derivative and financial instruments designated as hedges gain (loss)",
                "concept": "OtherComprehensiveIncomeLossDerivativeExcludedComponentIncreaseDecreaseAfterAdjustmentsAndTax",
                "unit": "usd",
                "value": 259112000
            },
            {
                "label": "Total other comprehensive income (loss)",
                "concept": "OtherComprehensiveIncomeLossNetOfTax",
                "unit": "usd",
                "value": 6465000
            },
            {
                "label": "Total comprehensive income (loss)",
                "concept": "ComprehensiveIncomeNetOfTaxIncludingPortionAttributableToNoncontrollingInterest",
                "unit": "usd",
                "value": 322915000
            },
            {
                "label": "Less: Total comprehensive income (loss) attributable to noncontrolling interests",
                "concept": "ComprehensiveIncomeNetOfTaxAttributableToNoncontrollingInterest",
                "unit": "usd",
                "value": 3313000
            },
            {
                "label": "Total comprehensive income (loss) attributable to common stockholders",
                "concept": "ComprehensiveIncomeNetOfTax",
                "unit": "usd",
                "value": 326228000
            }
        ]
    }
}