{
    "startDate": "2020-01-01",
    "endDate": "2020-03-31",
    "year": "2019",
    "quarter": "Q1",
    "symbol": "INDB",
    "data": {
        "bs": [
            {
                "label": "Cash and due from banks",
                "concept": "CashAndDueFromBanks",
                "unit": "usd",
                "value": 125638000
            },
            {
                "label": "Interest-earning deposits with banks",
                "concept": "InterestBearingDepositsInBanks",
                "unit": "usd",
                "value": 345739000
            },
            {
                "label": "Trading",
                "concept": "TradingSecuritiesDebt",
                "unit": "usd",
                "value": 2247000
            },
            {
                "label": "Equity Securities, FV-NI",
                "concept": "EquitySecuritiesFvNi",
                "unit": "usd",
                "value": 19439000
            },
            {
                "label": "Debt Securities, Available-for-sale",
                "concept": "AvailableForSaleSecuritiesDebtSecurities",
                "unit": "usd",
                "value": 437296000
            },
            {
                "label": "Held to maturity (fair value $809,355 and $753,263)",
                "concept": "HeldToMaturitySecurities",
                "unit": "usd",
                "value": 777798000
            },
            {
                "label": "Total securities",
                "concept": "MarketableSecurities",
                "unit": "usd",
                "value": 1236780000
            },
            {
                "label": "Loans Receivable Held-for-sale, Net, Not Part of Disposal Group",
                "concept": "LoansReceivableHeldForSaleNetNotPartOfDisposalGroup",
                "unit": "usd",
                "value": 43756000
            },
            {
                "label": "Less: allowance for credit losses",
                "concept": "LoansAndLeasesReceivableAllowance",
                "unit": "usd",
                "value": 92376000
            },
            {
                "label": "Net loans",
                "concept": "LoansAndLeasesReceivableNetReportedAmount",
                "unit": "usd",
                "value": 8824054000
            },
            {
                "label": "Federal Home Loan Bank stock",
                "concept": "FederalHomeLoanBankStock",
                "unit": "usd",
                "value": 23274000
            },
            {
                "label": "Bank premises and equipment, net",
                "concept": "PropertyPlantAndEquipmentNet",
                "unit": "usd",
                "value": 121873000
            },
            {
                "label": "Goodwill",
                "concept": "Goodwill",
                "unit": "usd",
                "value": 506206000
            },
            {
                "label": "Other intangible assets",
                "concept": "FiniteLivedIntangibleAssetsNet",
                "unit": "usd",
                "value": 27466000
            },
            {
                "label": "Cash surrender value of life insurance policies",
                "concept": "BankOwnedLifeInsurance",
                "unit": "usd",
                "value": 197772000
            },
            {
                "label": "Other assets",
                "concept": "OtherAssets",
                "unit": "usd",
                "value": 527682000
            },
            {
                "label": "Total assets",
                "concept": "Assets",
                "unit": "usd",
                "value": 11980240000
            },
            {
                "label": "Noninterest-bearing demand deposits",
                "concept": "DemandDepositAccounts",
                "unit": "usd",
                "value": 2820312000
            },
            {
                "label": "Savings and interest checking accounts",
                "concept": "DepositsSavingsDeposits",
                "unit": "usd",
                "value": 3428546000
            },
            {
                "label": "Money market",
                "concept": "DepositsMoneyMarketDeposits",
                "unit": "usd",
                "value": 1897632000
            },
            {
                "label": "Time certificates of deposit of $100,000 and over",
                "concept": "TimeDeposits100000OrMore",
                "unit": "usd",
                "value": 629528000
            },
            {
                "label": "Other time certificates of deposits",
                "concept": "TimeDepositsLessThan100000",
                "unit": "usd",
                "value": 640180000
            },
            {
                "label": "Total deposits",
                "concept": "Deposits",
                "unit": "usd",
                "value": 9416198000
            },
            {
                "label": "Federal Home Loan Bank borrowings",
                "concept": "AdvancesFromFederalHomeLoanBanks",
                "unit": "usd",
                "value": 358591000
            },
            {
                "label": "Long-term Debt",
                "concept": "SecuredDebt",
                "unit": "usd",
                "value": 74920000
            },
            {
                "label": "Junior Subordinated Notes",
                "concept": "JuniorSubordinatedNotes",
                "unit": "usd",
                "value": 62849000
            },
            {
                "label": "Subordinated debentures (less unamortized debt issuance costs of $375 and $399)",
                "concept": "SubordinatedDebt",
                "unit": "usd",
                "value": 49625000
            },
            {
                "label": "Total borrowings",
                "concept": "DebtAndCapitalLeaseObligations",
                "unit": "usd",
                "value": 545985000
            },
            {
                "label": "Other liabilities",
                "concept": "OtherLiabilities",
                "unit": "usd",
                "value": 338401000
            },
            {
                "label": "Total liabilities",
                "concept": "Liabilities",
                "unit": "usd",
                "value": 10300584000
            },
            {
                "label": "Commitments and contingencies",
                "concept": "CommitmentsAndContingencies",
                "unit": "usd",
                "value": "N/A"
            },
            {
                "label": "Preferred stock, $.01 par value, authorized: 1,000,000 shares, outstanding: none",
                "concept": "PreferredStockValue",
                "unit": "usd",
                "value": "N/A"
            },
            {
                "label": "Common stock, $.01 par value, authorized: 75,000,000 shares, issued and outstanding: 33,260,005 shares at March 31, 2020 and 34,377,388 shares at December 31, 2019 (includes 147,892 and 147,184 shares of unvested participating restricted stock awards, respectively)",
                "concept": "CommonStockValue",
                "unit": "usd",
                "value": 331000
            },
            {
                "label": "Value of shares held in rabbi trust at cost: 133,857 shares at March 31, 2020 and 143,820 shares at December 31, 2019",
                "concept": "CommonStockIssuedEmployeeStockTrust",
                "unit": "usd",
                "value": 4604000
            },
            {
                "label": "Deferred compensation and other retirement benefit obligations",
                "concept": "CompensationAndBenefitsTrust",
                "unit": "usd",
                "value": 4604000
            },
            {
                "label": "Additional paid in capital",
                "concept": "AdditionalPaidInCapital",
                "unit": "usd",
                "value": 962513000
            },
            {
                "label": "Retained earnings",
                "concept": "RetainedEarningsAccumulatedDeficit",
                "unit": "usd",
                "value": 667084000
            },
            {
                "label": "Accumulated other comprehensive income, net of tax",
                "concept": "AccumulatedOtherComprehensiveIncomeLossNetOfTax",
                "unit": "usd",
                "value": 49728000
            },
            {
                "label": "Total stockholders\u2019 equity",
                "concept": "StockholdersEquity",
                "unit": "usd",
                "value": 1679656000
            },
            {
                "label": "Total liabilities and stockholders' equity",
                "concept": "LiabilitiesAndStockholdersEquity",
                "unit": "usd",
                "value": 11980240000
            }
        ],
        "cf": [
            {
                "label": "Net Income",
                "concept": "NetIncomeLoss",
                "unit": "usd",
                "value": 26751000
            },
            {
                "label": "Depreciation and amortization",
                "concept": "DepreciationAndAmortization",
                "unit": "usd",
                "value": 6992000
            },
            {
                "label": "Change In Unamortized Net Loan Costs And Premiums",
                "concept": "indb:ChangeInUnamortizedNetLoanCostsAndPremiums",
                "unit": "usd",
                "value": 735000
            },
            {
                "label": "Provision for credit losses",
                "concept": "ProvisionForLoanAndLeaseLosses",
                "unit": "usd",
                "value": 25000000
            },
            {
                "label": "Deferred income tax expense",
                "concept": "DeferredIncomeTaxExpenseBenefit",
                "unit": "usd",
                "value": 3108000
            },
            {
                "label": "Net unrealized (gain) loss on equity securities",
                "concept": "EquitySecuritiesFvNiGainLoss",
                "unit": "usd",
                "value": 1801000
            },
            {
                "label": "Net loss on bank premises and equipment",
                "concept": "GainLossOnSaleOfPropertyPlantEquipment",
                "unit": "usd",
                "value": 420000
            },
            {
                "label": "Realized gain on sale leaseback transaction",
                "concept": "SaleLeasebackTransactionCurrentPeriodGainRecognized",
                "unit": "usd",
                "value": 145000
            },
            {
                "label": "Stock based compensation",
                "concept": "ShareBasedCompensation",
                "unit": "usd",
                "value": 850000
            },
            {
                "label": "Increase in cash surrender value of life insurance policies",
                "concept": "LifeInsuranceCorporateOrBankOwnedChangeInValue",
                "unit": "usd",
                "value": 1276000
            },
            {
                "label": "Gain Realized on Life Insurance Policies",
                "concept": "indb:GainRealizedOnLifeInsurancePolicies",
                "unit": "usd",
                "value": 357000
            },
            {
                "label": "Operating Lease, Payments",
                "concept": "OperatingLeasePayments",
                "unit": "usd",
                "value": 2926000
            },
            {
                "label": "Change in Fair Value on Loans Held for Sale",
                "concept": "indb:ChangeInFairValueOnLoansHeldForSale",
                "unit": "usd",
                "value": 914000
            },
            {
                "label": "Trading assets",
                "concept": "IncreaseDecreaseInTradingSecurities",
                "unit": "usd",
                "value": 68000
            },
            {
                "label": "Loans held for sale",
                "concept": "IncreaseDecreaseInLoansHeldForSale",
                "unit": "usd",
                "value": 11363000
            },
            {
                "label": "Other assets",
                "concept": "IncreaseDecreaseInOtherOperatingAssets",
                "unit": "usd",
                "value": 151830000
            },
            {
                "label": "Increase (Decrease) in Other Operating Liabilities",
                "concept": "IncreaseDecreaseInOtherOperatingLiabilities",
                "unit": "usd",
                "value": 92461000
            },
            {
                "label": "Total adjustments",
                "concept": "AdjustmentsToReconcileNetIncomeLossToCashProvidedByUsedInOperatingActivities",
                "unit": "usd",
                "value": 37154000
            },
            {
                "label": "Net cash provided by (used in) operating activities",
                "concept": "NetCashProvidedByUsedInOperatingActivities",
                "unit": "usd",
                "value": 10403000
            },
            {
                "label": "Increase (Decrease) in Equity Securities, FV-NI",
                "concept": "IncreaseDecreaseInEquitySecuritiesFvNi",
                "unit": "usd",
                "value": 108000
            },
            {
                "label": "Proceeds from maturities and principal repayments of securities available for sale",
                "concept": "ProceedsFromMaturitiesPrepaymentsAndCallsOfAvailableForSaleSecurities",
                "unit": "usd",
                "value": 31280000
            },
            {
                "label": "Payments to Acquire Debt Securities, Available-for-sale",
                "concept": "PaymentsToAcquireAvailableForSaleSecuritiesDebt",
                "unit": "usd",
                "value": 30095000
            },
            {
                "label": "Proceeds from maturities and principal repayments of securities held to maturity",
                "concept": "ProceedsFromMaturitiesRepaymentsAndCallsOfTradingSecuritiesHeldforinvestment",
                "unit": "usd",
                "value": 48183000
            },
            {
                "label": "Purchases of securities held to maturity",
                "concept": "PaymentsToAcquireHeldToMaturitySecurities",
                "unit": "usd",
                "value": 84824000
            },
            {
                "label": "Net redemption (purchases) of Federal Home Loan Bank stock",
                "concept": "PaymentsForProceedsFromFederalHomeLoanBankStock",
                "unit": "usd",
                "value": 8850000
            },
            {
                "label": "Investments in low income housing projects",
                "concept": "indb:InvestmentinLowIncomeHousingProjects",
                "unit": "usd",
                "value": 5934000
            },
            {
                "label": "Purchases of life insurance policies",
                "concept": "PaymentsToAcquireLifeInsurancePolicies",
                "unit": "usd",
                "value": 93000
            },
            {
                "label": "Proceeds from Life Insurance Policy",
                "concept": "ProceedsFromLifeInsurancePolicies",
                "unit": "usd",
                "value": 1326000
            },
            {
                "label": "Net increase in loans",
                "concept": "PaymentsForProceedsFromLoansAndLeases",
                "unit": "usd",
                "value": 41283000
            },
            {
                "label": "Purchases of bank premises and equipment",
                "concept": "PaymentsToAcquirePropertyPlantAndEquipment",
                "unit": "usd",
                "value": 1749000
            },
            {
                "label": "Proceeds from the sale of bank premises and equipment",
                "concept": "ProceedsFromSaleOfPropertyPlantAndEquipment",
                "unit": "usd",
                "value": 9000
            },
            {
                "label": "Net cash used in investing activities",
                "concept": "NetCashProvidedByUsedInInvestingActivities",
                "unit": "usd",
                "value": 92138000
            },
            {
                "label": "Net increase (decrease) in time deposits",
                "concept": "IncreaseDecreaseInTimeDeposits",
                "unit": "usd",
                "value": 125396000
            },
            {
                "label": "Net increase in other deposits",
                "concept": "IncreaseDecreaseInOtherDeposits",
                "unit": "usd",
                "value": 394438000
            },
            {
                "label": "Increase (Decrease) in Federal Funds Purchased and Securities Sold under Agreements to Repurchase, Net",
                "concept": "IncreaseDecreaseInFederalFundsPurchasedAndSecuritiesSoldUnderAgreementsToRepurchaseNet",
                "unit": "usd",
                "value": 257826000
            },
            {
                "label": "Increase Decrease in Federal Home Loan Bank Advances Long Term",
                "concept": "indb:IncreaseDecreaseInFederalHomeLoanBankAdvancesLongTerm",
                "unit": "usd",
                "value": 15000000
            },
            {
                "label": "Proceeds from Lines of Credit",
                "concept": "ProceedsFromLinesOfCredit",
                "unit": "usd",
                "value": "N/A"
            },
            {
                "label": "Proceeds from long-term debt, net of issuance costs",
                "concept": "ProceedsFromIssuanceOfDebt",
                "unit": "usd",
                "value": "N/A"
            },
            {
                "label": "RepaymentsOfJuniorSubordinatedDebt",
                "concept": "indb:RepaymentsOfJuniorSubordinatedDebt",
                "unit": "usd",
                "value": "N/A"
            },
            {
                "label": "Proceeds from Issuance of Subordinated Long-term Debt",
                "concept": "ProceedsFromIssuanceOfSubordinatedLongTermDebt",
                "unit": "usd",
                "value": "N/A"
            },
            {
                "label": "Net proceeds from exercise of stock options",
                "concept": "ProceedsFromStockOptionsExercised",
                "unit": "usd",
                "value": "N/A"
            },
            {
                "label": "Restricted stock awards issued, net of awards surrendered",
                "concept": "indb:IssuanceOfRestrictedStockAwardsNetofIssuanceCost",
                "unit": "usd",
                "value": 1132000
            },
            {
                "label": "Proceeds from shares issued under direct stock purchase plan",
                "concept": "ProceedsFromStockPlans",
                "unit": "usd",
                "value": 560000
            },
            {
                "label": "Payments for shares repurchased under share repurchase program",
                "concept": "PaymentsForRepurchaseOfCommonStock",
                "unit": "usd",
                "value": 73226000
            },
            {
                "label": "Common dividends paid",
                "concept": "PaymentsOfDividendsCommonStock",
                "unit": "usd",
                "value": 15126000
            },
            {
                "label": "Net cash provided by financing activities",
                "concept": "NetCashProvidedByUsedInFinancingActivities",
                "unit": "usd",
                "value": 422944000
            },
            {
                "label": "Net increase in cash and cash equivalents",
                "concept": "CashCashEquivalentsRestrictedCashAndRestrictedCashEquivalentsPeriodIncreaseDecreaseIncludingExchangeRateEffect",
                "unit": "usd",
                "value": 320403000
            },
            {
                "label": "Net increase in capital commitments relating to low income housing project investments",
                "concept": "indb:CapitalcommitmentrelatingtoLowIncomeHousingProjectinvestmentsnoncash",
                "unit": "usd",
                "value": 14394000
            },
            {
                "label": "Right-of-Use Asset Obtained in Exchange for Operating Lease Liability",
                "concept": "RightOfUseAssetObtainedInExchangeForOperatingLeaseLiability",
                "unit": "usd",
                "value": 2223000
            }
        ],
        "ic": [
            {
                "label": "Interest and fees on loans",
                "concept": "InterestAndFeeIncomeLoansAndLeasesHeldInPortfolio",
                "unit": "usd",
                "value": 99022000
            },
            {
                "label": "Interest Income, Securities, Operating, Taxable",
                "concept": "InterestIncomeSecuritiesTaxable",
                "unit": "usd",
                "value": 7957000
            },
            {
                "label": "Nontaxable interest and dividends on securities",
                "concept": "indb:NonTaxableInterestAndDividendsOnSecurities",
                "unit": "usd",
                "value": 9000
            },
            {
                "label": "Interest on loans held for sale",
                "concept": "InterestAndFeeIncomeLoansAndLeasesHeldForSale",
                "unit": "usd",
                "value": 232000
            },
            {
                "label": "Interest on federal funds sold and short-term investments",
                "concept": "InterestIncomeFederalFundsSold",
                "unit": "usd",
                "value": 160000
            },
            {
                "label": "Total interest and dividend income",
                "concept": "InterestAndDividendIncomeOperating",
                "unit": "usd",
                "value": 107380000
            },
            {
                "label": "Interest on deposits",
                "concept": "InterestExpenseDeposits",
                "unit": "usd",
                "value": 10892000
            },
            {
                "label": "Interest on borrowings",
                "concept": "InterestExpenseBorrowings",
                "unit": "usd",
                "value": 2184000
            },
            {
                "label": "Total interest expense",
                "concept": "InterestExpense",
                "unit": "usd",
                "value": 13076000
            },
            {
                "label": "Net interest income",
                "concept": "InterestIncomeExpenseNet",
                "unit": "usd",
                "value": 94304000
            },
            {
                "label": "Net interest income after provision for credit losses",
                "concept": "InterestIncomeExpenseAfterProvisionForLoanLoss",
                "unit": "usd",
                "value": 69304000
            },
            {
                "label": "Deposit account fees",
                "concept": "indb:ServiceChargesOnDepositAccounts",
                "unit": "usd",
                "value": 4970000
            },
            {
                "label": "Interchange and ATM fees",
                "concept": "indb:InterchangeAndAtmFees",
                "unit": "usd",
                "value": 4896000
            },
            {
                "label": "Investment Banking, Advisory, Brokerage, and Underwriting Fees and Commissions",
                "concept": "InvestmentBankingAdvisoryBrokerageAndUnderwritingFeesAndCommissions",
                "unit": "usd",
                "value": 6829000
            },
            {
                "label": "Mortgage banking income",
                "concept": "indb:FeesAndCommissionMortgageBanking",
                "unit": "usd",
                "value": 861000
            },
            {
                "label": "Increase in cash surrender value of life insurance policies",
                "concept": "BankOwnedLifeInsuranceIncome",
                "unit": "usd",
                "value": 1276000
            },
            {
                "label": "Loan level derivative income",
                "concept": "DerivativeGainLossOnDerivativeNet",
                "unit": "usd",
                "value": 3597000
            },
            {
                "label": "Other noninterest income",
                "concept": "NoninterestIncomeOtherOperatingIncome",
                "unit": "usd",
                "value": 3649000
            },
            {
                "label": "Total noninterest income",
                "concept": "NoninterestIncome",
                "unit": "usd",
                "value": 26435000
            },
            {
                "label": "Salaries and employee benefits",
                "concept": "LaborAndRelatedExpense",
                "unit": "usd",
                "value": 37349000
            },
            {
                "label": "Occupancy and equipment expenses",
                "concept": "OccupancyNet",
                "unit": "usd",
                "value": 9317000
            },
            {
                "label": "Data processing & facilities management",
                "concept": "InformationTechnologyAndDataProcessing",
                "unit": "usd",
                "value": 1658000
            },
            {
                "label": "FDIC assessment",
                "concept": "FederalDepositInsuranceCorporationPremiumExpense",
                "unit": "usd",
                "value": "N/A"
            },
            {
                "label": "Advertising expense",
                "concept": "AdvertisingExpense",
                "unit": "usd",
                "value": 1105000
            },
            {
                "label": "Professional Fees",
                "concept": "ProfessionalFees",
                "unit": "usd",
                "value": 1336000
            },
            {
                "label": "Amortization of Intangible Assets",
                "concept": "AmortizationOfIntangibleAssets",
                "unit": "usd",
                "value": 1531000
            },
            {
                "label": "Business Combination, Acquisition Related Costs",
                "concept": "BusinessCombinationAcquisitionRelatedCosts",
                "unit": "usd",
                "value": "N/A"
            },
            {
                "label": "Software Maintenance",
                "concept": "indb:SoftwareMaintenance",
                "unit": "usd",
                "value": 1685000
            },
            {
                "label": "Debt and Equity Securities, Unrealized Gain (Loss)",
                "concept": "DebtAndEquitySecuritiesUnrealizedGainLoss",
                "unit": "usd",
                "value": 1799000
            },
            {
                "label": "Other noninterest expenses",
                "concept": "OtherNoninterestExpense",
                "unit": "usd",
                "value": 11060000
            },
            {
                "label": "Total noninterest expenses",
                "concept": "NoninterestExpense",
                "unit": "usd",
                "value": 66840000
            },
            {
                "label": "Income before income taxes",
                "concept": "IncomeLossFromContinuingOperationsBeforeIncomeTaxesMinorityInterestAndIncomeLossFromEquityMethodInvestments",
                "unit": "usd",
                "value": 28899000
            },
            {
                "label": "Current Federal, State and Local, Tax Expense (Benefit)",
                "concept": "CurrentFederalStateAndLocalTaxExpenseBenefit",
                "unit": "usd",
                "value": 2148000
            },
            {
                "label": "Net income",
                "concept": "NetIncomeLoss",
                "unit": "usd",
                "value": 26751000
            },
            {
                "label": "Basic earnings per share (in dollars per share)",
                "concept": "EarningsPerShareBasic",
                "unit": "usd/shares",
                "value": 0.78
            },
            {
                "label": "Diluted earnings per share (in dollars per share)",
                "concept": "EarningsPerShareDiluted",
                "unit": "usd/shares",
                "value": 0.78
            },
            {
                "label": "Weighted average common shares (basic) (in shares)",
                "concept": "WeightedAverageNumberOfSharesOutstandingBasic",
                "unit": "shares",
                "value": 34184431
            },
            {
                "label": "Common shares equivalents (in shares)",
                "concept": "WeightedAverageNumberDilutedSharesOutstandingAdjustment",
                "unit": "shares",
                "value": 36827
            },
            {
                "label": "Weighted average common shares (diluted) (in shares)",
                "concept": "WeightedAverageNumberOfDilutedSharesOutstanding",
                "unit": "shares",
                "value": 34221258
            }
        ]
    }
}