{
    "startDate": "2020-01-01",
    "endDate": "2020-03-31",
    "year": "2020",
    "quarter": "Q1",
    "symbol": "TELL",
    "data": {
        "bs": [
            {
                "label": "Cash and cash equivalents",
                "concept": "CashAndCashEquivalentsAtCarryingValue",
                "unit": "usd",
                "value": 55452000
            },
            {
                "label": "Accounts receivable",
                "concept": "tell:AccountsReceivable",
                "unit": "usd",
                "value": 3195000
            },
            {
                "label": "Accounts receivable due from related parties",
                "concept": "AccountsReceivableRelatedPartiesCurrent",
                "unit": "usd",
                "value": 1316000
            },
            {
                "label": "Prepaid expenses and other current assets",
                "concept": "PrepaidExpenseAndOtherAssetsCurrent",
                "unit": "usd",
                "value": 8145000
            },
            {
                "label": "Total current assets",
                "concept": "AssetsCurrent",
                "unit": "usd",
                "value": 68108000
            },
            {
                "label": "Property, plant and equipment, net",
                "concept": "tell:PropertyPlantAndEquipmentAndFinanceLeaseRightOfUseAssetAfterAccumulatedDepreciationAndAmortization",
                "unit": "usd",
                "value": 146898000
            },
            {
                "label": "Deferred engineering costs",
                "concept": "tell:DeferredEngineeringCosts",
                "unit": "usd",
                "value": 109040000
            },
            {
                "label": "Non-current restricted cash",
                "concept": "RestrictedCashNoncurrent",
                "unit": "usd",
                "value": 3570000
            },
            {
                "label": "Other non-current assets",
                "concept": "OtherAssetsNoncurrent",
                "unit": "usd",
                "value": 36683000
            },
            {
                "label": "Total assets",
                "concept": "Assets",
                "unit": "usd",
                "value": 364299000
            },
            {
                "label": "Accounts payable",
                "concept": "AccountsPayableCurrent",
                "unit": "usd",
                "value": 27022000
            },
            {
                "label": "Accrued and other liabilities",
                "concept": "AccruedLiabilitiesCurrent",
                "unit": "usd",
                "value": 37387000
            },
            {
                "label": "Senior secured term loan",
                "concept": "ShortTermBorrowings",
                "unit": "usd",
                "value": "N/A"
            },
            {
                "label": "Total current liabilities",
                "concept": "LiabilitiesCurrent",
                "unit": "usd",
                "value": 64409000
            },
            {
                "label": "Borrowings",
                "concept": "LongTermDebt",
                "unit": "usd",
                "value": 128589000
            },
            {
                "label": "Other non-current liabilities",
                "concept": "OtherLiabilitiesNoncurrent",
                "unit": "usd",
                "value": 24657000
            },
            {
                "label": "Total long-term liabilities",
                "concept": "LiabilitiesNoncurrent",
                "unit": "usd",
                "value": 153246000
            },
            {
                "label": "Preferred stock, $0.01 par value, 100,000,000 authorized: 6,123,782 and 6,123,782 shares outstanding, respectively",
                "concept": "PreferredStockValue",
                "unit": "usd",
                "value": 61000
            },
            {
                "label": "Common stock, $0.01 par value, 400,000,000 authorized: 255,462,543 and 242,207,522 shares outstanding, respectively",
                "concept": "CommonStockValue",
                "unit": "usd",
                "value": 2344000
            },
            {
                "label": "Additional paid-in capital",
                "concept": "AdditionalPaidInCapital",
                "unit": "usd",
                "value": 790599000
            },
            {
                "label": "Accumulated deficit",
                "concept": "RetainedEarningsAccumulatedDeficit",
                "unit": "usd",
                "value": 646360000
            },
            {
                "label": "Total stockholders\u2019 equity",
                "concept": "StockholdersEquity",
                "unit": "usd",
                "value": 146644000
            },
            {
                "label": "Total liabilities and stockholders\u2019 equity",
                "concept": "LiabilitiesAndStockholdersEquity",
                "unit": "usd",
                "value": 364299000
            }
        ],
        "cf": [
            {
                "label": "Net loss",
                "concept": "NetIncomeLoss",
                "unit": "usd",
                "value": 40734000
            },
            {
                "label": "Depreciation, depletion and amortization",
                "concept": "DepreciationDepletionAndAmortization",
                "unit": "usd",
                "value": 5832000
            },
            {
                "label": "Amortization of debt issuance costs, discounts and fees",
                "concept": "AmortizationOfFinancingCostsAndDiscounts",
                "unit": "usd",
                "value": 3231000
            },
            {
                "label": "Share-based compensation",
                "concept": "tell:ShareBasedCompensationExpense",
                "unit": "usd",
                "value": 683000
            },
            {
                "label": "Share-based payments",
                "concept": "ShareBasedCompensation",
                "unit": "usd",
                "value": 111000
            },
            {
                "label": "Interest elected to be paid-in-kind",
                "concept": "PaidInKindInterest",
                "unit": "usd",
                "value": 130000
            },
            {
                "label": "Gain on financial instruments not designated as hedges",
                "concept": "DerivativeInstrumentsNotDesignatedAsHedgingInstrumentsGainLossNet",
                "unit": "usd",
                "value": 101000
            },
            {
                "label": "Other",
                "concept": "OtherNoncashIncomeExpense",
                "unit": "usd",
                "value": 1163000
            },
            {
                "label": "Net changes in working capital (Note 14)",
                "concept": "tell:IncreaseDecreaseinCurrentOperatingCapital",
                "unit": "usd",
                "value": 9191000
            },
            {
                "label": "Net cash used in operating activities",
                "concept": "NetCashProvidedByUsedInOperatingActivities",
                "unit": "usd",
                "value": 20494000
            },
            {
                "label": "Development of natural gas properties",
                "concept": "tell:PaymentstoDevelopNaturalGasProperties",
                "unit": "usd",
                "value": 269000
            },
            {
                "label": "Deferred engineering costs",
                "concept": "tell:IncreaseDecreaseinDeferredEngineeringCosts",
                "unit": "usd",
                "value": "N/A"
            },
            {
                "label": "Purchase of property, plant and equipment",
                "concept": "PaymentsToAcquirePropertyPlantAndEquipment",
                "unit": "usd",
                "value": "N/A"
            },
            {
                "label": "Net cash used in investing activities",
                "concept": "NetCashProvidedByUsedInInvestingActivities",
                "unit": "usd",
                "value": 269000
            },
            {
                "label": "Proceeds from common stock issuance",
                "concept": "ProceedsFromIssuanceOfCommonStock",
                "unit": "usd",
                "value": 13324000
            },
            {
                "label": "Principal payments",
                "concept": "FinanceLeasePrincipalPayments",
                "unit": "usd",
                "value": 2000000
            },
            {
                "label": "Tax payments for net share settlement of equity awards (Note 14)",
                "concept": "PaymentsRelatedToTaxWithholdingForShareBasedCompensation",
                "unit": "usd",
                "value": "N/A"
            },
            {
                "label": "Other",
                "concept": "ProceedsFromPaymentsForOtherFinancingActivities",
                "unit": "usd",
                "value": 21000
            },
            {
                "label": "Net cash provided by/(used in) financing activities",
                "concept": "NetCashProvidedByUsedInFinancingActivities",
                "unit": "usd",
                "value": 11303000
            },
            {
                "label": "Net (decrease) increase in cash, cash equivalents and restricted cash",
                "concept": "CashCashEquivalentsRestrictedCashAndRestrictedCashEquivalentsPeriodIncreaseDecreaseIncludingExchangeRateEffect",
                "unit": "usd",
                "value": 9460000
            },
            {
                "label": "Interest paid",
                "concept": "InterestPaidNet",
                "unit": "usd",
                "value": 2905000
            }
        ],
        "ic": [
            {
                "label": "Natural gas sales",
                "concept": "RevenueFromContractWithCustomerExcludingAssessedTax",
                "unit": "usd",
                "value": 8217000
            },
            {
                "label": "Cost of sales",
                "concept": "CostOfGoodsAndServicesSold",
                "unit": "usd",
                "value": 2879000
            },
            {
                "label": "Development expenses",
                "concept": "ResearchAndDevelopmentExpense",
                "unit": "usd",
                "value": 11183000
            },
            {
                "label": "Depreciation, depletion and amortization",
                "concept": "tell:DepreciationDepletionandAmortizationExcludingLeaseAmortization",
                "unit": "usd",
                "value": 5832000
            },
            {
                "label": "General and administrative expenses",
                "concept": "GeneralAndAdministrativeExpense",
                "unit": "usd",
                "value": 17239000
            },
            {
                "label": "Total operating costs and expenses",
                "concept": "CostsAndExpenses",
                "unit": "usd",
                "value": 42638000
            },
            {
                "label": "Loss from operations",
                "concept": "OperatingIncomeLoss",
                "unit": "usd",
                "value": 34421000
            },
            {
                "label": "Interest expense, net",
                "concept": "InterestIncomeExpenseNet",
                "unit": "usd",
                "value": 6396000
            },
            {
                "label": "Other income (expense), net",
                "concept": "OtherNonoperatingIncomeExpense",
                "unit": "usd",
                "value": 83000
            },
            {
                "label": "Loss before income taxes",
                "concept": "IncomeLossFromContinuingOperationsBeforeIncomeTaxesMinorityInterestAndIncomeLossFromEquityMethodInvestments",
                "unit": "usd",
                "value": 40734000
            },
            {
                "label": "Income tax benefit",
                "concept": "IncomeTaxExpenseBenefit",
                "unit": "usd",
                "value": "N/A"
            },
            {
                "label": "Net loss",
                "concept": "NetIncomeLoss",
                "unit": "usd",
                "value": 40734000
            },
            {
                "label": "Basic and diluted (in dollars per share)",
                "concept": "EarningsPerShareBasicAndDiluted",
                "unit": "usd/shares",
                "value": 0.18
            },
            {
                "label": "Basic and diluted (in shares)",
                "concept": "WeightedAverageNumberOfShareOutstandingBasicAndDiluted",
                "unit": "shares",
                "value": 221133000
            }
        ]
    }
}