{
    "startDate": "2020-01-01",
    "endDate": "2020-03-31",
    "year": "2020",
    "quarter": "Q1",
    "symbol": "NBL",
    "data": {
        "bs": [
            {
                "label": "Accounts Receivable, Net",
                "concept": "AccountsReceivableNetCurrent",
                "unit": "usd",
                "value": 562000000
            },
            {
                "label": "Other Current Assets",
                "concept": "OtherAssetsCurrent",
                "unit": "usd",
                "value": 353000000
            },
            {
                "label": "Total Current Assets",
                "concept": "AssetsCurrent",
                "unit": "usd",
                "value": 2312000000
            },
            {
                "label": "Oil and Gas Properties (Successful Efforts Method of Accounting)",
                "concept": "OilAndGasPropertySuccessfulEffortMethodGross",
                "unit": "usd",
                "value": 30824000000
            },
            {
                "label": "Property, Plant and Equipment, Other",
                "concept": "PropertyPlantAndEquipmentOther",
                "unit": "usd",
                "value": 1087000000
            },
            {
                "label": "Total Property, Plant and Equipment, Gross",
                "concept": "PropertyPlantAndEquipmentGross",
                "unit": "usd",
                "value": 31911000000
            },
            {
                "label": "Accumulated Depreciation, Depletion and Amortization",
                "concept": "AccumulatedDepreciationDepletionAndAmortizationPropertyPlantAndEquipment",
                "unit": "usd",
                "value": 18690000000
            },
            {
                "label": "Total Property, Plant and Equipment, Net",
                "concept": "PropertyPlantAndEquipmentNet",
                "unit": "usd",
                "value": 13221000000
            },
            {
                "label": "Other Noncurrent Assets",
                "concept": "OtherAssetsNoncurrent",
                "unit": "usd",
                "value": 1925000000
            },
            {
                "label": "Total Assets",
                "concept": "Assets",
                "unit": "usd",
                "value": 17458000000
            },
            {
                "label": "Accounts Payable \u2013 Trade",
                "concept": "AccountsPayableCurrentAndNoncurrent",
                "unit": "usd",
                "value": 1099000000
            },
            {
                "label": "Other Current Liabilities",
                "concept": "OtherLiabilitiesCurrent",
                "unit": "usd",
                "value": 651000000
            },
            {
                "label": "Total Current Liabilities",
                "concept": "LiabilitiesCurrent",
                "unit": "usd",
                "value": 1750000000
            },
            {
                "label": "Long-Term Debt",
                "concept": "LongTermDebtAndCapitalLeaseObligations",
                "unit": "usd",
                "value": 8632000000
            },
            {
                "label": "Deferred Income Taxes",
                "concept": "DeferredIncomeTaxLiabilitiesNet",
                "unit": "usd",
                "value": 615000000
            },
            {
                "label": "Other Noncurrent Liabilities",
                "concept": "OtherLiabilitiesNoncurrent",
                "unit": "usd",
                "value": 1306000000
            },
            {
                "label": "Total Liabilities",
                "concept": "Liabilities",
                "unit": "usd",
                "value": 12303000000
            },
            {
                "label": "Commitments and Contingencies",
                "concept": "CommitmentsAndContingencies",
                "unit": "usd",
                "value": "N/A"
            },
            {
                "label": "Redeemable Noncontrolling Interest, Net",
                "concept": "RedeemableNoncontrollingInterestEquityCarryingAmount",
                "unit": "usd",
                "value": 109000000
            },
            {
                "label": "Preferred Stock \u2013 Par Value $1.00 per share; 4 Million Shares Authorized; None Issued",
                "concept": "PreferredStockValue",
                "unit": "usd",
                "value": "N/A"
            },
            {
                "label": "Common Stock \u2013 Par Value $0.01 per share; 1 Billion Shares Authorized; 524 Million and 522 Million Shares Issued, respectively",
                "concept": "CommonStockValue",
                "unit": "usd",
                "value": 5000000
            },
            {
                "label": "Additional Paid in Capital",
                "concept": "AdditionalPaidInCapital",
                "unit": "usd",
                "value": 8942000000
            },
            {
                "label": "Accumulated Other Comprehensive Loss",
                "concept": "AccumulatedOtherComprehensiveIncomeLossNetOfTax",
                "unit": "usd",
                "value": 30000000
            },
            {
                "label": "Treasury Stock, at Cost; 39 Million Shares",
                "concept": "TreasuryStockValue",
                "unit": "usd",
                "value": 740000000
            },
            {
                "label": "(Accumulated Deficit) Retained Earnings",
                "concept": "RetainedEarningsAccumulatedDeficit",
                "unit": "usd",
                "value": 3780000000
            },
            {
                "label": "Noble Energy Share of Equity",
                "concept": "StockholdersEquity",
                "unit": "usd",
                "value": 4397000000
            },
            {
                "label": "Noncontrolling Interests",
                "concept": "MinorityInterest",
                "unit": "usd",
                "value": 649000000
            },
            {
                "label": "Total Shareholders' Equity",
                "concept": "StockholdersEquityIncludingPortionAttributableToNoncontrollingInterest",
                "unit": "usd",
                "value": 5046000000
            },
            {
                "label": "Total Liabilities, Mezzanine Equity and Shareholders' Equity",
                "concept": "LiabilitiesAndStockholdersEquity",
                "unit": "usd",
                "value": 17458000000
            }
        ],
        "cf": [
            {
                "label": "Net Loss Including Noncontrolling Interests",
                "concept": "ProfitLoss",
                "unit": "usd",
                "value": 4007000000
            },
            {
                "label": "Leasehold Impairment",
                "concept": "ImpairmentOfLeasehold",
                "unit": "usd",
                "value": 1485000000
            },
            {
                "label": "Deferred Income Tax Benefit",
                "concept": "IncreaseDecreaseInDeferredIncomeTaxes",
                "unit": "usd",
                "value": 48000000
            },
            {
                "label": "(Gain) Loss on Commodity Derivative Instruments",
                "concept": "GainLossOnDerivativeInstrumentsNetPretax",
                "unit": "usd",
                "value": 389000000
            },
            {
                "label": "Net Cash Received in Settlement of Commodity Derivative Instruments",
                "concept": "nbl:CashReceivedPaidInSettlementOfDerivativeInstrumentsNotDesignatedAsHedgingInstruments",
                "unit": "usd",
                "value": 208000000
            },
            {
                "label": "Asset Impairments",
                "concept": "TangibleAssetImpairmentCharges",
                "unit": "usd",
                "value": 2703000000
            },
            {
                "label": "Goodwill Impairment",
                "concept": "GoodwillImpairmentLoss",
                "unit": "usd",
                "value": 110000000
            },
            {
                "label": "Firm Transportation Exit Cost",
                "concept": "GainLossOnSaleOfBusiness",
                "unit": "usd",
                "value": "N/A"
            },
            {
                "label": "Other Adjustments for Noncash Items Included in Income",
                "concept": "OtherNoncashIncomeExpense",
                "unit": "usd",
                "value": 82000000
            },
            {
                "label": "Decrease in Accounts Receivable",
                "concept": "IncreaseDecreaseInAccountsReceivable",
                "unit": "usd",
                "value": 90000000
            },
            {
                "label": "(Decrease) Increase in Accounts Payable",
                "concept": "IncreaseDecreaseInAccountsPayable",
                "unit": "usd",
                "value": 48000000
            },
            {
                "label": "Other Current Assets and Liabilities, Net",
                "concept": "IncreaseDecreaseInOtherOperatingLiabilities",
                "unit": "usd",
                "value": 122000000
            },
            {
                "label": "Other Operating Assets and Liabilities, Net",
                "concept": "IncreaseDecreaseInOtherOperatingCapitalNet",
                "unit": "usd",
                "value": 74000000
            },
            {
                "label": "Net Cash Provided by Operating Activities",
                "concept": "NetCashProvidedByUsedInOperatingActivities",
                "unit": "usd",
                "value": 482000000
            },
            {
                "label": "Additions to Property, Plant and Equipment",
                "concept": "PaymentsToAcquireOilAndGasPropertyAndEquipment",
                "unit": "usd",
                "value": 479000000
            },
            {
                "label": "Additions to Equity Method Investments",
                "concept": "PaymentsToAcquireEquityMethodInvestments",
                "unit": "usd",
                "value": 226000000
            },
            {
                "label": "Proceeds from Divestitures, Net",
                "concept": "ProceedsFromDivestitureOfBusinesses",
                "unit": "usd",
                "value": 17000000
            },
            {
                "label": "Other",
                "concept": "PaymentsForProceedsFromOtherInvestingActivities",
                "unit": "usd",
                "value": 8000000
            },
            {
                "label": "Net Cash Used in Investing Activities",
                "concept": "NetCashProvidedByUsedInInvestingActivities",
                "unit": "usd",
                "value": 696000000
            },
            {
                "label": "Dividends Paid, Common Stock",
                "concept": "PaymentsOfDividendsCommonStock",
                "unit": "usd",
                "value": 58000000
            },
            {
                "label": "Contributions from Noncontrolling Interest Owners",
                "concept": "ProceedsFromMinorityShareholders",
                "unit": "usd",
                "value": 78000000
            },
            {
                "label": "Proceeds from Issuance of Mezzanine Equity, Net of Offering Costs",
                "concept": "ProceedsFromIssuanceOfRedeemableConvertiblePreferredStock",
                "unit": "usd",
                "value": "N/A"
            },
            {
                "label": "Other",
                "concept": "ProceedsFromPaymentsForOtherFinancingActivities",
                "unit": "usd",
                "value": 48000000
            },
            {
                "label": "Net Cash Provided by Financing Activities",
                "concept": "NetCashProvidedByUsedInFinancingActivities",
                "unit": "usd",
                "value": 1127000000
            },
            {
                "label": "Increase (Decrease) in Cash, Cash Equivalents, and Restricted Cash",
                "concept": "CashCashEquivalentsRestrictedCashAndRestrictedCashEquivalentsPeriodIncreaseDecreaseIncludingExchangeRateEffect",
                "unit": "usd",
                "value": 913000000
            }
        ],
        "ic": [
            {
                "label": "Revenue from Sales",
                "concept": "RevenueFromContractWithCustomerExcludingAssessedTax",
                "unit": "usd",
                "value": 1020000000
            },
            {
                "label": "Total",
                "concept": "Revenues",
                "unit": "usd",
                "value": 1020000000
            },
            {
                "label": "Production Expense",
                "concept": "ResultsOfOperationsProductionOrLiftingCosts",
                "unit": "usd",
                "value": 276000000
            },
            {
                "label": "Exploration Expense",
                "concept": "ExplorationExpense",
                "unit": "usd",
                "value": 1504000000
            },
            {
                "label": "Depreciation, Depletion and Amortization",
                "concept": "DepreciationDepletionAndAmortization",
                "unit": "usd",
                "value": 492000000
            },
            {
                "label": "General and Administrative",
                "concept": "GeneralAndAdministrativeExpense",
                "unit": "usd",
                "value": 85000000
            },
            {
                "label": "Asset Impairments",
                "concept": "ImpairmentOfLongLivedAssetsToBeDisposedOf",
                "unit": "usd",
                "value": 2703000000
            },
            {
                "label": "Goodwill impairment",
                "concept": "GoodwillImpairmentLoss",
                "unit": "usd",
                "value": 110000000
            },
            {
                "label": "Other Operating Expense, Net",
                "concept": "OtherOperatingIncomeExpenseNet",
                "unit": "usd",
                "value": 44000000
            },
            {
                "label": "Total",
                "concept": "OperatingExpenses",
                "unit": "usd",
                "value": 5353000000
            },
            {
                "label": "Operating Expense",
                "concept": "OperatingIncomeLoss",
                "unit": "usd",
                "value": 4333000000
            },
            {
                "label": "(Gain) Loss on Commodity Derivative Instruments",
                "concept": "DerivativeInstrumentsNotDesignatedAsHedgingInstrumentsGainLossNet",
                "unit": "usd",
                "value": 389000000
            },
            {
                "label": "Interest, Net of Amount Capitalized",
                "concept": "InterestExpense",
                "unit": "usd",
                "value": 81000000
            },
            {
                "label": "Other Non-Operating (Income) Expense , Net",
                "concept": "OtherNonoperatingIncomeExpense",
                "unit": "usd",
                "value": 7000000
            },
            {
                "label": "Total",
                "concept": "NonoperatingIncomeExpense",
                "unit": "usd",
                "value": 315000000
            },
            {
                "label": "Loss Before Income Taxes",
                "concept": "IncomeLossFromContinuingOperationsBeforeIncomeTaxesExtraordinaryItemsNoncontrollingInterest",
                "unit": "usd",
                "value": 4018000000
            },
            {
                "label": "Income Tax Benefit",
                "concept": "IncomeTaxExpenseBenefit",
                "unit": "usd",
                "value": 11000000
            },
            {
                "label": "Net Loss and Comprehensive Loss Including Noncontrolling Interests",
                "concept": "ProfitLoss",
                "unit": "usd",
                "value": 4007000000
            },
            {
                "label": "Less: Net (Loss) Income and Comprehensive (Loss) Income Attributable to Noncontrolling Interests",
                "concept": "NetIncomeLossAttributableToNoncontrollingInterest",
                "unit": "usd",
                "value": 44000000
            },
            {
                "label": "Net Loss and Comprehensive Loss Attributable to Noble Energy",
                "concept": "NetIncomeLoss",
                "unit": "usd",
                "value": 3963000000
            },
            {
                "label": "Basic and Diluted ($ per share)",
                "concept": "EarningsPerShareBasicAndDiluted",
                "unit": "usd/shares",
                "value": 8.27
            },
            {
                "label": "Basic and Diluted (in shares)",
                "concept": "WeightedAverageNumberOfShareOutstandingBasicAndDiluted",
                "unit": "shares",
                "value": 479000000
            }
        ]
    }
}