{
    "startDate": "2019-03-31",
    "endDate": "2020-03-28",
    "year": "2020",
    "quarter": "FY",
    "symbol": "XLNX",
    "data": {
        "bs": [
            {
                "label": "Short-term investments",
                "concept": "ShortTermInvestments",
                "unit": "usd",
                "value": 489513000
            },
            {
                "label": "Accounts receivable, net of allowances for doubtful accounts of $3,239 and $3,170 in 2020 and 2019, respectively",
                "concept": "AccountsReceivableNetCurrent",
                "unit": "usd",
                "value": 273028000
            },
            {
                "label": "Inventories",
                "concept": "InventoryNet",
                "unit": "usd",
                "value": 304340000
            },
            {
                "label": "Prepaid expenses and other current assets",
                "concept": "PrepaidExpenseAndOtherAssetsCurrent",
                "unit": "usd",
                "value": 64557000
            },
            {
                "label": "Total current assets",
                "concept": "AssetsCurrent",
                "unit": "usd",
                "value": 2909141000
            },
            {
                "label": "Land",
                "concept": "Land",
                "unit": "usd",
                "value": 65298000
            },
            {
                "label": "Buildings",
                "concept": "BuildingsAndImprovementsGross",
                "unit": "usd",
                "value": 376879000
            },
            {
                "label": "Machinery and equipment",
                "concept": "MachineryAndEquipmentGross",
                "unit": "usd",
                "value": 497090000
            },
            {
                "label": "Furniture and fixtures",
                "concept": "FurnitureAndFixturesGross",
                "unit": "usd",
                "value": 50048000
            },
            {
                "label": "Gross property, plant and equipment",
                "concept": "PropertyPlantAndEquipmentGross",
                "unit": "usd",
                "value": 989315000
            },
            {
                "label": "Accumulated depreciation and amortization",
                "concept": "AccumulatedDepreciationDepletionAndAmortizationPropertyPlantAndEquipment",
                "unit": "usd",
                "value": 616741000
            },
            {
                "label": "Net property, plant and equipment",
                "concept": "PropertyPlantAndEquipmentNet",
                "unit": "usd",
                "value": 372574000
            },
            {
                "label": "Long-term investments",
                "concept": "LongTermInvestments",
                "unit": "usd",
                "value": "N/A"
            },
            {
                "label": "Acquisition-related intangibles, net",
                "concept": "IntangibleAssetsNetExcludingGoodwill",
                "unit": "usd",
                "value": 200344000
            },
            {
                "label": "Total Assets",
                "concept": "Assets",
                "unit": "usd",
                "value": 4693334000
            },
            {
                "label": "Accounts payable",
                "concept": "AccountsPayableCurrent",
                "unit": "usd",
                "value": 102131000
            },
            {
                "label": "Accrued payroll and related liabilities",
                "concept": "EmployeeRelatedLiabilitiesCurrent",
                "unit": "usd",
                "value": 231439000
            },
            {
                "label": "Income taxes payable",
                "concept": "AccruedIncomeTaxesCurrent",
                "unit": "usd",
                "value": 36217000
            },
            {
                "label": "Current portion of long-term debt",
                "concept": "LongTermDebtCurrent",
                "unit": "usd",
                "value": 499260000
            },
            {
                "label": "Total current liabilities",
                "concept": "LiabilitiesCurrent",
                "unit": "usd",
                "value": 1085681000
            },
            {
                "label": "Long-term debt",
                "concept": "LongTermDebtNoncurrent",
                "unit": "usd",
                "value": 747110000
            },
            {
                "label": "Long-term income taxes payable",
                "concept": "AccruedIncomeTaxesNoncurrent",
                "unit": "usd",
                "value": 447383000
            },
            {
                "label": "Other long-term liabilities",
                "concept": "OtherLiabilitiesNoncurrent",
                "unit": "usd",
                "value": 98111000
            },
            {
                "label": "Commitments and contingencies (Note 8 and Note 16)",
                "concept": "CommitmentsAndContingencies",
                "unit": "usd",
                "value": "N/A"
            },
            {
                "label": "Preferred stock, $.01 par value; 2,000 shares authorized; none issued and outstanding",
                "concept": "PreferredStockValue",
                "unit": "usd",
                "value": "N/A"
            },
            {
                "label": "Common stock, $.01 par value; 2,000,000 shares authorized; 243,810 and 253,891 shares issued and outstanding in 2020 and 2019, respectively",
                "concept": "CommonStockValue",
                "unit": "usd",
                "value": 2438000
            },
            {
                "label": "Additional paid-in capital",
                "concept": "AdditionalPaidInCapitalCommonStock",
                "unit": "usd",
                "value": 1145083000
            },
            {
                "label": "Accumulated other comprehensive loss",
                "concept": "AccumulatedOtherComprehensiveIncomeLossNetOfTax",
                "unit": "usd",
                "value": 20277000
            },
            {
                "label": "Total stockholders\u2019 equity",
                "concept": "StockholdersEquity",
                "unit": "usd",
                "value": 2315049000
            },
            {
                "label": "Total Liabilities and Stockholders\u2019 Equity",
                "concept": "LiabilitiesAndStockholdersEquity",
                "unit": "usd",
                "value": 4693334000
            }
        ],
        "cf": [
            {
                "label": "Net income",
                "concept": "NetIncomeLoss",
                "unit": "usd",
                "value": 792721000
            },
            {
                "label": "Depreciation and amortization of software",
                "concept": "xlnx:Depreciationandamortizationofsoftware",
                "unit": "usd",
                "value": 97485000
            },
            {
                "label": "Depreciation",
                "concept": "Depreciation",
                "unit": "usd",
                "value": 60700000.0
            },
            {
                "label": "Amortization - others",
                "concept": "OtherDepreciationAndAmortization",
                "unit": "usd",
                "value": 60048000
            },
            {
                "label": "Stock-based compensation",
                "concept": "ShareBasedCompensation",
                "unit": "usd",
                "value": 186723000
            },
            {
                "label": "Amortization of Debt Issuance Costs and Discounts",
                "concept": "AmortizationOfFinancingCostsAndDiscounts",
                "unit": "usd",
                "value": 663000
            },
            {
                "label": "Provision for deferred income taxes",
                "concept": "DeferredIncomeTaxExpenseBenefit",
                "unit": "usd",
                "value": 11962000
            },
            {
                "label": "Others",
                "concept": "OtherOperatingActivitiesCashFlowStatement",
                "unit": "usd",
                "value": 25968000
            },
            {
                "label": "Accounts receivable, net",
                "concept": "IncreaseDecreaseInAccountsReceivable",
                "unit": "usd",
                "value": 66889000
            },
            {
                "label": "Inventories",
                "concept": "IncreaseDecreaseInInventories",
                "unit": "usd",
                "value": 17947000
            },
            {
                "label": "Prepaid expenses and other current assets",
                "concept": "IncreaseDecreaseInPrepaidDeferredExpenseAndOtherAssets",
                "unit": "usd",
                "value": 1081000
            },
            {
                "label": "Other assets",
                "concept": "IncreaseDecreaseInOtherOperatingAssets",
                "unit": "usd",
                "value": 3094000
            },
            {
                "label": "Accounts payable",
                "concept": "IncreaseDecreaseInAccountsPayable",
                "unit": "usd",
                "value": 10637000
            },
            {
                "label": "Accrued liabilities (including restructuring charges)",
                "concept": "IncreaseDecreaseInAccruedLiabilities",
                "unit": "usd",
                "value": 23699000
            },
            {
                "label": "Income taxes payable",
                "concept": "IncreaseDecreaseInAccruedIncomeTaxesPayable",
                "unit": "usd",
                "value": 18715000
            },
            {
                "label": "Net cash provided by operating activities",
                "concept": "NetCashProvidedByUsedInOperatingActivities",
                "unit": "usd",
                "value": 1190836000
            },
            {
                "label": "Purchases of available-for-sale securities",
                "concept": "PaymentsToAcquireAvailableForSaleSecurities",
                "unit": "usd",
                "value": 1470888000
            },
            {
                "label": "Proceeds from Sale of Debt Securities, Available-for-sale",
                "concept": "ProceedsFromSaleOfAvailableForSaleSecuritiesDebt",
                "unit": "usd",
                "value": 670604000
            },
            {
                "label": "Proceeds from maturity of available-for-sale securities",
                "concept": "ProceedsFromMaturitiesPrepaymentsAndCallsOfAvailableForSaleSecurities",
                "unit": "usd",
                "value": 2092219000
            },
            {
                "label": "Purchases of property, plant, equipment and software",
                "concept": "PaymentsToAcquirePropertyPlantAndEquipment",
                "unit": "usd",
                "value": 129289000
            },
            {
                "label": "Payments to Acquire Businesses, Net of Cash Acquired",
                "concept": "PaymentsToAcquireBusinessesNetOfCashAcquired",
                "unit": "usd",
                "value": 454651000
            },
            {
                "label": "Other investing activities, net",
                "concept": "PaymentsForProceedsFromOtherInvestingActivities",
                "unit": "usd",
                "value": 27791000
            },
            {
                "label": "Net cash provided by (used in) investing activities",
                "concept": "NetCashProvidedByUsedInInvestingActivities",
                "unit": "usd",
                "value": 680204000
            },
            {
                "label": "Repurchases of common stock",
                "concept": "PaymentsForRepurchaseOfCommonStock",
                "unit": "usd",
                "value": 1208917000
            },
            {
                "label": "Taxes paid related to net share settlement of restricted stock units",
                "concept": "PaymentsRelatedToTaxWithholdingForShareBasedCompensation",
                "unit": "usd",
                "value": 80736000
            },
            {
                "label": "Proceeds from issuance of common stock through various stock plans",
                "concept": "ProceedsFromStockPlans",
                "unit": "usd",
                "value": 53277000
            },
            {
                "label": "Payment of dividends to stockholders",
                "concept": "PaymentsOfDividendsCommonStock",
                "unit": "usd",
                "value": 371793000
            },
            {
                "label": "Repayments of Long-term Debt",
                "concept": "RepaymentsOfLongTermDebt",
                "unit": "usd",
                "value": "N/A"
            },
            {
                "label": "Other financing activities",
                "concept": "ProceedsFromPaymentsForOtherFinancingActivities",
                "unit": "usd",
                "value": 29658000
            },
            {
                "label": "Net cash used in financing activities",
                "concept": "NetCashProvidedByUsedInFinancingActivities",
                "unit": "usd",
                "value": 1637827000
            },
            {
                "label": "Net increase (decrease) in cash and cash equivalents",
                "concept": "CashCashEquivalentsRestrictedCashAndRestrictedCashEquivalentsPeriodIncreaseDecreaseIncludingExchangeRateEffect",
                "unit": "usd",
                "value": 233213000
            },
            {
                "label": "Interest Paid, Excluding Capitalized Interest, Operating Activities",
                "concept": "InterestPaidNet",
                "unit": "usd",
                "value": 49076000
            },
            {
                "label": "Income taxes paid, net",
                "concept": "IncomeTaxesPaidNet",
                "unit": "usd",
                "value": 10154000
            },
            {
                "label": "Unsettled investment receivables",
                "concept": "OtherSignificantNoncashTransactionValueOfConsiderationReceived1",
                "unit": "usd",
                "value": 1119000
            },
            {
                "label": "Unsettled investment payables",
                "concept": "OtherSignificantNoncashTransactionValueOfConsiderationGiven1",
                "unit": "usd",
                "value": 77936000
            },
            {
                "label": "Capital Expenditures Incurred but Not yet Paid",
                "concept": "CapitalExpendituresIncurredButNotYetPaid",
                "unit": "usd",
                "value": 51980000
            }
        ],
        "ic": [
            {
                "label": "Revenues",
                "concept": "Revenues",
                "unit": "usd",
                "value": 3162666000
            },
            {
                "label": "Cost of revenues:",
                "concept": "CostOfGoodsAndServicesSold",
                "unit": "usd",
                "value": 1025234000
            },
            {
                "label": "Amortization of acquisition-related intangibles",
                "concept": "CostOfGoodsAndServicesSoldAmortization",
                "unit": "usd",
                "value": 22396000
            },
            {
                "label": "Gross margin",
                "concept": "GrossProfit",
                "unit": "usd",
                "value": 2115036000
            },
            {
                "label": "Research and development",
                "concept": "ResearchAndDevelopmentExpense",
                "unit": "usd",
                "value": 853589000
            },
            {
                "label": "Selling, general and administrative",
                "concept": "SellingGeneralAndAdministrativeExpense",
                "unit": "usd",
                "value": 432308000
            },
            {
                "label": "Amortization of acquisition-related intangibles",
                "concept": "AmortizationOfIntangibleAssets",
                "unit": "usd",
                "value": 8889000
            },
            {
                "label": "Restructuring charges and executive transition costs",
                "concept": "RestructuringCharges",
                "unit": "usd",
                "value": 28362000
            },
            {
                "label": "Total operating expenses",
                "concept": "OperatingExpenses",
                "unit": "usd",
                "value": 1323148000
            },
            {
                "label": "Total cost of revenues",
                "concept": "CostOfRevenue",
                "unit": "usd",
                "value": 1047630000
            },
            {
                "label": "Operating income",
                "concept": "OperatingIncomeLoss",
                "unit": "usd",
                "value": 791888000
            },
            {
                "label": "Interest and other income (expense), net",
                "concept": "OtherNonoperatingIncomeExpense",
                "unit": "usd",
                "value": 42096000
            },
            {
                "label": "Income before income taxes",
                "concept": "IncomeLossFromContinuingOperationsBeforeIncomeTaxesMinorityInterestAndIncomeLossFromEquityMethodInvestments",
                "unit": "usd",
                "value": 833984000
            },
            {
                "label": "Provision for income taxes",
                "concept": "IncomeTaxExpenseBenefit",
                "unit": "usd",
                "value": 41263000
            },
            {
                "label": "Net income",
                "concept": "NetIncomeLoss",
                "unit": "usd",
                "value": 792721000
            },
            {
                "label": "Basic (in dollars per share)",
                "concept": "EarningsPerShareBasic",
                "unit": "usd/shares",
                "value": 3.15
            },
            {
                "label": "Diluted (in dollars per share)",
                "concept": "EarningsPerShareDiluted",
                "unit": "usd/shares",
                "value": 3.11
            },
            {
                "label": "Basic (in shares)",
                "concept": "WeightedAverageNumberOfSharesOutstandingBasic",
                "unit": "shares",
                "value": 251732000
            },
            {
                "label": "Diluted (in shares)",
                "concept": "WeightedAverageNumberOfDilutedSharesOutstanding",
                "unit": "shares",
                "value": 254943000
            }
        ]
    }
}