{
    "startDate": "2020-01-01",
    "endDate": "2020-03-31",
    "year": "2020",
    "quarter": "Q1",
    "symbol": "FNLC",
    "data": {
        "bs": [
            {
                "label": "Cash and cash equivalents",
                "concept": "CashCashEquivalentsRestrictedCashAndRestrictedCashEquivalents",
                "unit": "usd",
                "value": 21117000
            },
            {
                "label": "Interest bearing deposits in other banks",
                "concept": "InterestBearingDepositsInBanks",
                "unit": "usd",
                "value": 6047000
            },
            {
                "label": "Securities to be held to maturity (fair value of $349,248,000 at March 31, 2020, $287,045,000 at December 31, 2019 and $282,568,000 at March 31, 2019)",
                "concept": "HeldToMaturitySecurities",
                "unit": "usd",
                "value": 341592000
            },
            {
                "label": "Restricted equity securities, at cost",
                "concept": "fnlc:RestrictedEquitySecuritiesAtCost",
                "unit": "usd",
                "value": 9994000
            },
            {
                "label": "Loans held for sale",
                "concept": "LoansReceivableHeldForSaleNetNotPartOfDisposalGroup",
                "unit": "usd",
                "value": 561000
            },
            {
                "label": "Less allowance for loan losses",
                "concept": "LoansAndLeasesReceivableAllowance",
                "unit": "usd",
                "value": 11858000
            },
            {
                "label": "Net loans",
                "concept": "LoansAndLeasesReceivableNetReportedAmount",
                "unit": "usd",
                "value": 1332350000
            },
            {
                "label": "Accrued interest receivable",
                "concept": "InterestReceivable",
                "unit": "usd",
                "value": 9648000
            },
            {
                "label": "Premises and equipment, net",
                "concept": "PropertyPlantAndEquipmentNet",
                "unit": "usd",
                "value": 21156000
            },
            {
                "label": "Other real estate owned",
                "concept": "OtherRealEstateAndForeclosedAssets",
                "unit": "usd",
                "value": 316000
            },
            {
                "label": "Goodwill",
                "concept": "Goodwill",
                "unit": "usd",
                "value": 29805000
            },
            {
                "label": "Other assets",
                "concept": "OtherAssets",
                "unit": "usd",
                "value": 50882000
            },
            {
                "label": "Total assets",
                "concept": "Assets",
                "unit": "usd",
                "value": 2136396000
            },
            {
                "label": "Demand deposits",
                "concept": "DemandDepositAccounts",
                "unit": "usd",
                "value": 153477000
            },
            {
                "label": "NOW deposits",
                "concept": "DepositsNegotiableOrderOfWithdrawalNOW",
                "unit": "usd",
                "value": 382307000
            },
            {
                "label": "Money market deposits",
                "concept": "DepositsMoneyMarketDeposits",
                "unit": "usd",
                "value": 161184000
            },
            {
                "label": "Savings deposits",
                "concept": "DepositsSavingsDeposits",
                "unit": "usd",
                "value": 236706000
            },
            {
                "label": "Certificates of deposit",
                "concept": "TimeDeposits",
                "unit": "usd",
                "value": 710938000
            },
            {
                "label": "Borrowed funds \u2013 short term",
                "concept": "ShortTermBorrowings",
                "unit": "usd",
                "value": 192937000
            },
            {
                "label": "Borrowed funds \u2013 long term",
                "concept": "LongTermDebt",
                "unit": "usd",
                "value": 55103000
            },
            {
                "label": "Other liabilities",
                "concept": "OtherLiabilities",
                "unit": "usd",
                "value": 28487000
            },
            {
                "label": "Total liabilities",
                "concept": "Liabilities",
                "unit": "usd",
                "value": 1921139000
            },
            {
                "label": "Common stock, one cent par value per share",
                "concept": "CommonStockValue",
                "unit": "usd",
                "value": 109000
            },
            {
                "label": "Additional paid-in capital",
                "concept": "AdditionalPaidInCapital",
                "unit": "usd",
                "value": 64277000
            },
            {
                "label": "Retained earnings",
                "concept": "RetainedEarningsAccumulatedDeficit",
                "unit": "usd",
                "value": 147904000
            },
            {
                "label": "Net unrealized gain (loss) on securities available for sale",
                "concept": "AccumulatedOtherComprehensiveIncomeLossAvailableForSaleSecuritiesAdjustmentNetOfTax",
                "unit": "usd",
                "value": 7890000
            },
            {
                "label": "Net unrealized loss on securities transferred from available for sale to held to maturity",
                "concept": "fnlc:OtherComprehensiveIncomeLossAccumulatedUnrealizedGainLossonTransferofAvailableforsaleSecuritiestoHeldtomaturity",
                "unit": "usd",
                "value": 174000
            },
            {
                "label": "Net unrealized (loss) gain on cash flow hedging derivative instruments",
                "concept": "AociLossCashFlowHedgeCumulativeGainLossAfterTax",
                "unit": "usd",
                "value": 4773000
            },
            {
                "label": "Net unrealized gain on postretirement costs",
                "concept": "AccumulatedOtherComprehensiveIncomeLossDefinedBenefitPensionAndOtherPostretirementPlansNetOfTax",
                "unit": "usd",
                "value": 24000
            },
            {
                "label": "Total shareholders' equity",
                "concept": "StockholdersEquity",
                "unit": "usd",
                "value": 215257000
            },
            {
                "label": "Total liabilities & shareholders' equity",
                "concept": "LiabilitiesAndStockholdersEquity",
                "unit": "usd",
                "value": 2136396000
            },
            {
                "label": "Number of shares authorized (in shares)",
                "concept": "CommonStockSharesAuthorized",
                "unit": "shares",
                "value": 18000000
            },
            {
                "label": "Number of shares issued (in shares)",
                "concept": "CommonStockSharesIssued",
                "unit": "shares",
                "value": 10921206
            },
            {
                "label": "Number of shares outstanding (in shares)",
                "concept": "CommonStockSharesOutstanding",
                "unit": "shares",
                "value": 10921206
            },
            {
                "label": "Book value per common share (usd per share)",
                "concept": "fnlc:BookValuePerCommonShare",
                "unit": "usd/shares",
                "value": 19.71
            },
            {
                "label": "Tangible book value per common share (usd per share)",
                "concept": "fnlc:TangibleBookValuePerCommonShare",
                "unit": "usd/shares",
                "value": 16.97
            }
        ],
        "cf": [
            {
                "label": "Net income",
                "concept": "NetIncomeLoss",
                "unit": "usd",
                "value": 6495000
            },
            {
                "label": "Depreciation",
                "concept": "Depreciation",
                "unit": "usd",
                "value": 538000
            },
            {
                "label": "Change in deferred taxes",
                "concept": "DeferredIncomeTaxExpenseBenefit",
                "unit": "usd",
                "value": 52000
            },
            {
                "label": "Provision for loan losses",
                "concept": "ProvisionForLoanAndLeaseLosses",
                "unit": "usd",
                "value": 400000
            },
            {
                "label": "Loans originated for resale",
                "concept": "PaymentsForOriginationOfMortgageLoansHeldForSale",
                "unit": "usd",
                "value": 11637000
            },
            {
                "label": "Proceeds from sales and transfers of loans",
                "concept": "ProceedsFromSaleOfLoansHeldForSale",
                "unit": "usd",
                "value": 11417000
            },
            {
                "label": "Net gain on sales of loans",
                "concept": "GainLossOnSalesOfLoansNet",
                "unit": "usd",
                "value": 187000
            },
            {
                "label": "Net gain on sale or call of securities",
                "concept": "DebtSecuritiesGainLoss",
                "unit": "usd",
                "value": 752000
            },
            {
                "label": "Net amortization of premiums on investments",
                "concept": "AccretionAmortizationOfDiscountsAndPremiumsInvestments",
                "unit": "usd",
                "value": 369000
            },
            {
                "label": "Equity compensation expense",
                "concept": "ShareBasedCompensation",
                "unit": "usd",
                "value": 150000
            },
            {
                "label": "Net increase in other assets and accrued interest",
                "concept": "IncreaseDecreaseInOtherOperatingAssets",
                "unit": "usd",
                "value": 11811000
            },
            {
                "label": "Net increase (decrease) in other liabilities",
                "concept": "IncreaseDecreaseInOtherOperatingLiabilities",
                "unit": "usd",
                "value": 7729000
            },
            {
                "label": "Net loss on disposal of premises and equipment",
                "concept": "GainLossOnDispositionOfAssets",
                "unit": "usd",
                "value": "N/A"
            },
            {
                "label": "Amortization of investment in limited partnership",
                "concept": "OtherDepreciationAndAmortization",
                "unit": "usd",
                "value": 78000
            },
            {
                "label": "Net acquisition amortization",
                "concept": "AmortizationOfAcquisitionCosts",
                "unit": "usd",
                "value": 11000
            },
            {
                "label": "Net cash provided by operating activities",
                "concept": "NetCashProvidedByUsedInOperatingActivities",
                "unit": "usd",
                "value": 2852000
            },
            {
                "label": "Increase in interest-bearing deposits in other banks",
                "concept": "ProceedsFromPaymentsForInInterestBearingDepositsInBanks",
                "unit": "usd",
                "value": 5263000
            },
            {
                "label": "Proceeds from sales of securities available for sale",
                "concept": "ProceedsFromSaleOfAvailableForSaleSecuritiesDebt",
                "unit": "usd",
                "value": 68620000
            },
            {
                "label": "Proceeds from maturities, payments and calls of securities available for sale",
                "concept": "ProceedsFromMaturitiesPrepaymentsAndCallsOfAvailableForSaleSecurities",
                "unit": "usd",
                "value": 21890000
            },
            {
                "label": "Proceeds from maturities, payments, calls and sales of securities to be held to maturity",
                "concept": "ProceedsFromMaturitiesPrepaymentsAndCallsOfHeldToMaturitySecurities",
                "unit": "usd",
                "value": 27275000
            },
            {
                "label": "Purchases of securities available for sale",
                "concept": "PaymentsToAcquireAvailableForSaleSecuritiesDebt",
                "unit": "usd",
                "value": 37173000
            },
            {
                "label": "Purchases of securities to be held to maturity",
                "concept": "PaymentsToAcquireHeldToMaturitySecurities",
                "unit": "usd",
                "value": 87255000
            },
            {
                "label": "Redemption of restricted equity securities",
                "concept": "fnlc:RedemptionOfRestrictedEquitySecurities",
                "unit": "usd",
                "value": "N/A"
            },
            {
                "label": "Purchase of restricted equity securities",
                "concept": "PaymentsToAcquireRestrictedInvestments",
                "unit": "usd",
                "value": 1012000
            },
            {
                "label": "Net increase in loans",
                "concept": "PaymentsForProceedsFromLoansAndLeases",
                "unit": "usd",
                "value": 47351000
            },
            {
                "label": "Capital expenditures",
                "concept": "PaymentsToAcquirePropertyPlantAndEquipment",
                "unit": "usd",
                "value": 389000
            },
            {
                "label": "Net cash used by investing activities",
                "concept": "NetCashProvidedByUsedInInvestingActivities",
                "unit": "usd",
                "value": 50132000
            },
            {
                "label": "Net decrease in demand, savings, and money market accounts",
                "concept": "fnlc:IncreaseDecreaseinDemandDepositsSavingsDepositsandMoneyMarketAccounts",
                "unit": "usd",
                "value": 26813000
            },
            {
                "label": "Net increase in certificates of deposit",
                "concept": "IncreaseDecreaseInTimeDeposits",
                "unit": "usd",
                "value": 20959000
            },
            {
                "label": "Net increase in short-term borrowings",
                "concept": "ProceedsFromRepaymentsOfShortTermDebt",
                "unit": "usd",
                "value": 18087000
            },
            {
                "label": "Advances on long-term borrowings",
                "concept": "ProceedsFromIssuanceOfOtherLongTermDebt",
                "unit": "usd",
                "value": 44998000
            },
            {
                "label": "Repayment on long-term borrowings",
                "concept": "RepaymentsOfOtherLongTermDebt",
                "unit": "usd",
                "value": "N/A"
            },
            {
                "label": "Payment to repurchase common stock",
                "concept": "PaymentsForRepurchaseOfCommonStock",
                "unit": "usd",
                "value": 154000
            },
            {
                "label": "Proceeds from sale of common stock",
                "concept": "ProceedsFromIssuanceOfCommonStock",
                "unit": "usd",
                "value": 163000
            },
            {
                "label": "Dividends paid",
                "concept": "PaymentsOfDividends",
                "unit": "usd",
                "value": 3276000
            },
            {
                "label": "Net cash provided by financing activities",
                "concept": "NetCashProvidedByUsedInFinancingActivities",
                "unit": "usd",
                "value": 53964000
            },
            {
                "label": "Net increase in cash and cash equivalents",
                "concept": "CashCashEquivalentsRestrictedCashAndRestrictedCashEquivalentsPeriodIncreaseDecreaseIncludingExchangeRateEffect",
                "unit": "usd",
                "value": 6684000
            },
            {
                "label": "Interest paid",
                "concept": "InterestPaidNet",
                "unit": "usd",
                "value": 5777000
            },
            {
                "label": "Income taxes paid",
                "concept": "IncomeTaxesPaid",
                "unit": "usd",
                "value": "N/A"
            },
            {
                "label": "Net transfer from loans to other real estate owned",
                "concept": "TransferOfOtherRealEstate",
                "unit": "usd",
                "value": 37000
            }
        ],
        "ic": [
            {
                "label": "Interest and fees on loans (includes tax-exempt income of $310,000 as of March 31, 2020 and $358,000 as of March 31, 2019)",
                "concept": "InterestAndFeeIncomeLoansAndLeases",
                "unit": "usd",
                "value": 15856000
            },
            {
                "label": "Interest on deposits with other banks",
                "concept": "InterestIncomeDepositsWithFinancialInstitutions",
                "unit": "usd",
                "value": 74000
            },
            {
                "label": "Interest and dividends on investments (includes tax-exempt income of $1,841,000 as of March 31, 2020 and $1,755,000 as of March 31, 2019)",
                "concept": "InterestAndDividendIncomeSecurities",
                "unit": "usd",
                "value": 4764000
            },
            {
                "label": "Total interest income",
                "concept": "InterestAndDividendIncomeOperating",
                "unit": "usd",
                "value": 20694000
            },
            {
                "label": "Interest on deposits",
                "concept": "InterestExpenseDeposits",
                "unit": "usd",
                "value": 5186000
            },
            {
                "label": "Interest on borrowed funds",
                "concept": "InterestExpenseBorrowings",
                "unit": "usd",
                "value": 590000
            },
            {
                "label": "Total interest expense",
                "concept": "InterestExpense",
                "unit": "usd",
                "value": 5776000
            },
            {
                "label": "Net interest income",
                "concept": "InterestIncomeExpenseNet",
                "unit": "usd",
                "value": 14918000
            },
            {
                "label": "Net interest income after provision for loan losses",
                "concept": "InterestIncomeExpenseAfterProvisionForLoanLoss",
                "unit": "usd",
                "value": 14518000
            },
            {
                "label": "Net securities gains",
                "concept": "DebtAndEquitySecuritiesGainLoss",
                "unit": "usd",
                "value": 752000
            },
            {
                "label": "Other operating income",
                "concept": "NoninterestIncomeOtherOperatingIncome",
                "unit": "usd",
                "value": 1494000
            },
            {
                "label": "Total non-interest income",
                "concept": "NoninterestIncome",
                "unit": "usd",
                "value": 4221000
            },
            {
                "label": "Salaries and employee benefits",
                "concept": "LaborAndRelatedExpense",
                "unit": "usd",
                "value": 5025000
            },
            {
                "label": "Occupancy expense",
                "concept": "OccupancyNet",
                "unit": "usd",
                "value": 713000
            },
            {
                "label": "Furniture and equipment expense",
                "concept": "EquipmentExpense",
                "unit": "usd",
                "value": 1116000
            },
            {
                "label": "FDIC insurance premiums",
                "concept": "FederalDepositInsuranceCorporationPremiumExpense",
                "unit": "usd",
                "value": 173000
            },
            {
                "label": "Amortization of identified intangibles",
                "concept": "AmortizationOfIntangibleAssets",
                "unit": "usd",
                "value": 11000
            },
            {
                "label": "Other operating expense",
                "concept": "OtherNoninterestExpense",
                "unit": "usd",
                "value": 4005000
            },
            {
                "label": "Total non-interest expense",
                "concept": "NoninterestExpense",
                "unit": "usd",
                "value": 11043000
            },
            {
                "label": "Income before income taxes",
                "concept": "IncomeLossFromContinuingOperationsBeforeIncomeTaxesMinorityInterestAndIncomeLossFromEquityMethodInvestments",
                "unit": "usd",
                "value": 7696000
            },
            {
                "label": "Income tax expense",
                "concept": "IncomeTaxExpenseBenefit",
                "unit": "usd",
                "value": 1201000
            },
            {
                "label": "NET INCOME",
                "concept": "NetIncomeLoss",
                "unit": "usd",
                "value": 6495000
            },
            {
                "label": "Basic earnings per common share (usd per share)",
                "concept": "EarningsPerShareBasic",
                "unit": "usd/shares",
                "value": 0.6
            },
            {
                "label": "Diluted earnings per common share (usd per share)",
                "concept": "EarningsPerShareDiluted",
                "unit": "usd/shares",
                "value": 0.6
            },
            {
                "label": "Net unrealized gain on securities available for sale",
                "concept": "OtherComprehensiveIncomeUnrealizedHoldingGainLossOnSecuritiesArisingDuringPeriodNetOfTax",
                "unit": "usd",
                "value": 4233000
            },
            {
                "label": "Net unrealized gain on securities transferred from available for sale to held to maturity, net of amortization",
                "concept": "fnlc:AvailableforsaleSecuritiesTransferredtoHeldtomaturitySecuritiesUnrealizedGainLoss",
                "unit": "usd",
                "value": 8000
            },
            {
                "label": "Net unrealized loss on cash flow hedging derivative instruments",
                "concept": "OtherComprehensiveIncomeLossCashFlowHedgeGainLossBeforeReclassificationAfterTax",
                "unit": "usd",
                "value": 4870000
            },
            {
                "label": "Other comprehensive income (loss)",
                "concept": "OtherComprehensiveIncomeLossNetOfTax",
                "unit": "usd",
                "value": 629000
            },
            {
                "label": "Comprehensive income",
                "concept": "ComprehensiveIncomeNetOfTaxIncludingPortionAttributableToNoncontrollingInterest",
                "unit": "usd",
                "value": 5866000
            }
        ]
    }
}