{
    "startDate": "2020-01-01",
    "endDate": "2020-03-31",
    "year": "2020",
    "quarter": "Q1",
    "symbol": "FNB",
    "data": {
        "bs": [
            {
                "label": "Cash and due from banks",
                "concept": "CashAndDueFromBanks",
                "unit": "usd",
                "value": 363000000
            },
            {
                "label": "Interest-bearing deposits with banks",
                "concept": "InterestBearingDepositsInBanks",
                "unit": "usd",
                "value": 201000000
            },
            {
                "label": "Cash and Cash Equivalents",
                "concept": "CashAndCashEquivalentsAtCarryingValue",
                "unit": "usd",
                "value": 564000000
            },
            {
                "label": "Securities available for sale (amortized cost of $3,111 and $3,275; allowance for credit losses of $0)",
                "concept": "AvailableForSaleSecuritiesDebtSecurities",
                "unit": "usd",
                "value": 3194000000
            },
            {
                "label": "Debt securities held to maturity (fair value of $3,264 and $3,305; allowance for credit losses of $0)",
                "concept": "HeldToMaturitySecurities",
                "unit": "usd",
                "value": 3179000000
            },
            {
                "label": "Loans held for sale (includes $68 and $41 measured at fair value)",
                "concept": "fnb:FinancingReceivableHeldforsaleNetNotPartofDisposalGroup",
                "unit": "usd",
                "value": 82000000
            },
            {
                "label": "Loans and leases, net of unearned income of $67 and $1",
                "concept": "NotesReceivableGross",
                "unit": "usd",
                "value": 23871000000
            },
            {
                "label": "Allowance for credit losses",
                "concept": "FinancingReceivableAllowanceForCreditLosses",
                "unit": "usd",
                "value": 343000000
            },
            {
                "label": "Net Loans and Leases",
                "concept": "NotesReceivableNet",
                "unit": "usd",
                "value": 23528000000
            },
            {
                "label": "Premises and equipment, net",
                "concept": "PropertyPlantAndEquipmentNet",
                "unit": "usd",
                "value": 331000000
            },
            {
                "label": "Goodwill",
                "concept": "Goodwill",
                "unit": "usd",
                "value": 2262000000
            },
            {
                "label": "Core deposit and other intangible assets, net",
                "concept": "IntangibleAssetsNetExcludingGoodwill",
                "unit": "usd",
                "value": 64000000
            },
            {
                "label": "Bank owned life insurance",
                "concept": "BankOwnedLifeInsurance",
                "unit": "usd",
                "value": 545000000
            },
            {
                "label": "Other assets",
                "concept": "OtherAssets",
                "unit": "usd",
                "value": 1300000000
            },
            {
                "label": "Total Assets",
                "concept": "Assets",
                "unit": "usd",
                "value": 35049000000
            },
            {
                "label": "Non-interest-bearing demand",
                "concept": "NoninterestBearingDepositLiabilities",
                "unit": "usd",
                "value": 6511000000
            },
            {
                "label": "Interest-bearing demand",
                "concept": "DepositsMoneyMarketDepositsAndNegotiableOrderOfWithdrawalNOW",
                "unit": "usd",
                "value": 11009000000
            },
            {
                "label": "Savings",
                "concept": "DepositsSavingsDeposits",
                "unit": "usd",
                "value": 2664000000
            },
            {
                "label": "Certificates and other time deposits",
                "concept": "TimeDeposits",
                "unit": "usd",
                "value": 4562000000
            },
            {
                "label": "Total Deposits",
                "concept": "Deposits",
                "unit": "usd",
                "value": 24746000000
            },
            {
                "label": "Other liabilities",
                "concept": "OtherLiabilities",
                "unit": "usd",
                "value": 385000000
            },
            {
                "label": "Total Liabilities",
                "concept": "Liabilities",
                "unit": "usd",
                "value": 30207000000
            },
            {
                "label": "Preferred stock - $0.01 par value; liquidation preference of $1,000 per share Authorized - 20,000,000 shares Issued - 110,877 shares",
                "concept": "PreferredStockValue",
                "unit": "usd",
                "value": 107000000
            },
            {
                "label": "Common stock - $0.01 par value Authorized - 500,000,000 shares Issued - 327,258,519 and 327,242,364 shares",
                "concept": "CommonStockValue",
                "unit": "usd",
                "value": 3000000
            },
            {
                "label": "Additional paid-in capital",
                "concept": "AdditionalPaidInCapitalCommonStock",
                "unit": "usd",
                "value": 4075000000
            },
            {
                "label": "Retained earnings",
                "concept": "RetainedEarningsAccumulatedDeficit",
                "unit": "usd",
                "value": 754000000
            },
            {
                "label": "Accumulated other comprehensive loss",
                "concept": "AccumulatedOtherComprehensiveIncomeLossNetOfTax",
                "unit": "usd",
                "value": 45000000
            },
            {
                "label": "Treasury stock \u2013 4,584,328 and 2,227,804 shares at cost",
                "concept": "TreasuryStockValue",
                "unit": "usd",
                "value": 52000000
            },
            {
                "label": "Total Stockholders\u2019 Equity",
                "concept": "StockholdersEquity",
                "unit": "usd",
                "value": 4842000000
            },
            {
                "label": "Total Liabilities and Stockholders\u2019 Equity",
                "concept": "LiabilitiesAndStockholdersEquity",
                "unit": "usd",
                "value": 35049000000
            }
        ],
        "cf": [
            {
                "label": "Depreciation, amortization and accretion",
                "concept": "DepreciationAmortizationAndAccretionNet",
                "unit": "usd",
                "value": 4000000
            },
            {
                "label": "Deferred tax expense",
                "concept": "DeferredIncomeTaxesAndTaxCredits",
                "unit": "usd",
                "value": 2000000
            },
            {
                "label": "Loans originated for sale",
                "concept": "PaymentsToPurchaseLoansHeldForSale",
                "unit": "usd",
                "value": 301000000
            },
            {
                "label": "Loans sold",
                "concept": "ProceedsFromSaleOfLoansHeldForSale",
                "unit": "usd",
                "value": 275000000
            },
            {
                "label": "Net gain on sale of loans",
                "concept": "GainLossOnSaleOfLoansAndLeases",
                "unit": "usd",
                "value": 5000000
            },
            {
                "label": "Interest receivable",
                "concept": "IncreaseDecreaseInAccruedInterestReceivableNet",
                "unit": "usd",
                "value": 21000000
            },
            {
                "label": "Interest payable",
                "concept": "IncreaseDecreaseInInterestPayableNet",
                "unit": "usd",
                "value": 2000000
            },
            {
                "label": "Bank owned life insurance, excluding purchases",
                "concept": "LifeInsuranceCorporateOrBankOwnedChangeInValue",
                "unit": "usd",
                "value": 2000000
            },
            {
                "label": "Other, net",
                "concept": "IncreaseDecreaseInOtherOperatingCapitalNet",
                "unit": "usd",
                "value": 292000000
            },
            {
                "label": "Net cash flows (used in) provided by operating activities",
                "concept": "NetCashProvidedByUsedInOperatingActivities",
                "unit": "usd",
                "value": 205000000
            },
            {
                "label": "Net change in loans and leases, excluding sales",
                "concept": "PaymentsForProceedsFromLoansAndLeases",
                "unit": "usd",
                "value": 500000000
            },
            {
                "label": "Purchases",
                "concept": "PaymentsToAcquireAvailableForSaleSecuritiesDebt",
                "unit": "usd",
                "value": 54000000
            },
            {
                "label": "Maturities",
                "concept": "ProceedsFromMaturitiesPrepaymentsAndCallsOfAvailableForSaleSecurities",
                "unit": "usd",
                "value": 215000000
            },
            {
                "label": "Purchases",
                "concept": "PaymentsToAcquireHeldToMaturitySecurities",
                "unit": "usd",
                "value": 59000000
            },
            {
                "label": "Maturities",
                "concept": "ProceedsFromMaturitiesPrepaymentsAndCallsOfHeldToMaturitySecurities",
                "unit": "usd",
                "value": 154000000
            },
            {
                "label": "Increase in premises and equipment",
                "concept": "PaymentsToAcquirePropertyPlantAndEquipment",
                "unit": "usd",
                "value": 8000000
            },
            {
                "label": "Net cash flows used in investing activities",
                "concept": "NetCashProvidedByUsedInInvestingActivities",
                "unit": "usd",
                "value": 252000000
            },
            {
                "label": "Demand (non-interest bearing and interest bearing) and savings accounts",
                "concept": "fnb:IncreaseDecreaseInNonInterestBearingDepositsSavingsAndNegotiableOrderOfWithdrawalAccounts",
                "unit": "usd",
                "value": 126000000
            },
            {
                "label": "Time deposits",
                "concept": "IncreaseDecreaseInTimeDeposits",
                "unit": "usd",
                "value": 166000000
            },
            {
                "label": "Short-term borrowings",
                "concept": "ProceedsFromRepaymentsOfShortTermDebt",
                "unit": "usd",
                "value": 228000000
            },
            {
                "label": "Proceeds from issuance of long-term borrowings",
                "concept": "ProceedsFromIssuanceOfLongTermDebt",
                "unit": "usd",
                "value": 307000000
            },
            {
                "label": "Repayment of long-term borrowings",
                "concept": "RepaymentsOfLongTermDebt",
                "unit": "usd",
                "value": 15000000
            },
            {
                "label": "Repurchases of common stock",
                "concept": "PaymentsForRepurchaseOfCommonStock",
                "unit": "usd",
                "value": 25000000
            },
            {
                "label": "Other, net",
                "concept": "ProceedsFromPaymentsForOtherFinancingActivities",
                "unit": "usd",
                "value": 8000000
            },
            {
                "label": "Preferred stock",
                "concept": "PaymentsOfDividendsPreferredStockAndPreferenceStock",
                "unit": "usd",
                "value": 2000000
            },
            {
                "label": "Common stock",
                "concept": "PaymentsOfDividendsCommonStock",
                "unit": "usd",
                "value": 39000000
            },
            {
                "label": "Net cash flows provided by financing activities",
                "concept": "NetCashProvidedByUsedInFinancingActivities",
                "unit": "usd",
                "value": 422000000
            },
            {
                "label": "Net (Decrease) Increase in Cash and Cash Equivalents",
                "concept": "CashCashEquivalentsRestrictedCashAndRestrictedCashEquivalentsPeriodIncreaseDecreaseIncludingExchangeRateEffect",
                "unit": "usd",
                "value": 35000000
            }
        ],
        "ic": [
            {
                "label": "Amortization of tax credit investments under equity method, net of tax benefit",
                "concept": "AmortizationMethodQualifiedAffordableHousingProjectInvestmentsAmortization",
                "unit": "usd",
                "value": "N/A"
            },
            {
                "label": "Amortization of LIHTC investments under proportional method",
                "concept": "fnb:ProportionalAmortizationMethodQualifiedAffordableHousingProjectInvestmentsAmortization",
                "unit": "usd",
                "value": 3000000
            },
            {
                "label": "Low-income housing tax credits",
                "concept": "fnb:AmortizationMethodQualifiedAffordableHousingProjectInvestmentsLowIncomeHousingTaxCredit",
                "unit": "usd",
                "value": 3000000
            },
            {
                "label": "Other tax benefits related to tax credit investments",
                "concept": "fnb:AmortizationMethodQualifiedAffordableHousingProjectInvestmentsOtherTaxBenefitsRelatedtoTaxCreditInvestments",
                "unit": "usd",
                "value": 1000000
            },
            {
                "label": "Amortization Method Qualified Affordable Housing Project Investments, Provision For Income Tax",
                "concept": "fnb:AmortizationMethodQualifiedAffordableHousingProjectInvestmentsProvisionForIncomeTax",
                "unit": "usd",
                "value": 1000000
            }
        ]
    }
}