{
    "startDate": "2020-01-01",
    "endDate": "2020-03-31",
    "year": "2020",
    "quarter": "Q1",
    "symbol": "SBCF",
    "data": {
        "bs": [
            {
                "label": "Cash and due from banks",
                "concept": "CashAndDueFromBanks",
                "unit": "usd",
                "value": 82111000
            },
            {
                "label": "Interest bearing deposits with other banks",
                "concept": "InterestBearingDepositsInBanks",
                "unit": "usd",
                "value": 232763000
            },
            {
                "label": "Total cash and cash equivalents",
                "concept": "CashAndCashEquivalentsAtCarryingValue",
                "unit": "usd",
                "value": 314874000
            },
            {
                "label": "Time deposits with other banks",
                "concept": "sbcf:TimeDepositsWithOtherBanks",
                "unit": "usd",
                "value": 3742000
            },
            {
                "label": "Securities available-for-sale (at fair value)",
                "concept": "AvailableForSaleSecuritiesDebtSecurities",
                "unit": "usd",
                "value": 910311000
            },
            {
                "label": "Securities held-to-maturity (fair value $261,218 at March 31, 2020 and $262,213 at December 31, 2019)",
                "concept": "HeldToMaturitySecurities",
                "unit": "usd",
                "value": 252373000
            },
            {
                "label": "Total debt securities",
                "concept": "Investments",
                "unit": "usd",
                "value": 1162684000
            },
            {
                "label": "Loans held for sale (at fair value)",
                "concept": "AssetsHeldForSaleNotPartOfDisposalGroup",
                "unit": "usd",
                "value": 29281000
            },
            {
                "label": "Less: Allowance for credit losses",
                "concept": "FinancingReceivableAllowanceForCreditLosses",
                "unit": "usd",
                "value": 85411000
            },
            {
                "label": "Loans, net of allowance for credit losses",
                "concept": "NotesReceivableNet",
                "unit": "usd",
                "value": 5231797000
            },
            {
                "label": "Bank premises and equipment, net",
                "concept": "PropertyPlantAndEquipmentNet",
                "unit": "usd",
                "value": 71540000
            },
            {
                "label": "Other real estate owned",
                "concept": "OtherRealEstate",
                "unit": "usd",
                "value": 14640000
            },
            {
                "label": "Goodwill",
                "concept": "Goodwill",
                "unit": "usd",
                "value": 212085000
            },
            {
                "label": "Other intangible assets, net",
                "concept": "IntangibleAssetsNetExcludingGoodwill",
                "unit": "usd",
                "value": 19461000
            },
            {
                "label": "Bank owned life insurance",
                "concept": "BankOwnedLifeInsurance",
                "unit": "usd",
                "value": 127067000
            },
            {
                "label": "Net deferred tax assets",
                "concept": "DeferredIncomeTaxAssetsNet",
                "unit": "usd",
                "value": 19766000
            },
            {
                "label": "Other assets",
                "concept": "OtherAssetsNoncurrent",
                "unit": "usd",
                "value": 145957000
            },
            {
                "label": "Total Assets",
                "concept": "Assets",
                "unit": "usd",
                "value": 7352894000
            },
            {
                "label": "Deposits",
                "concept": "Deposits",
                "unit": "usd",
                "value": 5887499000
            },
            {
                "label": "Securities sold under agreements to repurchase, maturing within 30 days",
                "concept": "SecuritiesSoldUnderAgreementsToRepurchase",
                "unit": "usd",
                "value": 64723000
            },
            {
                "label": "Federal Home Loan Bank (FHLB) borrowings",
                "concept": "FederalHomeLoanBankConsolidatedObligations",
                "unit": "usd",
                "value": 265000000
            },
            {
                "label": "Subordinated debt",
                "concept": "SubordinatedDebt",
                "unit": "usd",
                "value": 71155000
            },
            {
                "label": "Other liabilities",
                "concept": "OtherLiabilitiesNoncurrent",
                "unit": "usd",
                "value": 72730000
            },
            {
                "label": "Total Liabilities",
                "concept": "Liabilities",
                "unit": "usd",
                "value": 6361107000
            },
            {
                "label": "Common stock, par value $0.10 per share, authorized 120,000,000 shares, issued 53,010,413 and outstanding 52,708,726 at March 31, 2020, and authorized 120,000,000, issued 51,760,617 and outstanding 51,513,733 shares at December 31, 2019",
                "concept": "CommonStockValue",
                "unit": "usd",
                "value": 5271000
            },
            {
                "label": "Other shareholders' equity",
                "concept": "sbcf:OtherShareholdersEquity",
                "unit": "usd",
                "value": 986516000
            },
            {
                "label": "Total Shareholders' Equity",
                "concept": "StockholdersEquity",
                "unit": "usd",
                "value": 991787000
            },
            {
                "label": "Total Liabilities and Shareholders' Equity",
                "concept": "LiabilitiesAndStockholdersEquity",
                "unit": "usd",
                "value": 7352894000
            }
        ],
        "cf": [
            {
                "label": "Net income",
                "concept": "NetIncomeLoss",
                "unit": "usd",
                "value": 709000
            },
            {
                "label": "Depreciation",
                "concept": "Depreciation",
                "unit": "usd",
                "value": 1511000
            },
            {
                "label": "Amortization of premiums and discounts on securities, net",
                "concept": "AccretionAmortizationOfDiscountsAndPremiumsInvestments",
                "unit": "usd",
                "value": 989000
            },
            {
                "label": "Amortization of operating lease right-of-use assets",
                "concept": "sbcf:OperatingLeaseRightOfUseAssetAmortization",
                "unit": "usd",
                "value": 1274000
            },
            {
                "label": "Other amortization and accretion, net",
                "concept": "sbcf:OtherAccretionAmortizationNet",
                "unit": "usd",
                "value": 1531000
            },
            {
                "label": "Stock based compensation",
                "concept": "ShareBasedCompensation",
                "unit": "usd",
                "value": 2000000
            },
            {
                "label": "Origination of loans designated for sale",
                "concept": "PaymentsForOriginationOfMortgageLoansHeldForSale",
                "unit": "usd",
                "value": 73223000
            },
            {
                "label": "Sale of loans designated for sale",
                "concept": "sbcf:SaleOfLoansDesignatedHeldForSale",
                "unit": "usd",
                "value": 66126000
            },
            {
                "label": "Provision for credit losses",
                "concept": "ProvisionForLoanLossesExpensed",
                "unit": "usd",
                "value": 29513000
            },
            {
                "label": "Deferred income taxes",
                "concept": "DeferredIncomeTaxExpenseBenefit",
                "unit": "usd",
                "value": 2207000
            },
            {
                "label": "Losses on sale of securities",
                "concept": "MarketableSecuritiesRealizedGainLossExcludingOtherThanTemporaryImpairments",
                "unit": "usd",
                "value": 95000
            },
            {
                "label": "Gains on sale of loans",
                "concept": "GainLossOnSalesOfConsumerLoans",
                "unit": "usd",
                "value": 2138000
            },
            {
                "label": "Gains on sale and write-downs of other real estate owned",
                "concept": "GainsLossesOnSalesOfOtherRealEstate",
                "unit": "usd",
                "value": 415000
            },
            {
                "label": "Losses on disposition of fixed assets",
                "concept": "GainLossOnDispositionOfAssets",
                "unit": "usd",
                "value": 219000
            },
            {
                "label": "Net (increase) decrease in other assets",
                "concept": "IncreaseDecreaseInOtherOperatingAssets",
                "unit": "usd",
                "value": 6245000
            },
            {
                "label": "Net increase (decrease) in other liabilities",
                "concept": "IncreaseDecreaseInOtherOperatingLiabilities",
                "unit": "usd",
                "value": 3595000
            },
            {
                "label": "Net cash provided by operating activities",
                "concept": "NetCashProvidedByUsedInOperatingActivities",
                "unit": "usd",
                "value": 24686000
            },
            {
                "label": "Maturities and repayments of debt securities available-for-sale",
                "concept": "ProceedsFromMaturitiesPrepaymentsAndCallsOfAvailableForSaleSecurities",
                "unit": "usd",
                "value": 82715000
            },
            {
                "label": "Maturities and repayments of debt securities held-to-maturity",
                "concept": "ProceedsFromMaturitiesPrepaymentsAndCallsOfHeldToMaturitySecurities",
                "unit": "usd",
                "value": 8894000
            },
            {
                "label": "Proceeds from sale of debt securities available-for-sale",
                "concept": "ProceedsFromSaleOfAvailableForSaleSecuritiesDebt",
                "unit": "usd",
                "value": 27765000
            },
            {
                "label": "Purchases of debt securities available-for-sale",
                "concept": "PaymentsToAcquireAvailableForSaleSecuritiesDebt",
                "unit": "usd",
                "value": 74213000
            },
            {
                "label": "Maturities of time deposits with other banks",
                "concept": "sbcf:ProceedsFromSaleAndMaturityOfTimeDepositsHeldWithOtherBanks",
                "unit": "usd",
                "value": "N/A"
            },
            {
                "label": "Net new loans and principal repayments",
                "concept": "PaymentsForProceedsFromLoansAndLeases",
                "unit": "usd",
                "value": 25154000
            },
            {
                "label": "Proceeds from sale of other real estate owned",
                "concept": "ProceedsFromSaleOfForeclosedAssets",
                "unit": "usd",
                "value": 3736000
            },
            {
                "label": "Proceeds from sale of FHLB and Federal Reserve Bank Stock",
                "concept": "ProceedsFromSaleOfFederalReserveStock",
                "unit": "usd",
                "value": 27923000
            },
            {
                "label": "Purchase of FHLB and Federal Reserve Bank Stock",
                "concept": "PaymentsToAcquireFederalReserveStock",
                "unit": "usd",
                "value": 26227000
            },
            {
                "label": "Net cash from bank acquisition",
                "concept": "ProceedsFromSaleAndMaturityOfMarketableSecurities",
                "unit": "usd",
                "value": 33883000
            },
            {
                "label": "Proceeds from bank owned life insurance",
                "concept": "ProceedsFromLifeInsurancePolicies",
                "unit": "usd",
                "value": "N/A"
            },
            {
                "label": "Additions to bank premises and equipment",
                "concept": "sbcf:AdditionsToBankPremisesAndEquipment",
                "unit": "usd",
                "value": 570000
            },
            {
                "label": "Net cash provided by investing activities",
                "concept": "NetCashProvidedByUsedInInvestingActivities",
                "unit": "usd",
                "value": 109060000
            },
            {
                "label": "Net increase in deposits",
                "concept": "IncreaseDecreaseInDeposits",
                "unit": "usd",
                "value": 129005000
            },
            {
                "label": "Net decrease in federal funds purchased and repurchase agreements",
                "concept": "IncreaseDecreaseInFederalFundsPurchasedAndSecuritiesSoldUnderAgreementsToRepurchaseNet",
                "unit": "usd",
                "value": 21398000
            },
            {
                "label": "Net decrease in FHLB borrowings with original maturities of three months or less",
                "concept": "IncreaseDecreaseInLoansFromOtherFederalHomeLoanBanks",
                "unit": "usd",
                "value": 170000000
            },
            {
                "label": "Repayments of FHLB borrowings with original maturities of more than three months",
                "concept": "sbcf:RepaymentsOfLoansFederalHomeLoanBanksMaturitiesGreaterThanThreeMonths",
                "unit": "usd",
                "value": "N/A"
            },
            {
                "label": "Proceeds from FHLB borrowings with original maturities of more than three months",
                "concept": "sbcf:ProceedsFromLoansFederalHomeLoanBanksMaturitiesGreaterThanThreeMonths",
                "unit": "usd",
                "value": 120000000
            },
            {
                "label": "Stock based employee benefit plans",
                "concept": "ProceedsFromStockPlans",
                "unit": "usd",
                "value": 1010000
            },
            {
                "label": "Dividends paid",
                "concept": "PaymentsOfDividendsPreferredStockAndPreferenceStock",
                "unit": "usd",
                "value": "N/A"
            },
            {
                "label": "Net cash provided by (used in) financing activities",
                "concept": "NetCashProvidedByUsedInFinancingActivities",
                "unit": "usd",
                "value": 56597000
            },
            {
                "label": "Net increase in cash and cash equivalents",
                "concept": "CashCashEquivalentsRestrictedCashAndRestrictedCashEquivalentsPeriodIncreaseDecreaseIncludingExchangeRateEffect",
                "unit": "usd",
                "value": 190343000
            },
            {
                "label": "Cash paid during the period for interest",
                "concept": "InterestPaidNet",
                "unit": "usd",
                "value": 10259000
            },
            {
                "label": "Cash paid during the period for taxes",
                "concept": "IncomeTaxesPaidNet",
                "unit": "usd",
                "value": "N/A"
            },
            {
                "label": "New operating lease right-of-use assets",
                "concept": "sbcf:OperatingLeaseRightOfUseAssetsInitialRecognition",
                "unit": "usd",
                "value": 33000
            },
            {
                "label": "New operating lease liabilities",
                "concept": "sbcf:OperatingLeaseLiabilityInitialRecognition",
                "unit": "usd",
                "value": 33000
            },
            {
                "label": "Transfer of debt securities from held-to-maturity to available-for-sale",
                "concept": "sbcf:TransferOfDebtSecuritiesFromHeldToMaturityToAvailableForSale",
                "unit": "usd",
                "value": "N/A"
            },
            {
                "label": "Transfers from loans to other real estate owned",
                "concept": "sbcf:TransferFromLoansToOtherRealEstateOwned",
                "unit": "usd",
                "value": 5571000
            }
        ],
        "ic": [
            {
                "label": "Interest and fees on loans",
                "concept": "InterestAndFeeIncomeLoansAndLeases",
                "unit": "usd",
                "value": 63440000
            },
            {
                "label": "Interest and dividends on securities",
                "concept": "InterestAndDividendIncomeSecurities",
                "unit": "usd",
                "value": 8818000
            },
            {
                "label": "Interest on interest bearing deposits and other investments",
                "concept": "sbcf:InterestOnFederalFundsSoldAndInterestBearingDeposits",
                "unit": "usd",
                "value": 734000
            },
            {
                "label": "Total Interest Income",
                "concept": "InterestAndDividendIncomeOperating",
                "unit": "usd",
                "value": 72992000
            },
            {
                "label": "Interest on deposits",
                "concept": "InterestExpenseSavingsDeposits",
                "unit": "usd",
                "value": 3190000
            },
            {
                "label": "Interest on time certificates",
                "concept": "InterestExpenseTimeDeposits",
                "unit": "usd",
                "value": 4768000
            },
            {
                "label": "Interest on borrowed money",
                "concept": "InterestExpenseBorrowings",
                "unit": "usd",
                "value": 1857000
            },
            {
                "label": "Total Interest Expense",
                "concept": "InterestExpense",
                "unit": "usd",
                "value": 9815000
            },
            {
                "label": "Net Interest Income",
                "concept": "InterestIncomeExpenseNet",
                "unit": "usd",
                "value": 63177000
            },
            {
                "label": "Net Interest Income after Provision for Credit Losses",
                "concept": "InterestIncomeExpenseAfterProvisionForLoanLoss",
                "unit": "usd",
                "value": 33664000
            },
            {
                "label": "Other income",
                "concept": "sbcf:NonInterestIncomeExcludingGainLossOnLoansSaleAndInvestments",
                "unit": "usd",
                "value": 14669000
            },
            {
                "label": "Securities gains (losses), net",
                "concept": "GainLossOnInvestments",
                "unit": "usd",
                "value": 19000
            },
            {
                "label": "Total Noninterest Income (Note H)",
                "concept": "NoninterestIncome",
                "unit": "usd",
                "value": 14688000
            },
            {
                "label": "Total Noninterest Expenses (Note H)",
                "concept": "NoninterestExpense",
                "unit": "usd",
                "value": 47798000
            },
            {
                "label": "Income Before Income Taxes",
                "concept": "IncomeLossFromContinuingOperationsBeforeIncomeTaxesMinorityInterestAndIncomeLossFromEquityMethodInvestments",
                "unit": "usd",
                "value": 554000
            },
            {
                "label": "(Benefit) provision for income taxes",
                "concept": "IncomeTaxExpenseBenefit",
                "unit": "usd",
                "value": 155000
            },
            {
                "label": "Net Income",
                "concept": "NetIncomeLoss",
                "unit": "usd",
                "value": 709000
            },
            {
                "label": "Net income per share of common stock - diluted (in dollars per share)",
                "concept": "EarningsPerShareDiluted",
                "unit": "usd/shares",
                "value": 0.01
            },
            {
                "label": "Net income per share of common stock - basic (in dollars per share)",
                "concept": "EarningsPerShareBasic",
                "unit": "usd/shares",
                "value": 0.01
            },
            {
                "label": "Average common shares outstanding - diluted (in shares)",
                "concept": "WeightedAverageNumberOfDilutedSharesOutstanding",
                "unit": "shares",
                "value": 52284000
            },
            {
                "label": "Average common shares outstanding - basic (in shares)",
                "concept": "WeightedAverageNumberOfSharesOutstandingBasic",
                "unit": "shares",
                "value": 51803000
            }
        ]
    }
}