{
    "startDate": "2019-12-30",
    "endDate": "2020-03-29",
    "year": "2020",
    "quarter": "Q1",
    "symbol": "NYT",
    "data": {
        "bs": [
            {
                "label": "Cash and cash equivalents",
                "concept": "CashAndCashEquivalentsAtCarryingValue",
                "unit": "usd",
                "value": 218316000
            },
            {
                "label": "Short-term marketable securities",
                "concept": "ShortTermInvestments",
                "unit": "usd",
                "value": 216658000
            },
            {
                "label": "Accounts receivable (net of allowances of $14,617 in 2020 and $14,358 in 2019)",
                "concept": "AccountsReceivableNetCurrent",
                "unit": "usd",
                "value": 157680000
            },
            {
                "label": "Prepaid expenses",
                "concept": "PrepaidExpenseCurrent",
                "unit": "usd",
                "value": 29834000
            },
            {
                "label": "Other current assets",
                "concept": "OtherAssetsCurrent",
                "unit": "usd",
                "value": 31209000
            },
            {
                "label": "Total current assets",
                "concept": "AssetsCurrent",
                "unit": "usd",
                "value": 653697000
            },
            {
                "label": "Long-term marketable securities",
                "concept": "MarketableSecuritiesNoncurrent",
                "unit": "usd",
                "value": 251926000
            },
            {
                "label": "Property, plant and equipment (less accumulated depreciation and amortization of $963,664 in 2020 and $950,881 in 2019)",
                "concept": "PropertyPlantAndEquipmentNet",
                "unit": "usd",
                "value": 622113000
            },
            {
                "label": "Goodwill",
                "concept": "Goodwill",
                "unit": "usd",
                "value": 138450000
            },
            {
                "label": "Deferred income taxes",
                "concept": "DeferredIncomeTaxAssetsNet",
                "unit": "usd",
                "value": 113480000
            },
            {
                "label": "Miscellaneous assets",
                "concept": "OtherAssetsNoncurrent",
                "unit": "usd",
                "value": 243804000
            },
            {
                "label": "Total assets",
                "concept": "Assets",
                "unit": "usd",
                "value": 2023470000
            },
            {
                "label": "Accounts payable",
                "concept": "AccountsPayableCurrent",
                "unit": "usd",
                "value": 99162000
            },
            {
                "label": "Accrued payroll and other related liabilities",
                "concept": "EmployeeRelatedLiabilitiesCurrent",
                "unit": "usd",
                "value": 60581000
            },
            {
                "label": "Unexpired subscriptions revenue",
                "concept": "ContractWithCustomerLiabilityCurrent",
                "unit": "usd",
                "value": 99116000
            },
            {
                "label": "Accrued expenses and other",
                "concept": "AccruedLiabilitiesCurrent",
                "unit": "usd",
                "value": 112185000
            },
            {
                "label": "Total current liabilities",
                "concept": "LiabilitiesCurrent",
                "unit": "usd",
                "value": 371044000
            },
            {
                "label": "Pension benefits obligation",
                "concept": "nyt:DefinedBenefitPensionPlanLiabilitiesNoncurrentAndMultiemployerPlanWithdrawalObligation",
                "unit": "usd",
                "value": 304251000
            },
            {
                "label": "Postretirement benefits obligation",
                "concept": "OtherPostretirementDefinedBenefitPlanLiabilitiesNoncurrent",
                "unit": "usd",
                "value": 36497000
            },
            {
                "label": "Other",
                "concept": "OtherLiabilitiesNoncurrent",
                "unit": "usd",
                "value": 118104000
            },
            {
                "label": "Total other liabilities",
                "concept": "LiabilitiesNoncurrent",
                "unit": "usd",
                "value": 458852000
            },
            {
                "label": "Additional paid-in capital",
                "concept": "AdditionalPaidInCapitalCommonStock",
                "unit": "usd",
                "value": 199933000
            },
            {
                "label": "Retained earnings",
                "concept": "RetainedEarningsAccumulatedDeficit",
                "unit": "usd",
                "value": 1635473000
            },
            {
                "label": "Common stock held in treasury, at cost",
                "concept": "TreasuryStockValue",
                "unit": "usd",
                "value": 171211000
            },
            {
                "label": "Foreign currency translation adjustments",
                "concept": "AccumulatedOtherComprehensiveIncomeLossForeignCurrencyTranslationAdjustmentNetOfTax",
                "unit": "usd",
                "value": 3252000
            },
            {
                "label": "Funded status of benefit plans",
                "concept": "AccumulatedOtherComprehensiveIncomeLossDefinedBenefitPensionAndOtherPostretirementPlansNetOfTax",
                "unit": "usd",
                "value": 494383000
            },
            {
                "label": "Net unrealized gain on available-for-sale securities",
                "concept": "AccumulatedOtherComprehensiveIncomeLossAvailableForSaleSecuritiesAdjustmentNetOfTax",
                "unit": "usd",
                "value": 1098000
            },
            {
                "label": "Total accumulated other comprehensive loss, net of income taxes",
                "concept": "AccumulatedOtherComprehensiveIncomeLossNetOfTax",
                "unit": "usd",
                "value": 490033000
            },
            {
                "label": "Total New York Times Company stockholders\u2019 equity",
                "concept": "StockholdersEquity",
                "unit": "usd",
                "value": 1191714000
            },
            {
                "label": "Noncontrolling interest",
                "concept": "MinorityInterest",
                "unit": "usd",
                "value": 1860000
            },
            {
                "label": "Total stockholders\u2019 equity",
                "concept": "StockholdersEquityIncludingPortionAttributableToNoncontrollingInterest",
                "unit": "usd",
                "value": 1193574000
            },
            {
                "label": "Total liabilities and stockholders\u2019 equity",
                "concept": "LiabilitiesAndStockholdersEquity",
                "unit": "usd",
                "value": 2023470000
            }
        ],
        "cf": [
            {
                "label": "Net income",
                "concept": "ProfitLoss",
                "unit": "usd",
                "value": 32854000
            },
            {
                "label": "Depreciation and amortization",
                "concept": "DepreciationDepletionAndAmortization",
                "unit": "usd",
                "value": 15185000
            },
            {
                "label": "Amortization of right of use asset",
                "concept": "nyt:OperatingLeaseAmortizationRightOfUseAsset",
                "unit": "usd",
                "value": 2347000
            },
            {
                "label": "Stock-based compensation expense",
                "concept": "ShareBasedCompensation",
                "unit": "usd",
                "value": 2455000
            },
            {
                "label": "Gain on non-marketable equity investment",
                "concept": "GainLossOnInvestments",
                "unit": "usd",
                "value": 10074000
            },
            {
                "label": "Long-term retirement benefit obligations",
                "concept": "nyt:PensionBenefitExpenseNetOfPensionContributionAndPayments",
                "unit": "usd",
                "value": 4469000
            },
            {
                "label": "Fair market value adjustment on life insurance products",
                "concept": "nyt:LifeInsuranceFairValueAdjustment",
                "unit": "usd",
                "value": 3469000
            },
            {
                "label": "Other-net",
                "concept": "OtherOperatingActivitiesCashFlowStatement",
                "unit": "usd",
                "value": 3064000
            },
            {
                "label": "Accounts receivable-net",
                "concept": "IncreaseDecreaseInAccountsReceivable",
                "unit": "usd",
                "value": 55722000
            },
            {
                "label": "Other assets",
                "concept": "IncreaseDecreaseInOtherOperatingAssets",
                "unit": "usd",
                "value": 6826000
            },
            {
                "label": "Accounts payable, accrued payroll and other liabilities",
                "concept": "IncreaseDecreaseInAccountsPayableAndAccruedLiabilities",
                "unit": "usd",
                "value": 79225000
            },
            {
                "label": "Unexpired subscriptions",
                "concept": "IncreaseDecreaseInContractWithCustomerLiability",
                "unit": "usd",
                "value": 10697000
            },
            {
                "label": "Net cash provided by operating activities",
                "concept": "NetCashProvidedByUsedInOperatingActivities",
                "unit": "usd",
                "value": 38851000
            },
            {
                "label": "Purchases of marketable securities",
                "concept": "PaymentsToAcquireShortTermInvestments",
                "unit": "usd",
                "value": 142024000
            },
            {
                "label": "Maturities of marketable securities",
                "concept": "ProceedsFromSaleMaturityAndCollectionOfShorttermInvestments",
                "unit": "usd",
                "value": 127291000
            },
            {
                "label": "Business acquisitions",
                "concept": "PaymentsToAcquireBusinessesGross",
                "unit": "usd",
                "value": 8055000
            },
            {
                "label": "Proceeds from sale of investments \u2013 net",
                "concept": "PaymentsForProceedsFromInvestments",
                "unit": "usd",
                "value": 2965000
            },
            {
                "label": "Capital expenditures",
                "concept": "PaymentsToAcquirePropertyPlantAndEquipment",
                "unit": "usd",
                "value": 15217000
            },
            {
                "label": "Other-net",
                "concept": "PaymentsForProceedsFromOtherInvestingActivities",
                "unit": "usd",
                "value": 1617000
            },
            {
                "label": "Net cash used in investing activities",
                "concept": "NetCashProvidedByUsedInInvestingActivities",
                "unit": "usd",
                "value": 33423000
            },
            {
                "label": "Repayment of debt and finance lease obligations",
                "concept": "RepaymentsOfLongTermDebt",
                "unit": "usd",
                "value": "N/A"
            },
            {
                "label": "Dividends paid",
                "concept": "PaymentsOfDividendsCommonStock",
                "unit": "usd",
                "value": 8344000
            },
            {
                "label": "Proceeds from stock option exercises",
                "concept": "ProceedsFromStockOptionsExercised",
                "unit": "usd",
                "value": 931000
            },
            {
                "label": "Share-based compensation tax withholding",
                "concept": "PaymentsRelatedToTaxWithholdingForShareBasedCompensation",
                "unit": "usd",
                "value": 11432000
            },
            {
                "label": "Net cash used in financing activities",
                "concept": "NetCashProvidedByUsedInFinancingActivities",
                "unit": "usd",
                "value": 18845000
            },
            {
                "label": "Net decrease in cash, cash equivalents and restricted cash",
                "concept": "CashCashEquivalentsRestrictedCashAndRestrictedCashEquivalentsPeriodIncreaseDecreaseExcludingExchangeRateEffect",
                "unit": "usd",
                "value": 13417000
            },
            {
                "label": "Effect of exchange rate changes on cash",
                "concept": "EffectOfExchangeRateOnCashCashEquivalentsRestrictedCashAndRestrictedCashEquivalents",
                "unit": "usd",
                "value": 32000
            }
        ],
        "ic": [
            {
                "label": "Cost of revenue (excluding depreciation and amortization)",
                "concept": "CostOfGoodsAndServicesSold",
                "unit": "usd",
                "value": 243672000
            },
            {
                "label": "Sales and marketing",
                "concept": "SellingAndMarketingExpense",
                "unit": "usd",
                "value": 73796000
            },
            {
                "label": "General and administrative",
                "concept": "GeneralAndAdministrativeExpense",
                "unit": "usd",
                "value": 52861000
            },
            {
                "label": "Total operating costs",
                "concept": "CostsAndExpenses",
                "unit": "usd",
                "value": 416316000
            },
            {
                "label": "Operating profit",
                "concept": "OperatingIncomeLoss",
                "unit": "usd",
                "value": 27320000
            },
            {
                "label": "Other components of net periodic benefit costs",
                "concept": "DefinedBenefitPlanActuarialGainLossImmediateRecognitionAsComponentInNetPeriodicBenefitCostCredit",
                "unit": "usd",
                "value": 2314000
            },
            {
                "label": "Interest income/(expense) and other, net",
                "concept": "InterestIncomeExpenseNet",
                "unit": "usd",
                "value": 13854000
            },
            {
                "label": "Income from continuing operations before income taxes",
                "concept": "IncomeLossFromContinuingOperationsBeforeIncomeTaxesExtraordinaryItemsNoncontrollingInterest",
                "unit": "usd",
                "value": 38860000
            },
            {
                "label": "Income tax expense",
                "concept": "IncomeTaxExpenseBenefit",
                "unit": "usd",
                "value": 6006000
            },
            {
                "label": "Net income",
                "concept": "ProfitLoss",
                "unit": "usd",
                "value": 32854000
            },
            {
                "label": "Net income attributable to The New York Times Company common stockholders",
                "concept": "NetIncomeLoss",
                "unit": "usd",
                "value": 32854000
            },
            {
                "label": "Basic (in shares)",
                "concept": "WeightedAverageNumberOfSharesOutstandingBasic",
                "unit": "shares",
                "value": 166549000
            },
            {
                "label": "Diluted (in shares)",
                "concept": "WeightedAverageNumberOfDilutedSharesOutstanding",
                "unit": "shares",
                "value": 167845000
            },
            {
                "label": "Basic earnings (in usd per share)",
                "concept": "EarningsPerShareBasic",
                "unit": "usd/shares",
                "value": 0.2
            },
            {
                "label": "Diluted earnings (in usd per share)",
                "concept": "EarningsPerShareDiluted",
                "unit": "usd/shares",
                "value": 0.2
            },
            {
                "label": "Dividends declared per share (in usd per share)",
                "concept": "CommonStockDividendsPerShareDeclared",
                "unit": "usd/shares",
                "value": 0.06
            }
        ]
    }
}