{
    "startDate": "2020-01-01",
    "endDate": "2020-03-31",
    "year": "2020",
    "quarter": "Q1",
    "symbol": "POR",
    "data": {
        "bs": [],
        "cf": [
            {
                "label": "",
                "concept": "ProfitLoss",
                "unit": "usd",
                "value": 81000000
            },
            {
                "label": "",
                "concept": "DepreciationDepletionAndAmortization",
                "unit": "usd",
                "value": 108000000
            },
            {
                "label": "",
                "concept": "DeferredIncomeTaxExpenseBenefit",
                "unit": "usd",
                "value": 7000000
            },
            {
                "label": "",
                "concept": "PensionAndOtherPostretirementBenefitExpense",
                "unit": "usd",
                "value": 6000000
            },
            {
                "label": "",
                "concept": "PublicUtilitiesAllowanceForFundsUsedDuringConstructionCapitalizedCostOfEquity",
                "unit": "usd",
                "value": 3000000
            },
            {
                "label": "",
                "concept": "por:DecouplingMechanismDeferralsNet",
                "unit": "usd",
                "value": 9000000
            },
            {
                "label": "",
                "concept": "TaxAdjustmentsSettlementsAndUnusualProvisions",
                "unit": "usd",
                "value": 6000000
            },
            {
                "label": "",
                "concept": "OtherNoncashIncomeExpense",
                "unit": "usd",
                "value": 19000000
            },
            {
                "label": "",
                "concept": "IncreaseDecreaseInReceivables",
                "unit": "usd",
                "value": 19000000
            },
            {
                "label": "",
                "concept": "IncreaseDecreaseInInventories",
                "unit": "usd",
                "value": 1000000
            },
            {
                "label": "",
                "concept": "IncreaseDecreaseInMarginDepositsOutstanding",
                "unit": "usd",
                "value": 19000000
            },
            {
                "label": "",
                "concept": "IncreaseDecreaseInAccountsPayable",
                "unit": "usd",
                "value": 22000000
            },
            {
                "label": "",
                "concept": "IncreaseDecreaseInOtherOperatingCapitalNet",
                "unit": "usd",
                "value": 9000000
            },
            {
                "label": "",
                "concept": "IncreaseDecreaseInOtherOperatingAssets",
                "unit": "usd",
                "value": 16000000
            },
            {
                "label": "",
                "concept": "NetCashProvidedByUsedInOperatingActivities",
                "unit": "usd",
                "value": 155000000
            },
            {
                "label": "",
                "concept": "PaymentsToAcquirePropertyPlantAndEquipment",
                "unit": "usd",
                "value": 162000000
            },
            {
                "label": "",
                "concept": "ProceedsFromSaleMaturityAndCollectionsOfInvestments",
                "unit": "usd",
                "value": 3000000
            },
            {
                "label": "",
                "concept": "PaymentsToAcquireInvestments",
                "unit": "usd",
                "value": 2000000
            },
            {
                "label": "",
                "concept": "PaymentsForProceedsFromOtherInvestingActivities",
                "unit": "usd",
                "value": 4000000
            },
            {
                "label": "",
                "concept": "NetCashProvidedByUsedInInvestingActivities",
                "unit": "usd",
                "value": 157000000
            },
            {
                "label": "",
                "concept": "ProceedsFromIssuanceOfLongTermDebt",
                "unit": "usd",
                "value": 119000000
            },
            {
                "label": "",
                "concept": "RepaymentsOfLongTermDebt",
                "unit": "usd",
                "value": 98000000
            },
            {
                "label": "",
                "concept": "ProceedsFromShortTermDebt",
                "unit": "usd",
                "value": 20000000
            },
            {
                "label": "",
                "concept": "RepaymentsOfShortTermDebt",
                "unit": "usd",
                "value": 20000000
            },
            {
                "label": "",
                "concept": "ProceedsFromRepaymentsOfCommercialPaper",
                "unit": "usd",
                "value": 20000000
            },
            {
                "label": "",
                "concept": "PaymentsOfDividends",
                "unit": "usd",
                "value": 34000000
            },
            {
                "label": "",
                "concept": "ProceedsFromPaymentsForOtherFinancingActivities",
                "unit": "usd",
                "value": 5000000
            },
            {
                "label": "",
                "concept": "NetCashProvidedByUsedInFinancingActivities",
                "unit": "usd",
                "value": 2000000
            },
            {
                "label": "",
                "concept": "CashCashEquivalentsRestrictedCashAndRestrictedCashEquivalentsPeriodIncreaseDecreaseExcludingExchangeRateEffect",
                "unit": "usd",
                "value": "N/A"
            },
            {
                "label": "",
                "concept": "InterestPaidNet",
                "unit": "usd",
                "value": 12000000
            }
        ],
        "ic": [
            {
                "label": "",
                "concept": "RevenueFromContractWithCustomerIncludingAssessedTax",
                "unit": "usd",
                "value": 564000000
            },
            {
                "label": "",
                "concept": "ContractWithCustomerLiabilityCumulativeCatchUpAdjustmentToRevenueChangeInEstimateOfTransactionPrice",
                "unit": "usd",
                "value": 9000000
            },
            {
                "label": "",
                "concept": "Revenues",
                "unit": "usd",
                "value": 573000000
            },
            {
                "label": "",
                "concept": "UtilitiesOperatingExpensePurchasedPower",
                "unit": "usd",
                "value": 153000000
            },
            {
                "label": "",
                "concept": "UtilitiesOperatingExpenseMaintenanceAndOperations",
                "unit": "usd",
                "value": 73000000
            },
            {
                "label": "",
                "concept": "GeneralAndAdministrativeExpense",
                "unit": "usd",
                "value": 71000000
            },
            {
                "label": "",
                "concept": "DepreciationDepletionAndAmortization",
                "unit": "usd",
                "value": 108000000
            },
            {
                "label": "",
                "concept": "TaxesExcludingIncomeAndExciseTaxes",
                "unit": "usd",
                "value": 35000000
            },
            {
                "label": "",
                "concept": "CostsAndExpenses",
                "unit": "usd",
                "value": 440000000
            },
            {
                "label": "",
                "concept": "OperatingIncomeLoss",
                "unit": "usd",
                "value": 133000000
            },
            {
                "label": "",
                "concept": "InterestExpense",
                "unit": "usd",
                "value": 33000000
            },
            {
                "label": "",
                "concept": "PublicUtilitiesAllowanceForFundsUsedDuringConstructionCapitalizedCostOfEquity",
                "unit": "usd",
                "value": 3000000
            },
            {
                "label": "",
                "concept": "OtherNonoperatingIncomeExpense",
                "unit": "usd",
                "value": 4000000
            },
            {
                "label": "",
                "concept": "NonoperatingIncomeExpense",
                "unit": "usd",
                "value": 1000000
            },
            {
                "label": "",
                "concept": "IncomeLossFromContinuingOperationsBeforeIncomeTaxesMinorityInterestAndIncomeLossFromEquityMethodInvestments",
                "unit": "usd",
                "value": 99000000
            },
            {
                "label": "",
                "concept": "IncomeTaxExpenseBenefit",
                "unit": "usd",
                "value": 18000000
            },
            {
                "label": "",
                "concept": "ProfitLoss",
                "unit": "usd",
                "value": 81000000
            },
            {
                "label": "",
                "concept": "OtherComprehensiveIncomeDefinedBenefitPlansNetUnamortizedGainLossArisingDuringPeriodNetOfTax",
                "unit": "usd",
                "value": 1000000
            },
            {
                "label": "",
                "concept": "ComprehensiveIncomeNetOfTaxIncludingPortionAttributableToNoncontrollingInterest",
                "unit": "usd",
                "value": 82000000
            },
            {
                "label": "",
                "concept": "WeightedAverageNumberOfSharesOutstandingBasic",
                "unit": "shares",
                "value": 89429000
            },
            {
                "label": "",
                "concept": "WeightedAverageNumberOfDilutedSharesOutstanding",
                "unit": "shares",
                "value": 89579000
            },
            {
                "label": "",
                "concept": "EarningsPerShareBasicAndDiluted",
                "unit": "usd/shares",
                "value": 0.91
            }
        ]
    }
}