{
    "startDate": "2020-01-01",
    "endDate": "2020-03-31",
    "year": "2020",
    "quarter": "Q1",
    "symbol": "SYNL",
    "data": {
        "bs": [
            {
                "label": "Right-of-use assets, operating leases",
                "concept": "OperatingLeaseRightOfUseAsset",
                "unit": "usd",
                "value": 36072000
            },
            {
                "label": "Property, plant and equipment",
                "concept": "FinanceLeaseRightOfUseAsset",
                "unit": "usd",
                "value": 296000
            },
            {
                "label": "Current portion of lease liabilities, operating leases",
                "concept": "OperatingLeaseLiabilityCurrent",
                "unit": "usd",
                "value": 957000
            },
            {
                "label": "Current portion of lease liabilities, finance leases",
                "concept": "FinanceLeaseLiabilityCurrent",
                "unit": "usd",
                "value": 275000
            },
            {
                "label": "Non-current portion of lease liabilities, operating leases",
                "concept": "OperatingLeaseLiabilityNoncurrent",
                "unit": "usd",
                "value": 36770000
            },
            {
                "label": "Non-current portion of lease liabilities, finance leases",
                "concept": "FinanceLeaseLiabilityNoncurrent",
                "unit": "usd",
                "value": 200000
            }
        ],
        "cf": [
            {
                "label": "Depreciation expense",
                "concept": "Depreciation",
                "unit": "usd",
                "value": 1958000
            },
            {
                "label": "Amortization expense",
                "concept": "AmortizationOfIntangibleAssets",
                "unit": "usd",
                "value": 810000
            },
            {
                "label": "Amortization of debt issuance costs",
                "concept": "AmortizationOfFinancingCosts",
                "unit": "usd",
                "value": 40000
            },
            {
                "label": "Unrealized loss on equity securities",
                "concept": "EquitySecuritiesFvNiUnrealizedGainLoss",
                "unit": "usd",
                "value": -900000
            },
            {
                "label": "Deferred income taxes",
                "concept": "DeferredIncomeTaxesAndTaxCredits",
                "unit": "usd",
                "value": 1319000
            },
            {
                "label": "Gain on sale of equity securities",
                "concept": "EquitySecuritiesFvNiRealizedGainLoss",
                "unit": "usd",
                "value": 0
            },
            {
                "label": "Payments on earn-out liabilities in excess of acquisition date fair value",
                "concept": "synl:GainLossOnEarnOutLiabilityAdjustments",
                "unit": "usd",
                "value": 292000
            },
            {
                "label": "Provision for losses on accounts receivable",
                "concept": "ProvisionForDoubtfulAccounts",
                "unit": "usd",
                "value": 141000
            },
            {
                "label": "Provision for losses on inventories",
                "concept": "synl:ProvisionForLossesOnInventories",
                "unit": "usd",
                "value": 358000
            },
            {
                "label": "Non-cash lease expense",
                "concept": "StraightLineRentAdjustments",
                "unit": "usd",
                "value": 128000
            },
            {
                "label": "Non-cash lease termination loss",
                "concept": "LossOnContractTermination",
                "unit": "usd",
                "value": 11000
            },
            {
                "label": "Change in fair value of interest rate swap",
                "concept": "UnrealizedGainLossOnDerivatives",
                "unit": "usd",
                "value": -85000
            },
            {
                "label": "Stock-based compensation expense",
                "concept": "ShareBasedCompensation",
                "unit": "usd",
                "value": 336000
            },
            {
                "label": "Accounts receivable",
                "concept": "synl:IncreaseDecreaseInAccountsReceivableLessAmountWrittenOffAgainstReserve",
                "unit": "usd",
                "value": 7737000
            },
            {
                "label": "Inventories",
                "concept": "synl:IncreaseDecreaseInInventoriesLessAmountWrittenOffAgainstReserve",
                "unit": "usd",
                "value": -676000
            },
            {
                "label": "Other assets and liabilities",
                "concept": "IncreaseDecreaseInOtherOperatingCapitalNet",
                "unit": "usd",
                "value": -2000
            },
            {
                "label": "Accounts payable",
                "concept": "IncreaseDecreaseInAccountsPayable",
                "unit": "usd",
                "value": 5668000
            },
            {
                "label": "Accrued expenses",
                "concept": "synl:IncreaseDecreaseInAccruedLiabilitiesAndCustomerAdvances",
                "unit": "usd",
                "value": -1085000
            },
            {
                "label": "Accrued income taxes",
                "concept": "IncreaseDecreaseInAccruedIncomeTaxesPayable",
                "unit": "usd",
                "value": -2738000
            },
            {
                "label": "Net cash (used in) provided by operating activities",
                "concept": "NetCashProvidedByUsedInOperatingActivities",
                "unit": "usd",
                "value": -642000
            },
            {
                "label": "Purchases of property, plant and equipment",
                "concept": "PaymentsToAcquirePropertyPlantAndEquipment",
                "unit": "usd",
                "value": 587000
            },
            {
                "label": "Proceeds from sale of equity securities",
                "concept": "ProceedsFromSaleAndMaturityOfMarketableSecurities",
                "unit": "usd",
                "value": 0
            },
            {
                "label": "Purchase of equity securities",
                "concept": "PaymentsToAcquireInvestments",
                "unit": "usd",
                "value": 0
            },
            {
                "label": "Acquisition of ASTI",
                "concept": "PaymentsToAcquireBusinessesGross",
                "unit": "usd",
                "value": 0
            },
            {
                "label": "Net cash used in investing activities",
                "concept": "NetCashProvidedByUsedInInvestingActivities",
                "unit": "usd",
                "value": -587000
            },
            {
                "label": "Borrowings (repayments) from line of credit",
                "concept": "ProceedsFromRepaymentsOfLinesOfCredit",
                "unit": "usd",
                "value": 3201000
            },
            {
                "label": "Borrowings from term loan",
                "concept": "ProceedsFromIssuanceOfLongTermDebt",
                "unit": "usd",
                "value": 0
            },
            {
                "label": "Payments on long-term debt",
                "concept": "RepaymentsOfLongTermDebt",
                "unit": "usd",
                "value": 1000000
            },
            {
                "label": "Principal payments on finance lease obligations",
                "concept": "RepaymentsOfLongTermCapitalLeaseObligations",
                "unit": "usd",
                "value": 64000
            },
            {
                "label": "Payments for finance lease terminations",
                "concept": "FinanceLeasePrincipalPayments",
                "unit": "usd",
                "value": 14000
            },
            {
                "label": "Payments on earn-out liabilities",
                "concept": "FairValueMeasurementWithUnobservableInputsReconciliationRecurringBasisLiabilitySettlements",
                "unit": "usd",
                "value": -863000
            },
            {
                "label": "Repurchase of common stock",
                "concept": "PaymentsForRepurchaseOfCommonStock",
                "unit": "usd",
                "value": 635000
            },
            {
                "label": "Net cash provided by financing activities",
                "concept": "NetCashProvidedByUsedInFinancingActivities",
                "unit": "usd",
                "value": 625000
            },
            {
                "label": "Decrease in cash and cash equivalents",
                "concept": "CashCashEquivalentsRestrictedCashAndRestrictedCashEquivalentsPeriodIncreaseDecreaseIncludingExchangeRateEffect",
                "unit": "usd",
                "value": -604000
            },
            {
                "label": "Interest",
                "concept": "InterestPaidNet",
                "unit": "usd",
                "value": 667000
            }
        ],
        "ic": [
            {
                "label": "Net sales",
                "concept": "Revenues",
                "unit": "usd",
                "value": 74697000
            },
            {
                "label": "Cost of sales",
                "concept": "synl:CostOfGoodsSoldAndShippingHandlingAndTransportationCosts",
                "unit": "usd",
                "value": 67546000
            },
            {
                "label": "Gross profit",
                "concept": "GrossProfit",
                "unit": "usd",
                "value": 7151000
            },
            {
                "label": "Selling, general and administrative expense",
                "concept": "synl:SellingGeneralAndAdministrativeProvisionForDoubtfulAccountsEnvironmentalRemediationExpenseDepreciationNonProduction",
                "unit": "usd",
                "value": 7770000
            },
            {
                "label": "Acquisition costs and other",
                "concept": "BusinessCombinationAcquisitionRelatedCosts",
                "unit": "usd",
                "value": 304000
            },
            {
                "label": "Earn-out adjustments",
                "concept": "BusinessCombinationContingentConsiderationArrangementsChangeInAmountOfContingentConsiderationLiability1",
                "unit": "usd",
                "value": 4000
            },
            {
                "label": "Operating loss",
                "concept": "OperatingIncomeLoss",
                "unit": "usd",
                "value": -927000
            },
            {
                "label": "Change in fair value of interest rate swaps",
                "concept": "GainLossOnDerivativeInstrumentsNetPretax",
                "unit": "usd",
                "value": -85000
            },
            {
                "label": "Other, net",
                "concept": "OtherNonoperatingIncomeExpense",
                "unit": "usd",
                "value": -827000
            },
            {
                "label": "Loss before income taxes",
                "concept": "IncomeLossFromContinuingOperationsBeforeIncomeTaxesMinorityInterestAndIncomeLossFromEquityMethodInvestments",
                "unit": "usd",
                "value": -2558000
            },
            {
                "label": "Income tax benefit",
                "concept": "IncomeTaxExpenseBenefit",
                "unit": "usd",
                "value": -1380000
            },
            {
                "label": "Net loss",
                "concept": "NetIncomeLoss",
                "unit": "usd",
                "value": -1178000
            },
            {
                "label": "Basic (in shares)",
                "concept": "WeightedAverageNumberOfSharesOutstandingBasic",
                "unit": "shares",
                "value": 9074000
            },
            {
                "label": "Diluted (in shares)",
                "concept": "WeightedAverageNumberOfDilutedSharesOutstanding",
                "unit": "shares",
                "value": 9074000
            }
        ]
    }
}