{
    "startDate": "2020-02-01",
    "endDate": "2020-04-30",
    "year": "2020",
    "quarter": "Q3",
    "symbol": "CMTL",
    "data": {
        "bs": [
            {
                "label": "Accounts receivable, net",
                "concept": "AccountsReceivableNetCurrent",
                "unit": "usd",
                "value": 137887000
            },
            {
                "label": "Inventories, net",
                "concept": "InventoryNet",
                "unit": "usd",
                "value": 79423000
            },
            {
                "label": "Prepaid expenses and other current assets",
                "concept": "PrepaidExpenseAndOtherAssetsCurrent",
                "unit": "usd",
                "value": 22691000
            },
            {
                "label": "Total current assets",
                "concept": "AssetsCurrent",
                "unit": "usd",
                "value": 290635000
            },
            {
                "label": "Property, plant and equipment, net",
                "concept": "PropertyPlantAndEquipmentNet",
                "unit": "usd",
                "value": 27149000
            },
            {
                "label": "Intangibles with finite lives, net",
                "concept": "FiniteLivedIntangibleAssetsNet",
                "unit": "usd",
                "value": 260162000
            },
            {
                "label": "Deferred financing costs, net",
                "concept": "DeferredFinanceCostsNoncurrentNet",
                "unit": "usd",
                "value": 2575000
            },
            {
                "label": "Other assets, net",
                "concept": "OtherAssetsNoncurrent",
                "unit": "usd",
                "value": 3792000
            },
            {
                "label": "Total assets",
                "concept": "Assets",
                "unit": "usd",
                "value": 951732000
            },
            {
                "label": "Accounts payable",
                "concept": "AccountsPayableCurrent",
                "unit": "usd",
                "value": 32942000
            },
            {
                "label": "Accrued expenses and other current liabilities",
                "concept": "AccruedLiabilitiesCurrent",
                "unit": "usd",
                "value": 83561000
            },
            {
                "label": "Finance lease and other obligations, current",
                "concept": "FinanceLeaseLiabilityCurrent",
                "unit": "usd",
                "value": 0
            },
            {
                "label": "Dividends payable",
                "concept": "DividendsPayableCurrent",
                "unit": "usd",
                "value": 2466000
            },
            {
                "label": "Contract liabilities",
                "concept": "ContractWithCustomerLiabilityCurrent",
                "unit": "usd",
                "value": 46070000
            },
            {
                "label": "Interest payable",
                "concept": "InterestPayableCurrent",
                "unit": "usd",
                "value": 253000
            },
            {
                "label": "Total current liabilities",
                "concept": "LiabilitiesCurrent",
                "unit": "usd",
                "value": 173772000
            },
            {
                "label": "Non-current portion of long-term debt",
                "concept": "LongTermDebtNoncurrent",
                "unit": "usd",
                "value": 159400000
            },
            {
                "label": "Operating lease liabilities, non-current",
                "concept": "OperatingLeaseLiabilityNoncurrent",
                "unit": "usd",
                "value": 25864000
            },
            {
                "label": "Income taxes payable",
                "concept": "AccruedIncomeTaxesNoncurrent",
                "unit": "usd",
                "value": 2316000
            },
            {
                "label": "Deferred tax liability, net",
                "concept": "DeferredIncomeTaxLiabilitiesNet",
                "unit": "usd",
                "value": 16676000
            },
            {
                "label": "Long-term contract liabilities",
                "concept": "ContractWithCustomerLiabilityNoncurrent",
                "unit": "usd",
                "value": 11151000
            },
            {
                "label": "Other liabilities",
                "concept": "OtherLiabilitiesNoncurrent",
                "unit": "usd",
                "value": 16728000
            },
            {
                "label": "Total liabilities",
                "concept": "Liabilities",
                "unit": "usd",
                "value": 405907000
            },
            {
                "label": "Commitments and contingencies (See Note 19)",
                "concept": "CommitmentsAndContingencies",
                "unit": "usd",
                "value": "N/A"
            },
            {
                "label": "Preferred stock, par value $0.10 per share; shares authorized and unissued 2,000,000",
                "concept": "PreferredStockValue",
                "unit": "usd",
                "value": 0
            },
            {
                "label": "Common stock, par value $0.10 per share; authorized 100,000,000 shares; issued 39,765,257 shares and 39,276,161 shares at April 30, 2020 and July 31, 2019, respectively",
                "concept": "CommonStockValue",
                "unit": "usd",
                "value": 3977000
            },
            {
                "label": "Additional paid-in capital",
                "concept": "AdditionalPaidInCapital",
                "unit": "usd",
                "value": 564965000
            },
            {
                "label": "Retained earnings",
                "concept": "RetainedEarningsAccumulatedDeficit",
                "unit": "usd",
                "value": 418732000
            },
            {
                "label": "Stockholders' equity before treasury stock",
                "concept": "StockholdersEquityBeforeTreasuryStock",
                "unit": "usd",
                "value": 987674000
            },
            {
                "label": "Treasury stock, at cost (15,033,317 shares at April 30, 2020 and July 31, 2019)",
                "concept": "TreasuryStockValue",
                "unit": "usd",
                "value": 441849000
            },
            {
                "label": "Total stockholders\u2019 equity",
                "concept": "StockholdersEquity",
                "unit": "usd",
                "value": 545825000
            },
            {
                "label": "Total liabilities and stockholders\u2019 equity",
                "concept": "LiabilitiesAndStockholdersEquity",
                "unit": "usd",
                "value": 951732000
            }
        ],
        "cf": [],
        "ic": [
            {
                "label": "Net sales",
                "concept": "Revenues",
                "unit": "usd",
                "value": 135121000
            },
            {
                "label": "Cost of sales",
                "concept": "CostOfRevenue",
                "unit": "usd",
                "value": 82120000
            },
            {
                "label": "Gross profit",
                "concept": "GrossProfit",
                "unit": "usd",
                "value": 53001000
            },
            {
                "label": "Selling, general and administrative",
                "concept": "SellingGeneralAndAdministrativeExpense",
                "unit": "usd",
                "value": 32313000
            },
            {
                "label": "Research and development",
                "concept": "ResearchAndDevelopmentExpense",
                "unit": "usd",
                "value": 12324000
            },
            {
                "label": "Acquisition plan expenses",
                "concept": "BusinessCombinationAcquisitionRelatedCosts",
                "unit": "usd",
                "value": 5983000
            },
            {
                "label": "Total operating expenses",
                "concept": "OperatingExpenses",
                "unit": "usd",
                "value": 56137000
            },
            {
                "label": "Operating (loss) income",
                "concept": "OperatingIncomeLoss",
                "unit": "usd",
                "value": -3136000
            },
            {
                "label": "Interest expense",
                "concept": "InterestExpense",
                "unit": "usd",
                "value": 1504000
            },
            {
                "label": "Write-off of deferred financing costs",
                "concept": "WriteOffOfDeferredDebtIssuanceCost",
                "unit": "usd",
                "value": 0
            },
            {
                "label": "Interest (income) and other",
                "concept": "cmtl:InvestmentInterestIncomeInterestandOtherExpense",
                "unit": "usd",
                "value": 108000
            },
            {
                "label": "(Loss) income before (benefit from) provision for income taxes",
                "concept": "IncomeLossFromContinuingOperationsBeforeIncomeTaxesExtraordinaryItemsNoncontrollingInterest",
                "unit": "usd",
                "value": -4748000
            },
            {
                "label": "(Benefit from) provision for income taxes",
                "concept": "IncomeTaxExpenseBenefit",
                "unit": "usd",
                "value": -759000
            },
            {
                "label": "Net (loss) income",
                "concept": "NetIncomeLoss",
                "unit": "usd",
                "value": -3989000
            },
            {
                "label": "Basic (in dollars per share)",
                "concept": "EarningsPerShareBasic",
                "unit": "usd/shares",
                "value": -0.16
            },
            {
                "label": "Diluted (in dollars per share)",
                "concept": "EarningsPerShareDiluted",
                "unit": "usd/shares",
                "value": -0.16
            },
            {
                "label": "Weighted average number of common shares outstanding \u2013 basic (in shares)",
                "concept": "WeightedAverageNumberOfSharesOutstandingBasic",
                "unit": "shares",
                "value": 24982000
            },
            {
                "label": "Weighted average number of common and common equivalent shares outstanding \u2013 diluted (in shares)",
                "concept": "WeightedAverageNumberOfDilutedSharesOutstanding",
                "unit": "shares",
                "value": 24982000
            }
        ]
    }
}