{
    "startDate": "2020-01-01",
    "endDate": "2020-03-31",
    "year": "2020",
    "quarter": "Q1",
    "symbol": "AVA",
    "data": {
        "bs": [
            {
                "label": "Cash and cash equivalents",
                "concept": "CashAndCashEquivalentsAtCarryingValue",
                "unit": "usd",
                "value": 18919000
            },
            {
                "label": "Accounts and notes receivable-less allowances of $4,576 and $2,419, respectively",
                "concept": "AccountsNotesAndLoansReceivableNetCurrent",
                "unit": "usd",
                "value": 155253000
            },
            {
                "label": "Materials and supplies, fuel stock and stored natural gas",
                "concept": "InventoryNet",
                "unit": "usd",
                "value": 56681000
            },
            {
                "label": "Regulatory assets",
                "concept": "RegulatoryAssetsCurrent",
                "unit": "usd",
                "value": 13057000
            },
            {
                "label": "Other current assets",
                "concept": "OtherAssetsCurrent",
                "unit": "usd",
                "value": 30328000
            },
            {
                "label": "Total current assets",
                "concept": "AssetsCurrent",
                "unit": "usd",
                "value": 274238000
            },
            {
                "label": "Net utility property",
                "concept": "PublicUtilitiesPropertyPlantAndEquipmentNet",
                "unit": "usd",
                "value": 4842318000
            },
            {
                "label": "Goodwill",
                "concept": "Goodwill",
                "unit": "usd",
                "value": 52426000
            },
            {
                "label": "Other regulatory assets",
                "concept": "RegulatoryAssetsNoncurrent",
                "unit": "usd",
                "value": 750866000
            },
            {
                "label": "Other property and investments-net",
                "concept": "InvestmentsAndOtherNoncurrentAssets",
                "unit": "usd",
                "value": 254151000
            },
            {
                "label": "Total assets",
                "concept": "Assets",
                "unit": "usd",
                "value": 6173999000
            },
            {
                "label": "Accounts payable",
                "concept": "AccountsPayableCurrent",
                "unit": "usd",
                "value": 88184000
            },
            {
                "label": "Current portion of long-term debt",
                "concept": "LongTermDebtAndCapitalLeaseObligationsCurrent",
                "unit": "usd",
                "value": 52000000
            },
            {
                "label": "Short-term borrowings",
                "concept": "ShortTermBorrowings",
                "unit": "usd",
                "value": 185000000
            },
            {
                "label": "Regulatory liabilities",
                "concept": "RegulatoryLiabilityCurrent",
                "unit": "usd",
                "value": 66336000
            },
            {
                "label": "Other current liabilities",
                "concept": "OtherLiabilitiesCurrent",
                "unit": "usd",
                "value": 174286000
            },
            {
                "label": "Total current liabilities",
                "concept": "LiabilitiesCurrent",
                "unit": "usd",
                "value": 565806000
            },
            {
                "label": "Long-term debt",
                "concept": "LongTermDebt",
                "unit": "usd",
                "value": 1843981000
            },
            {
                "label": "Long-term debt to affiliated trusts",
                "concept": "JuniorSubordinatedDebentureOwedToUnconsolidatedSubsidiaryTrustNoncurrent",
                "unit": "usd",
                "value": 51547000
            },
            {
                "label": "Pensions and other postretirement benefits",
                "concept": "PensionAndOtherPostretirementDefinedBenefitPlansLiabilitiesNoncurrent",
                "unit": "usd",
                "value": 207313000
            },
            {
                "label": "Deferred income taxes",
                "concept": "DeferredIncomeTaxLiabilitiesNet",
                "unit": "usd",
                "value": 525217000
            },
            {
                "label": "Non-current regulatory liabilities",
                "concept": "RegulatoryLiabilityNoncurrent",
                "unit": "usd",
                "value": 783376000
            },
            {
                "label": "Other non-current liabilities and deferred credits",
                "concept": "OtherLiabilitiesNoncurrent",
                "unit": "usd",
                "value": 237664000
            },
            {
                "label": "Total liabilities",
                "concept": "Liabilities",
                "unit": "usd",
                "value": 4214904000
            },
            {
                "label": "Common stock, no par value; 200,000,000 shares authorized; 65,668,477 and 65,494,333 shares issued and outstanding as of March 31, 2018 and December 31, 2017, respectively",
                "concept": "CommonStockValue",
                "unit": "usd",
                "value": 1209312000
            },
            {
                "label": "Accumulated other comprehensive loss",
                "concept": "AccumulatedOtherComprehensiveIncomeLossNetOfTax",
                "unit": "usd",
                "value": 10054000
            },
            {
                "label": "Retained earnings",
                "concept": "RetainedEarningsAccumulatedDeficit",
                "unit": "usd",
                "value": 759837000
            },
            {
                "label": "Total Avista Corporation shareholders\u2019 equity",
                "concept": "StockholdersEquity",
                "unit": "usd",
                "value": 1959095000
            },
            {
                "label": "Total equity",
                "concept": "StockholdersEquityIncludingPortionAttributableToNoncontrollingInterest",
                "unit": "usd",
                "value": 1959095000
            },
            {
                "label": "Total liabilities and equity",
                "concept": "LiabilitiesAndStockholdersEquity",
                "unit": "usd",
                "value": 6173999000
            }
        ],
        "cf": [
            {
                "label": "Net income",
                "concept": "ProfitLoss",
                "unit": "usd",
                "value": 48424000
            },
            {
                "label": "Depreciation and amortization",
                "concept": "DepreciationDepletionAndAmortization",
                "unit": "usd",
                "value": 51421000
            },
            {
                "label": "Provision for deferred income taxes",
                "concept": "DeferredIncomeTaxExpenseBenefit",
                "unit": "usd",
                "value": 6765000
            },
            {
                "label": "Power and natural gas cost amortizations (deferrals), net",
                "concept": "OtherAmortizationOfDeferredCharges",
                "unit": "usd",
                "value": 6380000
            },
            {
                "label": "Amortization of debt expense",
                "concept": "AmortizationOfFinancingCosts",
                "unit": "usd",
                "value": 653000
            },
            {
                "label": "Amortization of investment in exchange power",
                "concept": "AmortizationOfPowerContractsEmissionCredits",
                "unit": "usd",
                "value": "N/A"
            },
            {
                "label": "Stock-based compensation expense",
                "concept": "ShareBasedCompensation",
                "unit": "usd",
                "value": 872000
            },
            {
                "label": "Equity-related AFUDC",
                "concept": "PublicUtilitiesAllowanceForFundsUsedDuringConstructionCapitalizedCostOfEquity",
                "unit": "usd",
                "value": 1599000
            },
            {
                "label": "Pension and other postretirement benefit expense",
                "concept": "PensionAndOtherPostretirementBenefitExpense",
                "unit": "usd",
                "value": 7952000
            },
            {
                "label": "Other regulatory assets and liabilities and deferred debits and credits",
                "concept": "IncreaseDecreaseInRegulatoryAssetsAndLiabilities",
                "unit": "usd",
                "value": 11902000
            },
            {
                "label": "Change in decoupling regulatory deferral",
                "concept": "ava:IncreaseDecreaseInRegulatoryAssetsAndLiabilitiesAssociatedwithAlternativeRevenuePrograms",
                "unit": "usd",
                "value": 4155000
            },
            {
                "label": "Gain on sale of investments",
                "concept": "GainLossOnSaleOfInvestments",
                "unit": "usd",
                "value": 3242000
            },
            {
                "label": "Other",
                "concept": "OtherOperatingActivitiesCashFlowStatement",
                "unit": "usd",
                "value": 5112000
            },
            {
                "label": "Contributions to defined benefit pension plan",
                "concept": "PensionContributions",
                "unit": "usd",
                "value": 7300000
            },
            {
                "label": "Accounts and notes receivable",
                "concept": "IncreaseDecreaseInAccountsAndNotesReceivable",
                "unit": "usd",
                "value": 6078000
            },
            {
                "label": "Materials and supplies, fuel stock and natural gas stored",
                "concept": "IncreaseDecreaseInInventories",
                "unit": "usd",
                "value": 9901000
            },
            {
                "label": "Collateral posted for derivative instruments",
                "concept": "IncreaseDecreaseInDepositOtherAssets",
                "unit": "usd",
                "value": 14283000
            },
            {
                "label": "Income taxes receivable",
                "concept": "IncreaseDecreaseInIncomeTaxesReceivable",
                "unit": "usd",
                "value": 10500000
            },
            {
                "label": "Income taxes payable",
                "concept": "IncreaseDecreaseInAccruedIncomeTaxesPayable",
                "unit": "usd",
                "value": 4901000
            },
            {
                "label": "Other current assets",
                "concept": "IncreaseDecreaseInOtherOperatingAssets",
                "unit": "usd",
                "value": 2166000
            },
            {
                "label": "Accounts payable",
                "concept": "IncreaseDecreaseInAccountsPayable",
                "unit": "usd",
                "value": 19527000
            },
            {
                "label": "Other current liabilities",
                "concept": "IncreaseDecreaseInOtherOperatingLiabilities",
                "unit": "usd",
                "value": 21905000
            },
            {
                "label": "Net cash provided by operating activities",
                "concept": "NetCashProvidedByUsedInOperatingActivities",
                "unit": "usd",
                "value": 135274000
            },
            {
                "label": "Utility property capital expenditures (excluding equity-related AFUDC)",
                "concept": "PaymentsToAcquirePropertyPlantAndEquipment",
                "unit": "usd",
                "value": 95525000
            },
            {
                "label": "Issuance of notes receivable by subsidiaries",
                "concept": "PaymentsToAcquireNotesReceivable",
                "unit": "usd",
                "value": 2779000
            },
            {
                "label": "Equity and property investments made by subsidiaries",
                "concept": "PaymentsToAcquireInvestments",
                "unit": "usd",
                "value": 1313000
            },
            {
                "label": "Proceeds from sale of investments made by subsidiaries",
                "concept": "ProceedsFromSaleOfEquityMethodInvestments",
                "unit": "usd",
                "value": 5148000
            },
            {
                "label": "Other",
                "concept": "PaymentsForProceedsFromOtherInvestingActivities",
                "unit": "usd",
                "value": 662000
            },
            {
                "label": "Net cash used in investing activities",
                "concept": "NetCashProvidedByUsedInInvestingActivities",
                "unit": "usd",
                "value": 95131000
            },
            {
                "label": "Net decrease in short-term borrowings",
                "concept": "ProceedsFromRepaymentsOfShortTermDebt",
                "unit": "usd",
                "value": 800000
            },
            {
                "label": "Maturity of long-term debt and finance leases",
                "concept": "RepaymentsOfLongTermDebt",
                "unit": "usd",
                "value": 700000
            },
            {
                "label": "Issuance of common stock",
                "concept": "ProceedsFromIssuanceOfCommonStock",
                "unit": "usd",
                "value": 175000
            },
            {
                "label": "Cash dividends paid",
                "concept": "PaymentsOfDividends",
                "unit": "usd",
                "value": 27389000
            },
            {
                "label": "Other",
                "concept": "ProceedsFromPaymentsForOtherFinancingActivities",
                "unit": "usd",
                "value": 2406000
            },
            {
                "label": "Net cash used in financing activities",
                "concept": "NetCashProvidedByUsedInFinancingActivities",
                "unit": "usd",
                "value": 31120000
            },
            {
                "label": "Net increase in cash and cash equivalents",
                "concept": "CashAndCashEquivalentsPeriodIncreaseDecrease",
                "unit": "usd",
                "value": 9023000
            }
        ],
        "ic": [
            {
                "label": "Utility revenues, exclusive of alternative revenue programs",
                "concept": "ava:RegulatedRevenuesExcludingAlternativeRevenuePrograms",
                "unit": "usd",
                "value": 393820000
            },
            {
                "label": "Alternative revenue programs",
                "concept": "ava:RevenuefromAlternativeRevenuePrograms",
                "unit": "usd",
                "value": 4413000
            },
            {
                "label": "Total utility revenues",
                "concept": "RegulatedOperatingRevenue",
                "unit": "usd",
                "value": 389407000
            },
            {
                "label": "Non-utility revenues",
                "concept": "UnregulatedOperatingRevenue",
                "unit": "usd",
                "value": 823000
            },
            {
                "label": "Total operating revenues",
                "concept": "Revenues",
                "unit": "usd",
                "value": 390230000
            },
            {
                "label": "Other operating expenses",
                "concept": "UtilitiesOperatingExpenseMaintenanceOperationsAndOtherCostsAndExpenses",
                "unit": "usd",
                "value": 94496000
            },
            {
                "label": "Merger transaction costs",
                "concept": "BusinessCombinationAcquisitionRelatedCosts",
                "unit": "usd",
                "value": "N/A"
            },
            {
                "label": "Depreciation and amortization",
                "concept": "UtilitiesOperatingExpenseDepreciationAndAmortization",
                "unit": "usd",
                "value": 51421000
            },
            {
                "label": "Taxes other than income taxes",
                "concept": "UtilitiesOperatingExpenseTaxes",
                "unit": "usd",
                "value": 30978000
            },
            {
                "label": "Other operating expenses",
                "concept": "OtherCostAndExpenseOperating",
                "unit": "usd",
                "value": 1360000
            },
            {
                "label": "Depreciation and amortization",
                "concept": "DepreciationAndAmortization",
                "unit": "usd",
                "value": 235000
            },
            {
                "label": "Total operating expenses",
                "concept": "CostsAndExpenses",
                "unit": "usd",
                "value": 308037000
            },
            {
                "label": "Income from operations",
                "concept": "OperatingIncomeLoss",
                "unit": "usd",
                "value": 82193000
            },
            {
                "label": "Interest expense",
                "concept": "InterestExpense",
                "unit": "usd",
                "value": 26347000
            },
            {
                "label": "Interest Expense, Other",
                "concept": "InterestExpenseOther",
                "unit": "usd",
                "value": 270000
            },
            {
                "label": "Capitalized interest",
                "concept": "PublicUtilitiesAllowanceForFundsUsedDuringConstructionAdditions",
                "unit": "usd",
                "value": 998000
            },
            {
                "label": "Merger termination fee",
                "concept": "ava:TerminationFeeReceivedfromCanceledBusinessAcquisition",
                "unit": "usd",
                "value": "N/A"
            },
            {
                "label": "Other income-net",
                "concept": "OtherNonoperatingIncomeExpense",
                "unit": "usd",
                "value": 382000
            },
            {
                "label": "Income before income taxes",
                "concept": "IncomeLossFromContinuingOperationsBeforeIncomeTaxesMinorityInterestAndIncomeLossFromEquityMethodInvestments",
                "unit": "usd",
                "value": 56956000
            },
            {
                "label": "Net income",
                "concept": "ProfitLoss",
                "unit": "usd",
                "value": 48424000
            },
            {
                "label": "Net income attributable to noncontrolling interests",
                "concept": "ComprehensiveIncomeNetOfTaxAttributableToNoncontrollingInterest",
                "unit": "usd",
                "value": "N/A"
            },
            {
                "label": "Net income attributable to Avista Corporation shareholders",
                "concept": "NetIncomeLoss",
                "unit": "usd",
                "value": 48424000
            },
            {
                "label": "Weighted-average common shares outstanding (thousands), basic",
                "concept": "WeightedAverageNumberOfSharesOutstandingBasic",
                "unit": "shares",
                "value": 67239000
            },
            {
                "label": "Weighted-average common shares outstanding (thousands), diluted",
                "concept": "WeightedAverageNumberOfDilutedSharesOutstanding",
                "unit": "shares",
                "value": 67381000
            },
            {
                "label": "Basic",
                "concept": "EarningsPerShareBasic",
                "unit": "usd/shares",
                "value": 0.72
            },
            {
                "label": "Diluted",
                "concept": "EarningsPerShareDiluted",
                "unit": "usd/shares",
                "value": 0.72
            }
        ]
    }
}