{
    "startDate": "2020-01-04",
    "endDate": "2020-04-03",
    "year": "2020",
    "quarter": "Q3",
    "symbol": "WDC",
    "data": {
        "bs": [
            {
                "label": "Cash and cash equivalents",
                "concept": "CashAndCashEquivalentsAtCarryingValue",
                "unit": "usd",
                "value": 2943000000
            },
            {
                "label": "Accounts receivable, net",
                "concept": "AccountsReceivableNetCurrent",
                "unit": "usd",
                "value": 1978000000
            },
            {
                "label": "Inventories",
                "concept": "InventoryNet",
                "unit": "usd",
                "value": 3091000000
            },
            {
                "label": "Other current assets",
                "concept": "OtherAssetsCurrent",
                "unit": "usd",
                "value": 541000000
            },
            {
                "label": "Total current assets",
                "concept": "AssetsCurrent",
                "unit": "usd",
                "value": 8553000000
            },
            {
                "label": "Property, plant and equipment, net",
                "concept": "PropertyPlantAndEquipmentNet",
                "unit": "usd",
                "value": 2735000000
            },
            {
                "label": "Notes receivable and investments in Flash Ventures",
                "concept": "wdc:NotesReceivableAndInvestmentsInRelatedParties",
                "unit": "usd",
                "value": 2157000000
            },
            {
                "label": "Goodwill",
                "concept": "Goodwill",
                "unit": "usd",
                "value": 10066000000
            },
            {
                "label": "Other intangible assets, net",
                "concept": "IntangibleAssetsNetExcludingGoodwill",
                "unit": "usd",
                "value": 1126000000
            },
            {
                "label": "Other non-current assets",
                "concept": "OtherAssetsNoncurrent",
                "unit": "usd",
                "value": 872000000
            },
            {
                "label": "Total assets",
                "concept": "Assets",
                "unit": "usd",
                "value": 25509000000
            },
            {
                "label": "Accounts payable",
                "concept": "AccountsPayableCurrent",
                "unit": "usd",
                "value": 1786000000
            },
            {
                "label": "Accounts payable to related parties",
                "concept": "AccountsPayableRelatedPartiesCurrent",
                "unit": "usd",
                "value": 397000000
            },
            {
                "label": "Accrued expenses",
                "concept": "AccruedLiabilitiesCurrent",
                "unit": "usd",
                "value": 1569000000
            },
            {
                "label": "Accrued compensation",
                "concept": "EmployeeRelatedLiabilitiesCurrent",
                "unit": "usd",
                "value": 433000000
            },
            {
                "label": "Current portion of long-term debt",
                "concept": "LongTermDebtCurrent",
                "unit": "usd",
                "value": 286000000
            },
            {
                "label": "Total current liabilities",
                "concept": "LiabilitiesCurrent",
                "unit": "usd",
                "value": 4471000000
            },
            {
                "label": "Long-term debt",
                "concept": "LongTermDebtNoncurrent",
                "unit": "usd",
                "value": 9343000000
            },
            {
                "label": "Other liabilities",
                "concept": "OtherLiabilitiesNoncurrent",
                "unit": "usd",
                "value": 2452000000
            },
            {
                "label": "Total liabilities",
                "concept": "Liabilities",
                "unit": "usd",
                "value": 16266000000
            },
            {
                "label": "Commitments and contingencies (Notes 9, 10, 12 and 15)",
                "concept": "CommitmentsAndContingencies",
                "unit": "usd",
                "value": "N/A"
            },
            {
                "label": "Preferred stock, $0.01 par value; authorized \u2014 5 shares; issued and outstanding \u2014 none",
                "concept": "PreferredStockValue",
                "unit": "usd",
                "value": "N/A"
            },
            {
                "label": "Common stock, $0.01 par value; authorized \u2014 450 shares; issued \u2014 312 shares; outstanding \u2014 300 shares and 295 shares, respectively",
                "concept": "wdc:CommonStockValues",
                "unit": "usd",
                "value": 3000000
            },
            {
                "label": "Additional paid-in capital",
                "concept": "AdditionalPaidInCapital",
                "unit": "usd",
                "value": 3743000000
            },
            {
                "label": "Accumulated other comprehensive loss",
                "concept": "AccumulatedOtherComprehensiveIncomeLossNetOfTax",
                "unit": "usd",
                "value": 183000000
            },
            {
                "label": "Retained earnings",
                "concept": "RetainedEarningsAccumulatedDeficit",
                "unit": "usd",
                "value": 6578000000
            },
            {
                "label": "Treasury stock \u2014 common shares at cost; 12 shares and 17 shares, respectively",
                "concept": "TreasuryStockValue",
                "unit": "usd",
                "value": 898000000
            },
            {
                "label": "Total shareholders\u2019 equity",
                "concept": "StockholdersEquity",
                "unit": "usd",
                "value": 9243000000
            },
            {
                "label": "Total liabilities and shareholders\u2019 equity",
                "concept": "LiabilitiesAndStockholdersEquity",
                "unit": "usd",
                "value": 25509000000
            }
        ],
        "cf": [],
        "ic": [
            {
                "label": "Net income (loss)",
                "concept": "NetIncomeLoss",
                "unit": "usd",
                "value": 17000000
            },
            {
                "label": "Actuarial pension gain",
                "concept": "OtherComprehensiveIncomeLossPensionAndOtherPostretirementBenefitPlansAdjustmentBeforeTax",
                "unit": "usd",
                "value": 1000000
            },
            {
                "label": "Foreign currency translation adjustment",
                "concept": "OtherComprehensiveIncomeLossForeignCurrencyTransactionAndTranslationAdjustmentBeforeTax",
                "unit": "usd",
                "value": 11000000
            },
            {
                "label": "Net unrealized loss on derivative contracts and available-for-sale securities",
                "concept": "wdc:OtherComprehensiveIncomeUnrealizedGainLossOnDerivativesArisingDuringPeriodAndAvailableForSaleSecuritiesAdjustmentBeforeReclassificationAdjustmentsAndTax",
                "unit": "usd",
                "value": 76000000
            },
            {
                "label": "Total other comprehensive loss, before tax",
                "concept": "OtherComprehensiveIncomeLossBeforeTax",
                "unit": "usd",
                "value": 86000000
            },
            {
                "label": "Income tax benefit related to items of other comprehensive loss, before tax",
                "concept": "OtherComprehensiveIncomeLossTax",
                "unit": "usd",
                "value": 13000000
            },
            {
                "label": "Other comprehensive loss, net of tax",
                "concept": "OtherComprehensiveIncomeLossNetOfTax",
                "unit": "usd",
                "value": 73000000
            },
            {
                "label": "Total comprehensive loss",
                "concept": "ComprehensiveIncomeNetOfTaxIncludingPortionAttributableToNoncontrollingInterest",
                "unit": "usd",
                "value": 56000000
            }
        ]
    }
}