{
    "startDate": "2020-01-01",
    "endDate": "2020-03-31",
    "year": "2020",
    "quarter": "Q1",
    "symbol": "SYK",
    "data": {
        "bs": [
            {
                "label": "Cash and cash equivalents",
                "concept": "CashAndCashEquivalentsAtCarryingValue",
                "unit": "usd",
                "value": 3964000000
            },
            {
                "label": "Marketable securities",
                "concept": "AvailableForSaleSecuritiesCurrent",
                "unit": "usd",
                "value": 84000000
            },
            {
                "label": "Accounts receivable, less allowance of $100 ($88 in 2019)",
                "concept": "AccountsReceivableNetCurrent",
                "unit": "usd",
                "value": 2646000000
            },
            {
                "label": "Materials and supplies",
                "concept": "InventoryRawMaterialsAndSuppliesNetOfReserves",
                "unit": "usd",
                "value": 738000000
            },
            {
                "label": "Work in process",
                "concept": "InventoryWorkInProcessNetOfReserves",
                "unit": "usd",
                "value": 187000000
            },
            {
                "label": "Finished goods",
                "concept": "InventoryFinishedGoodsNetOfReserves",
                "unit": "usd",
                "value": 2434000000
            },
            {
                "label": "Total inventories",
                "concept": "InventoryNet",
                "unit": "usd",
                "value": 3359000000
            },
            {
                "label": "Prepaid expenses and other current assets",
                "concept": "PrepaidExpenseCurrent",
                "unit": "usd",
                "value": 683000000
            },
            {
                "label": "Total current assets",
                "concept": "AssetsCurrent",
                "unit": "usd",
                "value": 10736000000
            },
            {
                "label": "Land, buildings and improvements",
                "concept": "syk:LandBuildingsAndImprovementsGross",
                "unit": "usd",
                "value": 1419000000
            },
            {
                "label": "Machinery and equipment",
                "concept": "MachineryAndEquipmentGross",
                "unit": "usd",
                "value": 3357000000
            },
            {
                "label": "Total property, plant and equipment",
                "concept": "PropertyPlantAndEquipmentGross",
                "unit": "usd",
                "value": 4776000000
            },
            {
                "label": "Less accumulated depreciation",
                "concept": "AccumulatedDepreciationDepletionAndAmortizationPropertyPlantAndEquipment",
                "unit": "usd",
                "value": 2169000000
            },
            {
                "label": "Property, plant and equipment, net",
                "concept": "PropertyPlantAndEquipmentNet",
                "unit": "usd",
                "value": 2607000000
            },
            {
                "label": "Goodwill",
                "concept": "Goodwill",
                "unit": "usd",
                "value": 9025000000
            },
            {
                "label": "Other intangibles, net",
                "concept": "IntangibleAssetsNetExcludingGoodwill",
                "unit": "usd",
                "value": 4107000000
            },
            {
                "label": "Noncurrent deferred income tax assets",
                "concept": "DeferredIncomeTaxAssetsNet",
                "unit": "usd",
                "value": 1537000000
            },
            {
                "label": "Other noncurrent assets",
                "concept": "OtherAssetsNoncurrent",
                "unit": "usd",
                "value": 1428000000
            },
            {
                "label": "Total assets",
                "concept": "Assets",
                "unit": "usd",
                "value": 29440000000
            },
            {
                "label": "Accounts payable",
                "concept": "AccountsPayableTradeCurrent",
                "unit": "usd",
                "value": 736000000
            },
            {
                "label": "Accrued compensation",
                "concept": "EmployeeRelatedLiabilitiesCurrent",
                "unit": "usd",
                "value": 430000000
            },
            {
                "label": "Income taxes",
                "concept": "AccruedIncomeTaxesCurrent",
                "unit": "usd",
                "value": 227000000
            },
            {
                "label": "Dividends payable",
                "concept": "DividendsPayableCurrent",
                "unit": "usd",
                "value": 216000000
            },
            {
                "label": "Accrued expenses and other liabilities",
                "concept": "OtherLiabilitiesCurrent",
                "unit": "usd",
                "value": 1450000000
            },
            {
                "label": "Current maturities of debt",
                "concept": "DebtCurrent",
                "unit": "usd",
                "value": 1103000000
            },
            {
                "label": "Total current liabilities",
                "concept": "LiabilitiesCurrent",
                "unit": "usd",
                "value": 4162000000
            },
            {
                "label": "Long-term debt, excluding current maturities",
                "concept": "LongTermDebtNoncurrent",
                "unit": "usd",
                "value": 9404000000
            },
            {
                "label": "Income taxes",
                "concept": "AccruedIncomeTaxesNoncurrent",
                "unit": "usd",
                "value": 1026000000
            },
            {
                "label": "Other noncurrent liabilities",
                "concept": "OtherLiabilitiesNoncurrent",
                "unit": "usd",
                "value": 1733000000
            },
            {
                "label": "Total liabilities",
                "concept": "Liabilities",
                "unit": "usd",
                "value": 16325000000
            },
            {
                "label": "Common stock, $0.10 par value",
                "concept": "CommonStockValueOutstanding",
                "unit": "usd",
                "value": 38000000
            },
            {
                "label": "Additional paid-in capital",
                "concept": "AdditionalPaidInCapitalCommonStock",
                "unit": "usd",
                "value": 1676000000
            },
            {
                "label": "Retained earnings",
                "concept": "RetainedEarningsAccumulatedDeficit",
                "unit": "usd",
                "value": 12024000000
            },
            {
                "label": "Accumulated other comprehensive loss",
                "concept": "AccumulatedOtherComprehensiveIncomeLossNetOfTax",
                "unit": "usd",
                "value": 623000000
            },
            {
                "label": "Total shareholders' equity",
                "concept": "StockholdersEquityIncludingPortionAttributableToNoncontrollingInterest",
                "unit": "usd",
                "value": 13115000000
            },
            {
                "label": "Total liabilities and shareholders' equity",
                "concept": "LiabilitiesAndStockholdersEquity",
                "unit": "usd",
                "value": 29440000000
            }
        ],
        "cf": [
            {
                "label": "Net earnings",
                "concept": "NetIncomeLoss",
                "unit": "usd",
                "value": 493000000
            },
            {
                "label": "Depreciation",
                "concept": "Depreciation",
                "unit": "usd",
                "value": 80000000
            },
            {
                "label": "Amortization of intangible assets",
                "concept": "AdjustmentForAmortization",
                "unit": "usd",
                "value": 118000000
            },
            {
                "label": "Share-based compensation",
                "concept": "ShareBasedCompensation",
                "unit": "usd",
                "value": 56000000
            },
            {
                "label": "Sale of inventory stepped-up to fair value at acquisition",
                "concept": "syk:SaleOfInventorySteppedUpToFairValueAtAcquisition",
                "unit": "usd",
                "value": 6000000
            },
            {
                "label": "Accounts receivable",
                "concept": "IncreaseDecreaseInAccountsReceivable",
                "unit": "usd",
                "value": 204000000
            },
            {
                "label": "Inventories",
                "concept": "IncreaseDecreaseInInventories",
                "unit": "usd",
                "value": 122000000
            },
            {
                "label": "Accounts payable",
                "concept": "IncreaseDecreaseInAccountsPayableTrade",
                "unit": "usd",
                "value": 63000000
            },
            {
                "label": "Accrued expenses and other liabilities",
                "concept": "IncreaseDecreaseInAccruedLiabilities",
                "unit": "usd",
                "value": 550000000
            },
            {
                "label": "Recall-related payments",
                "concept": "syk:Changeinaccrualforrecallexpenses",
                "unit": "usd",
                "value": 4000000
            },
            {
                "label": "Income taxes",
                "concept": "IncreaseDecreaseInAccruedIncomeTaxesPayable",
                "unit": "usd",
                "value": 84000000
            },
            {
                "label": "Other, net",
                "concept": "IncreaseDecreaseInOtherOperatingCapitalNet",
                "unit": "usd",
                "value": 169000000
            },
            {
                "label": "Net cash provided by operating activities",
                "concept": "NetCashProvidedByUsedInOperatingActivities",
                "unit": "usd",
                "value": 591000000
            },
            {
                "label": "Acquisitions, net of cash acquired",
                "concept": "PaymentsToAcquireBusinessesNetOfCashAcquired",
                "unit": "usd",
                "value": 23000000
            },
            {
                "label": "Purchases of marketable securities",
                "concept": "PaymentsToAcquireMarketableSecurities",
                "unit": "usd",
                "value": 8000000
            },
            {
                "label": "Proceeds from sales of marketable securities",
                "concept": "ProceedsFromSaleAndMaturityOfMarketableSecurities",
                "unit": "usd",
                "value": 12000000
            },
            {
                "label": "Purchases of property, plant and equipment",
                "concept": "PaymentsToAcquirePropertyPlantAndEquipment",
                "unit": "usd",
                "value": 144000000
            },
            {
                "label": "Net cash used in investing activities",
                "concept": "NetCashProvidedByUsedInInvestingActivities",
                "unit": "usd",
                "value": 163000000
            },
            {
                "label": "Proceeds (payments) on short-term borrowings, net",
                "concept": "ProceedsFromRepaymentsOfShortTermDebtMaturingInThreeMonthsOrLess",
                "unit": "usd",
                "value": 4000000
            },
            {
                "label": "Payments on long-term debt",
                "concept": "RepaymentsOfLongTermDebt",
                "unit": "usd",
                "value": 500000000
            },
            {
                "label": "Dividends paid",
                "concept": "PaymentsOfDividends",
                "unit": "usd",
                "value": 215000000
            },
            {
                "label": "Repurchases of common stock",
                "concept": "PaymentsForRepurchaseOfCommonStock",
                "unit": "usd",
                "value": "N/A"
            },
            {
                "label": "Cash paid for taxes from withheld shares",
                "concept": "ExcessTaxBenefitFromShareBasedCompensationFinancingActivities",
                "unit": "usd",
                "value": 56000000
            },
            {
                "label": "Other financing, net",
                "concept": "ProceedsFromPaymentsForOtherFinancingActivities",
                "unit": "usd",
                "value": 1000000
            },
            {
                "label": "Net cash provided by (used in) financing activities",
                "concept": "NetCashProvidedByUsedInFinancingActivities",
                "unit": "usd",
                "value": 768000000
            },
            {
                "label": "Effect of exchange rate changes on cash and cash equivalents",
                "concept": "EffectOfExchangeRateOnCashCashEquivalentsRestrictedCashAndRestrictedCashEquivalents",
                "unit": "usd",
                "value": 33000000
            },
            {
                "label": "Change in cash and cash equivalents",
                "concept": "CashCashEquivalentsRestrictedCashAndRestrictedCashEquivalentsPeriodIncreaseDecreaseIncludingExchangeRateEffect",
                "unit": "usd",
                "value": 373000000
            }
        ],
        "ic": [
            {
                "label": "Net sales",
                "concept": "Revenues",
                "unit": "usd",
                "value": 3588000000
            },
            {
                "label": "Cost of sales",
                "concept": "CostOfRevenue",
                "unit": "usd",
                "value": 1257000000
            },
            {
                "label": "Gross profit",
                "concept": "GrossProfit",
                "unit": "usd",
                "value": 2331000000
            },
            {
                "label": "Research, development and engineering expenses",
                "concept": "ResearchAndDevelopmentExpense",
                "unit": "usd",
                "value": 254000000
            },
            {
                "label": "Selling, general and administrative expenses",
                "concept": "SellingGeneralAndAdministrativeExpense",
                "unit": "usd",
                "value": 1330000000
            },
            {
                "label": "Recall charges",
                "concept": "ProductLiabilityAccrualPeriodExpense",
                "unit": "usd",
                "value": 6000000
            },
            {
                "label": "Amortization of intangible assets",
                "concept": "AmortizationOfIntangibleAssets",
                "unit": "usd",
                "value": 118000000
            },
            {
                "label": "Total operating expenses",
                "concept": "OperatingExpenses",
                "unit": "usd",
                "value": 1696000000
            },
            {
                "label": "Operating income",
                "concept": "OperatingIncomeLoss",
                "unit": "usd",
                "value": 635000000
            },
            {
                "label": "Other income (expense), net",
                "concept": "NonoperatingIncomeExpense",
                "unit": "usd",
                "value": 45000000
            },
            {
                "label": "Earnings before income taxes",
                "concept": "IncomeLossFromContinuingOperationsBeforeIncomeTaxesMinorityInterestAndIncomeLossFromEquityMethodInvestments",
                "unit": "usd",
                "value": 590000000
            },
            {
                "label": "Income taxes",
                "concept": "IncomeTaxExpenseBenefit",
                "unit": "usd",
                "value": 97000000
            },
            {
                "label": "Net earnings",
                "concept": "NetIncomeLoss",
                "unit": "usd",
                "value": 493000000
            },
            {
                "label": "Basic",
                "concept": "EarningsPerShareBasic",
                "unit": "usd/shares",
                "value": 1.32
            },
            {
                "label": "Diluted",
                "concept": "EarningsPerShareDiluted",
                "unit": "usd/shares",
                "value": 1.3
            },
            {
                "label": "Basic",
                "concept": "WeightedAverageNumberOfSharesOutstandingBasic",
                "unit": "shares",
                "value": 374800000.0
            },
            {
                "label": "Effect of dilutive employee stock compensation",
                "concept": "WeightedAverageNumberDilutedSharesOutstandingAdjustment",
                "unit": "shares",
                "value": 4900000.0
            },
            {
                "label": "Diluted",
                "concept": "WeightedAverageNumberOfDilutedSharesOutstanding",
                "unit": "shares",
                "value": 379700000.0
            },
            {
                "label": "Cash dividends declared per share of common stock (in dollars per share)",
                "concept": "CommonStockDividendsPerShareDeclared",
                "unit": "usd/shares",
                "value": 0.575
            }
        ]
    }
}