{
    "startDate": "2020-01-01",
    "endDate": "2020-03-31",
    "year": "2020",
    "quarter": "Q1",
    "symbol": "TAP",
    "data": {
        "bs": [
            {
                "label": "Other assets",
                "concept": "OtherAssetsNoncurrent",
                "unit": "usd",
                "value": 850900000.0
            },
            {
                "label": "Current portion of long-term debt and short-term borrowings",
                "concept": "DebtCurrent",
                "unit": "usd",
                "value": 1445000000.0
            },
            {
                "label": "Other liabilities",
                "concept": "OtherLiabilitiesNoncurrent",
                "unit": "usd",
                "value": 601500000.0
            },
            {
                "label": "Total liabilities",
                "concept": "Liabilities",
                "unit": "usd",
                "value": 15515100000.0
            },
            {
                "label": "Preferred stock, $0.01 par value (authorized: 25.0 shares; none issued)",
                "concept": "PreferredStockValue",
                "unit": "usd",
                "value": "N/A"
            },
            {
                "label": "Paid-in capital",
                "concept": "AdditionalPaidInCapital",
                "unit": "usd",
                "value": 6780700000.0
            },
            {
                "label": "Retained earnings",
                "concept": "RetainedEarningsAccumulatedDeficit",
                "unit": "usd",
                "value": 7376200000.0
            },
            {
                "label": "Accumulated other comprehensive income (loss)",
                "concept": "AccumulatedOtherComprehensiveIncomeLossNetOfTax",
                "unit": "usd",
                "value": 1661300000.0
            },
            {
                "label": "Class B common stock held in treasury at cost (9.5 shares and 9.5 shares, respectively)",
                "concept": "TreasuryStockValue",
                "unit": "usd",
                "value": 471400000.0
            },
            {
                "label": "Total Molson Coors Beverage Company stockholders' equity",
                "concept": "StockholdersEquity",
                "unit": "usd",
                "value": 12686600000.0
            }
        ],
        "cf": [
            {
                "label": "Income (Loss) from Continuing Operations, Net of Tax, Including Portion Attributable to Noncontrolling Interest",
                "concept": "IncomeLossFromContinuingOperationsIncludingPortionAttributableToNoncontrollingInterest",
                "unit": "usd",
                "value": 115400000.0
            },
            {
                "label": "Depreciation and amortization",
                "concept": "DepreciationAndAmortization",
                "unit": "usd",
                "value": 256500000.0
            },
            {
                "label": "Amortization of debt issuance costs and discounts",
                "concept": "AmortizationOfFinancingCostsAndDiscounts",
                "unit": "usd",
                "value": 2100000.0
            },
            {
                "label": "Share-based compensation",
                "concept": "ShareBasedCompensation",
                "unit": "usd",
                "value": 5900000.0
            },
            {
                "label": "(Gain) loss on sale or impairment of properties and other assets, net",
                "concept": "tap:LossGainOnSaleOrImpairmentOfPropertiesAndIntangibles",
                "unit": "usd",
                "value": 200000.0
            },
            {
                "label": "Unrealized (gain) loss on foreign currency fluctuations and derivative instruments, net",
                "concept": "tap:UnrealizedGainLossOnForeignCurrencyFluctuationsAndDerivativeInstruments",
                "unit": "usd",
                "value": 103300000.0
            },
            {
                "label": "Income tax (benefit) expense",
                "concept": "tap:CurrentincomeTaxBenefitExpenseCashFlow",
                "unit": "usd",
                "value": 43300000.0
            },
            {
                "label": "Income tax (paid) received",
                "concept": "IncomeTaxesPaidNet",
                "unit": "usd",
                "value": 9200000.0
            },
            {
                "label": "Interest expense, excluding interest amortization",
                "concept": "InterestExpenseDebt",
                "unit": "usd",
                "value": 67600000.0
            },
            {
                "label": "Interest paid",
                "concept": "InterestPaidNet",
                "unit": "usd",
                "value": 90300000.0
            },
            {
                "label": "Change in current assets and liabilities and other",
                "concept": "IncreaseDecreaseInOtherOperatingCapitalNet",
                "unit": "usd",
                "value": 195100000.0
            },
            {
                "label": "Net Cash Provided by (Used in) Operating Activities",
                "concept": "NetCashProvidedByUsedInOperatingActivities",
                "unit": "usd",
                "value": 18100000.0
            },
            {
                "label": "Additions to properties",
                "concept": "PaymentsToAcquireProductiveAssets",
                "unit": "usd",
                "value": 225100000.0
            },
            {
                "label": "Proceeds from sales of properties and other assets",
                "concept": "ProceedsFromSaleOfProductiveAssets",
                "unit": "usd",
                "value": 1600000.0
            },
            {
                "label": "Other",
                "concept": "PaymentsForProceedsFromOtherInvestingActivities",
                "unit": "usd",
                "value": 3500000.0
            },
            {
                "label": "Net cash provided by (used in) investing activities",
                "concept": "NetCashProvidedByUsedInInvestingActivities",
                "unit": "usd",
                "value": 220000000.0
            },
            {
                "label": "Exercise of stock options under equity compensation plans",
                "concept": "ProceedsFromStockPlans",
                "unit": "usd",
                "value": 4000000.0
            },
            {
                "label": "Dividends paid",
                "concept": "PaymentsOfDividends",
                "unit": "usd",
                "value": 123400000.0
            },
            {
                "label": "Payments on debt and borrowings",
                "concept": "RepaymentsOfDebt",
                "unit": "usd",
                "value": 502900000.0
            },
            {
                "label": "Proceeds on debt and borrowings",
                "concept": "ProceedsFromIssuanceOfDebt",
                "unit": "usd",
                "value": 1000000.0
            },
            {
                "label": "Net proceeds from (payments on) revolving credit facilities and commercial paper",
                "concept": "tap:ProceedsFromRepaymentsOfRevolvingCreditFacilities",
                "unit": "usd",
                "value": 1025500000.0
            },
            {
                "label": "Change in overdraft balances and other",
                "concept": "ProceedsFromPaymentsForOtherFinancingActivities",
                "unit": "usd",
                "value": 5500000.0
            },
            {
                "label": "Net cash provided by (used in) financing activities",
                "concept": "NetCashProvidedByUsedInFinancingActivities",
                "unit": "usd",
                "value": 398700000.0
            },
            {
                "label": "Net increase (decrease) in cash and cash equivalents",
                "concept": "CashCashEquivalentsRestrictedCashAndRestrictedCashEquivalentsPeriodIncreaseDecreaseExcludingExchangeRateEffect",
                "unit": "usd",
                "value": 160600000.0
            },
            {
                "label": "Effect of foreign exchange rate changes on cash and cash equivalents",
                "concept": "EffectOfExchangeRateOnCashCashEquivalentsRestrictedCashAndRestrictedCashEquivalents",
                "unit": "usd",
                "value": 17900000.0
            }
        ],
        "ic": [
            {
                "label": "Income (loss) before income taxes",
                "concept": "IncomeLossFromContinuingOperationsBeforeIncomeTaxesExtraordinaryItemsNoncontrollingInterest",
                "unit": "usd",
                "value": 158700000.0
            }
        ]
    }
}