{
    "startDate": "2020-01-01",
    "endDate": "2020-03-31",
    "year": "2020",
    "quarter": "Q1",
    "symbol": "CCBG",
    "data": {
        "bs": [
            {
                "label": "",
                "concept": "CashAndDueFromBanks",
                "unit": "usd",
                "value": 72676000
            },
            {
                "label": "",
                "concept": "ccbg:FederalFundsSoldAndInterestBearingDepositsInBanks",
                "unit": "usd",
                "value": 196936000
            },
            {
                "label": "",
                "concept": "CashCashEquivalentsAndFederalFundsSold",
                "unit": "usd",
                "value": 269612000
            },
            {
                "label": "",
                "concept": "AvailableForSaleSecurities",
                "unit": "usd",
                "value": 382514000
            },
            {
                "label": "",
                "concept": "HeldToMaturitySecuritiesAmortizedCostBeforeOtherThanTemporaryImpairment",
                "unit": "usd",
                "value": 251792000
            },
            {
                "label": "",
                "concept": "MarketableSecurities",
                "unit": "usd",
                "value": 634306000
            },
            {
                "label": "",
                "concept": "LoansHeldForSaleFairValueDisclosure",
                "unit": "usd",
                "value": 82598000
            },
            {
                "label": "",
                "concept": "LoansAndLeasesReceivableNetOfDeferredIncome",
                "unit": "usd",
                "value": 1862387000
            },
            {
                "label": "",
                "concept": "LoansAndLeasesReceivableNetReportedAmount",
                "unit": "usd",
                "value": 1841304000
            },
            {
                "label": "",
                "concept": "PropertyPlantAndEquipmentNet",
                "unit": "usd",
                "value": 87684000
            },
            {
                "label": "",
                "concept": "Goodwill",
                "unit": "usd",
                "value": 89275000
            },
            {
                "label": "",
                "concept": "OtherRealEstateAndForeclosedAssets",
                "unit": "usd",
                "value": 1463000
            },
            {
                "label": "",
                "concept": "OtherAssets",
                "unit": "usd",
                "value": 80281000
            },
            {
                "label": "",
                "concept": "Assets",
                "unit": "usd",
                "value": 3086523000
            },
            {
                "label": "",
                "concept": "NoninterestBearingDepositLiabilities",
                "unit": "usd",
                "value": 1066607000
            },
            {
                "label": "",
                "concept": "InterestBearingDepositLiabilities",
                "unit": "usd",
                "value": 1478978000
            },
            {
                "label": "",
                "concept": "Deposits",
                "unit": "usd",
                "value": 2545585000
            },
            {
                "label": "",
                "concept": "ShortTermBorrowings",
                "unit": "usd",
                "value": 76516000
            },
            {
                "label": "",
                "concept": "SubordinatedDebt",
                "unit": "usd",
                "value": 52887000
            },
            {
                "label": "",
                "concept": "OtherLongTermDebt",
                "unit": "usd",
                "value": 5896000
            },
            {
                "label": "",
                "concept": "OtherLiabilities",
                "unit": "usd",
                "value": 70044000
            },
            {
                "label": "",
                "concept": "Liabilities",
                "unit": "usd",
                "value": 2750928000
            },
            {
                "label": "",
                "concept": "TemporaryEquityCarryingAmountAttributableToParent",
                "unit": "usd",
                "value": 7088000
            },
            {
                "label": "",
                "concept": "PreferredStockValue",
                "unit": "usd",
                "value": "N/A"
            },
            {
                "label": "",
                "concept": "CommonStockValue",
                "unit": "usd",
                "value": 168000
            },
            {
                "label": "",
                "concept": "AdditionalPaidInCapitalCommonStock",
                "unit": "usd",
                "value": 32100000
            },
            {
                "label": "",
                "concept": "RetainedEarningsAccumulatedDeficit",
                "unit": "usd",
                "value": 321772000
            },
            {
                "label": "",
                "concept": "AccumulatedOtherComprehensiveIncomeLossNetOfTax",
                "unit": "usd",
                "value": -25533000
            },
            {
                "label": "",
                "concept": "StockholdersEquity",
                "unit": "usd",
                "value": 328507000
            },
            {
                "label": "",
                "concept": "LiabilitiesAndStockholdersEquity",
                "unit": "usd",
                "value": 3086523000
            }
        ],
        "cf": [
            {
                "label": "",
                "concept": "PaymentsToAcquireHeldToMaturitySecurities",
                "unit": "usd",
                "value": 32250000
            },
            {
                "label": "",
                "concept": "ProceedsFromMaturitiesPrepaymentsAndCallsOfHeldToMaturitySecurities",
                "unit": "usd",
                "value": 19370000
            },
            {
                "label": "",
                "concept": "PaymentsToAcquireAvailableForSaleSecurities",
                "unit": "usd",
                "value": 26795000
            },
            {
                "label": "",
                "concept": "ProceedsFromMaturitiesPrepaymentsAndCallsOfAvailableForSaleSecurities",
                "unit": "usd",
                "value": 50347000
            },
            {
                "label": "",
                "concept": "NetIncomeLoss",
                "unit": "usd",
                "value": 4287000
            },
            {
                "label": "",
                "concept": "ProvisionForLoanAndLeaseLosses",
                "unit": "usd",
                "value": 4990000
            },
            {
                "label": "",
                "concept": "DepreciationNonproduction",
                "unit": "usd",
                "value": 1623000
            },
            {
                "label": "",
                "concept": "AccretionAmortizationOfDiscountsAndPremiumsInvestments",
                "unit": "usd",
                "value": -1643000
            },
            {
                "label": "",
                "concept": "PaymentsForOriginationOfMortgageLoansHeldForSale",
                "unit": "usd",
                "value": 150840000
            },
            {
                "label": "",
                "concept": "ProceedsFromSaleOfMortgageLoansHeldForSale",
                "unit": "usd",
                "value": 80781000
            },
            {
                "label": "",
                "concept": "GainLossOnSaleOfMortgageLoans",
                "unit": "usd",
                "value": 3030000
            },
            {
                "label": "",
                "concept": "ShareBasedCompensation",
                "unit": "usd",
                "value": 291000
            },
            {
                "label": "",
                "concept": "ExcessTaxBenefitFromShareBasedCompensationOperatingActivities",
                "unit": "usd",
                "value": 84000
            },
            {
                "label": "",
                "concept": "IncreaseDecreaseInDeferredIncomeTaxes",
                "unit": "usd",
                "value": 511000
            },
            {
                "label": "",
                "concept": "ccbg:NetChangeInOperatingLeases",
                "unit": "usd",
                "value": -192000
            },
            {
                "label": "",
                "concept": "GainsLossesOnSalesOfOtherRealEstate",
                "unit": "usd",
                "value": 931000
            },
            {
                "label": "",
                "concept": "ProceedsFromInsuranceSettlementOperatingActivities",
                "unit": "usd",
                "value": 0
            },
            {
                "label": "",
                "concept": "GainLossOnSaleOfPropertyPlantEquipment",
                "unit": "usd",
                "value": 0
            },
            {
                "label": "",
                "concept": "IncreaseDecreaseInOtherOperatingAssets",
                "unit": "usd",
                "value": 20255000
            },
            {
                "label": "",
                "concept": "IncreaseDecreaseInOtherOperatingLiabilities",
                "unit": "usd",
                "value": 26646000
            },
            {
                "label": "",
                "concept": "NetCashProvidedByUsedInOperatingActivities",
                "unit": "usd",
                "value": -55198000
            },
            {
                "label": "",
                "concept": "PaymentsToAcquireLoansHeldForInvestment",
                "unit": "usd",
                "value": 2756000
            },
            {
                "label": "",
                "concept": "PaymentsForProceedsFromLoansReceivable",
                "unit": "usd",
                "value": 22191000
            },
            {
                "label": "",
                "concept": "ccbg:NetCashPaidForBrandAcquisition",
                "unit": "usd",
                "value": 2405000
            },
            {
                "label": "",
                "concept": "ProceedsFromInsuranceSettlementInvestingActivities",
                "unit": "usd",
                "value": 0
            },
            {
                "label": "",
                "concept": "ProceedsFromSaleOfOtherRealEstate",
                "unit": "usd",
                "value": 1155000
            },
            {
                "label": "",
                "concept": "PaymentsToAcquirePropertyPlantAndEquipment",
                "unit": "usd",
                "value": 4773000
            },
            {
                "label": "",
                "concept": "NetCashProvidedByUsedInInvestingActivities",
                "unit": "usd",
                "value": -20298000
            },
            {
                "label": "",
                "concept": "IncreaseDecreaseInDeposits",
                "unit": "usd",
                "value": -99869000
            },
            {
                "label": "",
                "concept": "ProceedsFromRepaymentsOfShortTermDebt",
                "unit": "usd",
                "value": 70018000
            },
            {
                "label": "",
                "concept": "RepaymentsOfLongTermDebt",
                "unit": "usd",
                "value": 524000
            },
            {
                "label": "",
                "concept": "PaymentsOfDividendsCommonStock",
                "unit": "usd",
                "value": 2357000
            },
            {
                "label": "",
                "concept": "PaymentsForRepurchaseOfCommonStock",
                "unit": "usd",
                "value": 708000
            },
            {
                "label": "",
                "concept": "ProceedsFromIssuanceOfCommonStock",
                "unit": "usd",
                "value": 125000
            },
            {
                "label": "",
                "concept": "NetCashProvidedByUsedInFinancingActivities",
                "unit": "usd",
                "value": -33315000
            },
            {
                "label": "",
                "concept": "CashCashEquivalentsRestrictedCashAndRestrictedCashEquivalentsPeriodIncreaseDecreaseExcludingExchangeRateEffect",
                "unit": "usd",
                "value": -108811000
            },
            {
                "label": "",
                "concept": "InterestPaidNet",
                "unit": "usd",
                "value": 1562000
            },
            {
                "label": "",
                "concept": "TransferOfOtherRealEstate",
                "unit": "usd",
                "value": 734000
            },
            {
                "label": "",
                "concept": "RightOfUseAssetObtainedInExchangeForOperatingLeaseLiability",
                "unit": "usd",
                "value": 5092000
            }
        ],
        "ic": [
            {
                "label": "",
                "concept": "OtherComprehensiveIncomeUnrealizedHoldingGainLossOnSecuritiesArisingDuringPeriodTax",
                "unit": "usd",
                "value": 3538000
            },
            {
                "label": "",
                "concept": "ccbg:AmortizationOfUnrealizedLossesOnSecuritiesTransferredFromAvailableForSaleToHeldToMaturity",
                "unit": "usd",
                "value": 9000
            },
            {
                "label": "",
                "concept": "OtherComprehensiveIncomeAvailableforsaleSecuritiesTaxPortionAttributableToParent",
                "unit": "usd",
                "value": 3547000
            },
            {
                "label": "",
                "concept": "NetIncomeLoss",
                "unit": "usd",
                "value": 4287000
            },
            {
                "label": "",
                "concept": "OtherComprehensiveIncomeLossBeforeTax",
                "unit": "usd",
                "value": 3547000
            },
            {
                "label": "",
                "concept": "OtherComprehensiveIncomeLossTax",
                "unit": "usd",
                "value": 899000
            },
            {
                "label": "",
                "concept": "OtherComprehensiveIncomeLossNetOfTax",
                "unit": "usd",
                "value": 2648000
            },
            {
                "label": "",
                "concept": "ComprehensiveIncomeNetOfTax",
                "unit": "usd",
                "value": 6935000
            }
        ]
    }
}