{
    "startDate": "2020-01-01",
    "endDate": "2020-03-31",
    "year": "2020",
    "quarter": "Q3",
    "symbol": "PG",
    "data": {
        "bs": [
            {
                "label": "Cash, Cash Equivalents, Restricted Cash and Restricted Cash Equivalents",
                "concept": "CashCashEquivalentsRestrictedCashAndRestrictedCashEquivalents",
                "unit": "usd",
                "value": 15393000000
            },
            {
                "label": "Available-for-Sale Investment Securities",
                "concept": "AvailableForSaleSecuritiesCurrent",
                "unit": "usd",
                "value": "N/A"
            },
            {
                "label": "Accounts Receivable",
                "concept": "AccountsReceivableNetCurrent",
                "unit": "usd",
                "value": 4640000000
            },
            {
                "label": "Materials and Supplies",
                "concept": "InventoryRawMaterialsAndSuppliesNetOfReserves",
                "unit": "usd",
                "value": 1325000000
            },
            {
                "label": "Work in Process",
                "concept": "InventoryWorkInProcessNetOfReserves",
                "unit": "usd",
                "value": 635000000
            },
            {
                "label": "Finished Goods",
                "concept": "InventoryFinishedGoodsNetOfReserves",
                "unit": "usd",
                "value": 3370000000
            },
            {
                "label": "Total Inventories",
                "concept": "InventoryNet",
                "unit": "usd",
                "value": 5330000000
            },
            {
                "label": "Prepaid Expenses and Other Current Assets",
                "concept": "PrepaidExpenseAndOtherAssetsCurrent",
                "unit": "usd",
                "value": 1777000000
            },
            {
                "label": "Total Current Assets",
                "concept": "AssetsCurrent",
                "unit": "usd",
                "value": 27140000000
            },
            {
                "label": "Property, Plant and Equipment, Net",
                "concept": "PropertyPlantAndEquipmentNet",
                "unit": "usd",
                "value": 20459000000
            },
            {
                "label": "Goodwill",
                "concept": "Goodwill",
                "unit": "usd",
                "value": 39617000000
            },
            {
                "label": "Trademarks and Other Intangible Assets, Net",
                "concept": "IntangibleAssetsNetExcludingGoodwill",
                "unit": "usd",
                "value": 23834000000
            },
            {
                "label": "Other Noncurrent Assets",
                "concept": "OtherAssetsNoncurrent",
                "unit": "usd",
                "value": 7510000000
            },
            {
                "label": "Total Assets",
                "concept": "Assets",
                "unit": "usd",
                "value": 118560000000
            },
            {
                "label": "Accounts Payable",
                "concept": "AccountsPayableCurrent",
                "unit": "usd",
                "value": 10464000000
            },
            {
                "label": "Accrued and Other Liabilities",
                "concept": "AccruedLiabilitiesCurrent",
                "unit": "usd",
                "value": 9731000000
            },
            {
                "label": "Debt Due Within One Year",
                "concept": "DebtCurrent",
                "unit": "usd",
                "value": 12701000000
            },
            {
                "label": "Total Current Liabilities",
                "concept": "LiabilitiesCurrent",
                "unit": "usd",
                "value": 32896000000
            },
            {
                "label": "Long-Term Debt",
                "concept": "LongTermDebtNoncurrent",
                "unit": "usd",
                "value": 23310000000
            },
            {
                "label": "Deferred Income Tax Liabilities, Net",
                "concept": "DeferredIncomeTaxLiabilitiesNet",
                "unit": "usd",
                "value": 6309000000
            },
            {
                "label": "Other Noncurrent Liabilities",
                "concept": "OtherLiabilitiesNoncurrent",
                "unit": "usd",
                "value": 10104000000
            },
            {
                "label": "Total Liabilities",
                "concept": "Liabilities",
                "unit": "usd",
                "value": 72619000000
            },
            {
                "label": "Preferred Stock",
                "concept": "PreferredStockValue",
                "unit": "usd",
                "value": 900000000
            },
            {
                "label": "Common Stock, Shares, Issued",
                "concept": "CommonStockSharesIssued",
                "unit": "shares",
                "value": 4009200000.0
            },
            {
                "label": "Common Stock, Value, Issued",
                "concept": "CommonStockValue",
                "unit": "usd",
                "value": 4009000000
            },
            {
                "label": "Additional Paid in Capital",
                "concept": "AdditionalPaidInCapital",
                "unit": "usd",
                "value": 63976000000
            },
            {
                "label": "Reserve For ESOP Debt Retirement",
                "concept": "pg:ReserveForEsopDebtRetirement",
                "unit": "usd",
                "value": 1080000000
            },
            {
                "label": "Accumulated Other Comprehensive Income/(Loss)",
                "concept": "AccumulatedOtherComprehensiveIncomeLossNetOfTax",
                "unit": "usd",
                "value": 15916000000
            },
            {
                "label": "Treasury Stock",
                "concept": "TreasuryStockValue",
                "unit": "usd",
                "value": 105823000000
            },
            {
                "label": "Retained Earnings",
                "concept": "RetainedEarningsAccumulatedDeficit",
                "unit": "usd",
                "value": 99474000000
            },
            {
                "label": "Noncontrolling Interest",
                "concept": "MinorityInterest",
                "unit": "usd",
                "value": 401000000
            },
            {
                "label": "Total Shareholders' Equity",
                "concept": "StockholdersEquityIncludingPortionAttributableToNoncontrollingInterest",
                "unit": "usd",
                "value": 45941000000
            },
            {
                "label": "Total Liabilities and Shareholders' Equity",
                "concept": "LiabilitiesAndStockholdersEquity",
                "unit": "usd",
                "value": 118560000000
            }
        ],
        "cf": [],
        "ic": [
            {
                "label": "Net Earnings",
                "concept": "ProfitLoss",
                "unit": "usd",
                "value": 2957000000
            },
            {
                "label": "Foreign Currency Translation",
                "concept": "OtherComprehensiveIncomeLossForeignCurrencyTransactionAndTranslationAdjustmentNetOfTax",
                "unit": "usd",
                "value": 1164000000
            },
            {
                "label": "Unrealized Gains/(Losses) on Investment Securities",
                "concept": "OtherComprehensiveIncomeLossAvailableForSaleSecuritiesAdjustmentNetOfTax",
                "unit": "usd",
                "value": 6000000
            },
            {
                "label": "Unrealized Gains/(Losses) on Defined Benefit Retirement Plans",
                "concept": "OtherComprehensiveIncomeLossPensionAndOtherPostretirementBenefitPlansAdjustmentNetOfTax",
                "unit": "usd",
                "value": 185000000
            },
            {
                "label": "Total Other Comprehensive Income (Loss), Net of Tax",
                "concept": "OtherComprehensiveIncomeLossNetOfTax",
                "unit": "usd",
                "value": 985000000
            },
            {
                "label": "Total Comprehensive Income/(Loss)",
                "concept": "ComprehensiveIncomeNetOfTaxIncludingPortionAttributableToNoncontrollingInterest",
                "unit": "usd",
                "value": 1972000000
            },
            {
                "label": "Less: Total Comprehensive Income Attributable to Noncontrolling Interest",
                "concept": "ComprehensiveIncomeNetOfTaxAttributableToNoncontrollingInterest",
                "unit": "usd",
                "value": 29000000
            },
            {
                "label": "Total Comprehensive Income/(Loss) Attributable to Procter & Gamble",
                "concept": "ComprehensiveIncomeNetOfTax",
                "unit": "usd",
                "value": 1943000000
            }
        ]
    }
}