{
    "startDate": "2020-01-01",
    "endDate": "2020-03-31",
    "year": "2020",
    "quarter": "Q1",
    "symbol": "CL",
    "data": {
        "bs": [
            {
                "label": "Cash and cash equivalents",
                "concept": "CashAndCashEquivalentsAtCarryingValue",
                "unit": "usd",
                "value": 854000000
            },
            {
                "label": "Receivables (net of allowances of $84 and $76, respectively)",
                "concept": "AccountsReceivableNetCurrent",
                "unit": "usd",
                "value": 1551000000
            },
            {
                "label": "Inventories",
                "concept": "InventoryNet",
                "unit": "usd",
                "value": 1301000000
            },
            {
                "label": "Other current assets",
                "concept": "OtherAssetsCurrent",
                "unit": "usd",
                "value": 542000000
            },
            {
                "label": "Total current assets",
                "concept": "AssetsCurrent",
                "unit": "usd",
                "value": 4248000000
            },
            {
                "label": "Cost",
                "concept": "PropertyPlantAndEquipmentGross",
                "unit": "usd",
                "value": 8167000000
            },
            {
                "label": "Less: Accumulated depreciation",
                "concept": "AccumulatedDepreciationDepletionAndAmortizationPropertyPlantAndEquipment",
                "unit": "usd",
                "value": 4680000000
            },
            {
                "label": "Property, plant and equipment, net",
                "concept": "PropertyPlantAndEquipmentNet",
                "unit": "usd",
                "value": 3487000000
            },
            {
                "label": "Goodwill",
                "concept": "Goodwill",
                "unit": "usd",
                "value": 3559000000
            },
            {
                "label": "Other intangible assets, net",
                "concept": "IntangibleAssetsNetExcludingGoodwill",
                "unit": "usd",
                "value": 2822000000
            },
            {
                "label": "Deferred income taxes",
                "concept": "DeferredIncomeTaxAssetsNet",
                "unit": "usd",
                "value": 179000000
            },
            {
                "label": "Other assets",
                "concept": "OtherAssetsNoncurrent",
                "unit": "usd",
                "value": 775000000
            },
            {
                "label": "Total assets",
                "concept": "Assets",
                "unit": "usd",
                "value": 15070000000
            },
            {
                "label": "Notes and loans payable",
                "concept": "ShortTermBankLoansAndNotesPayable",
                "unit": "usd",
                "value": 255000000
            },
            {
                "label": "Current portion of long-term debt",
                "concept": "LongTermDebtCurrent",
                "unit": "usd",
                "value": 255000000
            },
            {
                "label": "Accounts payable",
                "concept": "AccountsPayableCurrent",
                "unit": "usd",
                "value": 1216000000
            },
            {
                "label": "Accrued income taxes",
                "concept": "AccruedIncomeTaxesCurrent",
                "unit": "usd",
                "value": 485000000
            },
            {
                "label": "Other accruals",
                "concept": "OtherAccruedLiabilitiesCurrent",
                "unit": "usd",
                "value": 2232000000
            },
            {
                "label": "Total current liabilities",
                "concept": "LiabilitiesCurrent",
                "unit": "usd",
                "value": 4443000000
            },
            {
                "label": "Long-term debt",
                "concept": "LongTermDebtNoncurrent",
                "unit": "usd",
                "value": 7336000000
            },
            {
                "label": "Deferred income taxes",
                "concept": "DeferredIncomeTaxLiabilitiesNet",
                "unit": "usd",
                "value": 415000000
            },
            {
                "label": "Other liabilities",
                "concept": "OtherLiabilitiesNoncurrent",
                "unit": "usd",
                "value": 2535000000
            },
            {
                "label": "Total liabilities",
                "concept": "Liabilities",
                "unit": "usd",
                "value": 14729000000
            },
            {
                "label": "Common stock",
                "concept": "CommonStockValue",
                "unit": "usd",
                "value": 1466000000
            },
            {
                "label": "Additional paid-in capital",
                "concept": "AdditionalPaidInCapital",
                "unit": "usd",
                "value": 2623000000
            },
            {
                "label": "Retained earnings",
                "concept": "RetainedEarningsAccumulatedDeficit",
                "unit": "usd",
                "value": 22481000000
            },
            {
                "label": "Accumulated other comprehensive income (loss)",
                "concept": "AccumulatedOtherComprehensiveIncomeLossNetOfTax",
                "unit": "usd",
                "value": 4578000000
            },
            {
                "label": "Unearned compensation",
                "concept": "cl:UnearnedCompensation",
                "unit": "usd",
                "value": 1000000
            },
            {
                "label": "Treasury stock, at cost",
                "concept": "TreasuryStockValue",
                "unit": "usd",
                "value": 22104000000
            },
            {
                "label": "Total Colgate-Palmolive Company shareholders\u2019 equity",
                "concept": "StockholdersEquity",
                "unit": "usd",
                "value": 113000000
            },
            {
                "label": "Noncontrolling interests",
                "concept": "MinorityInterest",
                "unit": "usd",
                "value": 454000000
            },
            {
                "label": "Total equity",
                "concept": "StockholdersEquityIncludingPortionAttributableToNoncontrollingInterest",
                "unit": "usd",
                "value": 341000000
            },
            {
                "label": "Total liabilities and equity",
                "concept": "LiabilitiesAndStockholdersEquity",
                "unit": "usd",
                "value": 15070000000
            }
        ],
        "cf": [
            {
                "label": "Net income including noncontrolling interests",
                "concept": "ProfitLoss",
                "unit": "usd",
                "value": 748000000
            },
            {
                "label": "Depreciation and amortization",
                "concept": "DepreciationDepletionAndAmortization",
                "unit": "usd",
                "value": 133000000
            },
            {
                "label": "Restructuring and termination benefits, net of cash",
                "concept": "cl:RestructuringNetOfCash",
                "unit": "usd",
                "value": 30000000
            },
            {
                "label": "Stock-based compensation expense",
                "concept": "ShareBasedCompensation",
                "unit": "usd",
                "value": 16000000
            },
            {
                "label": "Deferred income taxes",
                "concept": "DeferredIncomeTaxesAndTaxCredits",
                "unit": "usd",
                "value": 99000000
            },
            {
                "label": "Voluntary benefit plan contributions",
                "concept": "PensionAndOtherPostretirementBenefitContributions",
                "unit": "usd",
                "value": "N/A"
            },
            {
                "label": "Receivables",
                "concept": "IncreaseDecreaseInReceivables",
                "unit": "usd",
                "value": 211000000
            },
            {
                "label": "Inventories",
                "concept": "IncreaseDecreaseInInventories",
                "unit": "usd",
                "value": 29000000
            },
            {
                "label": "Accounts payable and other accruals",
                "concept": "IncreaseDecreaseInAccountsPayableAndAccruedLiabilities",
                "unit": "usd",
                "value": 220000000
            },
            {
                "label": "Other non-current assets and liabilities",
                "concept": "IncreaseDecreaseInOtherOperatingCapitalNet",
                "unit": "usd",
                "value": 38000000
            },
            {
                "label": "Net cash provided by operations",
                "concept": "NetCashProvidedByUsedInOperatingActivities",
                "unit": "usd",
                "value": 768000000
            },
            {
                "label": "Capital expenditures",
                "concept": "PaymentsToAcquireProductiveAssets",
                "unit": "usd",
                "value": 82000000
            },
            {
                "label": "Purchases of marketable securities and investments",
                "concept": "PaymentsToAcquireMarketableSecurities",
                "unit": "usd",
                "value": 42000000
            },
            {
                "label": "Proceeds from sale of marketable securities and investments",
                "concept": "ProceedsFromSaleAndMaturityOfMarketableSecurities",
                "unit": "usd",
                "value": 16000000
            },
            {
                "label": "Payment for acquisitions, net of cash acquired",
                "concept": "PaymentsToAcquireBusinessesNetOfCashAcquired",
                "unit": "usd",
                "value": 351000000
            },
            {
                "label": "Net cash used in investing activities",
                "concept": "NetCashProvidedByUsedInInvestingActivities",
                "unit": "usd",
                "value": 459000000
            },
            {
                "label": "Principal payments on debt",
                "concept": "RepaymentsOfDebt",
                "unit": "usd",
                "value": 1200000000
            },
            {
                "label": "Proceeds from issuance of debt",
                "concept": "ProceedsFromIssuanceOfDebt",
                "unit": "usd",
                "value": 1188000000
            },
            {
                "label": "Dividends paid",
                "concept": "PaymentsOfOrdinaryDividends",
                "unit": "usd",
                "value": 373000000
            },
            {
                "label": "Purchases of treasury shares",
                "concept": "PaymentsForRepurchaseOfCommonStock",
                "unit": "usd",
                "value": 220000000
            },
            {
                "label": "Proceeds from exercise of stock options",
                "concept": "ProceedsFromStockOptionsExercised",
                "unit": "usd",
                "value": 297000000
            },
            {
                "label": "Net cash provided by (used in) financing activities",
                "concept": "NetCashProvidedByUsedInFinancingActivities",
                "unit": "usd",
                "value": 308000000
            },
            {
                "label": "Effect of exchange rate changes on Cash and cash equivalents",
                "concept": "EffectOfExchangeRateOnCashCashEquivalentsRestrictedCashAndRestrictedCashEquivalents",
                "unit": "usd",
                "value": 30000000
            },
            {
                "label": "Net increase (decrease) in Cash and cash equivalents",
                "concept": "CashCashEquivalentsRestrictedCashAndRestrictedCashEquivalentsPeriodIncreaseDecreaseIncludingExchangeRateEffect",
                "unit": "usd",
                "value": 29000000
            },
            {
                "label": "Income taxes paid",
                "concept": "IncomeTaxesPaid",
                "unit": "usd",
                "value": 128000000
            }
        ],
        "ic": [
            {
                "label": "Net sales",
                "concept": "RevenueFromContractWithCustomerExcludingAssessedTax",
                "unit": "usd",
                "value": 4097000000
            },
            {
                "label": "Cost of sales",
                "concept": "CostOfRevenue",
                "unit": "usd",
                "value": 1632000000
            },
            {
                "label": "Gross profit",
                "concept": "GrossProfit",
                "unit": "usd",
                "value": 2465000000
            },
            {
                "label": "Selling, general and administrative expenses",
                "concept": "SellingGeneralAndAdministrativeExpense",
                "unit": "usd",
                "value": 1473000000
            },
            {
                "label": "Other (income) expense, net",
                "concept": "OtherOperatingIncomeExpenseNet",
                "unit": "usd",
                "value": 40000000
            },
            {
                "label": "Operating profit",
                "concept": "OperatingIncomeLoss",
                "unit": "usd",
                "value": 952000000
            },
            {
                "label": "Non-service related postretirement costs",
                "concept": "NetPeriodicDefinedBenefitsExpenseReversalOfExpenseExcludingServiceCostComponent",
                "unit": "usd",
                "value": 21000000
            },
            {
                "label": "Interest (income) expense, net",
                "concept": "cl:InterestExpenseNet",
                "unit": "usd",
                "value": 36000000
            },
            {
                "label": "Income before income taxes",
                "concept": "IncomeLossFromContinuingOperationsBeforeIncomeTaxesExtraordinaryItemsNoncontrollingInterest",
                "unit": "usd",
                "value": 895000000
            },
            {
                "label": "Provision for income taxes",
                "concept": "IncomeTaxExpenseBenefit",
                "unit": "usd",
                "value": 147000000
            },
            {
                "label": "Net income including noncontrolling interests",
                "concept": "ProfitLoss",
                "unit": "usd",
                "value": 748000000
            },
            {
                "label": "Net income attributable to Colgate-Palmolive Company",
                "concept": "NetIncomeLoss",
                "unit": "usd",
                "value": 715000000
            },
            {
                "label": "Earnings per common share, basic (in dollars per share)",
                "concept": "EarningsPerShareBasic",
                "unit": "usd/shares",
                "value": 0.83
            },
            {
                "label": "Earnings per common share, diluted (in dollars per share)",
                "concept": "EarningsPerShareDiluted",
                "unit": "usd/shares",
                "value": 0.83
            }
        ]
    }
}