{
    "startDate": "2020-01-01",
    "endDate": "2020-03-31",
    "year": "2020",
    "quarter": "Q1",
    "symbol": "VTR",
    "data": {
        "bs": [
            {
                "label": "Land and improvements",
                "concept": "LandAndLandImprovements",
                "unit": "usd",
                "value": 2244526000
            },
            {
                "label": "Buildings and improvements",
                "concept": "InvestmentBuildingAndBuildingImprovements",
                "unit": "usd",
                "value": 23821353000
            },
            {
                "label": "Construction in progress",
                "concept": "ConstructionInProgressGross",
                "unit": "usd",
                "value": 505188000
            },
            {
                "label": "Acquired lease intangibles",
                "concept": "FiniteLivedIntangibleAssetsGross",
                "unit": "usd",
                "value": 1241646000
            },
            {
                "label": "Operating lease assets",
                "concept": "OperatingLeaseRightOfUseAsset",
                "unit": "usd",
                "value": 391908000
            },
            {
                "label": "Gross real estate investments",
                "concept": "vtr:Realestateinvestmentsgross",
                "unit": "usd",
                "value": 28204621000
            },
            {
                "label": "Accumulated depreciation and amortization",
                "concept": "vtr:Accumulateddepreciationandamortization",
                "unit": "usd",
                "value": 7237345000
            },
            {
                "label": "Net real estate investment property",
                "concept": "vtr:Netrealestateproperty",
                "unit": "usd",
                "value": 20967276000
            },
            {
                "label": "Secured loans receivable and investments, net",
                "concept": "vtr:SecuredNotesAndLoansReceivableNet",
                "unit": "usd",
                "value": 623717000
            },
            {
                "label": "Investments in unconsolidated real estate entities",
                "concept": "RealEstateInvestmentsUnconsolidatedRealEstateAndOtherJointVentures",
                "unit": "usd",
                "value": 165745000
            },
            {
                "label": "Net real estate investments",
                "concept": "vtr:Netrealestateinvestments",
                "unit": "usd",
                "value": 21756738000
            },
            {
                "label": "Escrow deposits and restricted cash",
                "concept": "vtr:Escrowdepositsandrestrictedcash",
                "unit": "usd",
                "value": 38144000
            },
            {
                "label": "Goodwill",
                "concept": "Goodwill",
                "unit": "usd",
                "value": 1050137000
            },
            {
                "label": "Deferred income tax assets, net",
                "concept": "DeferredIncomeTaxAssetsNet",
                "unit": "usd",
                "value": 47495000
            },
            {
                "label": "Other assets",
                "concept": "OtherAssets",
                "unit": "usd",
                "value": 802160000
            },
            {
                "label": "Total assets",
                "concept": "Assets",
                "unit": "usd",
                "value": 26617828000
            },
            {
                "label": "Senior notes payable and other debt",
                "concept": "DebtLongtermAndShorttermCombinedAmount",
                "unit": "usd",
                "value": 14172279000
            },
            {
                "label": "Accrued interest",
                "concept": "InterestPayableCurrentAndNoncurrent",
                "unit": "usd",
                "value": 87245000
            },
            {
                "label": "Operating lease liabilities",
                "concept": "OperatingLeaseLiability",
                "unit": "usd",
                "value": 250357000
            },
            {
                "label": "Accounts payable and other liabilities",
                "concept": "AccountsPayableAndAccruedLiabilitiesCurrentAndNoncurrent",
                "unit": "usd",
                "value": 1141309000
            },
            {
                "label": "Deferred income tax liabilities",
                "concept": "DeferredIncomeTaxLiabilitiesNet",
                "unit": "usd",
                "value": 47533000
            },
            {
                "label": "Total liabilities",
                "concept": "Liabilities",
                "unit": "usd",
                "value": 15703730000
            },
            {
                "label": "Redeemable OP unitholder and noncontrolling interests",
                "concept": "TemporaryEquityCarryingAmountIncludingPortionAttributableToNoncontrollingInterests",
                "unit": "usd",
                "value": 197701000
            },
            {
                "label": "Commitments and contingencies",
                "concept": "CommitmentsAndContingencies",
                "unit": "usd",
                "value": "N/A"
            },
            {
                "label": "Preferred stock, $1.00 par value; 10,000 shares authorized, unissued",
                "concept": "PreferredStockValue",
                "unit": "usd",
                "value": "N/A"
            },
            {
                "label": "Common stock, $0.25 par value; 600,000 shares authorized, 373,094 and 372,811 shares issued at March 31, 2020 and December 31, 2019, respectively",
                "concept": "CommonStockValue",
                "unit": "usd",
                "value": 93256000
            },
            {
                "label": "Capital in excess of par value",
                "concept": "AdditionalPaidInCapitalCommonStock",
                "unit": "usd",
                "value": 14135657000
            },
            {
                "label": "Accumulated other comprehensive loss",
                "concept": "AccumulatedOtherComprehensiveIncomeLossNetOfTax",
                "unit": "usd",
                "value": 103408000
            },
            {
                "label": "Retained earnings (deficit)",
                "concept": "RetainedEarningsAccumulatedDeficit",
                "unit": "usd",
                "value": 3491696000
            },
            {
                "label": "Treasury stock, 22 and 2 shares at March 31, 2020 and December 31, 2019, respectively",
                "concept": "TreasuryStockCommonValue",
                "unit": "usd",
                "value": 867000
            },
            {
                "label": "Total Ventas stockholders\u2019 equity",
                "concept": "StockholdersEquity",
                "unit": "usd",
                "value": 10632942000
            },
            {
                "label": "Noncontrolling interests",
                "concept": "MinorityInterest",
                "unit": "usd",
                "value": 83455000
            },
            {
                "label": "Total equity",
                "concept": "StockholdersEquityIncludingPortionAttributableToNoncontrollingInterest",
                "unit": "usd",
                "value": 10716397000
            },
            {
                "label": "Total liabilities and equity",
                "concept": "LiabilitiesAndStockholdersEquity",
                "unit": "usd",
                "value": 26617828000
            }
        ],
        "cf": [
            {
                "label": "Net income",
                "concept": "ProfitLoss",
                "unit": "usd",
                "value": 474730000
            },
            {
                "label": "Amortization of deferred revenue and lease intangibles, net",
                "concept": "vtr:AmortizationofDeferredRevenueandLeaseIntangibles",
                "unit": "usd",
                "value": 2973000
            },
            {
                "label": "Other non-cash amortization",
                "concept": "OtherAmortizationOfDeferredCharges",
                "unit": "usd",
                "value": 3851000
            },
            {
                "label": "Stock-based compensation",
                "concept": "ShareBasedCompensation",
                "unit": "usd",
                "value": 10514000
            },
            {
                "label": "Straight-lining of rental income",
                "concept": "StraightLineRent",
                "unit": "usd",
                "value": 6788000
            },
            {
                "label": "Loss on extinguishment of debt, net",
                "concept": "ExtinguishmentOfDebtGainLossNetOfTax",
                "unit": "usd",
                "value": "N/A"
            },
            {
                "label": "Gain on real estate dispositions",
                "concept": "GainLossOnDispositionOfAssets1",
                "unit": "usd",
                "value": 226225000
            },
            {
                "label": "Gain on real estate loan investments",
                "concept": "vtr:GainsLossesonRealEstateLoanInvestments",
                "unit": "usd",
                "value": 167000
            },
            {
                "label": "Income tax benefit",
                "concept": "OtherTaxExpenseBenefit",
                "unit": "usd",
                "value": 150273000
            },
            {
                "label": "Loss from unconsolidated entities",
                "concept": "IncomeLossFromEquityMethodInvestments",
                "unit": "usd",
                "value": 10876000
            },
            {
                "label": "Distributions from unconsolidated entities",
                "concept": "EquityMethodInvestmentDividendsOrDistributions",
                "unit": "usd",
                "value": 1600000
            },
            {
                "label": "Other",
                "concept": "OtherNoncashIncomeExpense",
                "unit": "usd",
                "value": 3805000
            },
            {
                "label": "Increase in other assets",
                "concept": "IncreaseDecreaseInOtherOperatingAssets",
                "unit": "usd",
                "value": 13768000
            },
            {
                "label": "Decrease in accrued interest",
                "concept": "IncreaseDecreaseInInterestPayableNet",
                "unit": "usd",
                "value": 23032000
            },
            {
                "label": "(Decrease) increase in accounts payable and other liabilities",
                "concept": "IncreaseDecreaseInAccountsPayableAndAccruedLiabilities",
                "unit": "usd",
                "value": 16535000
            },
            {
                "label": "Net cash provided by operating activities",
                "concept": "NetCashProvidedByUsedInOperatingActivities",
                "unit": "usd",
                "value": 314452000
            },
            {
                "label": "Net investment in real estate property",
                "concept": "PaymentsToAcquireCommercialRealEstate",
                "unit": "usd",
                "value": 79539000
            },
            {
                "label": "Investment in loans receivable",
                "concept": "PaymentsToAcquireLoansReceivable",
                "unit": "usd",
                "value": 1051000
            },
            {
                "label": "Proceeds from real estate disposals",
                "concept": "ProceedsFromSaleOfRealEstateHeldforinvestment",
                "unit": "usd",
                "value": 625439000
            },
            {
                "label": "Proceeds from loans receivable",
                "concept": "ProceedsFromSaleAndCollectionOfLoansReceivable",
                "unit": "usd",
                "value": 99117000
            },
            {
                "label": "Development project expenditures",
                "concept": "PaymentsToDevelopRealEstateAssets",
                "unit": "usd",
                "value": 94229000
            },
            {
                "label": "Payments for Capital Improvements",
                "concept": "PaymentsToAcquireOtherProductiveAssets",
                "unit": "usd",
                "value": 26789000
            },
            {
                "label": "Investment in unconsolidated entities",
                "concept": "PaymentsToAcquireEquityMethodInvestments",
                "unit": "usd",
                "value": 5809000
            },
            {
                "label": "Insurance proceeds for property damage claims",
                "concept": "IncreaseDecreaseInInsuranceSettlementsReceivable",
                "unit": "usd",
                "value": 42000
            },
            {
                "label": "Net cash provided by (used in) investing activities",
                "concept": "NetCashProvidedByUsedInInvestingActivities",
                "unit": "usd",
                "value": 517181000
            },
            {
                "label": "Net change in borrowings under revolving credit facilities",
                "concept": "ProceedsFromRepaymentsOfLinesOfCredit",
                "unit": "usd",
                "value": 2762153000
            },
            {
                "label": "Net change in borrowings under commercial paper program",
                "concept": "ProceedsFromRepaymentsOfCommercialPaper",
                "unit": "usd",
                "value": 565524000
            },
            {
                "label": "Proceeds from debt",
                "concept": "ProceedsFromIssuanceOfDebt",
                "unit": "usd",
                "value": 82759000
            },
            {
                "label": "Repayment of debt",
                "concept": "RepaymentsOfOtherDebt",
                "unit": "usd",
                "value": 62973000
            },
            {
                "label": "Payment of deferred financing costs",
                "concept": "PaymentsOfFinancingCosts",
                "unit": "usd",
                "value": 1963000
            },
            {
                "label": "Issuance of common stock, net",
                "concept": "ProceedsFromIssuanceOfCommonStock",
                "unit": "usd",
                "value": "N/A"
            },
            {
                "label": "Cash distribution to common stockholders",
                "concept": "PaymentsOfDividendsCommonStock",
                "unit": "usd",
                "value": 296304000
            },
            {
                "label": "Cash distribution to redeemable OP unitholders",
                "concept": "vtr:CashDistributionstoRedeemableOPUnitholders",
                "unit": "usd",
                "value": 2325000
            },
            {
                "label": "Cash issued for redemption of OP Units",
                "concept": "PaymentsForRepurchaseOfOtherEquity",
                "unit": "usd",
                "value": 570000
            },
            {
                "label": "Contributions from noncontrolling interests",
                "concept": "ProceedsFromMinorityShareholders",
                "unit": "usd",
                "value": 155000
            },
            {
                "label": "Distributions to noncontrolling interests",
                "concept": "PaymentsToMinorityShareholders",
                "unit": "usd",
                "value": 2543000
            },
            {
                "label": "Proceeds from stock option exercises",
                "concept": "ProceedsFromStockOptionsExercised",
                "unit": "usd",
                "value": 3389000
            },
            {
                "label": "Other",
                "concept": "ProceedsFromPaymentsForOtherFinancingActivities",
                "unit": "usd",
                "value": 4954000
            },
            {
                "label": "Net cash provided by (used in) financing activities",
                "concept": "NetCashProvidedByUsedInFinancingActivities",
                "unit": "usd",
                "value": 1911300000
            },
            {
                "label": "Net increase in cash, cash equivalents and restricted cash",
                "concept": "CashCashEquivalentsRestrictedCashAndRestrictedCashEquivalentsPeriodIncreaseDecreaseExcludingExchangeRateEffect",
                "unit": "usd",
                "value": 2742933000
            },
            {
                "label": "Effect of foreign currency translation",
                "concept": "EffectOfExchangeRateOnCashCashEquivalentsRestrictedCashAndRestrictedCashEquivalents",
                "unit": "usd",
                "value": 2776000
            },
            {
                "label": "Real estate investments",
                "concept": "TransferOfInvestments",
                "unit": "usd",
                "value": 533000
            },
            {
                "label": "Other assets",
                "concept": "NoncashOrPartNoncashAcquisitionOtherAssetsAcquired1",
                "unit": "usd",
                "value": 56000
            },
            {
                "label": "Other liabilities",
                "concept": "NoncashOrPartNoncashAcquisitionOtherLiabilitiesAssumed1",
                "unit": "usd",
                "value": 398000
            },
            {
                "label": "Noncontrolling interests",
                "concept": "vtr:Noncontrollinginterestassumedfromacquisitions",
                "unit": "usd",
                "value": 191000
            }
        ],
        "ic": [
            {
                "label": "Rental income",
                "concept": "OperatingLeaseLeaseIncome",
                "unit": "usd",
                "value": 403257000
            },
            {
                "label": "Income from loans and investments",
                "concept": "InterestAndDividendIncomeOperating",
                "unit": "usd",
                "value": 24046000
            },
            {
                "label": "Interest and other income",
                "concept": "InterestAndOtherIncome",
                "unit": "usd",
                "value": 4853000
            },
            {
                "label": "Total revenues",
                "concept": "Revenues",
                "unit": "usd",
                "value": 1012054000
            },
            {
                "label": "Interest",
                "concept": "InterestExpense",
                "unit": "usd",
                "value": 116696000
            },
            {
                "label": "Depreciation and amortization",
                "concept": "DepreciationAndAmortization",
                "unit": "usd",
                "value": 248837000
            },
            {
                "label": "Property-level operating expenses",
                "concept": "DirectCostsOfLeasedAndRentedPropertyOrEquipment",
                "unit": "usd",
                "value": 480968000
            },
            {
                "label": "Office building services costs",
                "concept": "CostOfOtherPropertyOperatingExpense",
                "unit": "usd",
                "value": 727000
            },
            {
                "label": "General, administrative and professional fees",
                "concept": "GeneralAndAdministrativeExpense",
                "unit": "usd",
                "value": 42535000
            },
            {
                "label": "Loss on extinguishment of debt, net",
                "concept": "GainsLossesOnExtinguishmentOfDebt",
                "unit": "usd",
                "value": "N/A"
            },
            {
                "label": "Merger-related expenses and deal costs",
                "concept": "BusinessCombinationAcquisitionRelatedCosts",
                "unit": "usd",
                "value": 8218000
            },
            {
                "label": "Other",
                "concept": "OtherNonoperatingIncomeExpense",
                "unit": "usd",
                "value": 3708000
            },
            {
                "label": "Total expenses",
                "concept": "CostsAndExpenses",
                "unit": "usd",
                "value": 901689000
            },
            {
                "label": "Income before unconsolidated entities, real estate dispositions, income taxes and noncontrolling interests",
                "concept": "vtr:Incomelossfromcontinuingoperationsbeforeequitymethodinvestmentsrealestatedispositionsincometaxesandnoncontrollinginterest",
                "unit": "usd",
                "value": 110365000
            },
            {
                "label": "Loss from unconsolidated entities",
                "concept": "IncomeLossFromEquityMethodInvestments",
                "unit": "usd",
                "value": 10876000
            },
            {
                "label": "Gain on real estate dispositions",
                "concept": "GainLossOnDispositionOfAssets1",
                "unit": "usd",
                "value": 226225000
            },
            {
                "label": "Income tax benefit",
                "concept": "IncomeTaxExpenseBenefit",
                "unit": "usd",
                "value": 149016000
            },
            {
                "label": "Income from continuing operations",
                "concept": "IncomeLossFromContinuingOperationsIncludingPortionAttributableToNoncontrollingInterest",
                "unit": "usd",
                "value": 474730000
            },
            {
                "label": "Net income",
                "concept": "ProfitLoss",
                "unit": "usd",
                "value": 474730000
            },
            {
                "label": "Net income attributable to noncontrolling interests",
                "concept": "NetIncomeLossAttributableToNoncontrollingInterest",
                "unit": "usd",
                "value": 1613000
            },
            {
                "label": "Net income attributable to common stockholders",
                "concept": "NetIncomeLossAvailableToCommonStockholdersBasic",
                "unit": "usd",
                "value": 473117000
            },
            {
                "label": "Income from continuing operations (in usd per share)",
                "concept": "IncomeLossFromContinuingOperationsPerBasicShare",
                "unit": "usd/shares",
                "value": 1.27
            },
            {
                "label": "Net income attributable to common stockholders (in usd per share)",
                "concept": "EarningsPerShareBasic",
                "unit": "usd/shares",
                "value": 1.27
            },
            {
                "label": "Income from continuing operations (in usd per share)",
                "concept": "IncomeLossFromContinuingOperationsPerDilutedShare",
                "unit": "usd/shares",
                "value": 1.26
            },
            {
                "label": "Net income attributable to common stockholders (in usd per share)",
                "concept": "EarningsPerShareDiluted",
                "unit": "usd/shares",
                "value": 1.26
            }
        ]
    }
}