{
    "startDate": "2020-01-01",
    "endDate": "2020-03-31",
    "year": "2020",
    "quarter": "Q1",
    "symbol": "KSU",
    "data": {
        "bs": [
            {
                "label": "Cash and cash equivalents",
                "concept": "CashAndCashEquivalentsAtCarryingValue",
                "unit": "usd",
                "value": 91000000.0
            },
            {
                "label": "Materials and supplies",
                "concept": "MaterialsSuppliesAndOther",
                "unit": "usd",
                "value": 143600000.0
            },
            {
                "label": "Other current assets",
                "concept": "OtherAssetsCurrent",
                "unit": "usd",
                "value": 117500000.0
            },
            {
                "label": "Total current assets",
                "concept": "AssetsCurrent",
                "unit": "usd",
                "value": 621900000.0
            },
            {
                "label": "Operating lease right-of-use assets",
                "concept": "OperatingLeaseRightOfUseAsset",
                "unit": "usd",
                "value": 81400000.0
            },
            {
                "label": "Investments",
                "concept": "OtherLongTermInvestments",
                "unit": "usd",
                "value": 45900000.0
            },
            {
                "label": "Other assets",
                "concept": "OtherAssetsNoncurrent",
                "unit": "usd",
                "value": 92500000.0
            },
            {
                "label": "Total assets",
                "concept": "Assets",
                "unit": "usd",
                "value": 9765700000.0
            },
            {
                "label": "Long-term debt due within one year",
                "concept": "LongTermDebtAndCapitalLeaseObligationsCurrent",
                "unit": "usd",
                "value": 17100000.0
            },
            {
                "label": "Accounts payable and accrued liabilities",
                "concept": "AccountsPayableAndAccruedLiabilitiesCurrent",
                "unit": "usd",
                "value": 453600000.0
            },
            {
                "label": "Total current liabilities",
                "concept": "LiabilitiesCurrent",
                "unit": "usd",
                "value": 470700000.0
            },
            {
                "label": "Long-term operating lease liabilities",
                "concept": "OperatingLeaseLiabilityNoncurrent",
                "unit": "usd",
                "value": 51400000.0
            },
            {
                "label": "Long-term debt",
                "concept": "LongTermDebtAndCapitalLeaseObligations",
                "unit": "usd",
                "value": 3227000000.0
            },
            {
                "label": "Deferred income taxes",
                "concept": "DeferredIncomeTaxLiabilitiesNet",
                "unit": "usd",
                "value": 1149200000.0
            },
            {
                "label": "Other noncurrent liabilities and deferred credits",
                "concept": "DeferredCreditsAndOtherLiabilitiesNoncurrent",
                "unit": "usd",
                "value": 105400000.0
            },
            {
                "label": "Total liabilities",
                "concept": "Liabilities",
                "unit": "usd",
                "value": 5003700000.0
            },
            {
                "label": "$.01 par, common stock, 400,000,000 shares authorized; 123,352,185 shares issued; 95,014,649 and 96,115,669 shares outstanding at March 31, 2020 and December 31, 2019, respectively",
                "concept": "CommonStockValue",
                "unit": "usd",
                "value": 1000000.0
            },
            {
                "label": "Additional paid-in capital",
                "concept": "AdditionalPaidInCapital",
                "unit": "usd",
                "value": 925000000.0
            },
            {
                "label": "Retained earnings",
                "concept": "RetainedEarningsAccumulatedDeficit",
                "unit": "usd",
                "value": 3532000000.0
            },
            {
                "label": "Accumulated other comprehensive loss",
                "concept": "AccumulatedOtherComprehensiveIncomeLossNetOfTax",
                "unit": "usd",
                "value": 25500000.0
            },
            {
                "label": "Total stockholders\u2019 equity",
                "concept": "StockholdersEquity",
                "unit": "usd",
                "value": 4438100000.0
            },
            {
                "label": "Noncontrolling interest",
                "concept": "MinorityInterest",
                "unit": "usd",
                "value": 323900000.0
            },
            {
                "label": "Total equity",
                "concept": "StockholdersEquityIncludingPortionAttributableToNoncontrollingInterest",
                "unit": "usd",
                "value": 4762000000.0
            },
            {
                "label": "Total liabilities and equity",
                "concept": "LiabilitiesAndStockholdersEquity",
                "unit": "usd",
                "value": 9765700000.0
            }
        ],
        "cf": [
            {
                "label": "Net income",
                "concept": "ProfitLoss",
                "unit": "usd",
                "value": 152300000.0
            },
            {
                "label": "Depreciation and amortization",
                "concept": "DepreciationAndAmortization",
                "unit": "usd",
                "value": 89400000.0
            },
            {
                "label": "Deferred income taxes",
                "concept": "DeferredIncomeTaxExpenseBenefit",
                "unit": "usd",
                "value": 19800000.0
            },
            {
                "label": "Equity in net earnings of affiliates",
                "concept": "IncomeLossFromEquityMethodInvestments",
                "unit": "usd",
                "value": 1000000.0
            },
            {
                "label": "Share-based compensation",
                "concept": "ShareBasedCompensation",
                "unit": "usd",
                "value": 10300000.0
            },
            {
                "label": "Settlement of foreign currency derivative instruments",
                "concept": "ksu:PaymentsForProceedsFromSettlementOfForeignCurrencyDerivativeInstrumentOperatingActivities",
                "unit": "usd",
                "value": 3700000.0
            },
            {
                "label": "(Gain) loss on foreign currency derivative instruments",
                "concept": "GainLossOnForeignCurrencyDerivativeInstrumentsNotDesignatedAsHedgingInstruments",
                "unit": "usd",
                "value": 33700000.0
            },
            {
                "label": "Foreign exchange (gain) loss",
                "concept": "ksu:ForeignCurrencyTransactionGainLossBeforeTaxExcludingAmountsFromDerivativesNotDesignatedAsHedgingInstruments",
                "unit": "usd",
                "value": 25800000.0
            },
            {
                "label": "Restructuring charges",
                "concept": "RestructuringSettlementAndImpairmentProvisions",
                "unit": "usd",
                "value": 6000000.0
            },
            {
                "label": "Cash payments for restructuring charges",
                "concept": "PaymentsForRestructuring",
                "unit": "usd",
                "value": 500000.0
            },
            {
                "label": "Accounts receivable",
                "concept": "IncreaseDecreaseInAccountsReceivable",
                "unit": "usd",
                "value": 2900000.0
            },
            {
                "label": "Materials and supplies",
                "concept": "IncreaseDecreaseInMaterialsAndSupplies",
                "unit": "usd",
                "value": 5900000.0
            },
            {
                "label": "Other current assets",
                "concept": "IncreaseDecreaseInOtherCurrentAssets",
                "unit": "usd",
                "value": 6700000.0
            },
            {
                "label": "Accounts payable and accrued liabilities",
                "concept": "IncreaseDecreaseInAccountsPayableAndAccruedLiabilities",
                "unit": "usd",
                "value": 38000000.0
            },
            {
                "label": "Other, net",
                "concept": "OtherOperatingActivitiesCashFlowStatement",
                "unit": "usd",
                "value": 7200000.0
            },
            {
                "label": "Net cash provided by operating activities",
                "concept": "NetCashProvidedByUsedInOperatingActivities",
                "unit": "usd",
                "value": 283200000.0
            },
            {
                "label": "Capital expenditures",
                "concept": "PaymentsToAcquirePropertyPlantAndEquipment",
                "unit": "usd",
                "value": 98800000.0
            },
            {
                "label": "Purchase or replacement of assets under operating leases",
                "concept": "ksu:PaymentsToAcquirePropertyAndEquipmentOnLease",
                "unit": "usd",
                "value": 78200000.0
            },
            {
                "label": "Property investments in MSLLC",
                "concept": "ksu:PaymentsForPropertyInvestments",
                "unit": "usd",
                "value": 4300000.0
            },
            {
                "label": "Investments in and advances to affiliates",
                "concept": "PaymentsToAcquireInterestInSubsidiariesAndAffiliates",
                "unit": "usd",
                "value": 4300000.0
            },
            {
                "label": "Proceeds from disposal of property",
                "concept": "ProceedsFromSaleOfPropertyPlantAndEquipment",
                "unit": "usd",
                "value": 3300000.0
            },
            {
                "label": "Other, net",
                "concept": "PaymentsForProceedsFromOtherInvestingActivities",
                "unit": "usd",
                "value": 6300000.0
            },
            {
                "label": "Net cash used for investing activities",
                "concept": "NetCashProvidedByUsedInInvestingActivities",
                "unit": "usd",
                "value": 188600000.0
            },
            {
                "label": "Repayment of long-term debt",
                "concept": "RepaymentsOfLongTermDebt",
                "unit": "usd",
                "value": 2400000.0
            },
            {
                "label": "Dividends paid",
                "concept": "PaymentsOfDividends",
                "unit": "usd",
                "value": 38600000.0
            },
            {
                "label": "Shares repurchased",
                "concept": "PaymentsForRepurchaseOfEquity",
                "unit": "usd",
                "value": 111700000.0
            },
            {
                "label": "Debt issuance costs paid",
                "concept": "PaymentsOfDebtIssuanceCosts",
                "unit": "usd",
                "value": "N/A"
            },
            {
                "label": "Proceeds from employee stock plans",
                "concept": "ProceedsFromStockOptionsExercised",
                "unit": "usd",
                "value": 4400000.0
            },
            {
                "label": "Net cash used for financing activities",
                "concept": "NetCashProvidedByUsedInFinancingActivities",
                "unit": "usd",
                "value": 148300000.0
            },
            {
                "label": "Effect of exchange rate changes on cash",
                "concept": "EffectOfExchangeRateOnCashAndCashEquivalents",
                "unit": "usd",
                "value": 4099999.9999999995
            },
            {
                "label": "Net decrease during each period",
                "concept": "CashCashEquivalentsRestrictedCashAndRestrictedCashEquivalentsPeriodIncreaseDecreaseIncludingExchangeRateEffect",
                "unit": "usd",
                "value": 57800000.0
            }
        ],
        "ic": [
            {
                "label": "Revenues",
                "concept": "Revenues",
                "unit": "usd",
                "value": 731700000.0
            },
            {
                "label": "Compensation and benefits",
                "concept": "LaborAndRelatedExpense",
                "unit": "usd",
                "value": 133400000.0
            },
            {
                "label": "Purchased services",
                "concept": "ksu:PurchasedServices",
                "unit": "usd",
                "value": 53300000.0
            },
            {
                "label": "Fuel costs",
                "concept": "ksu:FuelCosts1",
                "unit": "usd",
                "value": 74900000.0
            },
            {
                "label": "Equipment costs",
                "concept": "ksu:EquipmentCosts",
                "unit": "usd",
                "value": 21900000.0
            },
            {
                "label": "Materials and other",
                "concept": "OtherCostAndExpenseOperating",
                "unit": "usd",
                "value": 64000000.0
            },
            {
                "label": "Total operating expenses",
                "concept": "OperatingExpenses",
                "unit": "usd",
                "value": 442900000.0
            },
            {
                "label": "Operating income",
                "concept": "OperatingIncomeLoss",
                "unit": "usd",
                "value": 288800000.0
            },
            {
                "label": "Equity in net earnings of affiliates",
                "concept": "IncomeLossFromEquityMethodInvestments",
                "unit": "usd",
                "value": 1000000.0
            },
            {
                "label": "Interest expense",
                "concept": "InterestExpense",
                "unit": "usd",
                "value": 34200000.0
            },
            {
                "label": "Debt retirement costs",
                "concept": "GainsLossesOnExtinguishmentOfDebt",
                "unit": "usd",
                "value": "N/A"
            },
            {
                "label": "Foreign exchange gain (loss)",
                "concept": "ForeignCurrencyTransactionGainLossBeforeTax",
                "unit": "usd",
                "value": 59500000.0
            },
            {
                "label": "Other income, net",
                "concept": "OtherNonoperatingIncomeExpense",
                "unit": "usd",
                "value": 1400000.0
            },
            {
                "label": "Income before income taxes",
                "concept": "IncomeLossFromContinuingOperationsBeforeIncomeTaxesExtraordinaryItemsNoncontrollingInterest",
                "unit": "usd",
                "value": 197500000.0
            },
            {
                "label": "Income tax expense",
                "concept": "IncomeTaxExpenseBenefit",
                "unit": "usd",
                "value": 45200000.0
            },
            {
                "label": "Net income",
                "concept": "ProfitLoss",
                "unit": "usd",
                "value": 152300000.0
            },
            {
                "label": "Less: Net income attributable to noncontrolling interest",
                "concept": "NetIncomeLossAttributableToNoncontrollingInterest",
                "unit": "usd",
                "value": 500000.0
            },
            {
                "label": "Net income attributable to Kansas City Southern and subsidiaries",
                "concept": "NetIncomeLoss",
                "unit": "usd",
                "value": 151800000.0
            },
            {
                "label": "Preferred stock dividends",
                "concept": "PreferredStockDividendsIncomeStatementImpact",
                "unit": "usd",
                "value": 100000.0
            },
            {
                "label": "Net income available to common stockholders",
                "concept": "NetIncomeLossAvailableToCommonStockholdersBasic",
                "unit": "usd",
                "value": 151700000.0
            },
            {
                "label": "Basic",
                "concept": "WeightedAverageNumberOfSharesOutstandingBasic",
                "unit": "shares",
                "value": 95662000
            },
            {
                "label": "Potentially dilutive common shares",
                "concept": "WeightedAverageNumberDilutedSharesOutstandingAdjustment",
                "unit": "shares",
                "value": 509000
            }
        ]
    }
}