{
    "startDate": "2020-02-02",
    "endDate": "2020-05-02",
    "year": "2020",
    "quarter": "Q1",
    "symbol": "DDS",
    "data": {
        "bs": [
            {
                "label": "Cash and cash equivalents",
                "concept": "CashAndCashEquivalentsAtCarryingValue",
                "unit": "usd",
                "value": 69994000
            },
            {
                "label": "Restricted cash",
                "concept": "RestrictedCashAndCashEquivalents",
                "unit": "usd",
                "value": "N/A"
            },
            {
                "label": "Accounts receivable",
                "concept": "ReceivablesNetCurrent",
                "unit": "usd",
                "value": 44964000
            },
            {
                "label": "Merchandise inventories",
                "concept": "RetailRelatedInventoryMerchandise",
                "unit": "usd",
                "value": 1570313000
            },
            {
                "label": "Income Taxes Receivable, Current",
                "concept": "IncomeTaxesReceivable",
                "unit": "usd",
                "value": 39176000
            },
            {
                "label": "Other current assets",
                "concept": "OtherAssetsCurrent",
                "unit": "usd",
                "value": 55223000
            },
            {
                "label": "Total current assets",
                "concept": "AssetsCurrent",
                "unit": "usd",
                "value": 1779670000
            },
            {
                "label": "Operating Lease, Right-of-Use Asset",
                "concept": "OperatingLeaseRightOfUseAsset",
                "unit": "usd",
                "value": 47852000
            },
            {
                "label": "Deferred Tax Assets, Operating Loss Carryforwards",
                "concept": "DeferredTaxAssetsOperatingLossCarryforwards",
                "unit": "usd",
                "value": 4908000
            },
            {
                "label": "Property and equipment (net of accumulated depreciation and amortization of $2,385,686, $2,336,728 and $2,259,145 respectively)",
                "concept": "PropertyPlantAndEquipmentNet",
                "unit": "usd",
                "value": 1434601000
            },
            {
                "label": "Other assets",
                "concept": "OtherAssetsNoncurrent",
                "unit": "usd",
                "value": 75314000
            },
            {
                "label": "Total assets",
                "concept": "Assets",
                "unit": "usd",
                "value": 3342345000
            },
            {
                "label": "Trade accounts payable and accrued expenses",
                "concept": "AccountsPayableAndAccruedLiabilitiesCurrent",
                "unit": "usd",
                "value": 1055891000
            },
            {
                "label": "Current portion of finance lease liabilities",
                "concept": "CapitalLeaseObligationsCurrent",
                "unit": "usd",
                "value": 1109000
            },
            {
                "label": "Operating Lease, Liability, Current",
                "concept": "OperatingLeaseLiabilityCurrent",
                "unit": "usd",
                "value": 14880000
            },
            {
                "label": "Other Short-term Borrowings",
                "concept": "OtherShortTermBorrowings",
                "unit": "usd",
                "value": "N/A"
            },
            {
                "label": "Accrued Income Taxes, Current",
                "concept": "AccruedIncomeTaxesCurrent",
                "unit": "usd",
                "value": "N/A"
            },
            {
                "label": "Total current liabilities",
                "concept": "LiabilitiesCurrent",
                "unit": "usd",
                "value": 1071880000
            },
            {
                "label": "Long-term debt",
                "concept": "LongTermDebtNoncurrent",
                "unit": "usd",
                "value": 365743000
            },
            {
                "label": "Finance lease liabilities",
                "concept": "CapitalLeaseObligationsNoncurrent",
                "unit": "usd",
                "value": 528000
            },
            {
                "label": "Operating Lease, Liability, Noncurrent",
                "concept": "OperatingLeaseLiabilityNoncurrent",
                "unit": "usd",
                "value": 33353000
            },
            {
                "label": "Other liabilities",
                "concept": "OtherLiabilitiesNoncurrent",
                "unit": "usd",
                "value": 274435000
            },
            {
                "label": "Deferred Tax Liabilities, Other",
                "concept": "DeferredTaxLiabilitiesOther",
                "unit": "usd",
                "value": "N/A"
            },
            {
                "label": "Subordinated debentures",
                "concept": "JuniorSubordinatedDebentureOwedToUnconsolidatedSubsidiaryTrustNoncurrent",
                "unit": "usd",
                "value": 200000000
            },
            {
                "label": "Commitments and contingencies",
                "concept": "CommitmentsAndContingencies",
                "unit": "usd",
                "value": "N/A"
            },
            {
                "label": "Common stock",
                "concept": "CommonStockValue",
                "unit": "usd",
                "value": 1239000
            },
            {
                "label": "Additional paid-in capital",
                "concept": "AdditionalPaidInCapitalCommonStock",
                "unit": "usd",
                "value": 951726000
            },
            {
                "label": "Accumulated other comprehensive loss",
                "concept": "AccumulatedOtherComprehensiveIncomeLossNetOfTax",
                "unit": "usd",
                "value": 30628000
            },
            {
                "label": "Retained earnings",
                "concept": "RetainedEarningsAccumulatedDeficit",
                "unit": "usd",
                "value": 4391039000
            },
            {
                "label": "Less treasury stock, at cost",
                "concept": "TreasuryStockValue",
                "unit": "usd",
                "value": 3916970000
            },
            {
                "label": "Total stockholders\u2019 equity",
                "concept": "StockholdersEquity",
                "unit": "usd",
                "value": 1396406000
            },
            {
                "label": "Total liabilities and stockholders\u2019 equity",
                "concept": "LiabilitiesAndStockholdersEquity",
                "unit": "usd",
                "value": 3342345000
            }
        ],
        "cf": [
            {
                "label": "Net Income",
                "concept": "NetIncomeLoss",
                "unit": "usd",
                "value": 161975000
            },
            {
                "label": "Gain on disposal of assets, excluding insurance gain",
                "concept": "dds:Gainondisposalofassetsexcludinginsurancegain",
                "unit": "usd",
                "value": 19000
            },
            {
                "label": "Depreciation and amortization of property and other deferred costs",
                "concept": "dds:Depreciationandamortizationofpropertyandotherdeferredcosts",
                "unit": "usd",
                "value": 51381000
            },
            {
                "label": "Decrease in accounts receivable",
                "concept": "IncreaseDecreaseInAccountsReceivable",
                "unit": "usd",
                "value": 1196000
            },
            {
                "label": "Increase in merchandise inventories",
                "concept": "IncreaseDecreaseInRetailRelatedInventories",
                "unit": "usd",
                "value": 105306000
            },
            {
                "label": "Decrease in other current assets",
                "concept": "IncreaseDecreaseInOtherCurrentAssets",
                "unit": "usd",
                "value": 4615000
            },
            {
                "label": "Decrease (increase) in other assets",
                "concept": "IncreaseDecreaseInOtherOperatingAssets",
                "unit": "usd",
                "value": 1162000
            },
            {
                "label": "Increase in trade accounts payable and accrued expenses and other liabilities",
                "concept": "IncreaseDecreaseInAccountsPayableAndOtherOperatingLiabilities",
                "unit": "usd",
                "value": 161463000
            },
            {
                "label": "(Decrease) increase in income taxes",
                "concept": "dds:IncreaseDecreaseInAccruedIncomeTaxesIncludingDeferredTaxLiabilities",
                "unit": "usd",
                "value": 63642000
            },
            {
                "label": "Net cash (used in) provided by operating activities",
                "concept": "NetCashProvidedByUsedInOperatingActivities",
                "unit": "usd",
                "value": 111125000
            },
            {
                "label": "Purchases of property and equipment and capitalized software",
                "concept": "PaymentsToAcquirePropertyPlantAndEquipment",
                "unit": "usd",
                "value": 20230000
            },
            {
                "label": "Proceeds from disposal of assets",
                "concept": "ProceedsFromSalesOfAssetsInvestingActivities",
                "unit": "usd",
                "value": 111000
            },
            {
                "label": "Proceeds from Equity Method Investment, Distribution, Return of Capital",
                "concept": "ProceedsFromEquityMethodInvestmentDividendsOrDistributionsReturnOfCapital",
                "unit": "usd",
                "value": 215000
            },
            {
                "label": "Net cash used in investing activities",
                "concept": "NetCashProvidedByUsedInInvestingActivities",
                "unit": "usd",
                "value": 19904000
            },
            {
                "label": "Principal payments on long-term debt and finance lease liabilities",
                "concept": "RepaymentsOfLongTermDebtAndCapitalSecurities",
                "unit": "usd",
                "value": 277000
            },
            {
                "label": "Payments of Financing Costs",
                "concept": "PaymentsOfFinancingCosts",
                "unit": "usd",
                "value": 2920000
            },
            {
                "label": "Cash dividends paid",
                "concept": "PaymentsOfDividendsCommonStock",
                "unit": "usd",
                "value": 3705000
            },
            {
                "label": "Purchase of treasury stock",
                "concept": "PaymentsForRepurchaseOfCommonStock",
                "unit": "usd",
                "value": 69152000
            },
            {
                "label": "Net cash used in financing activities",
                "concept": "NetCashProvidedByUsedInFinancingActivities",
                "unit": "usd",
                "value": 76054000
            },
            {
                "label": "Cash, Cash Equivalents, Restricted Cash and Restricted Cash Equivalents, Period Increase (Decrease), Excluding Exchange Rate Effect",
                "concept": "CashCashEquivalentsRestrictedCashAndRestrictedCashEquivalentsPeriodIncreaseDecreaseExcludingExchangeRateEffect",
                "unit": "usd",
                "value": 207083000
            },
            {
                "label": "Accrued capital expenditures",
                "concept": "CapitalExpendituresIncurredButNotYetPaid",
                "unit": "usd",
                "value": 8314000
            },
            {
                "label": "Accrued treasury stock purchases",
                "concept": "dds:Accruedtreasurystockpurchases",
                "unit": "usd",
                "value": "N/A"
            },
            {
                "label": "Right-of-Use Asset Obtained in Exchange for Operating Lease Liability",
                "concept": "RightOfUseAssetObtainedInExchangeForOperatingLeaseLiability",
                "unit": "usd",
                "value": 3972000
            }
        ],
        "ic": [
            {
                "label": "Revenue from Contracts with Customers",
                "concept": "dds:RevenuefromContractswithCustomers",
                "unit": "usd",
                "value": 786655000
            },
            {
                "label": "Service charges and other income",
                "concept": "dds:ServiceChargesAndOtherIncome",
                "unit": "usd",
                "value": 34921000
            },
            {
                "label": "Total net sales, service charges and other income",
                "concept": "Revenues",
                "unit": "usd",
                "value": 821576000
            },
            {
                "label": "Cost of sales",
                "concept": "CostOfRevenue",
                "unit": "usd",
                "value": 688469000
            },
            {
                "label": "Selling, General and Administrative Expense",
                "concept": "SellingGeneralAndAdministrativeExpense",
                "unit": "usd",
                "value": 290446000
            },
            {
                "label": "Depreciation and amortization",
                "concept": "DepreciationAndAmortization",
                "unit": "usd",
                "value": 50901000
            },
            {
                "label": "Rentals",
                "concept": "OperatingLeasesRentExpenseNet",
                "unit": "usd",
                "value": 5550000
            },
            {
                "label": "Interest Expense",
                "concept": "InterestExpense",
                "unit": "usd",
                "value": 12270000
            },
            {
                "label": "Other expense",
                "concept": "dds:Otherexpense",
                "unit": "usd",
                "value": 2104000
            },
            {
                "label": "Gain on disposal of assets",
                "concept": "GainLossOnDispositionOfAssets1",
                "unit": "usd",
                "value": 19000
            },
            {
                "label": "(Loss) income before income taxes",
                "concept": "IncomeLossFromContinuingOperationsBeforeIncomeTaxesMinorityInterestAndIncomeLossFromEquityMethodInvestments",
                "unit": "usd",
                "value": 228145000
            },
            {
                "label": "Income taxes (benefit)",
                "concept": "IncomeTaxExpenseBenefit",
                "unit": "usd",
                "value": 66170000
            },
            {
                "label": "Net Income",
                "concept": "NetIncomeLoss",
                "unit": "usd",
                "value": 161975000
            }
        ]
    }
}