{
    "startDate": "2020-01-01",
    "endDate": "2020-03-31",
    "year": "2020",
    "quarter": "Q1",
    "symbol": "KEGX",
    "data": {
        "bs": [
            {
                "label": "Cash and cash equivalents",
                "concept": "CashAndCashEquivalentsAtCarryingValue",
                "unit": "usd",
                "value": 25569000
            },
            {
                "label": "Restricted cash",
                "concept": "RestrictedCashAndCashEquivalentsAtCarryingValue",
                "unit": "usd",
                "value": 250000
            },
            {
                "label": "Accounts receivable, net of allowance for credit losses of $1,541 and $881, respectively",
                "concept": "AccountsReceivableNetCurrent",
                "unit": "usd",
                "value": 45152000
            },
            {
                "label": "Inventories",
                "concept": "InventoryNet",
                "unit": "usd",
                "value": 13777000
            },
            {
                "label": "Other current assets",
                "concept": "OtherAssetsCurrent",
                "unit": "usd",
                "value": 16645000
            },
            {
                "label": "Total current assets",
                "concept": "AssetsCurrent",
                "unit": "usd",
                "value": 101393000
            },
            {
                "label": "Property and equipment",
                "concept": "PropertyPlantAndEquipmentGross",
                "unit": "usd",
                "value": 387904000
            },
            {
                "label": "Accumulated depreciation",
                "concept": "AccumulatedDepreciationDepletionAndAmortizationPropertyPlantAndEquipment",
                "unit": "usd",
                "value": 212467000
            },
            {
                "label": "Property and equipment, net",
                "concept": "PropertyPlantAndEquipmentNet",
                "unit": "usd",
                "value": 175437000
            },
            {
                "label": "Intangible assets, net",
                "concept": "FiniteLivedIntangibleAssetsNet",
                "unit": "usd",
                "value": 332000
            },
            {
                "label": "Other non-current assets",
                "concept": "OtherAssetsNoncurrent",
                "unit": "usd",
                "value": 21499000
            },
            {
                "label": "TOTAL ASSETS",
                "concept": "Assets",
                "unit": "usd",
                "value": 298661000
            },
            {
                "label": "Accounts payable",
                "concept": "AccountsPayableCurrent",
                "unit": "usd",
                "value": 12215000
            },
            {
                "label": "Other current liabilities",
                "concept": "OtherLiabilitiesCurrent",
                "unit": "usd",
                "value": 62062000
            },
            {
                "label": "Total current liabilities",
                "concept": "LiabilitiesCurrent",
                "unit": "usd",
                "value": 74715000
            },
            {
                "label": "Workers\u2019 compensation, vehicular and health insurance liabilities",
                "concept": "kegx:EmployeeRelatedLiabilitiesNoncurrent",
                "unit": "usd",
                "value": 27617000
            },
            {
                "label": "Other non-current liabilities",
                "concept": "OtherLiabilitiesNoncurrent",
                "unit": "usd",
                "value": 30946000
            },
            {
                "label": "Commitments and contingencies",
                "concept": "CommitmentsAndContingencies",
                "unit": "usd",
                "value": "N/A"
            },
            {
                "label": "Common stock, $0.01 par value; 150,000,000 and 2,000,000 shares authorized, 13,781,034 and 410,990 outstanding",
                "concept": "CommonStockValue",
                "unit": "usd",
                "value": 340000
            },
            {
                "label": "Additional paid-in capital",
                "concept": "AdditionalPaidInCapitalCommonStock",
                "unit": "usd",
                "value": 307657000
            },
            {
                "label": "Retained deficit",
                "concept": "RetainedEarningsAccumulatedDeficit",
                "unit": "usd",
                "value": -208053000
            },
            {
                "label": "Total equity",
                "concept": "StockholdersEquityIncludingPortionAttributableToNoncontrollingInterest",
                "unit": "usd",
                "value": 99944000
            },
            {
                "label": "TOTAL LIABILITIES AND EQUITY",
                "concept": "LiabilitiesAndStockholdersEquity",
                "unit": "usd",
                "value": 298661000
            }
        ],
        "cf": [
            {
                "label": "Depreciation and amortization expense",
                "concept": "DepreciationDepletionAndAmortization",
                "unit": "usd",
                "value": 10226000
            },
            {
                "label": "Bad debt expense",
                "concept": "ProvisionForDoubtfulAccounts",
                "unit": "usd",
                "value": 784000
            },
            {
                "label": "Accretion of asset retirement obligations",
                "concept": "AssetRetirementObligationAccretionExpense",
                "unit": "usd",
                "value": 42000
            },
            {
                "label": "Amortization of deferred financing costs",
                "concept": "AmortizationOfFinancingCostsAndDiscounts",
                "unit": "usd",
                "value": 70000
            },
            {
                "label": "Loss (gain) on disposal of assets, net",
                "concept": "GainLossOnDispositionOfAssets",
                "unit": "usd",
                "value": 165000
            },
            {
                "label": "Share-based compensation",
                "concept": "ShareBasedCompensation",
                "unit": "usd",
                "value": -73000
            },
            {
                "label": "Accounts receivable",
                "concept": "IncreaseDecreaseInAccountsReceivable",
                "unit": "usd",
                "value": -5155000
            },
            {
                "label": "Other current assets",
                "concept": "IncreaseDecreaseInOtherOperatingAssets",
                "unit": "usd",
                "value": -5404000
            },
            {
                "label": "Accounts payable, accrued interest and accrued expenses",
                "concept": "IncreaseDecreaseInAccountsPayableAndAccruedLiabilities",
                "unit": "usd",
                "value": -25130000
            },
            {
                "label": "Share-based compensation liability awards",
                "concept": "kegx:IncreaseDecreaseInShareBasedCompensationLiabilities",
                "unit": "usd",
                "value": -1000
            },
            {
                "label": "Other assets and liabilities",
                "concept": "IncreaseDecreaseInOtherOperatingCapitalNet",
                "unit": "usd",
                "value": -5670000
            },
            {
                "label": "Net cash used in operating activities",
                "concept": "NetCashProvidedByUsedInOperatingActivities",
                "unit": "usd",
                "value": -18430000
            },
            {
                "label": "Capital expenditures",
                "concept": "PaymentsToAcquireProductiveAssets",
                "unit": "usd",
                "value": 682000
            },
            {
                "label": "Proceeds from sale of assets",
                "concept": "ProceedsFromSaleOfPropertyPlantAndEquipment",
                "unit": "usd",
                "value": 1750000
            },
            {
                "label": "Net cash provided by (used in) investing activities",
                "concept": "NetCashProvidedByUsedInInvestingActivities",
                "unit": "usd",
                "value": 1068000
            },
            {
                "label": "Proceeds from long-term debt",
                "concept": "ProceedsFromIssuanceOfLongTermDebt",
                "unit": "usd",
                "value": 30000000
            },
            {
                "label": "Repayments of long-term debt",
                "concept": "RepaymentsOfLongTermDebt",
                "unit": "usd",
                "value": 0
            },
            {
                "label": "Repayments of finance lease obligations",
                "concept": "RepaymentsOfLongTermCapitalLeaseObligations",
                "unit": "usd",
                "value": 103000
            },
            {
                "label": "Payment of deferred financing costs",
                "concept": "PaymentsOfFinancingCosts",
                "unit": "usd",
                "value": 1385000
            },
            {
                "label": "Repurchases of common stock",
                "concept": "PaymentsForRepurchaseOfCommonStock",
                "unit": "usd",
                "value": 7000
            },
            {
                "label": "Net cash provided by (used in) financing activities",
                "concept": "NetCashProvidedByUsedInFinancingActivities",
                "unit": "usd",
                "value": 28505000
            }
        ],
        "ic": [
            {
                "label": "REVENUES",
                "concept": "RevenueFromContractWithCustomerExcludingAssessedTax",
                "unit": "usd",
                "value": 75308000
            },
            {
                "label": "Direct operating expenses",
                "concept": "CostOfGoodsAndServicesSold",
                "unit": "usd",
                "value": 61661000
            },
            {
                "label": "Depreciation and amortization expense",
                "concept": "DepreciationAndAmortization",
                "unit": "usd",
                "value": 10226000
            },
            {
                "label": "General and administrative expenses",
                "concept": "GeneralAndAdministrativeExpense",
                "unit": "usd",
                "value": 15253000
            },
            {
                "label": "Operating loss",
                "concept": "OperatingIncomeLoss",
                "unit": "usd",
                "value": -53074000
            },
            {
                "label": "Gain on debt restructuring",
                "concept": "GainsLossesOnExtinguishmentOfDebt",
                "unit": "usd",
                "value": 170648000
            },
            {
                "label": "Interest expense, net of amounts capitalized",
                "concept": "InterestExpense",
                "unit": "usd",
                "value": 8221000
            },
            {
                "label": "Other income, net",
                "concept": "NonoperatingIncomeExpense",
                "unit": "usd",
                "value": 385000
            },
            {
                "label": "Income (loss) before income taxes",
                "concept": "IncomeLossFromContinuingOperationsBeforeIncomeTaxesMinorityInterestAndIncomeLossFromEquityMethodInvestments",
                "unit": "usd",
                "value": 109738000
            },
            {
                "label": "Income tax benefit",
                "concept": "IncomeTaxExpenseBenefit",
                "unit": "usd",
                "value": 744000
            },
            {
                "label": "NET INCOME (LOSS)",
                "concept": "NetIncomeLoss",
                "unit": "usd",
                "value": 108994000
            }
        ]
    }
}