{
    "startDate": "2020-01-01",
    "endDate": "2020-03-31",
    "year": "2020",
    "quarter": "Q1",
    "symbol": "TISI",
    "data": {
        "bs": [
            {
                "label": "Operating lease right-of-use assets",
                "concept": "OperatingLeaseRightOfUseAsset",
                "unit": "usd",
                "value": 64209000
            },
            {
                "label": "Operating lease obligations (non-current)",
                "concept": "OperatingLeaseLiabilityNoncurrent",
                "unit": "usd",
                "value": 52027000
            },
            {
                "label": "Weighted average discount rate, operating leases",
                "concept": "OperatingLeaseWeightedAverageDiscountRatePercent",
                "unit": "pure",
                "value": 0.083
            },
            {
                "label": "Property, plant and equipment, net",
                "concept": "FinanceLeaseRightOfUseAsset",
                "unit": "usd",
                "value": 5039000
            },
            {
                "label": "Current portion of long-term debt and finance lease obligations",
                "concept": "tisi:CurrentPortionOfLongTermDebtAndFinanceLeaseObligations",
                "unit": "usd",
                "value": 296000
            },
            {
                "label": "Long-term debt and finance lease obligations",
                "concept": "FinanceLeaseLiabilityNoncurrent",
                "unit": "usd",
                "value": 4993000
            },
            {
                "label": "Weighted average discount rate",
                "concept": "FinanceLeaseWeightedAverageDiscountRatePercent",
                "unit": "pure",
                "value": 0.063
            }
        ],
        "cf": [
            {
                "label": "Net loss",
                "concept": "NetIncomeLoss",
                "unit": "usd",
                "value": -199727000
            },
            {
                "label": "Amortization of deferred loan costs and debt discounts",
                "concept": "AmortizationOfFinancingCostsAndDiscounts",
                "unit": "usd",
                "value": 2055000
            },
            {
                "label": "Provision for doubtful accounts",
                "concept": "ProvisionForDoubtfulAccounts",
                "unit": "usd",
                "value": -45000
            },
            {
                "label": "Foreign currency (gain) loss",
                "concept": "ForeignCurrencyTransactionGainLossBeforeTax",
                "unit": "usd",
                "value": -574000
            },
            {
                "label": "Deferred income taxes",
                "concept": "IncreaseDecreaseInDeferredIncomeTaxes",
                "unit": "usd",
                "value": 5764000
            },
            {
                "label": "Loss on asset disposal",
                "concept": "GainLossOnDispositionOfAssets1",
                "unit": "usd",
                "value": -26000
            },
            {
                "label": "Non-cash compensation cost",
                "concept": "ShareBasedCompensation",
                "unit": "usd",
                "value": 1530000
            },
            {
                "label": "Other, net",
                "concept": "OtherNoncashIncomeExpense",
                "unit": "usd",
                "value": 965000
            },
            {
                "label": "Accounts receivable",
                "concept": "IncreaseDecreaseInAccountsReceivable",
                "unit": "usd",
                "value": -14357000
            },
            {
                "label": "Inventory",
                "concept": "IncreaseDecreaseInInventories",
                "unit": "usd",
                "value": -713000
            },
            {
                "label": "Prepaid expenses and other current assets",
                "concept": "IncreaseDecreaseInPrepaidDeferredExpenseAndOtherAssets",
                "unit": "usd",
                "value": 5382000
            },
            {
                "label": "Accounts payable",
                "concept": "IncreaseDecreaseInAccountsPayable",
                "unit": "usd",
                "value": 8297000
            },
            {
                "label": "Other accrued liabilities",
                "concept": "IncreaseDecreaseInAccruedLiabilities",
                "unit": "usd",
                "value": -3246000
            },
            {
                "label": "Income taxes",
                "concept": "IncreaseDecreaseInAccruedIncomeTaxesPayable",
                "unit": "usd",
                "value": -15002000
            },
            {
                "label": "Net cash provided by operating activities",
                "concept": "NetCashProvidedByUsedInOperatingActivities",
                "unit": "usd",
                "value": 917000
            },
            {
                "label": "Capital expenditures",
                "concept": "PaymentsToAcquirePropertyPlantAndEquipment",
                "unit": "usd",
                "value": 8305000
            },
            {
                "label": "Business acquisitions, net of cash acquired",
                "concept": "PaymentsToAcquireBusinessesNetOfCashAcquired",
                "unit": "usd",
                "value": 1013000
            },
            {
                "label": "Proceeds from disposal of assets",
                "concept": "ProceedsFromSaleOfProductiveAssets",
                "unit": "usd",
                "value": 0
            },
            {
                "label": "Other",
                "concept": "PaymentsForProceedsFromOtherInvestingActivities",
                "unit": "usd",
                "value": -6000
            },
            {
                "label": "Net cash used in investing activities",
                "concept": "NetCashProvidedByUsedInInvestingActivities",
                "unit": "usd",
                "value": -9312000
            },
            {
                "label": "Net borrowings (payments) under revolving credit agreement",
                "concept": "ProceedsFromRepaymentsOfDebt",
                "unit": "usd",
                "value": 20153000
            },
            {
                "label": "Borrowings (payments) under term loan, net of debt discount",
                "concept": "ProceedsFromRepaymentsOfOtherLongTermDebt",
                "unit": "usd",
                "value": -1250000
            },
            {
                "label": "Contingent consideration payments",
                "concept": "PaymentForContingentConsiderationLiabilityFinancingActivities",
                "unit": "usd",
                "value": 0
            },
            {
                "label": "Taxes paid related to net share settlement of share-based awards",
                "concept": "PaymentsRelatedToTaxWithholdingForShareBasedCompensation",
                "unit": "usd",
                "value": 349000
            },
            {
                "label": "Other",
                "concept": "ProceedsFromPaymentsForOtherFinancingActivities",
                "unit": "usd",
                "value": -60000
            },
            {
                "label": "Net cash provided by (used in) financing activities",
                "concept": "NetCashProvidedByUsedInFinancingActivities",
                "unit": "usd",
                "value": 18494000
            },
            {
                "label": "Effect of exchange rate changes on cash and cash equivalents",
                "concept": "EffectOfExchangeRateOnCashCashEquivalentsRestrictedCashAndRestrictedCashEquivalents",
                "unit": "usd",
                "value": -1751000
            },
            {
                "label": "Net increase (decrease) in cash and cash equivalents",
                "concept": "CashCashEquivalentsRestrictedCashAndRestrictedCashEquivalentsPeriodIncreaseDecreaseIncludingExchangeRateEffect",
                "unit": "usd",
                "value": 8348000
            }
        ],
        "ic": [
            {
                "label": "Operating expenses",
                "concept": "CostOfGoodsAndServicesSold",
                "unit": "usd",
                "value": 179353000
            },
            {
                "label": "Gross margin",
                "concept": "GrossProfit",
                "unit": "usd",
                "value": 57486000
            },
            {
                "label": "Selling, general and administrative expenses",
                "concept": "SellingGeneralAndAdministrativeExpense",
                "unit": "usd",
                "value": 78444000
            },
            {
                "label": "Operating loss",
                "concept": "OperatingIncomeLoss",
                "unit": "usd",
                "value": -212932000
            },
            {
                "label": "Interest expense, net",
                "concept": "InterestExpenseDebt",
                "unit": "usd",
                "value": 6776000
            },
            {
                "label": "Other expense (income), net",
                "concept": "OtherNonoperatingIncomeExpense",
                "unit": "usd",
                "value": -472000
            },
            {
                "label": "Loss before income taxes",
                "concept": "IncomeLossFromContinuingOperationsBeforeIncomeTaxesExtraordinaryItemsNoncontrollingInterest",
                "unit": "usd",
                "value": -220180000
            },
            {
                "label": "Less: Provision (benefit) for income taxes",
                "concept": "IncomeTaxExpenseBenefit",
                "unit": "usd",
                "value": -20453000
            },
            {
                "label": "Net loss",
                "concept": "NetIncomeLoss",
                "unit": "usd",
                "value": -199727000
            },
            {
                "label": "Basic (in dollars per share)",
                "concept": "EarningsPerShareBasic",
                "unit": "usd/shares",
                "value": -6.54
            },
            {
                "label": "Diluted (in dollars per share)",
                "concept": "EarningsPerShareDiluted",
                "unit": "usd/shares",
                "value": -6.54
            },
            {
                "label": "Basic (in shares)",
                "concept": "WeightedAverageNumberOfSharesOutstandingBasic",
                "unit": "shares",
                "value": 30540000
            },
            {
                "label": "Diluted (in shares)",
                "concept": "WeightedAverageNumberOfDilutedSharesOutstanding",
                "unit": "shares",
                "value": 30540000
            }
        ]
    }
}