{
    "startDate": "2020-01-01",
    "endDate": "2020-03-31",
    "year": "2020",
    "quarter": "Q1",
    "symbol": "ALE",
    "data": {
        "bs": [
            {
                "label": "Accounts Receivable (Less Allowance of $1.2 and $0.9)",
                "concept": "AccountsReceivableNetCurrent",
                "unit": "usd",
                "value": 99400000.0
            },
            {
                "label": "Inventories \u2013 Net",
                "concept": "InventoryNet",
                "unit": "usd",
                "value": 79000000.0
            },
            {
                "label": "Prepayments and Other",
                "concept": "OtherAssetsCurrent",
                "unit": "usd",
                "value": 29400000.0
            },
            {
                "label": "Total Current Assets",
                "concept": "AssetsCurrent",
                "unit": "usd",
                "value": 274800000.0
            },
            {
                "label": "Property, Plant and Equipment \u2013 Net",
                "concept": "PropertyPlantAndEquipmentNet",
                "unit": "usd",
                "value": 4496300000.0
            },
            {
                "label": "Regulatory Assets",
                "concept": "RegulatoryAssetsNoncurrent",
                "unit": "usd",
                "value": 423800000.0
            },
            {
                "label": "Equity Investments",
                "concept": "EquityMethodInvestments",
                "unit": "usd",
                "value": 225700000.0
            },
            {
                "label": "Other Non-Current Assets",
                "concept": "OtherAssetsNoncurrent",
                "unit": "usd",
                "value": 198900000.0
            },
            {
                "label": "Total Assets",
                "concept": "Assets",
                "unit": "usd",
                "value": 5619500000.0
            },
            {
                "label": "Accounts Payable",
                "concept": "AccountsPayableCurrent",
                "unit": "usd",
                "value": 164400000.0
            },
            {
                "label": "Accrued Taxes",
                "concept": "TaxesPayableCurrent",
                "unit": "usd",
                "value": 63000000.0
            },
            {
                "label": "Accrued Interest",
                "concept": "InterestPayableCurrent",
                "unit": "usd",
                "value": 15100000.0
            },
            {
                "label": "Long-Term Debt Due Within One Year",
                "concept": "LongTermDebtCurrent",
                "unit": "usd",
                "value": 323000000.0
            },
            {
                "label": "Other",
                "concept": "OtherLiabilitiesCurrent",
                "unit": "usd",
                "value": 57600000.0
            },
            {
                "label": "Total Current Liabilities",
                "concept": "LiabilitiesCurrent",
                "unit": "usd",
                "value": 623100000.0
            },
            {
                "label": "Long-Term Debt",
                "concept": "LongTermDebtNoncurrent",
                "unit": "usd",
                "value": 1399900000.0
            },
            {
                "label": "Deferred Income Taxes",
                "concept": "DeferredIncomeTaxesAndOtherTaxLiabilitiesNoncurrent",
                "unit": "usd",
                "value": 207000000.0
            },
            {
                "label": "Regulatory Liabilities",
                "concept": "RegulatoryLiabilityNoncurrent",
                "unit": "usd",
                "value": 566400000.0
            },
            {
                "label": "Defined Benefit Pension and Other Postretirement Benefit Plans",
                "concept": "PensionAndOtherPostretirementDefinedBenefitPlansLiabilitiesNoncurrent",
                "unit": "usd",
                "value": 161400000.0
            },
            {
                "label": "Other Non-Current Liabilities",
                "concept": "OtherLiabilitiesNoncurrent",
                "unit": "usd",
                "value": 288700000.0
            },
            {
                "label": "Total Liabilities",
                "concept": "Liabilities",
                "unit": "usd",
                "value": 3246500000.0
            },
            {
                "label": "Commitments, Guarantees and Contingencies (Note 6)",
                "concept": "CommitmentsAndContingencies",
                "unit": "usd",
                "value": "N/A"
            },
            {
                "label": "Common Stock Without Par Value, 80.0 Shares Authorized, 51.8 and 51.7 Shares Issued and Outstanding",
                "concept": "CommonStockValue",
                "unit": "usd",
                "value": 1441700000.0
            },
            {
                "label": "Accumulated Other Comprehensive Loss",
                "concept": "AccumulatedOtherComprehensiveIncomeLossNetOfTax",
                "unit": "usd",
                "value": 23800000.0
            },
            {
                "label": "Retained Earnings",
                "concept": "RetainedEarningsAccumulatedDeficit",
                "unit": "usd",
                "value": 853200000.0
            },
            {
                "label": "Total ALLETE Equity",
                "concept": "StockholdersEquity",
                "unit": "usd",
                "value": 2271100000.0
            },
            {
                "label": "Non-Controlling Interest in Subsidiaries",
                "concept": "MinorityInterest",
                "unit": "usd",
                "value": 101900000.0
            },
            {
                "label": "Total Equity",
                "concept": "StockholdersEquityIncludingPortionAttributableToNoncontrollingInterest",
                "unit": "usd",
                "value": 2373000000.0
            },
            {
                "label": "Total Liabilities and Equity",
                "concept": "LiabilitiesAndStockholdersEquity",
                "unit": "usd",
                "value": 5619500000.0
            }
        ],
        "cf": [
            {
                "label": "AFUDC \u2013 Equity",
                "concept": "IncreaseDecreaseInAllowanceForEquityFundsUsedDuringConstruction",
                "unit": "usd",
                "value": 500000.0
            },
            {
                "label": "Income from Equity Investments \u2013 Net of Dividends",
                "concept": "IncomeLossFromEquityMethodInvestmentsNetOfDividendsOrDistributions",
                "unit": "usd",
                "value": "N/A"
            },
            {
                "label": "Realized and Unrealized (Gain) Loss on Investments and Property, Plant and Equipment",
                "concept": "GainLossOnSaleOfOtherAssets",
                "unit": "usd",
                "value": 3100000.0
            },
            {
                "label": "Depreciation Expense",
                "concept": "Depreciation",
                "unit": "usd",
                "value": 53400000.0
            },
            {
                "label": "Amortization of PSAs",
                "concept": "ale:AmortizationofPowerPurchaseAgreements",
                "unit": "usd",
                "value": 2800000.0
            },
            {
                "label": "Amortization of Other Intangible Assets and Other Assets",
                "concept": "OtherDepreciationAndAmortization",
                "unit": "usd",
                "value": 2600000.0
            },
            {
                "label": "Deferred Income Tax Expense (Benefit)",
                "concept": "DeferredIncomeTaxExpenseBenefit",
                "unit": "usd",
                "value": 13800000.0
            },
            {
                "label": "Share-Based and ESOP Compensation Expense",
                "concept": "ShareBasedCompensation",
                "unit": "usd",
                "value": 1700000.0
            },
            {
                "label": "Defined Benefit Pension and Postretirement Benefit Expense",
                "concept": "PensionAndOtherPostretirementBenefitExpense",
                "unit": "usd",
                "value": "N/A"
            },
            {
                "label": "Payments / Provision for Interim Rate Refund",
                "concept": "ale:ProvisionforInterimRateRefund",
                "unit": "usd",
                "value": "N/A"
            },
            {
                "label": "Payments / Provision for Tax Reform Refund",
                "concept": "ale:ProvisionforTaxReformRefund",
                "unit": "usd",
                "value": "N/A"
            },
            {
                "label": "Bad Debt Expense",
                "concept": "ProvisionForDoubtfulAccounts",
                "unit": "usd",
                "value": 400000.0
            },
            {
                "label": "Gain on Sale of U.S. Water Services",
                "concept": "GainLossOnSaleOfBusiness",
                "unit": "usd",
                "value": "N/A"
            },
            {
                "label": "Accounts Receivable",
                "concept": "IncreaseDecreaseInAccountsAndOtherReceivables",
                "unit": "usd",
                "value": 3400000.0
            },
            {
                "label": "Inventories",
                "concept": "IncreaseDecreaseInInventories",
                "unit": "usd",
                "value": 6200000.0
            },
            {
                "label": "Prepayments and Other",
                "concept": "IncreaseDecreaseInPrepaidDeferredExpenseAndOtherAssets",
                "unit": "usd",
                "value": 4000000.0
            },
            {
                "label": "Accounts Payable",
                "concept": "IncreaseDecreaseInAccountsPayable",
                "unit": "usd",
                "value": 5500000.0
            },
            {
                "label": "Other Current Liabilities",
                "concept": "IncreaseDecreaseInOtherCurrentLiabilities",
                "unit": "usd",
                "value": 7100000.0
            },
            {
                "label": "Cash Contributions to Defined Benefit Pension Plans",
                "concept": "PensionContributions",
                "unit": "usd",
                "value": 10700000.0
            },
            {
                "label": "Changes in Regulatory and Other Non-Current Assets",
                "concept": "IncreaseDecreaseInOtherNoncurrentAssets",
                "unit": "usd",
                "value": 11400000.0
            },
            {
                "label": "Changes in Regulatory and Other Non-Current Liabilities",
                "concept": "IncreaseDecreaseInOtherNoncurrentLiabilities",
                "unit": "usd",
                "value": 6300000.0
            },
            {
                "label": "Cash from Operating Activities",
                "concept": "NetCashProvidedByUsedInOperatingActivities",
                "unit": "usd",
                "value": 88800000.0
            },
            {
                "label": "Proceeds from Sale of Available-for-sale Securities",
                "concept": "ProceedsFromSaleOfAvailableForSaleSecurities",
                "unit": "usd",
                "value": 900000.0
            },
            {
                "label": "Payments for Purchase of Available-for-sale Securities",
                "concept": "PaymentsToAcquireAvailableForSaleSecurities",
                "unit": "usd",
                "value": 1100000.0
            },
            {
                "label": "Payments for Equity Investments",
                "concept": "PaymentsToAcquireEquityMethodInvestments",
                "unit": "usd",
                "value": 27800000.0
            },
            {
                "label": "Return of Capital From Equity Investments",
                "concept": "ProceedsFromEquityMethodInvestmentDividendsOrDistributionsReturnOfCapital",
                "unit": "usd",
                "value": "N/A"
            },
            {
                "label": "Proceeds from Sale of U.S. Water Services - Net of Transaction Costs and Cash Retained",
                "concept": "ProceedsFromDivestitureOfBusinesses",
                "unit": "usd",
                "value": "N/A"
            },
            {
                "label": "Additions to Property, Plant and Equipment",
                "concept": "PaymentsToAcquirePropertyPlantAndEquipment",
                "unit": "usd",
                "value": 154300000.0
            },
            {
                "label": "Payments for (Proceeds from) Other Investing Activities",
                "concept": "PaymentsForProceedsFromOtherInvestingActivities",
                "unit": "usd",
                "value": 200000.0
            },
            {
                "label": "Cash from (for) Investing Activities",
                "concept": "NetCashProvidedByUsedInInvestingActivities",
                "unit": "usd",
                "value": 182500000.0
            },
            {
                "label": "Proceeds from Issuance of Common Stock",
                "concept": "ProceedsFromIssuanceOfCommonStock",
                "unit": "usd",
                "value": 3300000.0
            },
            {
                "label": "Proceeds from Issuance of Long-term Debt",
                "concept": "ProceedsFromIssuanceOfLongTermDebt",
                "unit": "usd",
                "value": 110000000.0
            },
            {
                "label": "Repayments of Long-Term Debt",
                "concept": "RepaymentsOfLongTermDebt",
                "unit": "usd",
                "value": 1400000.0
            },
            {
                "label": "Acquisition-Related Contingent Consideration Payments",
                "concept": "PaymentForContingentConsiderationLiabilityFinancingActivities",
                "unit": "usd",
                "value": "N/A"
            },
            {
                "label": "Dividends on Common Stock",
                "concept": "PaymentsOfDividendsCommonStock",
                "unit": "usd",
                "value": 31900000.0
            },
            {
                "label": "Other Financing Activities",
                "concept": "ProceedsFromPaymentsForOtherFinancingActivities",
                "unit": "usd",
                "value": 100000.0
            },
            {
                "label": "Cash from Financing Activities",
                "concept": "NetCashProvidedByUsedInFinancingActivities",
                "unit": "usd",
                "value": 80100000.0
            },
            {
                "label": "Change in Cash, Cash Equivalents and Restricted Cash",
                "concept": "CashCashEquivalentsRestrictedCashAndRestrictedCashEquivalentsPeriodIncreaseDecreaseExcludingExchangeRateEffect",
                "unit": "usd",
                "value": 13600000.0
            }
        ],
        "ic": [
            {
                "label": "Contracts with Customers - Utility",
                "concept": "RegulatedOperatingRevenue",
                "unit": "usd",
                "value": 265300000.0
            },
            {
                "label": "Contracts with Customers - Non-utility",
                "concept": "UnregulatedOperatingRevenue",
                "unit": "usd",
                "value": 43500000.0
            },
            {
                "label": "Other - Non-utility",
                "concept": "ale:AmortizationofPowerPurchaseAgreements",
                "unit": "usd",
                "value": 2800000.0
            },
            {
                "label": "Total Operating Revenue",
                "concept": "Revenues",
                "unit": "usd",
                "value": 311600000.0
            },
            {
                "label": "Fuel, Purchased Power and Gas - Utility",
                "concept": "ale:FuelPurchasedPowerandGasUtility",
                "unit": "usd",
                "value": 89000000.0
            },
            {
                "label": "Transmission Services - Utility",
                "concept": "ale:TransmissionServicesUtility",
                "unit": "usd",
                "value": 18500000.0
            },
            {
                "label": "Cost of Sales - Non-utility",
                "concept": "CostOfGoodsAndServicesSold",
                "unit": "usd",
                "value": 16900000.0
            },
            {
                "label": "Operating and Maintenance",
                "concept": "ale:OperatingandMaintenance",
                "unit": "usd",
                "value": 61000000.0
            },
            {
                "label": "Depreciation and Amortization",
                "concept": "DepreciationDepletionAndAmortization",
                "unit": "usd",
                "value": 53400000.0
            },
            {
                "label": "Taxes Other than Income Taxes",
                "concept": "TaxesOther",
                "unit": "usd",
                "value": 12600000.0
            },
            {
                "label": "Total Operating Expenses",
                "concept": "CostsAndExpenses",
                "unit": "usd",
                "value": 251400000.0
            },
            {
                "label": "Operating Income",
                "concept": "OperatingIncomeLoss",
                "unit": "usd",
                "value": 60200000.0
            },
            {
                "label": "Interest Expense",
                "concept": "InterestExpense",
                "unit": "usd",
                "value": 15700000.0
            },
            {
                "label": "Equity Earnings",
                "concept": "IncomeLossFromEquityMethodInvestments",
                "unit": "usd",
                "value": 5200000.0
            },
            {
                "label": "Gain on Sale of U.S. Water Services",
                "concept": "GainLossOnSaleOfBusiness",
                "unit": "usd",
                "value": "N/A"
            },
            {
                "label": "Other",
                "concept": "OtherNonoperatingIncomeExpense",
                "unit": "usd",
                "value": 1000000.0
            },
            {
                "label": "Total Other Income (Expense)",
                "concept": "NonoperatingIncomeExpense",
                "unit": "usd",
                "value": 9500000.0
            },
            {
                "label": "Income Before Income Taxes",
                "concept": "IncomeLossFromContinuingOperationsBeforeIncomeTaxesExtraordinaryItemsNoncontrollingInterest",
                "unit": "usd",
                "value": 50700000.0
            },
            {
                "label": "Income Tax Expense (Benefit)",
                "concept": "IncomeTaxExpenseBenefit",
                "unit": "usd",
                "value": 13800000.0
            },
            {
                "label": "Net Income",
                "concept": "ProfitLoss",
                "unit": "usd",
                "value": 64500000.0
            },
            {
                "label": "Net Loss Attributable to Non-Controlling Interest",
                "concept": "NetIncomeLossAttributableToNoncontrollingInterest",
                "unit": "usd",
                "value": 1800000.0
            },
            {
                "label": "Net Income Attributable to ALLETE",
                "concept": "NetIncomeLoss",
                "unit": "usd",
                "value": 66300000.0
            },
            {
                "label": "Basic (Shares)",
                "concept": "WeightedAverageNumberOfSharesOutstandingBasic",
                "unit": "shares",
                "value": 51700000.0
            },
            {
                "label": "Diluted (Shares)",
                "concept": "WeightedAverageNumberOfDilutedSharesOutstanding",
                "unit": "shares",
                "value": 51800000.0
            },
            {
                "label": "Basic Earnings Per Share of Common Stock",
                "concept": "EarningsPerShareBasic",
                "unit": "usd/shares",
                "value": 1.28
            },
            {
                "label": "Diluted Earnings Per Share of Common Stock",
                "concept": "EarningsPerShareDiluted",
                "unit": "usd/shares",
                "value": 1.28
            }
        ]
    }
}