{
    "startDate": "2020-01-01",
    "endDate": "2020-03-31",
    "year": "2020",
    "quarter": "Q1",
    "symbol": "ABCB",
    "data": {
        "bs": [
            {
                "label": "Cash and due from banks",
                "concept": "CashAndDueFromBanks",
                "unit": "usd",
                "value": 255312000
            },
            {
                "label": "Federal funds sold and interest-bearing deposits in banks",
                "concept": "FederalFundsSold",
                "unit": "usd",
                "value": 396844000
            },
            {
                "label": "Cash and cash equivalents",
                "concept": "CashCashEquivalentsAndFederalFundsSold",
                "unit": "usd",
                "value": 652156000
            },
            {
                "label": "Time deposits in other banks",
                "concept": "InterestBearingDepositsInBanks",
                "unit": "usd",
                "value": 249000
            },
            {
                "label": "Investment securities available for sale, at fair value",
                "concept": "AvailableForSaleSecuritiesDebtSecurities",
                "unit": "usd",
                "value": 1353040000
            },
            {
                "label": "Other investments",
                "concept": "OtherInvestments",
                "unit": "usd",
                "value": 81754000
            },
            {
                "label": "Loans held for sale, at fair value",
                "concept": "LoansHeldForSaleFairValueDisclosure",
                "unit": "usd",
                "value": 1398229000
            },
            {
                "label": "Loans, net of unearned income",
                "concept": "NotesReceivableGross",
                "unit": "usd",
                "value": 13094106000
            },
            {
                "label": "Allowance for credit losses",
                "concept": "FinancingReceivableAllowanceForCreditLosses",
                "unit": "usd",
                "value": 149524000
            },
            {
                "label": "Loans, net",
                "concept": "NotesReceivableNet",
                "unit": "usd",
                "value": 12944582000
            },
            {
                "label": "Other real estate owned, net",
                "concept": "RealEstateAcquiredThroughForeclosure",
                "unit": "usd",
                "value": 21027000
            },
            {
                "label": "Premises and equipment, net",
                "concept": "PropertyPlantAndEquipmentNet",
                "unit": "usd",
                "value": 231347000
            },
            {
                "label": "Goodwill",
                "concept": "Goodwill",
                "unit": "usd",
                "value": 931947000
            },
            {
                "label": "Other intangible assets, net",
                "concept": "OtherIntangibleAssetsNet",
                "unit": "usd",
                "value": 85955000
            },
            {
                "label": "Cash value of bank owned life insurance",
                "concept": "BankOwnedLifeInsurance",
                "unit": "usd",
                "value": 176239000
            },
            {
                "label": "Deferred income taxes, net",
                "concept": "DeferredIncomeTaxAssetsNet",
                "unit": "usd",
                "value": 24196000
            },
            {
                "label": "Other assets",
                "concept": "OtherAssets",
                "unit": "usd",
                "value": 323827000
            },
            {
                "label": "Total assets",
                "concept": "Assets",
                "unit": "usd",
                "value": 18224548000
            },
            {
                "label": "Noninterest-bearing",
                "concept": "NoninterestBearingDepositLiabilities",
                "unit": "usd",
                "value": 4226253000
            },
            {
                "label": "Interest-bearing",
                "concept": "InterestBearingDepositLiabilities",
                "unit": "usd",
                "value": 9618365000
            },
            {
                "label": "Total deposits",
                "concept": "Deposits",
                "unit": "usd",
                "value": 13844618000
            },
            {
                "label": "Securities sold under agreements to repurchase",
                "concept": "SecuritiesSoldUnderAgreementsToRepurchase",
                "unit": "usd",
                "value": 15160000
            },
            {
                "label": "Other borrowings",
                "concept": "OtherBorrowings",
                "unit": "usd",
                "value": 1543371000
            },
            {
                "label": "Subordinated deferrable interest debentures",
                "concept": "SubordinatedDebt",
                "unit": "usd",
                "value": 122890000
            },
            {
                "label": "FDIC loss-share payable, net",
                "concept": "abcb:FdicIndemnificationLiability",
                "unit": "usd",
                "value": 18111000
            },
            {
                "label": "Other liabilities",
                "concept": "OtherLiabilities",
                "unit": "usd",
                "value": 243248000
            },
            {
                "label": "Total liabilities",
                "concept": "Liabilities",
                "unit": "usd",
                "value": 15787398000
            },
            {
                "label": "Commitments and Contingencies (Note 11)",
                "concept": "CommitmentsAndContingencies",
                "unit": "usd",
                "value": "N/A"
            },
            {
                "label": "Preferred stock, stated value $1,000 (5,000,000 shares authorized; 0 shares issued and outstanding at March 31, 2020 and December 31, 2019)",
                "concept": "PreferredStockValue",
                "unit": "usd",
                "value": "N/A"
            },
            {
                "label": "Common stock, par value $1 (100,000,000 shares authorized; 71,651,986 and 71,499,829 shares issued at March 31, 2020 and December 31, 2019, respectively)",
                "concept": "CommonStockValue",
                "unit": "usd",
                "value": 71652000
            },
            {
                "label": "Capital surplus",
                "concept": "AdditionalPaidInCapitalCommonStock",
                "unit": "usd",
                "value": 1908721000
            },
            {
                "label": "Retained earnings",
                "concept": "RetainedEarningsAccumulatedDeficit",
                "unit": "usd",
                "value": 460153000
            },
            {
                "label": "Accumulated other comprehensive income (loss), net of tax",
                "concept": "AccumulatedOtherComprehensiveIncomeLossNetOfTax",
                "unit": "usd",
                "value": 39551000
            },
            {
                "label": "Treasury stock, at cost (2,210,712 shares and 1,995,996 shares at March 31, 2020 and December 31, 2019, respectively)",
                "concept": "TreasuryStockValue",
                "unit": "usd",
                "value": 42927000
            },
            {
                "label": "Total shareholders\u2019 equity",
                "concept": "StockholdersEquity",
                "unit": "usd",
                "value": 2437150000
            },
            {
                "label": "Total liabilities and shareholders\u2019 equity",
                "concept": "LiabilitiesAndStockholdersEquity",
                "unit": "usd",
                "value": 18224548000
            }
        ],
        "cf": [
            {
                "label": "Net income",
                "concept": "NetIncomeLoss",
                "unit": "usd",
                "value": 19322000
            },
            {
                "label": "Depreciation",
                "concept": "Depreciation",
                "unit": "usd",
                "value": 3916000
            },
            {
                "label": "Net losses on sale or disposal of premises and equipment including write-downs",
                "concept": "GainLossOnSaleOfPropertyPlantEquipment",
                "unit": "usd",
                "value": 125000
            },
            {
                "label": "Net write-downs on other assets",
                "concept": "OtherAssetImpairmentCharges",
                "unit": "usd",
                "value": 417000
            },
            {
                "label": "Provision for credit losses",
                "concept": "abcb:AllowanceForCreditLossExpenseReversal",
                "unit": "usd",
                "value": 41047000
            },
            {
                "label": "Net losses on sale of other real estate owned including write-downs",
                "concept": "GainsLossesOnSalesOfOtherRealEstate",
                "unit": "usd",
                "value": 885000
            },
            {
                "label": "Share-based compensation expense",
                "concept": "ShareBasedCompensation",
                "unit": "usd",
                "value": 559000
            },
            {
                "label": "Amortization of intangible assets",
                "concept": "AmortizationOfIntangibleAssets",
                "unit": "usd",
                "value": 5631000
            },
            {
                "label": "Amortization of operating lease right-of-use assets",
                "concept": "abcb:AmortizationOfOperatingLeaseRightOfUseAssets",
                "unit": "usd",
                "value": 3400000
            },
            {
                "label": "Provision for deferred taxes",
                "concept": "DeferredIncomeTaxExpenseBenefit",
                "unit": "usd",
                "value": 7333000
            },
            {
                "label": "Net amortization of investment securities available for sale",
                "concept": "abcb:AmortizationOfInvestmentSecurities",
                "unit": "usd",
                "value": 1385000
            },
            {
                "label": "Net gain (loss) on securities",
                "concept": "GainLossOnInvestments",
                "unit": "usd",
                "value": 9000
            },
            {
                "label": "Accretion of discount on purchased loans, net",
                "concept": "abcb:AccretionOfDiscountOnPurchasedLoans",
                "unit": "usd",
                "value": 6320000
            },
            {
                "label": "Accretion on other borrowings",
                "concept": "abcb:NetAccretionOfOtherBorrowings",
                "unit": "usd",
                "value": 46000
            },
            {
                "label": "Accretion on subordinated deferrable interest debentures",
                "concept": "abcb:AccretionOfSubordinatedDeferrableInterestDebentures",
                "unit": "usd",
                "value": 485000
            },
            {
                "label": "Loan servicing asset impairment",
                "concept": "ServicingAssetAtAmortizedCostOtherThanTemporaryImpairments",
                "unit": "usd",
                "value": 22165000
            },
            {
                "label": "Originations of mortgage loans held for sale",
                "concept": "PaymentsForOriginationOfMortgageLoansHeldForSale",
                "unit": "usd",
                "value": 1252379000
            },
            {
                "label": "Payments received on mortgage loans held for sale",
                "concept": "ProceedsFromCollectionOfMortgageLoansHeldForSale",
                "unit": "usd",
                "value": 14957000
            },
            {
                "label": "Proceeds from sales of mortgage loans held for sale",
                "concept": "ProceedsFromSaleOfMortgageLoansHeldForSale",
                "unit": "usd",
                "value": 1530122000
            },
            {
                "label": "Net gains on sale of mortgage loans held for sale",
                "concept": "GainLossOnSaleOfMortgageLoans",
                "unit": "usd",
                "value": 40809000
            },
            {
                "label": "Originations of SBA loans",
                "concept": "abcb:PaymentsForOriginationAndPurchasesOfSBALoans",
                "unit": "usd",
                "value": 11647000
            },
            {
                "label": "Proceeds from sales of SBA loans",
                "concept": "abcb:ProceedsFromSaleOfSBALoans",
                "unit": "usd",
                "value": 20062000
            },
            {
                "label": "Net gains on sale of SBA loans",
                "concept": "abcb:GainLossOnSaleOfSBALoansNet",
                "unit": "usd",
                "value": 1824000
            },
            {
                "label": "Increase in cash surrender value of bank owned life insurance",
                "concept": "abcb:IncreaseInCashSurrenderValueOfBankOwnedLifeInsurance",
                "unit": "usd",
                "value": 969000
            },
            {
                "label": "Changes in FDIC loss-share payable, net of cash payments",
                "concept": "abcb:AccretionOfFdicLossShareReceivableNetOfAmortizationOfFdicClawbackPayable",
                "unit": "usd",
                "value": 1506000
            },
            {
                "label": "Change attributable to other operating activities",
                "concept": "OtherOperatingActivitiesCashFlowStatement",
                "unit": "usd",
                "value": 40757000
            },
            {
                "label": "Net cash provided by operating activities",
                "concept": "NetCashProvidedByUsedInOperatingActivities",
                "unit": "usd",
                "value": 300989000
            },
            {
                "label": "Proceeds from maturities of time deposits in other banks",
                "concept": "ProceedsFromTimeDepositsAccepted",
                "unit": "usd",
                "value": "N/A"
            },
            {
                "label": "Purchases of securities available for sale",
                "concept": "PaymentsToAcquireAvailableForSaleSecuritiesDebt",
                "unit": "usd",
                "value": "N/A"
            },
            {
                "label": "Proceeds from prepayments and maturities of securities available for sale",
                "concept": "ProceedsFromMaturitiesPrepaymentsAndCallsOfAvailableForSaleSecurities",
                "unit": "usd",
                "value": 76386000
            },
            {
                "label": "Proceeds from sales of securities available for sale",
                "concept": "ProceedsFromSaleOfAvailableForSaleSecuritiesDebt",
                "unit": "usd",
                "value": "N/A"
            },
            {
                "label": "Net (increase) decrease in other investments",
                "concept": "IncreaseDecreaseOfRestrictedInvestments",
                "unit": "usd",
                "value": 14844000
            },
            {
                "label": "Net (increase) decrease in loans",
                "concept": "abcb:IncreaseDecreaseInLoan",
                "unit": "usd",
                "value": 264063000
            },
            {
                "label": "Purchases of premises and equipment",
                "concept": "PaymentsToAcquirePropertyPlantAndEquipment",
                "unit": "usd",
                "value": 3572000
            },
            {
                "label": "Proceeds from sales of premises and equipment",
                "concept": "ProceedsFromSaleOfPropertyPlantAndEquipment",
                "unit": "usd",
                "value": "N/A"
            },
            {
                "label": "Proceeds from sales of other real estate owned",
                "concept": "ProceedsFromSaleOfOtherRealEstate",
                "unit": "usd",
                "value": 1284000
            },
            {
                "label": "Payments paid to FDIC under loss-share agreements",
                "concept": "abcb:PaymentsToFDICUnderLossShareAgreements",
                "unit": "usd",
                "value": 25000
            },
            {
                "label": "Net cash and cash equivalents received in acquisitions",
                "concept": "CashAcquiredFromAcquisition",
                "unit": "usd",
                "value": 2000
            },
            {
                "label": "Net cash used in investing activities",
                "concept": "NetCashProvidedByUsedInInvestingActivities",
                "unit": "usd",
                "value": 204832000
            },
            {
                "label": "Net (decrease) increase in deposits",
                "concept": "IncreaseDecreaseInDeposits",
                "unit": "usd",
                "value": 182455000
            },
            {
                "label": "Net decrease in securities sold under agreements to repurchase",
                "concept": "ProceedsFromPaymentsForInSecuritiesSoldUnderAgreementsToRepurchase",
                "unit": "usd",
                "value": 5475000
            },
            {
                "label": "Proceeds from other borrowings",
                "concept": "ProceedsFromOtherDebt",
                "unit": "usd",
                "value": 2770000000
            },
            {
                "label": "Repayment of other borrowings",
                "concept": "RepaymentsOfOtherDebt",
                "unit": "usd",
                "value": 2625084000
            },
            {
                "label": "Repayment of subordinated deferrable interest debentures",
                "concept": "RepaymentsOfSubordinatedDebt",
                "unit": "usd",
                "value": 5155000
            },
            {
                "label": "Proceeds from exercise of stock options",
                "concept": "ProceedsFromStockOptionsExercised",
                "unit": "usd",
                "value": 701000
            },
            {
                "label": "Dividends paid - common stock",
                "concept": "PaymentsOfDividendsCommonStock",
                "unit": "usd",
                "value": 10426000
            },
            {
                "label": "Purchase of treasury shares",
                "concept": "PaymentsForRepurchaseOfEquity",
                "unit": "usd",
                "value": 7956000
            },
            {
                "label": "Net cash provided by (used in) financing activities",
                "concept": "NetCashProvidedByUsedInFinancingActivities",
                "unit": "usd",
                "value": 65850000
            },
            {
                "label": "Net increase in cash and cash equivalents",
                "concept": "CashCashEquivalentsRestrictedCashAndRestrictedCashEquivalentsPeriodIncreaseDecreaseIncludingExchangeRateEffect",
                "unit": "usd",
                "value": 30307000
            },
            {
                "label": "Interest",
                "concept": "InterestPaidNet",
                "unit": "usd",
                "value": 35234000
            },
            {
                "label": "Income taxes",
                "concept": "IncomeTaxesPaidNet",
                "unit": "usd",
                "value": 77000
            },
            {
                "label": "Loans transferred to other real estate owned",
                "concept": "TransferToOtherRealEstate",
                "unit": "usd",
                "value": 3674000
            },
            {
                "label": "Loans provided for the sales of other real estate owned",
                "concept": "abcb:TransferFromLoansToLoansProvidedForSalesOfOtherRealEstateOwned",
                "unit": "usd",
                "value": 299000
            },
            {
                "label": "Initial recognition of operating lease right-of-use assets",
                "concept": "abcb:NonCashChangeInOperatingLeaseRightOfUseAsset",
                "unit": "usd",
                "value": "N/A"
            },
            {
                "label": "Initial recognition of operating lease liabilities",
                "concept": "abcb:NonCashChangeInOperatingLeaseLiability",
                "unit": "usd",
                "value": "N/A"
            },
            {
                "label": "Right-of-use assets obtained in exchange for new operating lease liabilities",
                "concept": "RightOfUseAssetObtainedInExchangeForOperatingLeaseLiability",
                "unit": "usd",
                "value": 2889000
            },
            {
                "label": "Assets acquired in business acquisitions",
                "concept": "FairValueOfAssetsAcquired",
                "unit": "usd",
                "value": "N/A"
            },
            {
                "label": "Liabilities assumed in business acquisitions",
                "concept": "LiabilitiesAssumed1",
                "unit": "usd",
                "value": "N/A"
            },
            {
                "label": "Change in unrealized gain (loss) on securities available for sale, net of tax",
                "concept": "OtherComprehensiveIncomeLossAvailableForSaleSecuritiesAdjustmentBeforeTax",
                "unit": "usd",
                "value": 21653000
            },
            {
                "label": "Change in unrealized gain (loss) on cash flow hedge, net of tax",
                "concept": "abcb:ChangeInUnrealizedGainLossOnCashFlowHedgesInterestRateFloorInterestRateSwap",
                "unit": "usd",
                "value": 97000
            }
        ],
        "ic": [
            {
                "label": "Interest and fees on loans",
                "concept": "InterestAndFeeIncomeLoansAndLeases",
                "unit": "usd",
                "value": 171242000
            },
            {
                "label": "Interest on taxable securities",
                "concept": "InterestIncomeSecuritiesTaxable",
                "unit": "usd",
                "value": 10082000
            },
            {
                "label": "Interest on nontaxable securities",
                "concept": "InterestIncomeSecuritiesTaxExempt",
                "unit": "usd",
                "value": 157000
            },
            {
                "label": "Interest on deposits in other banks and federal funds sold",
                "concept": "abcb:InterestIncomeDepositsWithFinancialInstitutionsAndFederalFundsSold",
                "unit": "usd",
                "value": 1287000
            },
            {
                "label": "Total interest income",
                "concept": "InterestAndDividendIncomeOperating",
                "unit": "usd",
                "value": 182768000
            },
            {
                "label": "Interest on deposits",
                "concept": "InterestExpenseDeposits",
                "unit": "usd",
                "value": 24102000
            },
            {
                "label": "Interest on other borrowings",
                "concept": "InterestExpenseBorrowings",
                "unit": "usd",
                "value": 10721000
            },
            {
                "label": "Total interest expense",
                "concept": "InterestExpense",
                "unit": "usd",
                "value": 34823000
            },
            {
                "label": "Net interest income",
                "concept": "InterestIncomeExpenseNet",
                "unit": "usd",
                "value": 147945000
            },
            {
                "label": "Provision for loan losses",
                "concept": "ProvisionForLoanLossesExpensed",
                "unit": "usd",
                "value": 37047000
            },
            {
                "label": "Provision for unfunded commitments",
                "concept": "abcb:FinancingReceivableCreditLossUnfundedCommitmentsExpenseReversal",
                "unit": "usd",
                "value": 4000000
            },
            {
                "label": "Provision for credit losses",
                "concept": "abcb:AllowanceForCreditLossExpenseReversal",
                "unit": "usd",
                "value": 41047000
            },
            {
                "label": "Net interest income after provision for credit losses",
                "concept": "InterestIncomeExpenseAfterProvisionForLoanLoss",
                "unit": "usd",
                "value": 106898000
            },
            {
                "label": "Service charges on deposit accounts",
                "concept": "abcb:FeesAndCommissionsDepositorAccounts1",
                "unit": "usd",
                "value": 11844000
            },
            {
                "label": "Mortgage banking activity",
                "concept": "abcb:NoninterestIncomeMortgageBanking",
                "unit": "usd",
                "value": 35333000
            },
            {
                "label": "Other service charges, commissions and fees",
                "concept": "abcb:FeesAndCommissionsOther1",
                "unit": "usd",
                "value": 1128000
            },
            {
                "label": "Net gain (loss) on securities",
                "concept": "GainLossOnInvestments",
                "unit": "usd",
                "value": 9000
            },
            {
                "label": "Other noninterest income",
                "concept": "NoninterestIncomeOther",
                "unit": "usd",
                "value": 6083000
            },
            {
                "label": "Total noninterest income",
                "concept": "NoninterestIncome",
                "unit": "usd",
                "value": 54379000
            },
            {
                "label": "Salaries and employee benefits",
                "concept": "LaborAndRelatedExpense",
                "unit": "usd",
                "value": 75946000
            },
            {
                "label": "Occupancy and equipment expense",
                "concept": "OccupancyNet",
                "unit": "usd",
                "value": 12028000
            },
            {
                "label": "Data processing and communications expenses",
                "concept": "InformationTechnologyAndDataProcessing",
                "unit": "usd",
                "value": 11954000
            },
            {
                "label": "Credit resolution-related expenses",
                "concept": "ExpenseRelatedToDistributionOrServicingAndUnderwritingFees",
                "unit": "usd",
                "value": 2198000
            },
            {
                "label": "Advertising and marketing expense",
                "concept": "MarketingAndAdvertisingExpense",
                "unit": "usd",
                "value": 2358000
            },
            {
                "label": "Amortization of intangible assets",
                "concept": "AmortizationOfIntangibleAssets",
                "unit": "usd",
                "value": 5631000
            },
            {
                "label": "Merger and conversion charges",
                "concept": "BusinessCombinationIntegrationRelatedCosts",
                "unit": "usd",
                "value": 540000
            },
            {
                "label": "Other noninterest expenses",
                "concept": "OtherNoninterestExpense",
                "unit": "usd",
                "value": 27398000
            },
            {
                "label": "Total noninterest expense",
                "concept": "NoninterestExpense",
                "unit": "usd",
                "value": 138053000
            },
            {
                "label": "Income before income tax expense",
                "concept": "IncomeLossFromContinuingOperationsBeforeIncomeTaxesMinorityInterestAndIncomeLossFromEquityMethodInvestments",
                "unit": "usd",
                "value": 23224000
            },
            {
                "label": "Income tax expense",
                "concept": "IncomeTaxExpenseBenefit",
                "unit": "usd",
                "value": 3902000
            },
            {
                "label": "Net income",
                "concept": "NetIncomeLoss",
                "unit": "usd",
                "value": 19322000
            },
            {
                "label": "Net unrealized holding gains arising during period on investment securities available for sale, net of tax expense of $5,756 and $1,028",
                "concept": "OtherComprehensiveIncomeUnrealizedHoldingGainLossOnSecuritiesArisingDuringPeriodNetOfTax",
                "unit": "usd",
                "value": 21653000
            },
            {
                "label": "Reclassification adjustment for gains on investment securities included in earnings, net of tax of $0 and $(12)",
                "concept": "OtherComprehensiveIncomeLossReclassificationAdjustmentFromAOCIForSaleOfSecuritiesNetOfTax",
                "unit": "usd",
                "value": "N/A"
            },
            {
                "label": "Unrealized losses on cash flow hedges arising during period, net of tax benefit of $(26) and $(46)",
                "concept": "OtherComprehensiveIncomeLossCashFlowHedgeGainLossAfterReclassificationAndTax",
                "unit": "usd",
                "value": 97000
            },
            {
                "label": "Other comprehensive income",
                "concept": "OtherComprehensiveIncomeLossNetOfTax",
                "unit": "usd",
                "value": 21556000
            },
            {
                "label": "Total comprehensive income",
                "concept": "ComprehensiveIncomeNetOfTax",
                "unit": "usd",
                "value": 40878000
            },
            {
                "label": "Basic earnings per common share (in dollars per share)",
                "concept": "EarningsPerShareBasic",
                "unit": "usd/shares",
                "value": 0.28
            },
            {
                "label": "Diluted earnings per common share (in dollars per share)",
                "concept": "EarningsPerShareDiluted",
                "unit": "usd/shares",
                "value": 0.28
            },
            {
                "label": "Basic (in shares)",
                "concept": "WeightedAverageNumberOfSharesOutstandingBasic",
                "unit": "shares",
                "value": 69248000
            },
            {
                "label": "Diluted (in shares)",
                "concept": "WeightedAverageNumberOfDilutedSharesOutstanding",
                "unit": "shares",
                "value": 69502000
            }
        ]
    }
}