{
    "startDate": "2020-01-01",
    "endDate": "2020-03-31",
    "year": "2020",
    "quarter": "Q1",
    "symbol": "XEL",
    "data": {
        "bs": [
            {
                "label": "Total inventories",
                "concept": "InventoryNet",
                "unit": "usd",
                "value": 488000000
            }
        ],
        "cf": [
            {
                "label": "Depreciation and amortization",
                "concept": "DepreciationAmortizationAndAccretionNet",
                "unit": "usd",
                "value": 466000000
            },
            {
                "label": "Nuclear fuel amortization",
                "concept": "xel:NuclearFuelAmortization",
                "unit": "usd",
                "value": 33000000
            },
            {
                "label": "Deferred income taxes",
                "concept": "DeferredIncomeTaxExpenseBenefit",
                "unit": "usd",
                "value": 34000000
            },
            {
                "label": "Allowance for equity funds used during construction",
                "concept": "PublicUtilitiesAllowanceForFundsUsedDuringConstructionCapitalizedCostOfEquity",
                "unit": "usd",
                "value": 23000000
            },
            {
                "label": "Equity earnings of unconsolidated subsidiaries",
                "concept": "IncomeLossFromEquityMethodInvestments",
                "unit": "usd",
                "value": 11000000
            },
            {
                "label": "Dividends from unconsolidated subsidiaries",
                "concept": "EquityMethodInvestmentDividendsOrDistributions",
                "unit": "usd",
                "value": 11000000
            },
            {
                "label": "Share-based compensation expense",
                "concept": "ShareBasedCompensation",
                "unit": "usd",
                "value": 26000000
            },
            {
                "label": "Accounts receivable",
                "concept": "IncreaseDecreaseInAccountsAndOtherReceivables",
                "unit": "usd",
                "value": 7000000
            },
            {
                "label": "Accrued unbilled revenues",
                "concept": "xel:IncreaseDecreaseinAccruedUnbilledRevenues",
                "unit": "usd",
                "value": 149000000
            },
            {
                "label": "Inventories",
                "concept": "IncreaseDecreaseInInventories",
                "unit": "usd",
                "value": 33000000
            },
            {
                "label": "Other current assets",
                "concept": "IncreaseDecreaseInOtherCurrentAssets",
                "unit": "usd",
                "value": 31000000
            },
            {
                "label": "Accounts payable",
                "concept": "IncreaseDecreaseInAccountsPayable",
                "unit": "usd",
                "value": 201000000
            },
            {
                "label": "Net regulatory assets and liabilities",
                "concept": "IncreaseDecreaseInRegulatoryAssetsAndLiabilities",
                "unit": "usd",
                "value": 101000000
            },
            {
                "label": "Other current liabilities",
                "concept": "IncreaseDecreaseInOtherCurrentLiabilities",
                "unit": "usd",
                "value": 77000000
            },
            {
                "label": "Pension and other employee benefit obligations",
                "concept": "IncreaseDecreaseInEmployeeRelatedLiabilities",
                "unit": "usd",
                "value": 157000000
            },
            {
                "label": "Other, net",
                "concept": "OtherOperatingActivitiesCashFlowStatement",
                "unit": "usd",
                "value": 14000000
            },
            {
                "label": "Net cash provided by operating activities",
                "concept": "NetCashProvidedByUsedInOperatingActivities",
                "unit": "usd",
                "value": 669000000
            },
            {
                "label": "Capital/construction expenditures",
                "concept": "PaymentsToAcquireProductiveAssets",
                "unit": "usd",
                "value": 1607000000
            },
            {
                "label": "Purchases of investment securities",
                "concept": "PaymentsToAcquireInvestments",
                "unit": "usd",
                "value": 835000000
            },
            {
                "label": "Proceeds from the sale of investment securities",
                "concept": "ProceedsFromSaleAndMaturityOfOtherInvestments",
                "unit": "usd",
                "value": 830000000
            },
            {
                "label": "Other, net",
                "concept": "PaymentsForProceedsFromOtherInvestingActivities",
                "unit": "usd",
                "value": 6000000
            },
            {
                "label": "Net cash used in investing activities",
                "concept": "NetCashProvidedByUsedInInvestingActivities",
                "unit": "usd",
                "value": 1606000000
            },
            {
                "label": "Proceeds from short-term borrowings, net",
                "concept": "ProceedsFromRepaymentsOfShortTermDebt",
                "unit": "usd",
                "value": 1170000000
            },
            {
                "label": "Proceeds from issuances of long-term debt",
                "concept": "ProceedsFromIssuanceOfLongTermDebt",
                "unit": "usd",
                "value": "N/A"
            },
            {
                "label": "Repayments of long-term debt, including reacquisition premiums",
                "concept": "RepaymentsOfLongTermDebt",
                "unit": "usd",
                "value": "N/A"
            },
            {
                "label": "Dividends paid",
                "concept": "PaymentsOfDividends",
                "unit": "usd",
                "value": 204000000
            },
            {
                "label": "Other, net",
                "concept": "ProceedsFromPaymentsForOtherFinancingActivities",
                "unit": "usd",
                "value": 33000000
            },
            {
                "label": "Net cash provided by financing activities",
                "concept": "NetCashProvidedByUsedInFinancingActivities",
                "unit": "usd",
                "value": 933000000
            },
            {
                "label": "Net change in cash, cash equivalents and restricted cash",
                "concept": "CashCashEquivalentsRestrictedCashAndRestrictedCashEquivalentsPeriodIncreaseDecreaseIncludingExchangeRateEffect",
                "unit": "usd",
                "value": 4000000
            },
            {
                "label": "Cash paid for interest (net of amounts capitalized)",
                "concept": "InterestPaidNet",
                "unit": "usd",
                "value": 207000000
            },
            {
                "label": "Cash received (paid) for income taxes, net",
                "concept": "IncomeTaxesPaidNet",
                "unit": "usd",
                "value": "N/A"
            },
            {
                "label": "Accrued property, plant and equipment additions",
                "concept": "CapitalExpendituresIncurredButNotYetPaid",
                "unit": "usd",
                "value": 284000000
            },
            {
                "label": "Inventory transfers to property, plant and equipment",
                "concept": "xel:Inventorytransferstoplantpropertyandequipment",
                "unit": "usd",
                "value": 33000000
            },
            {
                "label": "Operating lease right-of-use assets",
                "concept": "RightOfUseAssetObtainedInExchangeForOperatingLeaseLiability",
                "unit": "usd",
                "value": "N/A"
            },
            {
                "label": "Allowance for equity funds used during construction",
                "concept": "AllowanceForFundsUsedDuringConstructionInvestingActivities",
                "unit": "usd",
                "value": 23000000
            },
            {
                "label": "Issuance of common stock for equity awards",
                "concept": "StockIssued1",
                "unit": "usd",
                "value": 18000000
            }
        ],
        "ic": [
            {
                "label": "Electric",
                "concept": "xel:RegulatedOperatingRevenueElectric",
                "unit": "usd",
                "value": 2203000000
            },
            {
                "label": "Natural gas",
                "concept": "RegulatedOperatingRevenueGas",
                "unit": "usd",
                "value": 583000000
            },
            {
                "label": "Other",
                "concept": "UnregulatedOperatingRevenue",
                "unit": "usd",
                "value": 25000000
            },
            {
                "label": "Total operating revenues",
                "concept": "RegulatedAndUnregulatedOperatingRevenue",
                "unit": "usd",
                "value": 2811000000
            },
            {
                "label": "Electric fuel and purchased power",
                "concept": "xel:ElectricFuelandPurchasedPower",
                "unit": "usd",
                "value": 797000000
            },
            {
                "label": "Cost of natural gas sold and transported",
                "concept": "xel:CostofnaturalGasSoldandTransported",
                "unit": "usd",
                "value": 285000000
            },
            {
                "label": "Cost of sales \u2014 other",
                "concept": "OtherCostOfOperatingRevenue",
                "unit": "usd",
                "value": 9000000
            },
            {
                "label": "Operating and maintenance expenses",
                "concept": "UtilitiesOperatingExpenseMaintenanceOperationsAndOtherCostsAndExpenses",
                "unit": "usd",
                "value": 579000000
            },
            {
                "label": "Conservation and demand side management expenses",
                "concept": "xel:ConservationandDemandSideManagementProgramExpenses",
                "unit": "usd",
                "value": 74000000
            },
            {
                "label": "Depreciation and amortization",
                "concept": "UtilitiesOperatingExpenseDepreciationAndAmortization",
                "unit": "usd",
                "value": 463000000
            },
            {
                "label": "Taxes (other than income taxes)",
                "concept": "TaxesExcludingIncomeAndExciseTaxes",
                "unit": "usd",
                "value": 149000000
            },
            {
                "label": "Total operating expenses",
                "concept": "CostsAndExpenses",
                "unit": "usd",
                "value": 2356000000
            },
            {
                "label": "Operating income",
                "concept": "OperatingIncomeLoss",
                "unit": "usd",
                "value": 455000000
            },
            {
                "label": "Other (expense) income, net",
                "concept": "OtherNonoperatingIncomeExpense",
                "unit": "usd",
                "value": 11000000
            },
            {
                "label": "Equity earnings of unconsolidated subsidiaries",
                "concept": "IncomeLossFromEquityMethodInvestments",
                "unit": "usd",
                "value": 11000000
            },
            {
                "label": "Allowance for funds used during construction \u2014 equity",
                "concept": "PublicUtilitiesAllowanceForFundsUsedDuringConstructionCapitalizedCostOfEquity",
                "unit": "usd",
                "value": 23000000
            },
            {
                "label": "Interest charges \u2014 includes other financing costs of $7 and $6, respectively",
                "concept": "InterestExpense",
                "unit": "usd",
                "value": 199000000
            },
            {
                "label": "Allowance for funds used during construction \u2014 debt",
                "concept": "xel:PublicUtilitiesAllowanceForFundsUsedDuringConstructionCapitalizedCostOfDebt",
                "unit": "usd",
                "value": 10000000
            },
            {
                "label": "Total interest charges and financing costs",
                "concept": "InterestAndDebtExpense",
                "unit": "usd",
                "value": 189000000
            },
            {
                "label": "Income before income taxes",
                "concept": "IncomeLossFromContinuingOperationsBeforeIncomeTaxesExtraordinaryItemsNoncontrollingInterest",
                "unit": "usd",
                "value": 289000000
            },
            {
                "label": "Income tax (benefit) expense",
                "concept": "IncomeTaxExpenseBenefit",
                "unit": "usd",
                "value": 6000000
            },
            {
                "label": "Net income",
                "concept": "NetIncomeLoss",
                "unit": "usd",
                "value": 295000000
            },
            {
                "label": "Basic (in shares)",
                "concept": "WeightedAverageNumberOfSharesOutstandingBasic",
                "unit": "shares",
                "value": 526000000
            },
            {
                "label": "Diluted (in shares)",
                "concept": "WeightedAverageNumberOfDilutedSharesOutstanding",
                "unit": "shares",
                "value": 527000000
            },
            {
                "label": "Basic (in dollars per share)",
                "concept": "EarningsPerShareBasic",
                "unit": "usd/shares",
                "value": 0.56
            },
            {
                "label": "Diluted (in dollars per share)",
                "concept": "EarningsPerShareDiluted",
                "unit": "usd/shares",
                "value": 0.56
            }
        ]
    }
}