{
    "startDate": "2020-01-01",
    "endDate": "2020-03-31",
    "year": "2020",
    "quarter": "Q1",
    "symbol": "WRE",
    "data": {
        "bs": [
            {
                "label": "Land",
                "concept": "Land",
                "unit": "usd",
                "value": 574025000
            },
            {
                "label": "Income producing property",
                "concept": "RentalProperties",
                "unit": "usd",
                "value": 2444525000
            },
            {
                "label": "Net income producing property, at cost",
                "concept": "RealEstateInvestmentPropertyAtCost",
                "unit": "usd",
                "value": 3018550000
            },
            {
                "label": "Accumulated depreciation and amortization",
                "concept": "RealEstateInvestmentPropertyAccumulatedDepreciation",
                "unit": "usd",
                "value": 719446000
            },
            {
                "label": "Net income producing property",
                "concept": "RealEstateInvestmentPropertyNet",
                "unit": "usd",
                "value": 2299104000
            },
            {
                "label": "Properties under development or held for future development",
                "concept": "DevelopmentInProcess",
                "unit": "usd",
                "value": 89791000
            },
            {
                "label": "Total real estate held for investment, net",
                "concept": "RealEstateInvestments",
                "unit": "usd",
                "value": 2388895000
            },
            {
                "label": "Investment in real estate held for sale, net",
                "concept": "RealEstateHeldforsale",
                "unit": "usd",
                "value": 57028000
            },
            {
                "label": "Cash and cash equivalents",
                "concept": "CashAndCashEquivalentsAtCarryingValue",
                "unit": "usd",
                "value": 20601000
            },
            {
                "label": "Restricted cash",
                "concept": "RestrictedCashAndCashEquivalents",
                "unit": "usd",
                "value": 634000
            },
            {
                "label": "Rents and other receivables",
                "concept": "AccountsAndNotesReceivableNet",
                "unit": "usd",
                "value": 64617000
            },
            {
                "label": "Prepaid expenses and other assets",
                "concept": "PrepaidExpenseAndOtherAssets",
                "unit": "usd",
                "value": 84722000
            },
            {
                "label": "Other assets related to properties held for sale",
                "concept": "DisposalGroupIncludingDiscontinuedOperationOtherAssets",
                "unit": "usd",
                "value": 6123000
            },
            {
                "label": "Total assets",
                "concept": "Assets",
                "unit": "usd",
                "value": 2622620000
            },
            {
                "label": "Notes payable, net",
                "concept": "NotesPayable",
                "unit": "usd",
                "value": 997075000
            },
            {
                "label": "Mortgage notes payable, net",
                "concept": "SecuredDebt",
                "unit": "usd",
                "value": "N/A"
            },
            {
                "label": "Line of credit",
                "concept": "LineOfCredit",
                "unit": "usd",
                "value": 148000000
            },
            {
                "label": "Accounts payable and other liabilities",
                "concept": "AccountsPayableAndAccruedLiabilitiesCurrentAndNoncurrent",
                "unit": "usd",
                "value": 98966000
            },
            {
                "label": "Dividend payable",
                "concept": "DividendsPayableCurrentAndNoncurrent",
                "unit": "usd",
                "value": "N/A"
            },
            {
                "label": "Advance rents",
                "concept": "AdvanceRent",
                "unit": "usd",
                "value": 8681000
            },
            {
                "label": "Tenant security deposits",
                "concept": "SecurityDepositLiability",
                "unit": "usd",
                "value": 10875000
            },
            {
                "label": "Other liabilities related to properties held for sale",
                "concept": "LiabilitiesOfDisposalGroupIncludingDiscontinuedOperation",
                "unit": "usd",
                "value": 875000
            },
            {
                "label": "Total liabilities",
                "concept": "Liabilities",
                "unit": "usd",
                "value": 1264472000
            },
            {
                "label": "Preferred shares; $0.01 par value; 10,000 shares authorized; no shares issued or outstanding",
                "concept": "PreferredStockValue",
                "unit": "usd",
                "value": "N/A"
            },
            {
                "label": "Shares of beneficial interest, $0.01 par value; 100,000 shares authorized; 82,315 and 82,099 shares issued and outstanding, as of March 31, 2020 and December 31, 2019, respectively",
                "concept": "CommonStockValue",
                "unit": "usd",
                "value": 823000
            },
            {
                "label": "Additional paid in capital",
                "concept": "AdditionalPaidInCapital",
                "unit": "usd",
                "value": 1596242000
            },
            {
                "label": "Distributions in excess of net income",
                "concept": "AccumulatedDistributionsInExcessOfNetIncome",
                "unit": "usd",
                "value": 206506000
            },
            {
                "label": "Accumulated other comprehensive (loss) income",
                "concept": "AccumulatedOtherComprehensiveIncomeLossNetOfTax",
                "unit": "usd",
                "value": 32744000
            },
            {
                "label": "Total shareholders\u2019 equity",
                "concept": "StockholdersEquity",
                "unit": "usd",
                "value": 1357815000
            },
            {
                "label": "Noncontrolling interests in subsidiaries",
                "concept": "MinorityInterest",
                "unit": "usd",
                "value": 333000
            },
            {
                "label": "Total equity",
                "concept": "StockholdersEquityIncludingPortionAttributableToNoncontrollingInterest",
                "unit": "usd",
                "value": 1358148000
            },
            {
                "label": "Total liabilities and equity",
                "concept": "LiabilitiesAndStockholdersEquity",
                "unit": "usd",
                "value": 2622620000
            }
        ],
        "cf": [
            {
                "label": "Net income (loss)",
                "concept": "ProfitLoss",
                "unit": "usd",
                "value": 1719000
            },
            {
                "label": "Depreciation and amortization",
                "concept": "DepreciationDepletionAndAmortization",
                "unit": "usd",
                "value": 29720000
            },
            {
                "label": "Credit losses on lease related receivables",
                "concept": "ProvisionForDoubtfulAccounts",
                "unit": "usd",
                "value": 923000
            },
            {
                "label": "Share-based compensation expense",
                "concept": "ShareBasedCompensation",
                "unit": "usd",
                "value": 1778000
            },
            {
                "label": "Amortization of debt premiums, discounts and related financing costs",
                "concept": "AmortizationOfFinancingCostsAndDiscounts",
                "unit": "usd",
                "value": 645000
            },
            {
                "label": "Loss on extinguishment of debt",
                "concept": "GainsLossesOnExtinguishmentOfDebt",
                "unit": "usd",
                "value": 468000
            },
            {
                "label": "Changes in operating other assets",
                "concept": "IncreaseDecreaseInPrepaidDeferredExpenseAndOtherAssets",
                "unit": "usd",
                "value": 895000
            },
            {
                "label": "Changes in operating other liabilities",
                "concept": "IncreaseDecreaseInAccountsPayableAndAccruedLiabilities",
                "unit": "usd",
                "value": 6352000
            },
            {
                "label": "Net cash provided by operating activities",
                "concept": "NetCashProvidedByUsedInOperatingActivities",
                "unit": "usd",
                "value": 28860000
            },
            {
                "label": "Capital improvements to real estate",
                "concept": "PaymentsForCapitalImprovements",
                "unit": "usd",
                "value": 10846000
            },
            {
                "label": "Development in progress",
                "concept": "PaymentsToDevelopRealEstateAssets",
                "unit": "usd",
                "value": 9402000
            },
            {
                "label": "Non-real estate capital improvements",
                "concept": "PaymentsToAcquireOtherProductiveAssets",
                "unit": "usd",
                "value": 94000
            },
            {
                "label": "Net cash used in investing activities",
                "concept": "NetCashProvidedByUsedInInvestingActivities",
                "unit": "usd",
                "value": 20342000
            },
            {
                "label": "Line of credit borrowings, net",
                "concept": "ProceedsFromLongTermLinesOfCredit",
                "unit": "usd",
                "value": 92000000
            },
            {
                "label": "Dividends paid",
                "concept": "PaymentsOfDividends",
                "unit": "usd",
                "value": 49485000
            },
            {
                "label": "Principal payments \u2013 mortgage notes payable",
                "concept": "RepaymentsOfSecuredDebt",
                "unit": "usd",
                "value": 46567000
            },
            {
                "label": "Payment of financing costs",
                "concept": "PaymentOfFinancingAndStockIssuanceCosts",
                "unit": "usd",
                "value": "N/A"
            },
            {
                "label": "Distributions to noncontrolling interests",
                "concept": "PaymentsToMinorityShareholders",
                "unit": "usd",
                "value": 3000
            },
            {
                "label": "Proceeds from dividend reinvestment program",
                "concept": "ProceedsFromIssuanceOfCommonStockDividendReinvestmentPlan",
                "unit": "usd",
                "value": 921000
            },
            {
                "label": "Payment of tax withholdings for restricted share awards",
                "concept": "PaymentsRelatedToTaxWithholdingForShareBasedCompensation",
                "unit": "usd",
                "value": 141000
            },
            {
                "label": "Net cash used in financing activities",
                "concept": "NetCashProvidedByUsedInFinancingActivities",
                "unit": "usd",
                "value": 2034000
            },
            {
                "label": "Net increase in cash, cash equivalents and restricted cash",
                "concept": "CashCashEquivalentsRestrictedCashAndRestrictedCashEquivalentsPeriodIncreaseDecreaseIncludingExchangeRateEffect",
                "unit": "usd",
                "value": 6484000
            },
            {
                "label": "Cash paid for interest, net of amounts capitalized",
                "concept": "InterestPaidNet",
                "unit": "usd",
                "value": 5133000
            },
            {
                "label": "Change in accrued capital improvements and development costs",
                "concept": "wre:ChangeInAccruedCapitalImprovementAndDevelopmentCosts",
                "unit": "usd",
                "value": 4851000
            }
        ],
        "ic": [
            {
                "label": "Depreciation and amortization",
                "concept": "DepreciationAndAmortization",
                "unit": "usd",
                "value": 29720000
            },
            {
                "label": "General and administrative expenses",
                "concept": "GeneralAndAdministrativeExpense",
                "unit": "usd",
                "value": 6337000
            },
            {
                "label": "Real estate impairment",
                "concept": "ImpairmentOfRealEstate",
                "unit": "usd",
                "value": "N/A"
            },
            {
                "label": "Expenses",
                "concept": "CostsAndExpenses",
                "unit": "usd",
                "value": 64696000
            },
            {
                "label": "Real estate operating income",
                "concept": "OperatingIncomeLoss",
                "unit": "usd",
                "value": 12096000
            },
            {
                "label": "Other expense",
                "concept": "InterestAndDebtExpense",
                "unit": "usd",
                "value": 10377000
            },
            {
                "label": "Income (loss) from continuing operations",
                "concept": "IncomeLossFromContinuingOperationsIncludingPortionAttributableToNoncontrollingInterest",
                "unit": "usd",
                "value": 1719000
            },
            {
                "label": "Continuing operations, basic (in dollars per share)",
                "concept": "IncomeLossFromContinuingOperationsPerBasicShare",
                "unit": "usd/shares",
                "value": 0.02
            },
            {
                "label": "Basic net income (loss) attributable to the controlling interests per common share (in dollars per share)",
                "concept": "EarningsPerShareBasic",
                "unit": "usd/shares",
                "value": 0.02
            },
            {
                "label": "Continuing operations, diluted (in dollars per share)",
                "concept": "IncomeLossFromContinuingOperationsPerDilutedShare",
                "unit": "usd/shares",
                "value": 0.02
            },
            {
                "label": "Diluted net income (loss) attributable to the controlling interests per common share (in dollars per share)",
                "concept": "EarningsPerShareDiluted",
                "unit": "usd/shares",
                "value": 0.02
            },
            {
                "label": "Weighted average shares outstanding - basic (in shares)",
                "concept": "WeightedAverageNumberOfSharesOutstandingBasic",
                "unit": "shares",
                "value": 82086000
            },
            {
                "label": "Weighted average shares outstanding - diluted (in shares)",
                "concept": "WeightedAverageNumberOfDilutedSharesOutstanding",
                "unit": "shares",
                "value": 82287000
            }
        ]
    }
}