{
    "startDate": "2020-01-01",
    "endDate": "2020-03-31",
    "year": "2020",
    "quarter": "Q1",
    "symbol": "FELE",
    "data": {
        "bs": [
            {
                "label": "Cash and cash equivalents",
                "concept": "CashAndCashEquivalentsAtCarryingValue",
                "unit": "usd",
                "value": 39987000
            },
            {
                "label": "Receivables, less allowances of $3,907 and $3,705, respectively",
                "concept": "AccountsReceivableNetCurrent",
                "unit": "usd",
                "value": 167590000
            },
            {
                "label": "Raw material",
                "concept": "InventoryRawMaterials",
                "unit": "usd",
                "value": 97538000
            },
            {
                "label": "Work-in-process",
                "concept": "InventoryWorkInProcess",
                "unit": "usd",
                "value": 21452000
            },
            {
                "label": "Finished goods",
                "concept": "InventoryFinishedGoods",
                "unit": "usd",
                "value": 191016000
            },
            {
                "label": "Total inventories",
                "concept": "InventoryNet",
                "unit": "usd",
                "value": 310006000
            },
            {
                "label": "Other current assets",
                "concept": "OtherAssetsCurrent",
                "unit": "usd",
                "value": 25472000
            },
            {
                "label": "Total current assets",
                "concept": "AssetsCurrent",
                "unit": "usd",
                "value": 543055000
            },
            {
                "label": "Land and buildings",
                "concept": "fele:LandAndBuildingsGross",
                "unit": "usd",
                "value": 134041000
            },
            {
                "label": "Machinery and equipment",
                "concept": "MachineryAndEquipmentGross",
                "unit": "usd",
                "value": 271115000
            },
            {
                "label": "Furniture and fixtures",
                "concept": "FurnitureAndFixturesGross",
                "unit": "usd",
                "value": 42984000
            },
            {
                "label": "Other",
                "concept": "PropertyPlantAndEquipmentOther",
                "unit": "usd",
                "value": 26824000
            },
            {
                "label": "Property, plant, and equipment, gross",
                "concept": "PropertyPlantAndEquipmentGross",
                "unit": "usd",
                "value": 474964000
            },
            {
                "label": "Less: Allowance for depreciation",
                "concept": "AccumulatedDepreciationDepletionAndAmortizationPropertyPlantAndEquipment",
                "unit": "usd",
                "value": 286318000
            },
            {
                "label": "Property, plant, and equipment, net",
                "concept": "PropertyPlantAndEquipmentNet",
                "unit": "usd",
                "value": 188646000
            },
            {
                "label": "Right-of-Use Asset, net",
                "concept": "OperatingLeaseRightOfUseAsset",
                "unit": "usd",
                "value": 26583000
            },
            {
                "label": "Deferred income taxes",
                "concept": "DeferredIncomeTaxAssetsNet",
                "unit": "usd",
                "value": 9167000
            },
            {
                "label": "Intangible assets, net",
                "concept": "IntangibleAssetsNetExcludingGoodwill",
                "unit": "usd",
                "value": 124503000
            },
            {
                "label": "Goodwill",
                "concept": "Goodwill",
                "unit": "usd",
                "value": 255772000
            },
            {
                "label": "Other assets",
                "concept": "OtherAssetsNoncurrent",
                "unit": "usd",
                "value": 1807000
            },
            {
                "label": "Total assets",
                "concept": "Assets",
                "unit": "usd",
                "value": 1149533000
            },
            {
                "label": "Accounts payable",
                "concept": "AccountsPayableCurrent",
                "unit": "usd",
                "value": 88388000
            },
            {
                "label": "Accrued expenses and other current liabilities",
                "concept": "fele:AccruedExpensesEmployeeRelatedLiabilitiesandOtherCurrent",
                "unit": "usd",
                "value": 48921000
            },
            {
                "label": "Current lease liability",
                "concept": "OperatingLeaseLiabilityCurrent",
                "unit": "usd",
                "value": 9451000
            },
            {
                "label": "Income taxes",
                "concept": "AccruedIncomeTaxesCurrent",
                "unit": "usd",
                "value": 2907000
            },
            {
                "label": "Current maturities of long-term debt and short-term borrowings",
                "concept": "DebtCurrent",
                "unit": "usd",
                "value": 41720000
            },
            {
                "label": "Total current liabilities",
                "concept": "LiabilitiesCurrent",
                "unit": "usd",
                "value": 191387000
            },
            {
                "label": "Long-term debt",
                "concept": "LongTermDebtAndCapitalLeaseObligations",
                "unit": "usd",
                "value": 92563000
            },
            {
                "label": "Long-term lease liability",
                "concept": "OperatingLeaseLiabilityNoncurrent",
                "unit": "usd",
                "value": 17134000
            },
            {
                "label": "Income taxes payable non-current",
                "concept": "LiabilityForUncertainTaxPositionsNoncurrent",
                "unit": "usd",
                "value": 11964000
            },
            {
                "label": "Deferred income taxes",
                "concept": "DeferredIncomeTaxLiabilitiesNet",
                "unit": "usd",
                "value": 27117000
            },
            {
                "label": "Employee benefit plans",
                "concept": "PensionAndOtherPostretirementDefinedBenefitPlansLiabilitiesNoncurrent",
                "unit": "usd",
                "value": 37057000
            },
            {
                "label": "Other long-term liabilities",
                "concept": "OtherLiabilitiesNoncurrent",
                "unit": "usd",
                "value": 19090000
            },
            {
                "label": "Commitments and contingencies (see Note 14)",
                "concept": "CommitmentsAndContingencies",
                "unit": "usd",
                "value": "N/A"
            },
            {
                "label": "Redeemable noncontrolling interest",
                "concept": "RedeemableNoncontrollingInterestEquityCarryingAmount",
                "unit": "usd",
                "value": 245000
            },
            {
                "label": "Common stock (65,000 shares authorized, $.10 par value) outstanding (46,144 and 46,391, respectively)",
                "concept": "CommonStockValue",
                "unit": "usd",
                "value": 4614000
            },
            {
                "label": "Additional capital",
                "concept": "AdditionalPaidInCapitalCommonStock",
                "unit": "usd",
                "value": 274869000
            },
            {
                "label": "Retained earnings",
                "concept": "RetainedEarningsAccumulatedDeficit",
                "unit": "usd",
                "value": 698917000
            },
            {
                "label": "Accumulated other comprehensive loss",
                "concept": "AccumulatedOtherComprehensiveIncomeLossNetOfTax",
                "unit": "usd",
                "value": 227221000
            },
            {
                "label": "Total shareholders' equity",
                "concept": "StockholdersEquity",
                "unit": "usd",
                "value": 751179000
            },
            {
                "label": "Noncontrolling interest",
                "concept": "MinorityInterest",
                "unit": "usd",
                "value": 2287000
            },
            {
                "label": "Total equity",
                "concept": "StockholdersEquityIncludingPortionAttributableToNoncontrollingInterest",
                "unit": "usd",
                "value": 753466000
            },
            {
                "label": "Total liabilities and equity",
                "concept": "LiabilitiesAndStockholdersEquity",
                "unit": "usd",
                "value": 1149533000
            }
        ],
        "cf": [
            {
                "label": "Net income",
                "concept": "ProfitLoss",
                "unit": "usd",
                "value": 10792000
            },
            {
                "label": "Depreciation and amortization",
                "concept": "DepreciationDepletionAndAmortization",
                "unit": "usd",
                "value": 9199000
            },
            {
                "label": "Non-cash lease expense",
                "concept": "AmortizationOfLeasedAsset",
                "unit": "usd",
                "value": 1962000
            },
            {
                "label": "Share-based compensation",
                "concept": "ShareBasedCompensation",
                "unit": "usd",
                "value": 4352000
            },
            {
                "label": "Deferred income taxes",
                "concept": "DeferredIncomeTaxExpenseBenefit",
                "unit": "usd",
                "value": 82000
            },
            {
                "label": "Loss on disposals of plant and equipment",
                "concept": "GainLossOnSalesOfAssetsAndAssetImpairmentCharges",
                "unit": "usd",
                "value": 106000
            },
            {
                "label": "Foreign exchange income",
                "concept": "ForeignCurrencyTransactionGainLossBeforeTax",
                "unit": "usd",
                "value": 962000
            },
            {
                "label": "Receivables",
                "concept": "IncreaseDecreaseInAccountsReceivable",
                "unit": "usd",
                "value": 2574000
            },
            {
                "label": "Inventory",
                "concept": "IncreaseDecreaseInInventories",
                "unit": "usd",
                "value": 19952000
            },
            {
                "label": "Accounts payable and accrued expenses",
                "concept": "IncreaseDecreaseInAccountsPayableAndAccruedLiabilities",
                "unit": "usd",
                "value": 4223000
            },
            {
                "label": "Operating Leases",
                "concept": "OperatingLeasePayments",
                "unit": "usd",
                "value": 1962000
            },
            {
                "label": "Income taxes",
                "concept": "IncreaseDecreaseInAccruedIncomeTaxesPayable",
                "unit": "usd",
                "value": 786000
            },
            {
                "label": "Employee benefit plans",
                "concept": "IncreaseDecreaseInPensionAndPostretirementObligations",
                "unit": "usd",
                "value": 35000
            },
            {
                "label": "Other, net",
                "concept": "IncreaseDecreaseInOtherOperatingCapitalNet",
                "unit": "usd",
                "value": 2063000
            },
            {
                "label": "Net cash flows from operating activities",
                "concept": "NetCashProvidedByUsedInOperatingActivities",
                "unit": "usd",
                "value": 4656000
            },
            {
                "label": "Additions to property, plant, and equipment",
                "concept": "PaymentsToAcquirePropertyPlantAndEquipment",
                "unit": "usd",
                "value": 5535000
            },
            {
                "label": "Proceeds from sale of property, plant, and equipment",
                "concept": "ProceedsFromSaleOfPropertyPlantAndEquipment",
                "unit": "usd",
                "value": 25000
            },
            {
                "label": "Cash paid for acquisitions, net of cash acquired",
                "concept": "PaymentsToAcquireBusinessesNetOfCashAcquired",
                "unit": "usd",
                "value": 5626000
            },
            {
                "label": "Other, net",
                "concept": "PaymentsForProceedsFromOtherInvestingActivities",
                "unit": "usd",
                "value": "N/A"
            },
            {
                "label": "Net cash flows from investing activities",
                "concept": "NetCashProvidedByUsedInInvestingActivities",
                "unit": "usd",
                "value": 11136000
            },
            {
                "label": "Proceeds from issuance of debt",
                "concept": "ProceedsFromIssuanceOfDebt",
                "unit": "usd",
                "value": 56680000
            },
            {
                "label": "Repayment of debt",
                "concept": "RepaymentsOfDebtAndCapitalLeaseObligations",
                "unit": "usd",
                "value": 37010000
            },
            {
                "label": "Proceeds from issuance of common stock",
                "concept": "ProceedsFromIssuanceOfCommonStock",
                "unit": "usd",
                "value": 871000
            },
            {
                "label": "Purchases of common stock",
                "concept": "PaymentsForRepurchaseOfCommonStock",
                "unit": "usd",
                "value": 16981000
            },
            {
                "label": "Dividends paid",
                "concept": "PaymentsOfDividends",
                "unit": "usd",
                "value": 7240000
            },
            {
                "label": "Net cash flows from financing activities",
                "concept": "NetCashProvidedByUsedInFinancingActivities",
                "unit": "usd",
                "value": 3680000
            },
            {
                "label": "Effect of exchange rate changes on cash",
                "concept": "EffectOfExchangeRateOnCashAndCashEquivalents",
                "unit": "usd",
                "value": 4946000
            },
            {
                "label": "Cash, Cash Equivalents, Restricted Cash and Restricted Cash Equivalents, Period Increase (Decrease), Including Exchange Rate Effect, Total",
                "concept": "CashCashEquivalentsRestrictedCashAndRestrictedCashEquivalentsPeriodIncreaseDecreaseIncludingExchangeRateEffect",
                "unit": "usd",
                "value": 24418000
            },
            {
                "label": "Cash paid for income taxes, net of refunds",
                "concept": "IncomeTaxesPaidNet",
                "unit": "usd",
                "value": 3126000
            },
            {
                "label": "Cash paid for interest",
                "concept": "InterestPaidNet",
                "unit": "usd",
                "value": 2254000
            },
            {
                "label": "Additions to property, plant, and equipment, not yet paid",
                "concept": "CapitalExpendituresIncurredButNotYetPaid",
                "unit": "usd",
                "value": 314000
            },
            {
                "label": "Right-of-Use Assets obtained in exchange for new operating lease liabilities",
                "concept": "RightOfUseAssetObtainedInExchangeForOperatingLeaseLiability",
                "unit": "usd",
                "value": 1888000
            },
            {
                "label": "Payable to sellers of acquired entities",
                "concept": "NoncashOrPartNoncashAcquisitionPayablesAssumed1",
                "unit": "usd",
                "value": 650000
            }
        ],
        "ic": [
            {
                "label": "Net income",
                "concept": "ProfitLoss",
                "unit": "usd",
                "value": 10792000
            },
            {
                "label": "Foreign currency translation adjustments",
                "concept": "OtherComprehensiveIncomeLossForeignCurrencyTransactionAndTranslationAdjustmentBeforeTax",
                "unit": "usd",
                "value": 37722000
            },
            {
                "label": "Employee benefit plan activity",
                "concept": "OtherComprehensiveIncomeLossPensionAndOtherPostretirementBenefitPlansAdjustmentBeforeTax",
                "unit": "usd",
                "value": 901000
            },
            {
                "label": "Other comprehensive (loss)",
                "concept": "OtherComprehensiveIncomeLossBeforeTax",
                "unit": "usd",
                "value": 36821000
            },
            {
                "label": "Income tax expense related to items of other comprehensive (loss)",
                "concept": "OtherComprehensiveIncomeLossTax",
                "unit": "usd",
                "value": 185000
            },
            {
                "label": "Other comprehensive (loss), net of tax",
                "concept": "OtherComprehensiveIncomeLossNetOfTax",
                "unit": "usd",
                "value": 37006000
            },
            {
                "label": "Comprehensive income/(loss)",
                "concept": "ComprehensiveIncomeNetOfTaxIncludingPortionAttributableToNoncontrollingInterest",
                "unit": "usd",
                "value": 26214000
            },
            {
                "label": "Less: Comprehensive income attributable to noncontrolling interests",
                "concept": "ComprehensiveIncomeNetOfTaxAttributableToNoncontrollingInterest",
                "unit": "usd",
                "value": 154000
            },
            {
                "label": "Comprehensive income/(loss) attributable to Franklin Electric Co., Inc.",
                "concept": "ComprehensiveIncomeNetOfTax",
                "unit": "usd",
                "value": 26368000
            }
        ]
    }
}