{
    "startDate": "2020-01-26",
    "endDate": "2020-04-25",
    "year": "2021",
    "quarter": "Q1",
    "symbol": "DY",
    "data": {
        "bs": [
            {
                "label": "Total stockholders\u2019 equity",
                "concept": "StockholdersEquity",
                "unit": "usd",
                "value": 833894000
            },
            {
                "label": "Common stock, shares outstanding",
                "concept": "CommonStockSharesOutstanding",
                "unit": "shares",
                "value": 31632661
            },
            {
                "label": "Total stockholders\u2019 equity",
                "concept": "StockholdersEquity",
                "unit": "usd",
                "value": 833894000
            },
            {
                "label": "Common stock, shares outstanding",
                "concept": "CommonStockSharesOutstanding",
                "unit": "shares",
                "value": 31632661
            }
        ],
        "cf": [
            {
                "label": "Interest Paid, Excluding Capitalized Interest, Operating Activities",
                "concept": "InterestPaidNet",
                "unit": "usd",
                "value": 8510000
            },
            {
                "label": "Gain (Loss) on Extinguishment of Debt",
                "concept": "GainsLossesOnExtinguishmentOfDebt",
                "unit": "usd",
                "value": 12504000
            },
            {
                "label": "Extinguishment of 0.75% senior notes",
                "concept": "RepaymentsOfLongTermDebt",
                "unit": "usd",
                "value": 167003000
            },
            {
                "label": "Proceeds From Redemption Of Discount on Debt Instrument [Abstract]",
                "concept": "dy:ProceedsFromRedemptionOfDiscountOnDebtInstrument",
                "unit": "usd",
                "value": 20040000
            },
            {
                "label": "Proceeds from Derivative Instrument, Financing Activities",
                "concept": "ProceedsFromDerivativeInstrumentFinancingActivities",
                "unit": "usd",
                "value": 341000
            },
            {
                "label": "Purchase of warrants",
                "concept": "PaymentsForRepurchaseOfWarrants",
                "unit": "usd",
                "value": 397000
            },
            {
                "label": "Net income",
                "concept": "NetIncomeLoss",
                "unit": "usd",
                "value": 32418000
            },
            {
                "label": "Depreciation and amortization",
                "concept": "DepreciationDepletionAndAmortization",
                "unit": "usd",
                "value": 45871000
            },
            {
                "label": "Non-cash lease expense",
                "concept": "dy:NoncashLeaseExpense",
                "unit": "usd",
                "value": 7921000
            },
            {
                "label": "Deferred income tax (benefit) provision",
                "concept": "DeferredIncomeTaxExpenseBenefit",
                "unit": "usd",
                "value": 8710000
            },
            {
                "label": "Stock-based compensation",
                "concept": "ShareBasedCompensation",
                "unit": "usd",
                "value": 2322000
            },
            {
                "label": "Provision for bad debt (recovery), net",
                "concept": "ProvisionForDoubtfulAccounts",
                "unit": "usd",
                "value": 118000
            },
            {
                "label": "Gain on sale of fixed assets",
                "concept": "GainLossOnSaleOfPropertyPlantEquipment",
                "unit": "usd",
                "value": 1788000
            },
            {
                "label": "Amortization of debt discount",
                "concept": "AmortizationOfDebtDiscountPremium",
                "unit": "usd",
                "value": 4341000
            },
            {
                "label": "Amortization of debt issuance costs and other",
                "concept": "AmortizationOfFinancingCosts",
                "unit": "usd",
                "value": 951000
            },
            {
                "label": "Goodwill impairment charge",
                "concept": "GoodwillImpairmentLoss",
                "unit": "usd",
                "value": 53264000
            },
            {
                "label": "Accounts receivable, net",
                "concept": "IncreaseDecreaseInAccountsReceivable",
                "unit": "usd",
                "value": 54134000
            },
            {
                "label": "Contract assets, net",
                "concept": "IncreaseDecreaseInContractWithCustomerAsset",
                "unit": "usd",
                "value": 13763000
            },
            {
                "label": "Other current assets and inventories",
                "concept": "dy:IncreaseDecreaseInOtherCurrentAssetsAndInventory",
                "unit": "usd",
                "value": 11337000
            },
            {
                "label": "Other assets",
                "concept": "IncreaseDecreaseInOtherNoncurrentAssets",
                "unit": "usd",
                "value": 2019000
            },
            {
                "label": "Income taxes receivable/payable",
                "concept": "IncreaseDecreaseInIncomeTaxesReceivable",
                "unit": "usd",
                "value": 11518000
            },
            {
                "label": "Accounts payable",
                "concept": "IncreaseDecreaseInAccountsPayable",
                "unit": "usd",
                "value": 80319000
            },
            {
                "label": "Accrued liabilities, insurance claims, operating lease liabilities, and other liabilities",
                "concept": "IncreaseDecreaseInAccruedLiabilities",
                "unit": "usd",
                "value": 11171000
            },
            {
                "label": "Net cash provided by (used in) operating activities",
                "concept": "NetCashProvidedByUsedInOperatingActivities",
                "unit": "usd",
                "value": 85161000
            },
            {
                "label": "Capital expenditures",
                "concept": "PaymentsToAcquirePropertyPlantAndEquipment",
                "unit": "usd",
                "value": 20701000
            },
            {
                "label": "Proceeds from sale of assets",
                "concept": "ProceedsFromSaleOfProductiveAssets",
                "unit": "usd",
                "value": 2400000
            },
            {
                "label": "Net cash used in investing activities",
                "concept": "NetCashProvidedByUsedInInvestingActivities",
                "unit": "usd",
                "value": 18301000
            },
            {
                "label": "Proceeds from Long-term Lines of Credit",
                "concept": "ProceedsFromLongTermLinesOfCredit",
                "unit": "usd",
                "value": 675000000
            },
            {
                "label": "Principal payments on senior credit agreement, including term loans",
                "concept": "RepaymentsOfLongTermLinesOfCredit",
                "unit": "usd",
                "value": 5625000
            },
            {
                "label": "Exercise of stock options",
                "concept": "ProceedsFromStockOptionsExercised",
                "unit": "usd",
                "value": 242000
            },
            {
                "label": "Restricted stock tax withholdings",
                "concept": "PaymentsRelatedToTaxWithholdingForShareBasedCompensation",
                "unit": "usd",
                "value": 326000
            },
            {
                "label": "Net cash provided by (used in) financing activities",
                "concept": "NetCashProvidedByUsedInFinancingActivities",
                "unit": "usd",
                "value": 522272000
            },
            {
                "label": "Net increase (decrease) in cash and equivalents and restricted cash",
                "concept": "CashCashEquivalentsRestrictedCashAndRestrictedCashEquivalentsPeriodIncreaseDecreaseExcludingExchangeRateEffect",
                "unit": "usd",
                "value": 589132000
            },
            {
                "label": "Cash paid for taxes, net",
                "concept": "IncomeTaxesPaid",
                "unit": "usd",
                "value": 52000
            },
            {
                "label": "Purchases of capital assets included in accounts payable or other accrued liabilities at period end",
                "concept": "CapitalExpendituresIncurredButNotYetPaid",
                "unit": "usd",
                "value": 2933000
            },
            {
                "label": "Gain (Loss) on Extinguishment of Debt",
                "concept": "GainsLossesOnExtinguishmentOfDebt",
                "unit": "usd",
                "value": 12504000
            }
        ],
        "ic": [
            {
                "label": "Net income",
                "concept": "NetIncomeLoss",
                "unit": "usd",
                "value": 32418000
            },
            {
                "label": "Foreign currency translation losses, net of tax",
                "concept": "OtherComprehensiveIncomeForeignCurrencyTransactionAndTranslationAdjustmentNetOfTaxPortionAttributableToParent",
                "unit": "usd",
                "value": 31000
            },
            {
                "label": "Comprehensive (loss) income",
                "concept": "ComprehensiveIncomeNetOfTax",
                "unit": "usd",
                "value": 32449000
            }
        ]
    }
}