{
    "startDate": "2020-01-01",
    "endDate": "2020-03-31",
    "year": "2020",
    "quarter": "Q1",
    "symbol": "THFF",
    "data": {
        "bs": [
            {
                "label": "Cash and due from banks",
                "concept": "CashAndDueFromBanks",
                "unit": "usd",
                "value": 211034000
            },
            {
                "label": "Federal funds sold",
                "concept": "FederalFundsSold",
                "unit": "usd",
                "value": 1000
            },
            {
                "label": "Financing Receivable, before Allowance for Credit Loss, Current",
                "concept": "NotesAndLoansReceivableGrossCurrent",
                "unit": "usd",
                "value": 1567340000
            },
            {
                "label": "Residential",
                "concept": "thff:LoansAndLeasesReceivableResidential",
                "unit": "usd",
                "value": 663060000
            },
            {
                "label": "Consumer",
                "concept": "thff:LoansAndLeasesReceivableGrossConsumerExcludingMortgageAndHomeEquity",
                "unit": "usd",
                "value": 387980000
            },
            {
                "label": "Loans, gross",
                "concept": "LoansAndLeasesReceivableGrossCarryingAmount",
                "unit": "usd",
                "value": 2618380000
            },
            {
                "label": "Less: Unearned Income",
                "concept": "LoansAndLeasesReceivableDeferredIncome",
                "unit": "usd",
                "value": -4257000
            },
            {
                "label": "Less: Allowance for loan losses",
                "concept": "LoansAndLeasesReceivableAllowance",
                "unit": "usd",
                "value": 21063000
            },
            {
                "label": "Loans, Net",
                "concept": "LoansAndLeasesReceivableNetReportedAmount",
                "unit": "usd",
                "value": 2601574000
            },
            {
                "label": "Premises and equipment, net",
                "concept": "PropertyPlantAndEquipmentNet",
                "unit": "usd",
                "value": 63140000
            },
            {
                "label": "Bank-owned life insurance",
                "concept": "BankOwnedLifeInsurance",
                "unit": "usd",
                "value": 94633000
            },
            {
                "label": "Other intangible assets",
                "concept": "IntangibleAssetsNetExcludingGoodwill",
                "unit": "usd",
                "value": 10236000
            },
            {
                "label": "Other assets",
                "concept": "OtherAssets",
                "unit": "usd",
                "value": 34771000
            },
            {
                "label": "TOTAL ASSETS",
                "concept": "Assets",
                "unit": "usd",
                "value": 4062414000
            },
            {
                "label": "Non-interest-bearing",
                "concept": "NoninterestBearingDepositLiabilities",
                "unit": "usd",
                "value": 531758000
            },
            {
                "label": "Certificates of deposit exceeding the FDIC insurance limits",
                "concept": "InterestBearingDomesticDepositCertificatesOfDeposits",
                "unit": "usd",
                "value": 118162000
            },
            {
                "label": "Other interest-bearing deposits",
                "concept": "InterestbearingDomesticDepositOther",
                "unit": "usd",
                "value": 2641311000
            },
            {
                "label": "Total Deposits",
                "concept": "Deposits",
                "unit": "usd",
                "value": 3291231000
            },
            {
                "label": "Federal Funds Purchased and Securities Sold under Agreements to Repurchase",
                "concept": "FederalFundsPurchasedAndSecuritiesSoldUnderAgreementsToRepurchase",
                "unit": "usd",
                "value": 83784000
            },
            {
                "label": "Federal Home Loan Bank, Advances, Branch of FHLB Bank, Amount of Advances",
                "concept": "FederalHomeLoanBankAdvancesBranchOfFHLBBankAmountOfAdvancesByBranch",
                "unit": "usd",
                "value": 27494000
            },
            {
                "label": "Other liabilities",
                "concept": "OtherLiabilities",
                "unit": "usd",
                "value": 78134000
            },
            {
                "label": "TOTAL LIABILITIES",
                "concept": "Liabilities",
                "unit": "usd",
                "value": 3480643000
            },
            {
                "label": "Common stock, $.125 stated value per share; Authorized shares-40,000,000 Issued shares-16,075,154 in 2020 and 16,055,466 in 2019 Outstanding shares-13,714,154 in 2020 and 13,741,825 in 2019",
                "concept": "CommonStockValue",
                "unit": "usd",
                "value": 2005000
            },
            {
                "label": "Additional paid-in capital",
                "concept": "AdditionalPaidInCapitalCommonStock",
                "unit": "usd",
                "value": 139898000
            },
            {
                "label": "Retained earnings",
                "concept": "RetainedEarningsAccumulatedDeficit",
                "unit": "usd",
                "value": 504236000
            },
            {
                "label": "Accumulated other comprehensive income (loss)",
                "concept": "AccumulatedOtherComprehensiveIncomeLossNetOfTax",
                "unit": "usd",
                "value": 6001000
            },
            {
                "label": "Less: Treasury shares at cost-2,360,630 in 2020 and 2,313,641 in 2019",
                "concept": "TreasuryStockValue",
                "unit": "usd",
                "value": 70369000
            },
            {
                "label": "TOTAL SHAREHOLDERS' EQUITY",
                "concept": "StockholdersEquity",
                "unit": "usd",
                "value": 581771000
            },
            {
                "label": "TOTAL LIABILITIES AND SHAREHOLDERS' EQUITY",
                "concept": "LiabilitiesAndStockholdersEquity",
                "unit": "usd",
                "value": 4062414000
            }
        ],
        "cf": [
            {
                "label": "Net Income",
                "concept": "NetIncomeLoss",
                "unit": "usd",
                "value": 12181000
            },
            {
                "label": "Net amortization (accretion) of premiums and discounts on investments",
                "concept": "AmortizationOfDebtDiscountPremium",
                "unit": "usd",
                "value": 1462000
            },
            {
                "label": "Provision for loan losses",
                "concept": "ProvisionForLoanAndLeaseLosses",
                "unit": "usd",
                "value": 2690000
            },
            {
                "label": "Securities (gains) losses",
                "concept": "DebtAndEquitySecuritiesGainLoss",
                "unit": "usd",
                "value": 194000
            },
            {
                "label": "(Gain) loss on sale of other real estate",
                "concept": "GainsLossesOnSalesOfOtherRealEstate",
                "unit": "usd",
                "value": -23000
            },
            {
                "label": "Recovery of security for previously written off OTTI",
                "concept": "thff:RecoveryofsecurityforpreviouslywrittenoffOTTI",
                "unit": "usd",
                "value": 0
            },
            {
                "label": "Restricted stock compensation",
                "concept": "RestrictedStockExpense",
                "unit": "usd",
                "value": 204000
            },
            {
                "label": "Depreciation and amortization",
                "concept": "DepreciationAmortizationAndAccretionNet",
                "unit": "usd",
                "value": 1400000
            },
            {
                "label": "Other, net",
                "concept": "OtherOperatingActivitiesCashFlowStatement",
                "unit": "usd",
                "value": 8611000
            },
            {
                "label": "NET CASH FROM OPERATING ACTIVITIES",
                "concept": "NetCashProvidedByUsedInOperatingActivities",
                "unit": "usd",
                "value": 25679000
            },
            {
                "label": "Calls, maturities and principal reductions on securities available-for-sale",
                "concept": "ProceedsFromMaturitiesPrepaymentsAndCallsOfAvailableForSaleSecurities",
                "unit": "usd",
                "value": 46517000
            },
            {
                "label": "Purchases of securities available-for-sale",
                "concept": "PaymentsToAcquireAvailableForSaleSecurities",
                "unit": "usd",
                "value": 63516000
            },
            {
                "label": "Increase (Decrease) in Federal Funds Sold",
                "concept": "IncreaseDecreaseInFederalFundsSold",
                "unit": "usd",
                "value": 7499000
            },
            {
                "label": "Loans made to customers, net of repayment",
                "concept": "PaymentsForProceedsFromLoansAndLeases",
                "unit": "usd",
                "value": -33764000
            },
            {
                "label": "Proceeds from Sale of Restricted Investments",
                "concept": "ProceedsFromSaleOfRestrictedInvestments",
                "unit": "usd",
                "value": 0
            },
            {
                "label": "Payments to Acquire Restricted Investments",
                "concept": "PaymentsToAcquireRestrictedInvestments",
                "unit": "usd",
                "value": 6000
            },
            {
                "label": "Proceeds from sales of other real estate owned",
                "concept": "ProceedsFromSaleOfOtherRealEstate",
                "unit": "usd",
                "value": 44000
            },
            {
                "label": "Additions to premises and equipment",
                "concept": "PaymentsToAcquirePropertyPlantAndEquipment",
                "unit": "usd",
                "value": 1557000
            },
            {
                "label": "NET CASH FROM INVESTING ACTIVITIES",
                "concept": "NetCashProvidedByUsedInInvestingActivities",
                "unit": "usd",
                "value": 50349000
            },
            {
                "label": "Payments to Acquire Businesses, Net of Cash Acquired",
                "concept": "PaymentsToAcquireBusinessesNetOfCashAcquired",
                "unit": "usd",
                "value": 0
            },
            {
                "label": "Net change in deposits",
                "concept": "IncreaseDecreaseInDeposits",
                "unit": "usd",
                "value": 16281000
            },
            {
                "label": "Proceeds from (Payments for) in Securities Sold under Agreements to Repurchase",
                "concept": "ProceedsFromPaymentsForInSecuritiesSoldUnderAgreementsToRepurchase",
                "unit": "usd",
                "value": 3665000
            },
            {
                "label": "Maturities of other borrowings",
                "concept": "RepaymentsOfFederalHomeLoanBankBorrowings",
                "unit": "usd",
                "value": 5000000
            },
            {
                "label": "Proceeds from FHLBank Borrowings, Financing Activities",
                "concept": "ProceedsFromFederalHomeLoanBankBorrowings",
                "unit": "usd",
                "value": 1500000
            },
            {
                "label": "Purchase of treasury stock",
                "concept": "PaymentsForRepurchaseOfCommonStock",
                "unit": "usd",
                "value": 1724000
            },
            {
                "label": "Dividends paid",
                "concept": "PaymentsOfDividends",
                "unit": "usd",
                "value": 7142000
            },
            {
                "label": "Net Cash Provided by (Used in) Financing Activities",
                "concept": "NetCashProvidedByUsedInFinancingActivities",
                "unit": "usd",
                "value": 7580000
            },
            {
                "label": "NET CHANGE IN CASH AND CASH EQUIVALENTS",
                "concept": "CashCashEquivalentsRestrictedCashAndRestrictedCashEquivalentsPeriodIncreaseDecreaseExcludingExchangeRateEffect",
                "unit": "usd",
                "value": 83608000
            }
        ],
        "ic": [
            {
                "label": "Loans, including related fees",
                "concept": "InterestAndFeeIncomeLoansAndLeases",
                "unit": "usd",
                "value": 35034000
            },
            {
                "label": "Taxable",
                "concept": "InterestIncomeSecuritiesTaxable",
                "unit": "usd",
                "value": 4029000
            },
            {
                "label": "Tax-exempt",
                "concept": "InterestIncomeSecuritiesTaxExempt",
                "unit": "usd",
                "value": 1938000
            },
            {
                "label": "Other",
                "concept": "OtherInterestAndDividendIncome",
                "unit": "usd",
                "value": 402000
            },
            {
                "label": "TOTAL INTEREST INCOME",
                "concept": "InterestAndDividendIncomeOperating",
                "unit": "usd",
                "value": 41403000
            },
            {
                "label": "Deposits",
                "concept": "InterestExpenseDeposits",
                "unit": "usd",
                "value": 4530000
            },
            {
                "label": "Short-term borrowings",
                "concept": "InterestExpenseShortTermBorrowings",
                "unit": "usd",
                "value": 267000
            },
            {
                "label": "Other borrowings",
                "concept": "InterestExpenseOther",
                "unit": "usd",
                "value": 256000
            },
            {
                "label": "TOTAL INTEREST EXPENSE",
                "concept": "InterestExpense",
                "unit": "usd",
                "value": 5053000
            },
            {
                "label": "NET INTEREST INCOME",
                "concept": "InterestIncomeExpenseNet",
                "unit": "usd",
                "value": 36350000
            },
            {
                "label": "Provision for loan losses",
                "concept": "ProvisionForLoanAndLeaseLosses",
                "unit": "usd",
                "value": 2690000
            },
            {
                "label": "NET INTEREST INCOME AFTER PROVISION FOR LOAN LOSSES",
                "concept": "InterestIncomeExpenseAfterProvisionForLoanLoss",
                "unit": "usd",
                "value": 33660000
            },
            {
                "label": "Trust and financial services",
                "concept": "thff:TrustAndFinancialServicesRevenue",
                "unit": "usd",
                "value": 1534000
            },
            {
                "label": "Service charges and fees on deposit accounts",
                "concept": "thff:ServiceChargesAndFeesOnDepositAccounts",
                "unit": "usd",
                "value": 2998000
            },
            {
                "label": "Other service charges and fees",
                "concept": "thff:ServiceChargesAndFeesOther",
                "unit": "usd",
                "value": 3330000
            },
            {
                "label": "Gain on sales of mortgage loans",
                "concept": "GainLossOnSaleOfMortgageLoans",
                "unit": "usd",
                "value": 698000
            },
            {
                "label": "Other",
                "concept": "NoninterestIncomeOtherOperatingIncome",
                "unit": "usd",
                "value": 341000
            },
            {
                "label": "TOTAL NON-INTEREST INCOME",
                "concept": "NoninterestIncome",
                "unit": "usd",
                "value": 9095000
            },
            {
                "label": "Salaries and employee benefits",
                "concept": "LaborAndRelatedExpense",
                "unit": "usd",
                "value": 15972000
            },
            {
                "label": "Occupancy expense",
                "concept": "OccupancyNet",
                "unit": "usd",
                "value": 1929000
            },
            {
                "label": "Equipment expense",
                "concept": "EquipmentExpense",
                "unit": "usd",
                "value": 2461000
            },
            {
                "label": "FDIC Expense",
                "concept": "thff:FederalDepositInsuranceCorporationPremiumExpenseBenefit",
                "unit": "usd",
                "value": -230000
            },
            {
                "label": "Other",
                "concept": "OtherNoninterestExpense",
                "unit": "usd",
                "value": 7422000
            },
            {
                "label": "TOTAL NON-INTEREST EXPENSE",
                "concept": "NoninterestExpense",
                "unit": "usd",
                "value": 27554000
            },
            {
                "label": "INCOME BEFORE INCOME TAXES",
                "concept": "IncomeLossFromContinuingOperationsBeforeIncomeTaxesExtraordinaryItemsNoncontrollingInterest",
                "unit": "usd",
                "value": 15201000
            },
            {
                "label": "Income tax expense",
                "concept": "IncomeTaxExpenseBenefit",
                "unit": "usd",
                "value": 3020000
            },
            {
                "label": "NET INCOME",
                "concept": "NetIncomeLoss",
                "unit": "usd",
                "value": 12181000
            },
            {
                "label": "Change in unrealized gains/losses on securities, net of reclassifications",
                "concept": "OtherComprehensiveIncomeAvailableforsaleSecuritiesAdjustmentBeforeTaxPortionAttributableToParent",
                "unit": "usd",
                "value": 13098000
            },
            {
                "label": "COMPREHENSIVE INCOME (LOSS)",
                "concept": "ComprehensiveIncomeNetOfTax",
                "unit": "usd",
                "value": 25683000
            },
            {
                "label": "Basic and Diluted Earnings per Share (in dollars per share)",
                "concept": "EarningsPerShareBasicAndDiluted",
                "unit": "usd/shares",
                "value": 0.89
            },
            {
                "label": "Weighted average number of shares outstanding (in thousands)",
                "concept": "WeightedAverageNumberOfShareOutstandingBasicAndDiluted",
                "unit": "shares",
                "value": 13740000
            }
        ]
    }
}