{
    "startDate": "2019-12-29",
    "endDate": "2020-03-28",
    "year": "2020",
    "quarter": "Q3",
    "symbol": "KTCC",
    "data": {
        "bs": [
            {
                "label": "Cash and cash equivalents",
                "concept": "CashAndCashEquivalentsAtCarryingValue",
                "unit": "usd",
                "value": 1302000
            },
            {
                "label": "Trade receivables, net of allowance for doubtful accounts of $609 and $58",
                "concept": "ReceivablesNetCurrent",
                "unit": "usd",
                "value": 77329000
            },
            {
                "label": "Contract assets",
                "concept": "ContractWithCustomerAssetNetCurrent",
                "unit": "usd",
                "value": 17681000
            },
            {
                "label": "Inventories, net",
                "concept": "InventoryNet",
                "unit": "usd",
                "value": 114052000
            },
            {
                "label": "Other",
                "concept": "OtherAssetsCurrent",
                "unit": "usd",
                "value": 19597000
            },
            {
                "label": "Total current assets",
                "concept": "AssetsCurrent",
                "unit": "usd",
                "value": 229961000
            },
            {
                "label": "Property, plant and equipment, net",
                "concept": "PropertyPlantAndEquipmentNet",
                "unit": "usd",
                "value": 30594000
            },
            {
                "label": "Deferred income tax asset",
                "concept": "DeferredTaxAssetsDeferredIncome",
                "unit": "usd",
                "value": 9825000
            },
            {
                "label": "Other intangible assets, net",
                "concept": "IntangibleAssetsNetExcludingGoodwill",
                "unit": "usd",
                "value": "N/A"
            },
            {
                "label": "Other",
                "concept": "OtherAssetsNoncurrent",
                "unit": "usd",
                "value": 2676000
            },
            {
                "label": "Total assets",
                "concept": "Assets",
                "unit": "usd",
                "value": 288403000
            },
            {
                "label": "Accounts payable",
                "concept": "AccountsPayableCurrent",
                "unit": "usd",
                "value": 71893000
            },
            {
                "label": "Accrued compensation and vacation",
                "concept": "EmployeeRelatedLiabilitiesCurrent",
                "unit": "usd",
                "value": 6702000
            },
            {
                "label": "Current portion of debt, net",
                "concept": "LongTermDebtCurrent",
                "unit": "usd",
                "value": 7508000
            },
            {
                "label": "Other",
                "concept": "OtherLiabilitiesCurrent",
                "unit": "usd",
                "value": 15470000
            },
            {
                "label": "Total current liabilities",
                "concept": "LiabilitiesCurrent",
                "unit": "usd",
                "value": 101573000
            },
            {
                "label": "Term loans",
                "concept": "LongTermNotesAndLoans",
                "unit": "usd",
                "value": 5210000
            },
            {
                "label": "Revolving loan",
                "concept": "LongTermLineOfCredit",
                "unit": "usd",
                "value": 57236000
            },
            {
                "label": "Operating lease liabilities",
                "concept": "OperatingLeaseLiabilityNoncurrent",
                "unit": "usd",
                "value": 10327000
            },
            {
                "label": "Other long-term obligations",
                "concept": "OtherLiabilitiesNoncurrent",
                "unit": "usd",
                "value": 1117000
            },
            {
                "label": "Total long-term liabilities",
                "concept": "LiabilitiesNoncurrent",
                "unit": "usd",
                "value": 73890000
            },
            {
                "label": "Total liabilities",
                "concept": "Liabilities",
                "unit": "usd",
                "value": 175463000
            },
            {
                "label": "Commitments and contingencies (Note 9)",
                "concept": "CommitmentsAndContingencies",
                "unit": "usd",
                "value": "N/A"
            },
            {
                "label": "Common stock, no par value\u2014shares authorized 25,000; issued and outstanding 10,760 and 10,760 shares, respectively",
                "concept": "CommonStockValue",
                "unit": "usd",
                "value": 46880000
            },
            {
                "label": "Retained earnings",
                "concept": "RetainedEarningsAccumulatedDeficit",
                "unit": "usd",
                "value": 68639000
            },
            {
                "label": "Accumulated other comprehensive gain (loss)",
                "concept": "AccumulatedOtherComprehensiveIncomeLossNetOfTax",
                "unit": "usd",
                "value": 2579000
            },
            {
                "label": "Total shareholders\u2019 equity",
                "concept": "StockholdersEquity",
                "unit": "usd",
                "value": 112940000
            },
            {
                "label": "Total liabilities and shareholders\u2019 equity",
                "concept": "LiabilitiesAndStockholdersEquity",
                "unit": "usd",
                "value": 288403000
            }
        ],
        "cf": [],
        "ic": [
            {
                "label": "Cost of sales",
                "concept": "CostOfGoodsAndServicesSold",
                "unit": "usd",
                "value": 102207000
            },
            {
                "label": "Gross profit",
                "concept": "GrossProfit",
                "unit": "usd",
                "value": 9248000
            },
            {
                "label": "Research, development and engineering expenses",
                "concept": "ResearchAndDevelopmentExpense",
                "unit": "usd",
                "value": 1749000
            },
            {
                "label": "Selling, general and administrative expenses",
                "concept": "SellingGeneralAndAdministrativeExpense",
                "unit": "usd",
                "value": 5735000
            },
            {
                "label": "Total operating expenses",
                "concept": "OperatingExpenses",
                "unit": "usd",
                "value": 7484000
            },
            {
                "label": "Operating income (loss)",
                "concept": "OperatingIncomeLoss",
                "unit": "usd",
                "value": 1764000
            },
            {
                "label": "Interest expense, net",
                "concept": "InterestExpense",
                "unit": "usd",
                "value": 754000
            },
            {
                "label": "Income (loss) before income taxes",
                "concept": "IncomeLossFromContinuingOperationsBeforeIncomeTaxesMinorityInterestAndIncomeLossFromEquityMethodInvestments",
                "unit": "usd",
                "value": 1010000
            },
            {
                "label": "Income tax provision (benefit)",
                "concept": "IncomeTaxExpenseBenefit",
                "unit": "usd",
                "value": 100000
            },
            {
                "label": "Net income (loss)",
                "concept": "NetIncomeLoss",
                "unit": "usd",
                "value": 910000
            },
            {
                "label": "Net income (loss) per share \u2014 Basic",
                "concept": "EarningsPerShareBasic",
                "unit": "usd/shares",
                "value": 0.08
            },
            {
                "label": "Weighted average shares outstanding \u2014 Basic",
                "concept": "WeightedAverageNumberOfSharesOutstandingBasic",
                "unit": "shares",
                "value": 10760000
            },
            {
                "label": "Net income (loss) per share \u2014 Diluted",
                "concept": "EarningsPerShareDiluted",
                "unit": "usd/shares",
                "value": 0.08
            },
            {
                "label": "Weighted average shares outstanding \u2014 Diluted",
                "concept": "WeightedAverageNumberOfDilutedSharesOutstanding",
                "unit": "shares",
                "value": 10885000
            }
        ]
    }
}