{
    "startDate": "2020-01-01",
    "endDate": "2020-03-31",
    "year": "2020",
    "quarter": "Q1",
    "symbol": "SYN",
    "data": {
        "bs": [
            {
                "label": "Total cash, cash equivalents, restricted cash, and restricted cash equivalents",
                "concept": "CashAndCashEquivalentsAtCarryingValue",
                "unit": "usd",
                "value": 1823834000
            },
            {
                "label": "Trading securities",
                "concept": "TradingSecurities",
                "unit": "usd",
                "value": 4857000
            },
            {
                "label": "Investment securities available for sale, at fair value",
                "concept": "AvailableForSaleSecuritiesDebtSecurities",
                "unit": "usd",
                "value": 6937240000
            },
            {
                "label": "Private equity investments",
                "concept": "syn:PrivateEquityInvestments",
                "unit": "usd",
                "value": 15132000
            },
            {
                "label": "Mutual funds and mutual funds held in rabbi trusts",
                "concept": "syn:MutualFundsandMutualFundsHeldInRabbiTrusts",
                "unit": "usd",
                "value": 31241000
            },
            {
                "label": "Loans, net",
                "concept": "NotesReceivableNet",
                "unit": "usd",
                "value": 37764572000
            },
            {
                "label": "GGL/SBA loans servicing asset",
                "concept": "ServicingAssetAtFairValueAmount",
                "unit": "usd",
                "value": 3149000
            },
            {
                "label": "Derivative assets",
                "concept": "DerivativeAssets",
                "unit": "usd",
                "value": 466401000
            },
            {
                "label": "Non-interest-bearing deposits",
                "concept": "NoninterestBearingDepositLiabilities",
                "unit": "usd",
                "value": 9659451000
            },
            {
                "label": "Non-time interest-bearing deposits",
                "concept": "InterestBearingDepositLiabilities",
                "unit": "usd",
                "value": 21305350000
            },
            {
                "label": "Time deposits",
                "concept": "TimeDeposits",
                "unit": "usd",
                "value": 8861784000
            },
            {
                "label": "Total deposits",
                "concept": "Deposits",
                "unit": "usd",
                "value": 39826585000
            },
            {
                "label": "Federal funds purchased and securities sold under repurchase agreements",
                "concept": "syn:FederalFundsPurchasedAndOtherShortTermBorrowings",
                "unit": "usd",
                "value": 312776000
            },
            {
                "label": "Other short-term borrowings",
                "concept": "OtherShortTermBorrowings",
                "unit": "usd",
                "value": 1175000000
            },
            {
                "label": "Long-term debt",
                "concept": "LongTermDebt",
                "unit": "usd",
                "value": 3152339000
            },
            {
                "label": "Earnout liability",
                "concept": "syn:EarnoutLiabilitiesFairValueDisclosure",
                "unit": "usd",
                "value": 11016000
            },
            {
                "label": "Derivative liabilities",
                "concept": "DerivativeFairValueOfDerivativeLiability",
                "unit": "usd",
                "value": 186071000
            }
        ],
        "cf": [
            {
                "label": "Net income",
                "concept": "NetIncomeLoss",
                "unit": "usd",
                "value": 38521000
            },
            {
                "label": "Provision for credit losses",
                "concept": "ProvisionForLoanLossesExpensed",
                "unit": "usd",
                "value": 158722000
            },
            {
                "label": "Depreciation, amortization, and accretion, net",
                "concept": "DepreciationAmortizationAndAccretionNet",
                "unit": "usd",
                "value": 23649000
            },
            {
                "label": "Deferred income tax (benefit) expense",
                "concept": "DeferredIncomeTaxExpenseBenefit",
                "unit": "usd",
                "value": 10978000
            },
            {
                "label": "Originations of mortgage loans held for sale",
                "concept": "PaymentsForOriginationOfMortgageLoansHeldForSale",
                "unit": "usd",
                "value": 254395000
            },
            {
                "label": "Proceeds from sales of mortgage loans held for sale",
                "concept": "ProceedsFromSaleOfMortgageLoansHeldForSale",
                "unit": "usd",
                "value": 259224000
            },
            {
                "label": "Gain on sales of mortgage loans held for sale, net",
                "concept": "GainLossOnSaleOfMortgageLoans",
                "unit": "usd",
                "value": 9497000
            },
            {
                "label": "(Increase) decrease in other assets",
                "concept": "IncreaseDecreaseInPrepaidDeferredExpenseAndOtherAssets",
                "unit": "usd",
                "value": 442711000
            },
            {
                "label": "Increase (decrease) in other liabilities",
                "concept": "IncreaseDecreaseInOtherAccountsPayableAndAccruedLiabilities",
                "unit": "usd",
                "value": 260486000
            },
            {
                "label": "Investment securities gains, net",
                "concept": "DebtSecuritiesAvailableForSaleRealizedGainLoss",
                "unit": "usd",
                "value": 8734000
            },
            {
                "label": "Loss on early extinguishment of debt",
                "concept": "GainsLossesOnExtinguishmentOfDebt",
                "unit": "usd",
                "value": 1904000
            },
            {
                "label": "Share-based compensation expense",
                "concept": "ShareBasedCompensation",
                "unit": "usd",
                "value": 3570000
            },
            {
                "label": "Net cash provided by operating activities",
                "concept": "NetCashProvidedByUsedInOperatingActivities",
                "unit": "usd",
                "value": 19761000
            },
            {
                "label": "Net cash received in business combination, net of cash paid",
                "concept": "CashAcquiredFromAcquisition",
                "unit": "usd",
                "value": "N/A"
            },
            {
                "label": "Proceeds from maturities and principal collections of investment securities available for sale",
                "concept": "ProceedsFromMaturitiesPrepaymentsAndCallsOfAvailableForSaleSecurities",
                "unit": "usd",
                "value": 341431000
            },
            {
                "label": "Proceeds from sales of investment securities available for sale",
                "concept": "ProceedsFromSaleOfAvailableForSaleSecuritiesDebt",
                "unit": "usd",
                "value": 413180000
            },
            {
                "label": "Purchases of investment securities available for sale",
                "concept": "PaymentsToAcquireAvailableForSaleSecuritiesDebt",
                "unit": "usd",
                "value": 755558000
            },
            {
                "label": "Proceeds from sales of loans",
                "concept": "syn:ProceedsFromSaleOfLoans",
                "unit": "usd",
                "value": 11808000
            },
            {
                "label": "Proceeds from sales of other real estate and other assets",
                "concept": "ProceedsFromSaleOfOtherRealEstate",
                "unit": "usd",
                "value": 8547000
            },
            {
                "label": "Net increase in loans",
                "concept": "PaymentsForProceedsFromLoansAndLeases",
                "unit": "usd",
                "value": 1065125000
            },
            {
                "label": "Net (purchases) redemptions of Federal Home Loan Bank stock",
                "concept": "PaymentsForProceedsFromFederalHomeLoanBankStock",
                "unit": "usd",
                "value": 978000
            },
            {
                "label": "Net (purchases) redemptions of Federal Reserve Bank stock",
                "concept": "PaymentsForProceedsFromFederalReserveBankStock",
                "unit": "usd",
                "value": 454000
            },
            {
                "label": "Net (purchases) proceeds from settlement of bank-owned life insurance policies",
                "concept": "syn:PurchasesofBankownedLifeInsurancePoliciesNetofSettlements",
                "unit": "usd",
                "value": 249942000
            },
            {
                "label": "Net increase in premises and equipment",
                "concept": "PaymentsToAcquirePropertyPlantAndEquipment",
                "unit": "usd",
                "value": 6941000
            },
            {
                "label": "Net cash used in investing activities",
                "concept": "NetCashProvidedByUsedInInvestingActivities",
                "unit": "usd",
                "value": 1304032000
            },
            {
                "label": "Net increase in deposits",
                "concept": "IncreaseDecreaseInDeposits",
                "unit": "usd",
                "value": 1420659000
            },
            {
                "label": "Net increase in federal funds purchased and securities sold under repurchase agreements",
                "concept": "IncreaseDecreaseInFederalFundsPurchasedAndSecuritiesSoldUnderAgreementsToRepurchaseNet",
                "unit": "usd",
                "value": 147086000
            },
            {
                "label": "Net change in other short-term borrowings",
                "concept": "PaymentsForProceedsFromShortTermInvestments",
                "unit": "usd",
                "value": 578560000
            },
            {
                "label": "Repayments and redemption of long-term debt",
                "concept": "RepaymentsOfLongTermDebt",
                "unit": "usd",
                "value": 251904000
            },
            {
                "label": "Proceeds from issuance of long-term debt, net",
                "concept": "ProceedsFromIssuanceOfLongTermDebt",
                "unit": "usd",
                "value": 1248441000
            },
            {
                "label": "Dividends paid to common shareholders",
                "concept": "PaymentsOfDividendsCommonStock",
                "unit": "usd",
                "value": 44149000
            },
            {
                "label": "Dividends paid to preferred shareholders",
                "concept": "PaymentsOfDividendsPreferredStockAndPreferenceStock",
                "unit": "usd",
                "value": 3150000
            },
            {
                "label": "Stock options and warrants exercised",
                "concept": "syn:ProceedsfromStockOptionsandWarrantsExercised",
                "unit": "usd",
                "value": 6267000
            },
            {
                "label": "Repurchase of common stock",
                "concept": "PaymentsForRepurchaseOfCommonStock",
                "unit": "usd",
                "value": 16246000
            },
            {
                "label": "Taxes paid related to net share settlement of equity awards",
                "concept": "syn:Taxespaidrelatedtonetsharesettlementofequityawards",
                "unit": "usd",
                "value": 7257000
            },
            {
                "label": "Net cash provided by financing activities",
                "concept": "NetCashProvidedByUsedInFinancingActivities",
                "unit": "usd",
                "value": 1921187000
            },
            {
                "label": "Increase in cash and cash equivalents including restricted cash",
                "concept": "CashCashEquivalentsRestrictedCashAndRestrictedCashEquivalentsPeriodIncreaseDecreaseIncludingExchangeRateEffect",
                "unit": "usd",
                "value": 636916000
            },
            {
                "label": "Income taxes paid",
                "concept": "IncomeTaxesPaidNet",
                "unit": "usd",
                "value": 920000
            },
            {
                "label": "Interest paid",
                "concept": "InterestPaidNet",
                "unit": "usd",
                "value": 109340000
            },
            {
                "label": "Common stock issued, treasury stock reissued, equity awards/warrants exchanged to acquire FCB",
                "concept": "syn:StockIssuedDuringPeriodValueTreasuryStockReissuedEquityAwardsWarrantsConvertedinAcquisition",
                "unit": "usd",
                "value": "N/A"
            },
            {
                "label": "Securities sold during the period but settled after period-end",
                "concept": "syn:SecuritiesSoldDuringThePeriodButSettledAfterPeriodEnd",
                "unit": "usd",
                "value": 169748000
            },
            {
                "label": "Securities purchased during the period but settled after period-end",
                "concept": "syn:SecuritiesPurchasedDuringThePeriodButSettledAfterPeriodEnd",
                "unit": "usd",
                "value": 113818000
            },
            {
                "label": "Premises and equipment transferred to other assets held for sale",
                "concept": "syn:PremisesandEquipmentTransferredtofromOtherAssetsHeldforSale",
                "unit": "usd",
                "value": 4681000
            },
            {
                "label": "Loans foreclosed and transferred to other real estate",
                "concept": "syn:LoansForeclosedAndTransferredToOtherRealEstate",
                "unit": "usd",
                "value": 1951000
            },
            {
                "label": "Loans transferred to/(from) other loans held for sale at fair value",
                "concept": "syn:LoansTransferredTofromOtherLoansHeldForSaleAtFairValue",
                "unit": "usd",
                "value": 11893000
            }
        ],
        "ic": [
            {
                "label": "Mortgage loans held for sale",
                "concept": "syn:ChangeInMortgageLoansHeldForSaleIncludedInNetIncome",
                "unit": "usd",
                "value": 619000
            }
        ]
    }
}