{
    "startDate": "2020-01-01",
    "endDate": "2020-03-31",
    "year": "2020",
    "quarter": "Q1",
    "symbol": "EFX",
    "data": {
        "bs": [
            {
                "label": "Cash and cash equivalents",
                "concept": "CashAndCashEquivalentsAtCarryingValue",
                "unit": "usd",
                "value": 369900000.0
            },
            {
                "label": "Trade accounts receivable, net of allowance for doubtful accounts of $13.4 and $11.2 at March 31, 2020 and December 31, 2019, respectively",
                "concept": "AccountsReceivableNetCurrent",
                "unit": "usd",
                "value": 605500000.0
            },
            {
                "label": "Prepaid expenses",
                "concept": "PrepaidExpenseCurrent",
                "unit": "usd",
                "value": 119900000.0
            },
            {
                "label": "Other current assets",
                "concept": "OtherAssetsCurrent",
                "unit": "usd",
                "value": 53700000.0
            },
            {
                "label": "Total current assets",
                "concept": "AssetsCurrent",
                "unit": "usd",
                "value": 1149000000.0
            },
            {
                "label": "Capitalized internal-use software and system costs",
                "concept": "CapitalizedComputerSoftwareGross",
                "unit": "usd",
                "value": 1036700000.0
            },
            {
                "label": "Data processing equipment and furniture",
                "concept": "MachineryAndEquipmentGross",
                "unit": "usd",
                "value": 322900000.0
            },
            {
                "label": "Land, buildings and improvements",
                "concept": "efx:BuildingsLandAndImprovementsGross",
                "unit": "usd",
                "value": 233600000.0
            },
            {
                "label": "Total property and equipment",
                "concept": "PropertyPlantAndEquipmentGross",
                "unit": "usd",
                "value": 1593200000.0
            },
            {
                "label": "Less accumulated depreciation and amortization",
                "concept": "AccumulatedDepreciationDepletionAndAmortizationPropertyPlantAndEquipment",
                "unit": "usd",
                "value": 631100000.0
            },
            {
                "label": "Total property and equipment, net",
                "concept": "PropertyPlantAndEquipmentNet",
                "unit": "usd",
                "value": 962100000.0
            },
            {
                "label": "Goodwill",
                "concept": "Goodwill",
                "unit": "usd",
                "value": 4157399999.9999995
            },
            {
                "label": "Indefinite-lived intangible assets",
                "concept": "IndefiniteLivedContractualRights",
                "unit": "usd",
                "value": 94700000.0
            },
            {
                "label": "Purchased intangible assets, net",
                "concept": "FiniteLivedIntangibleAssetsNet",
                "unit": "usd",
                "value": 1000600000.0
            },
            {
                "label": "Other assets, net",
                "concept": "OtherAssetsNoncurrent",
                "unit": "usd",
                "value": 259000000.0
            },
            {
                "label": "Total assets",
                "concept": "Assets",
                "unit": "usd",
                "value": 7622800000.0
            },
            {
                "label": "Short-term debt and current maturities of long-term debt",
                "concept": "DebtCurrent",
                "unit": "usd",
                "value": 3100000.0
            },
            {
                "label": "Accounts payable",
                "concept": "AccountsPayableCurrent",
                "unit": "usd",
                "value": 170900000.0
            },
            {
                "label": "Accrued expenses",
                "concept": "AccruedLiabilitiesCurrent",
                "unit": "usd",
                "value": 180900000.0
            },
            {
                "label": "Accrued salaries and bonuses",
                "concept": "EmployeeRelatedLiabilitiesCurrent",
                "unit": "usd",
                "value": 86900000.0
            },
            {
                "label": "Deferred revenue",
                "concept": "ContractWithCustomerLiabilityCurrent",
                "unit": "usd",
                "value": 111100000.0
            },
            {
                "label": "Other current liabilities",
                "concept": "OtherLiabilitiesCurrent",
                "unit": "usd",
                "value": 590900000.0
            },
            {
                "label": "Total current liabilities",
                "concept": "LiabilitiesCurrent",
                "unit": "usd",
                "value": 1143800000.0
            },
            {
                "label": "Long-term debt",
                "concept": "LongTermDebtNoncurrent",
                "unit": "usd",
                "value": 3505100000.0
            },
            {
                "label": "Deferred income tax liabilities, net",
                "concept": "DeferredIncomeTaxLiabilitiesNet",
                "unit": "usd",
                "value": 263399999.99999997
            },
            {
                "label": "Long-term pension and other postretirement benefit liabilities",
                "concept": "PensionAndOtherPostretirementDefinedBenefitPlansLiabilitiesNoncurrent",
                "unit": "usd",
                "value": 114300000.0
            },
            {
                "label": "Other long-term liabilities",
                "concept": "OtherLiabilitiesNoncurrent",
                "unit": "usd",
                "value": 166400000.0
            },
            {
                "label": "Total liabilities",
                "concept": "Liabilities",
                "unit": "usd",
                "value": 5193000000.0
            },
            {
                "label": "Commitments and Contingencies (see Note 6)",
                "concept": "CommitmentsAndContingencies",
                "unit": "usd",
                "value": "N/A"
            },
            {
                "label": "Preferred stock, $0.01 par value: Authorized shares - 10.0; Issued shares - none",
                "concept": "PreferredStockValue",
                "unit": "usd",
                "value": "N/A"
            },
            {
                "label": "Common stock, $1.25 par value: Authorized shares - 300.0; Issued shares - 189.3 at March 31, 2020 and December 31, 2019; Outstanding shares - 121.4 and 121.2 at March 31, 2020 and December 31, 2019, respectively",
                "concept": "CommonStockValue",
                "unit": "usd",
                "value": 236600000.0
            },
            {
                "label": "Paid-in capital",
                "concept": "AdditionalPaidInCapitalCommonStock",
                "unit": "usd",
                "value": 1431700000.0
            },
            {
                "label": "Retained earnings",
                "concept": "RetainedEarningsAccumulatedDeficit",
                "unit": "usd",
                "value": 4196899999.9999995
            },
            {
                "label": "Accumulated other comprehensive loss",
                "concept": "AccumulatedOtherComprehensiveIncomeLossNetOfTax",
                "unit": "usd",
                "value": 918900000.0
            },
            {
                "label": "Treasury stock, at cost, 67.3 shares and 67.5 shares at March 31, 2020 and December 31, 2019, respectively",
                "concept": "TreasuryStockValue",
                "unit": "usd",
                "value": 2553900000.0
            },
            {
                "label": "Stock held by employee benefit trusts, at cost, 0.6 shares at March 31, 2020 and December 31, 2019",
                "concept": "CommonStockHeldInTrust",
                "unit": "usd",
                "value": 5900000.0
            },
            {
                "label": "Total Equifax shareholders\u2019 equity",
                "concept": "StockholdersEquity",
                "unit": "usd",
                "value": 2386500000.0
            },
            {
                "label": "Noncontrolling interests including redeemable noncontrolling interests",
                "concept": "MinorityInterest",
                "unit": "usd",
                "value": 43300000.0
            },
            {
                "label": "Total equity",
                "concept": "StockholdersEquityIncludingPortionAttributableToNoncontrollingInterest",
                "unit": "usd",
                "value": 2429800000.0
            },
            {
                "label": "Total liabilities and equity",
                "concept": "LiabilitiesAndStockholdersEquity",
                "unit": "usd",
                "value": 7622800000.0
            }
        ],
        "cf": [
            {
                "label": "Consolidated net income (loss)",
                "concept": "ProfitLoss",
                "unit": "usd",
                "value": 114500000.0
            },
            {
                "label": "Depreciation and amortization",
                "concept": "DepreciationDepletionAndAmortization",
                "unit": "usd",
                "value": 94300000.0
            },
            {
                "label": "Stock-based compensation expense",
                "concept": "ShareBasedCompensation",
                "unit": "usd",
                "value": 18800000.0
            },
            {
                "label": "Deferred income taxes",
                "concept": "DeferredIncomeTaxesAndTaxCredits",
                "unit": "usd",
                "value": 17000000.0
            },
            {
                "label": "Gain on fair market value adjustment of equity investment",
                "concept": "efx:GainLossOnEquityMethodInvestment",
                "unit": "usd",
                "value": 32900000.0
            },
            {
                "label": "Accounts receivable, net",
                "concept": "IncreaseDecreaseInAccountsReceivable",
                "unit": "usd",
                "value": 83900000.0
            },
            {
                "label": "Other assets, current and long-term",
                "concept": "IncreaseDecreaseInOtherOperatingAssets",
                "unit": "usd",
                "value": 29600000.0
            },
            {
                "label": "Current and long term liabilities, excluding debt",
                "concept": "efx:IncreaseDecreaseInCurrentLiabilitiesExcludingDebt",
                "unit": "usd",
                "value": 126600000.0
            },
            {
                "label": "Cash provided by operating activities",
                "concept": "NetCashProvidedByUsedInOperatingActivities",
                "unit": "usd",
                "value": 30800000.0
            },
            {
                "label": "Capital expenditures",
                "concept": "PaymentsToAcquireProductiveAssets",
                "unit": "usd",
                "value": 88000000.0
            },
            {
                "label": "Acquisitions, net of cash acquired",
                "concept": "PaymentsToAcquireBusinessesNetOfCashAcquired",
                "unit": "usd",
                "value": 48100000.0
            },
            {
                "label": "Investment in unconsolidated affiliates, net",
                "concept": "efx:PaymentsToAcquireInvestmentsInUnconsolidatedAffiliatesNet",
                "unit": "usd",
                "value": "N/A"
            },
            {
                "label": "Cash (used) in investing activities",
                "concept": "NetCashProvidedByUsedInInvestingActivities",
                "unit": "usd",
                "value": 136100000.0
            },
            {
                "label": "Net short-term borrowings",
                "concept": "ProceedsFromShortTermDebt",
                "unit": "usd",
                "value": 200000.0
            },
            {
                "label": "Payments on long-term debt",
                "concept": "RepaymentsOfLongTermDebt",
                "unit": "usd",
                "value": "N/A"
            },
            {
                "label": "Borrowings on long-term debt",
                "concept": "ProceedsFromIssuanceOfLongTermDebt",
                "unit": "usd",
                "value": 125000000.0
            },
            {
                "label": "Dividends paid to Equifax shareholders",
                "concept": "PaymentsOfDividendsCommonStock",
                "unit": "usd",
                "value": 47300000.0
            },
            {
                "label": "Dividends paid to noncontrolling interests",
                "concept": "PaymentsOfDividendsMinorityInterest",
                "unit": "usd",
                "value": 300000.0
            },
            {
                "label": "Proceeds from exercise of stock options",
                "concept": "ProceedsFromStockOptionsExercised",
                "unit": "usd",
                "value": 16700000.0
            },
            {
                "label": "Payment of taxes related to settlement of equity awards",
                "concept": "PaymentsRelatedToTaxWithholdingForShareBasedCompensation",
                "unit": "usd",
                "value": "N/A"
            },
            {
                "label": "Debt issuance costs",
                "concept": "PaymentsOfDebtIssuanceCosts",
                "unit": "usd",
                "value": 1600000.0
            },
            {
                "label": "Cash provided by financing activities",
                "concept": "NetCashProvidedByUsedInFinancingActivities",
                "unit": "usd",
                "value": 92700000.0
            },
            {
                "label": "Effect of foreign currency exchange rates on cash and cash equivalents",
                "concept": "EffectOfExchangeRateOnCashCashEquivalentsRestrictedCashAndRestrictedCashEquivalents",
                "unit": "usd",
                "value": 18800000.0
            },
            {
                "label": "Decrease in cash and cash equivalents",
                "concept": "CashCashEquivalentsRestrictedCashAndRestrictedCashEquivalentsPeriodIncreaseDecreaseIncludingExchangeRateEffect",
                "unit": "usd",
                "value": 31400000.0
            }
        ],
        "ic": [
            {
                "label": "Consolidated net income (loss)",
                "concept": "ProfitLoss",
                "unit": "usd",
                "value": 114500000.0
            },
            {
                "label": "Foreign currency translation adjustment",
                "concept": "OtherComprehensiveIncomeLossForeignCurrencyTransactionAndTranslationAdjustmentNetOfTax",
                "unit": "usd",
                "value": 293200000.0
            },
            {
                "label": "Change in unrecognized prior service cost and actuarial losses related to our pension and other postretirement benefit plans, net",
                "concept": "OtherComprehensiveIncomeLossPensionAndOtherPostretirementBenefitPlansAdjustmentNetOfTax",
                "unit": "usd",
                "value": 3700000.0
            },
            {
                "label": "Change in cumulative loss from cash flow hedging transactions, net",
                "concept": "OtherComprehensiveIncomeLossCashFlowHedgeGainLossAfterReclassificationAndTax",
                "unit": "usd",
                "value": "N/A"
            },
            {
                "label": "Comprehensive (loss) income",
                "concept": "ComprehensiveIncomeNetOfTaxIncludingPortionAttributableToNoncontrollingInterest",
                "unit": "usd",
                "value": 175000000.0
            }
        ]
    }
}