{
    "startDate": "2020-01-01",
    "endDate": "2020-04-03",
    "year": "2020",
    "quarter": "Q1",
    "symbol": "DHR",
    "data": {
        "bs": [
            {
                "label": "",
                "concept": "CashAndCashEquivalentsAtCarryingValue",
                "unit": "usd",
                "value": 4367700000.0
            },
            {
                "label": "",
                "concept": "AccountsReceivableNetCurrent",
                "unit": "usd",
                "value": 3433300000.0
            },
            {
                "label": "",
                "concept": "InventoryFinishedGoods",
                "unit": "usd",
                "value": 1408900000.0
            },
            {
                "label": "",
                "concept": "InventoryWorkInProcess",
                "unit": "usd",
                "value": 498000000.0
            },
            {
                "label": "",
                "concept": "InventoryRawMaterials",
                "unit": "usd",
                "value": 668100000.0
            },
            {
                "label": "",
                "concept": "InventoryGross",
                "unit": "usd",
                "value": 2575000000.0
            },
            {
                "label": "",
                "concept": "PrepaidExpenseAndOtherAssetsCurrent",
                "unit": "usd",
                "value": 766600000.0
            },
            {
                "label": "",
                "concept": "AssetsCurrent",
                "unit": "usd",
                "value": 11142600000.0
            },
            {
                "label": "",
                "concept": "PropertyPlantAndEquipmentNet",
                "unit": "usd",
                "value": 2988500000.0
            },
            {
                "label": "",
                "concept": "OtherAssetsNoncurrent",
                "unit": "usd",
                "value": 2561100000.0
            },
            {
                "label": "",
                "concept": "Goodwill",
                "unit": "usd",
                "value": 33725500000.0
            },
            {
                "label": "",
                "concept": "IntangibleAssetsNetExcludingGoodwill",
                "unit": "usd",
                "value": 18512600000.0
            },
            {
                "label": "",
                "concept": "Assets",
                "unit": "usd",
                "value": 68930300000.0
            },
            {
                "label": "",
                "concept": "DebtCurrent",
                "unit": "usd",
                "value": 3234300000.0
            },
            {
                "label": "",
                "concept": "AccountsPayableTradeCurrent",
                "unit": "usd",
                "value": 1748300000.0
            },
            {
                "label": "",
                "concept": "AccruedLiabilitiesCurrent",
                "unit": "usd",
                "value": 3483000000.0
            },
            {
                "label": "",
                "concept": "LiabilitiesCurrent",
                "unit": "usd",
                "value": 8465600000.0
            },
            {
                "label": "",
                "concept": "OtherLiabilitiesNoncurrent",
                "unit": "usd",
                "value": 6661100000.0
            },
            {
                "label": "",
                "concept": "LongTermDebtNoncurrent",
                "unit": "usd",
                "value": 22737200000.0
            },
            {
                "label": "",
                "concept": "PreferredStockValue",
                "unit": "usd",
                "value": 1599600000.0
            },
            {
                "label": "",
                "concept": "CommonStockValue",
                "unit": "usd",
                "value": 8400000.0
            },
            {
                "label": "",
                "concept": "AdditionalPaidInCapitalCommonStock",
                "unit": "usd",
                "value": 7629800000.0
            },
            {
                "label": "",
                "concept": "RetainedEarningsAccumulatedDeficit",
                "unit": "usd",
                "value": 24608600000.0
            },
            {
                "label": "",
                "concept": "AccumulatedOtherComprehensiveIncomeLossNetOfTax",
                "unit": "usd",
                "value": 2791300000.0
            },
            {
                "label": "",
                "concept": "StockholdersEquity",
                "unit": "usd",
                "value": 31055100000.0
            },
            {
                "label": "",
                "concept": "MinorityInterest",
                "unit": "usd",
                "value": 11300000.0
            },
            {
                "label": "",
                "concept": "StockholdersEquityIncludingPortionAttributableToNoncontrollingInterest",
                "unit": "usd",
                "value": 31066400000.0
            },
            {
                "label": "",
                "concept": "LiabilitiesAndStockholdersEquity",
                "unit": "usd",
                "value": 68930300000.0
            }
        ],
        "cf": [
            {
                "label": "",
                "concept": "NetIncomeLoss",
                "unit": "usd",
                "value": 595100000.0
            },
            {
                "label": "",
                "concept": "IncomeLossFromDiscontinuedOperationsNetOfTaxAttributableToReportingEntity",
                "unit": "usd",
                "value": "N/A"
            },
            {
                "label": "",
                "concept": "IncomeLossFromContinuingOperations",
                "unit": "usd",
                "value": 595100000.0
            },
            {
                "label": "",
                "concept": "Depreciation",
                "unit": "usd",
                "value": 141400000.0
            },
            {
                "label": "",
                "concept": "AdjustmentForAmortization",
                "unit": "usd",
                "value": 156400000.0
            },
            {
                "label": "",
                "concept": "ShareBasedCompensation",
                "unit": "usd",
                "value": 45200000.0
            },
            {
                "label": "",
                "concept": "IncreaseDecreaseInAccountsReceivable",
                "unit": "usd",
                "value": 181600000.0
            },
            {
                "label": "",
                "concept": "IncreaseDecreaseInInventories",
                "unit": "usd",
                "value": 175600000.0
            },
            {
                "label": "",
                "concept": "IncreaseDecreaseInAccountsPayable",
                "unit": "usd",
                "value": 10000000.0
            },
            {
                "label": "",
                "concept": "IncreaseDecreaseInPrepaidDeferredExpenseAndOtherAssets",
                "unit": "usd",
                "value": 79100000.0
            },
            {
                "label": "",
                "concept": "IncreaseDecreaseInOtherAccountsPayableAndAccruedLiabilities",
                "unit": "usd",
                "value": 207200000.0
            },
            {
                "label": "",
                "concept": "NetCashProvidedByUsedInOperatingActivitiesContinuingOperations",
                "unit": "usd",
                "value": 826000000.0
            },
            {
                "label": "",
                "concept": "CashProvidedByUsedInOperatingActivitiesDiscontinuedOperations",
                "unit": "usd",
                "value": 7000000.0
            },
            {
                "label": "",
                "concept": "NetCashProvidedByUsedInOperatingActivities",
                "unit": "usd",
                "value": 819000000.0
            },
            {
                "label": "",
                "concept": "PaymentsToAcquireBusinessesNetOfCashAcquired",
                "unit": "usd",
                "value": 20734500000.0
            },
            {
                "label": "",
                "concept": "PaymentsToAcquirePropertyPlantAndEquipment",
                "unit": "usd",
                "value": 132500000.0
            },
            {
                "label": "",
                "concept": "ProceedsFromSaleOfPropertyPlantAndEquipment",
                "unit": "usd",
                "value": 500000.0
            },
            {
                "label": "",
                "concept": "PaymentsToAcquireInvestments",
                "unit": "usd",
                "value": 37300000.0
            },
            {
                "label": "",
                "concept": "PaymentsForProceedsFromOtherInvestingActivities",
                "unit": "usd",
                "value": 35200000.0
            },
            {
                "label": "",
                "concept": "NetCashProvidedByUsedInInvestingActivitiesContinuingOperations",
                "unit": "usd",
                "value": 20868600000.0
            },
            {
                "label": "",
                "concept": "CashProvidedByUsedInInvestingActivitiesDiscontinuedOperations",
                "unit": "usd",
                "value": "N/A"
            },
            {
                "label": "",
                "concept": "NetCashProvidedByUsedInInvestingActivities",
                "unit": "usd",
                "value": 20868600000.0
            },
            {
                "label": "",
                "concept": "ProceedsFromIssuanceOfSharesUnderIncentiveAndShareBasedCompensationPlansIncludingStockOptions",
                "unit": "usd",
                "value": 10300000.0
            },
            {
                "label": "",
                "concept": "ProceedsFromIssuanceOfCommonStock",
                "unit": "usd",
                "value": "N/A"
            },
            {
                "label": "",
                "concept": "ProceedsFromIssuanceOfPreferredStockAndPreferenceStock",
                "unit": "usd",
                "value": "N/A"
            },
            {
                "label": "",
                "concept": "PaymentsOfDividends",
                "unit": "usd",
                "value": 138100000.0
            },
            {
                "label": "",
                "concept": "ProceedsFromRepaymentsOfShortTermDebtMaturingInThreeMonthsOrLess",
                "unit": "usd",
                "value": 390200000.0
            },
            {
                "label": "",
                "concept": "ProceedsFromIssuanceOfLongTermDebt",
                "unit": "usd",
                "value": 4371400000.0
            },
            {
                "label": "",
                "concept": "ProceedsFromPaymentsForOtherFinancingActivities",
                "unit": "usd",
                "value": 300000.0
            },
            {
                "label": "",
                "concept": "NetCashProvidedByUsedInFinancingActivities",
                "unit": "usd",
                "value": 4633500000.0
            },
            {
                "label": "",
                "concept": "EffectOfExchangeRateOnCashCashEquivalentsRestrictedCashAndRestrictedCashEquivalents",
                "unit": "usd",
                "value": 128500000.0
            },
            {
                "label": "",
                "concept": "CashCashEquivalentsRestrictedCashAndRestrictedCashEquivalentsPeriodIncreaseDecreaseIncludingExchangeRateEffect",
                "unit": "usd",
                "value": 15544600000.0
            },
            {
                "label": "",
                "concept": "InterestPaidNet",
                "unit": "usd",
                "value": 39200000.0
            },
            {
                "label": "",
                "concept": "IncomeTaxesPaidNet",
                "unit": "usd",
                "value": 60900000.0
            }
        ],
        "ic": []
    }
}