{
    "startDate": "2020-01-27",
    "endDate": "2020-04-26",
    "year": "2020",
    "quarter": "Q2",
    "symbol": "HRL",
    "data": {
        "bs": [
            {
                "label": "Cash and Cash Equivalents",
                "concept": "CashAndCashEquivalentsAtCarryingValue",
                "unit": "usd",
                "value": 606073000
            },
            {
                "label": "Short-term Marketable Securities",
                "concept": "MarketableSecuritiesCurrent",
                "unit": "usd",
                "value": 16841000
            },
            {
                "label": "Accounts Receivable",
                "concept": "AccountsReceivableNetCurrent",
                "unit": "usd",
                "value": 536009000
            },
            {
                "label": "Inventories",
                "concept": "InventoryNet",
                "unit": "usd",
                "value": 1048992000
            },
            {
                "label": "Income Taxes Receivable",
                "concept": "IncomeTaxesReceivable",
                "unit": "usd",
                "value": 342000
            },
            {
                "label": "Prepaid Expenses",
                "concept": "PrepaidExpenseCurrent",
                "unit": "usd",
                "value": 24229000
            },
            {
                "label": "Other Current Assets",
                "concept": "OtherAssetsCurrent",
                "unit": "usd",
                "value": 16410000
            },
            {
                "label": "Total Current Assets",
                "concept": "AssetsCurrent",
                "unit": "usd",
                "value": 2248896000
            },
            {
                "label": "Goodwill",
                "concept": "Goodwill",
                "unit": "usd",
                "value": 2682839000
            },
            {
                "label": "Other Intangibles",
                "concept": "IntangibleAssetsNetExcludingGoodwill",
                "unit": "usd",
                "value": 1023936000
            },
            {
                "label": "Pension Assets",
                "concept": "DefinedBenefitPlanAssetsForPlanBenefitsNoncurrent",
                "unit": "usd",
                "value": 147878000
            },
            {
                "label": "Investments In and Receivables From Affiliates",
                "concept": "InvestmentsInAffiliatesSubsidiariesAssociatesAndJointVentures",
                "unit": "usd",
                "value": 303194000
            },
            {
                "label": "Other Assets",
                "concept": "OtherAssetsNoncurrent",
                "unit": "usd",
                "value": 238273000
            },
            {
                "label": "Land",
                "concept": "Land",
                "unit": "usd",
                "value": 54670000
            },
            {
                "label": "Buildings",
                "concept": "hrl:BuildingsAndImprovementsAndFinanceLeaseRightOfUseAssetBeforeAccumulatedDepreciationAndAmortization",
                "unit": "usd",
                "value": 1152119000
            },
            {
                "label": "Equipment",
                "concept": "hrl:MachineryAndEquipmentAndFinanceLeaseRightOfUseAssetBeforeAccumulatedDepreciationAndAmortization",
                "unit": "usd",
                "value": 2017183000
            },
            {
                "label": "Construction in Progress",
                "concept": "ConstructionInProgressGross",
                "unit": "usd",
                "value": 325075000
            },
            {
                "label": "Less: Allowance for Depreciation",
                "concept": "hrl:PropertyPlantAndEquipmentAndFinanceLeaseRightOfUseAssetAccumulatedDepreciationAndAmortization",
                "unit": "usd",
                "value": 1798882000
            },
            {
                "label": "Net Property, Plant and Equipment",
                "concept": "hrl:PropertyPlantAndEquipmentAndFinanceLeaseRightOfUseAssetAfterAccumulatedDepreciationAndAmortization",
                "unit": "usd",
                "value": 1750165000
            },
            {
                "label": "Total Assets",
                "concept": "Assets",
                "unit": "usd",
                "value": 8395181000
            },
            {
                "label": "Accounts Payable",
                "concept": "AccountsPayableCurrent",
                "unit": "usd",
                "value": 502133000
            },
            {
                "label": "Accrued Expenses",
                "concept": "AccruedLiabilitiesCurrent",
                "unit": "usd",
                "value": 67481000
            },
            {
                "label": "Accrued Workers Compensation",
                "concept": "WorkersCompensationLiabilityCurrent",
                "unit": "usd",
                "value": 25339000
            },
            {
                "label": "Accrued Marketing Expenses",
                "concept": "AccruedMarketingCostsCurrent",
                "unit": "usd",
                "value": 111657000
            },
            {
                "label": "Employee Related Expenses",
                "concept": "OtherEmployeeRelatedLiabilitiesCurrent",
                "unit": "usd",
                "value": 179328000
            },
            {
                "label": "Taxes Payable",
                "concept": "TaxesPayableCurrent",
                "unit": "usd",
                "value": 54765000
            },
            {
                "label": "Interest and Dividends Payable",
                "concept": "InterestAndDividendsPayableCurrent",
                "unit": "usd",
                "value": 125595000
            },
            {
                "label": "Current Maturities of Long-term Debt",
                "concept": "LongTermDebtCurrent",
                "unit": "usd",
                "value": 258295000
            },
            {
                "label": "Total Current Liabilities",
                "concept": "LiabilitiesCurrent",
                "unit": "usd",
                "value": 1324595000
            },
            {
                "label": "Long-term Debt\u2013Less Current Maturities",
                "concept": "LongTermDebtNoncurrent",
                "unit": "usd",
                "value": 56861000
            },
            {
                "label": "Pension and Post-retirement Benefits",
                "concept": "PensionAndOtherPostretirementDefinedBenefitPlansLiabilitiesNoncurrent",
                "unit": "usd",
                "value": 542753000
            },
            {
                "label": "Other Long-term Liabilities",
                "concept": "OtherLiabilitiesNoncurrent",
                "unit": "usd",
                "value": 139517000
            },
            {
                "label": "Deferred Income Taxes",
                "concept": "DeferredIncomeTaxLiabilitiesNet",
                "unit": "usd",
                "value": 165253000
            },
            {
                "label": "Additional Paid-in Capital",
                "concept": "AdditionalPaidInCapital",
                "unit": "usd",
                "value": 265128000
            },
            {
                "label": "Accumulated Other Comprehensive Loss",
                "concept": "AccumulatedOtherComprehensiveIncomeLossNetOfTax",
                "unit": "usd",
                "value": 447908000
            },
            {
                "label": "Retained Earnings",
                "concept": "RetainedEarningsAccumulatedDeficit",
                "unit": "usd",
                "value": 6336946000
            },
            {
                "label": "Hormel Foods Corporation Shareholders' Investment",
                "concept": "StockholdersEquity",
                "unit": "usd",
                "value": 6162061000
            },
            {
                "label": "Noncontrolling Interest",
                "concept": "MinorityInterest",
                "unit": "usd",
                "value": 4140000
            },
            {
                "label": "Total Shareholders' Investment",
                "concept": "StockholdersEquityIncludingPortionAttributableToNoncontrollingInterest",
                "unit": "usd",
                "value": 6166202000
            },
            {
                "label": "Total Liabilities and Shareholders' Investment",
                "concept": "LiabilitiesAndStockholdersEquity",
                "unit": "usd",
                "value": 8395181000
            }
        ],
        "cf": [],
        "ic": [
            {
                "label": "Cost of Products Sold",
                "concept": "CostOfGoodsAndServicesSold",
                "unit": "usd",
                "value": 1945113000
            },
            {
                "label": "Gross Profit",
                "concept": "GrossProfit",
                "unit": "usd",
                "value": 477352000
            },
            {
                "label": "Selling, General and Administrative",
                "concept": "SellingGeneralAndAdministrativeExpense",
                "unit": "usd",
                "value": 193912000
            },
            {
                "label": "Equity in Earnings of Affiliates",
                "concept": "IncomeLossFromEquityMethodInvestments",
                "unit": "usd",
                "value": 10021000
            },
            {
                "label": "Operating Income",
                "concept": "OperatingIncomeLoss",
                "unit": "usd",
                "value": 293460000
            },
            {
                "label": "Interest and Investment Income (Expense)",
                "concept": "NonoperatingIncomeExpense",
                "unit": "usd",
                "value": 3474000
            },
            {
                "label": "Interest Expense",
                "concept": "InterestExpense",
                "unit": "usd",
                "value": 3497000
            },
            {
                "label": "Earnings Before Income Taxes",
                "concept": "IncomeLossFromContinuingOperationsBeforeIncomeTaxesExtraordinaryItemsNoncontrollingInterest",
                "unit": "usd",
                "value": 286489000
            },
            {
                "label": "Provision for Income Taxes",
                "concept": "IncomeTaxExpenseBenefit",
                "unit": "usd",
                "value": 58873000
            },
            {
                "label": "Net Earnings",
                "concept": "ProfitLoss",
                "unit": "usd",
                "value": 227615000
            },
            {
                "label": "Less: Net Earnings (Loss) Attributable to Noncontrolling Interest",
                "concept": "NetIncomeLossAttributableToNoncontrollingInterest",
                "unit": "usd",
                "value": 119000
            },
            {
                "label": "Net Earnings Attributable to Hormel Foods Corporation",
                "concept": "NetIncomeLoss",
                "unit": "usd",
                "value": 227734000
            },
            {
                "label": "Basic (in dollars per share)",
                "concept": "EarningsPerShareBasic",
                "unit": "usd/shares",
                "value": 0.42
            },
            {
                "label": "Diluted (in dollars per share)",
                "concept": "EarningsPerShareDiluted",
                "unit": "usd/shares",
                "value": 0.42
            },
            {
                "label": "Basic (in shares)",
                "concept": "WeightedAverageNumberOfSharesOutstandingBasic",
                "unit": "shares",
                "value": 538119000
            },
            {
                "label": "Diluted (in shares)",
                "concept": "WeightedAverageNumberOfDilutedSharesOutstanding",
                "unit": "shares",
                "value": 546373000
            }
        ]
    }
}