{
    "startDate": "2020-01-01",
    "endDate": "2020-03-29",
    "year": "2020",
    "quarter": "Q1",
    "symbol": "HSY",
    "data": {
        "bs": [
            {
                "label": "Cash and cash equivalents",
                "concept": "CashCashEquivalentsRestrictedCashAndRestrictedCashEquivalents",
                "unit": "usd",
                "value": 1094796000
            },
            {
                "label": "Accounts receivable\u2014trade, net",
                "concept": "AccountsReceivableNetCurrent",
                "unit": "usd",
                "value": 705639000
            },
            {
                "label": "Inventories",
                "concept": "InventoryNet",
                "unit": "usd",
                "value": 832193000
            },
            {
                "label": "Prepaid expenses and other",
                "concept": "PrepaidExpenseAndOtherAssetsCurrent",
                "unit": "usd",
                "value": 222125000
            },
            {
                "label": "Total current assets",
                "concept": "AssetsCurrent",
                "unit": "usd",
                "value": 2854753000
            },
            {
                "label": "Property, plant and equipment, net",
                "concept": "PropertyPlantAndEquipmentNet",
                "unit": "usd",
                "value": 2150217000
            },
            {
                "label": "Goodwill",
                "concept": "Goodwill",
                "unit": "usd",
                "value": 1976699000
            },
            {
                "label": "Other intangibles",
                "concept": "IntangibleAssetsNetExcludingGoodwill",
                "unit": "usd",
                "value": 1324797000
            },
            {
                "label": "Other assets",
                "concept": "OtherAssetsNoncurrent",
                "unit": "usd",
                "value": 523913000
            },
            {
                "label": "Deferred income taxes",
                "concept": "DeferredIncomeTaxAssetsNet",
                "unit": "usd",
                "value": 25064000
            },
            {
                "label": "Total assets",
                "concept": "Assets",
                "unit": "usd",
                "value": 8855443000
            },
            {
                "label": "Accounts payable",
                "concept": "AccountsPayableCurrent",
                "unit": "usd",
                "value": 531928000
            },
            {
                "label": "Accrued liabilities",
                "concept": "AccruedLiabilitiesCurrent",
                "unit": "usd",
                "value": 673285000
            },
            {
                "label": "Accrued income taxes",
                "concept": "AccruedIncomeTaxesCurrent",
                "unit": "usd",
                "value": 61273000
            },
            {
                "label": "Short-term debt",
                "concept": "ShortTermBorrowings",
                "unit": "usd",
                "value": 837621000
            },
            {
                "label": "Current portion of long-term debt",
                "concept": "LongTermDebtCurrent",
                "unit": "usd",
                "value": 788692000
            },
            {
                "label": "Total current liabilities",
                "concept": "LiabilitiesCurrent",
                "unit": "usd",
                "value": 2892799000
            },
            {
                "label": "Long-term debt",
                "concept": "LongTermDebtAndCapitalLeaseObligations",
                "unit": "usd",
                "value": 3453525000
            },
            {
                "label": "Other long-term liabilities",
                "concept": "OtherLiabilitiesNoncurrent",
                "unit": "usd",
                "value": 637533000
            },
            {
                "label": "Deferred income taxes",
                "concept": "DeferredIncomeTaxLiabilitiesNet",
                "unit": "usd",
                "value": 197045000
            },
            {
                "label": "Total liabilities",
                "concept": "Liabilities",
                "unit": "usd",
                "value": 7180902000
            },
            {
                "label": "Preferred stock, shares issued: none in 2020 and 2019",
                "concept": "PreferredStockValue",
                "unit": "usd",
                "value": "N/A"
            },
            {
                "label": "Additional paid-in capital",
                "concept": "AdditionalPaidInCapital",
                "unit": "usd",
                "value": 1153130000
            },
            {
                "label": "Retained earnings",
                "concept": "RetainedEarningsAccumulatedDeficit",
                "unit": "usd",
                "value": 1404453000
            },
            {
                "label": "Treasury\u2014common stock shares, at cost: 13,390,995 at March 29, 2020 and 12,723,592 at December 31, 2019",
                "concept": "TreasuryStockValue",
                "unit": "usd",
                "value": 742164000
            },
            {
                "label": "Accumulated other comprehensive loss",
                "concept": "AccumulatedOtherComprehensiveIncomeLossNetOfTax",
                "unit": "usd",
                "value": 365741000
            },
            {
                "label": "Total\u2014The Hershey Company stockholders\u2019 equity",
                "concept": "StockholdersEquity",
                "unit": "usd",
                "value": 1671231000
            },
            {
                "label": "Noncontrolling interest in subsidiary",
                "concept": "MinorityInterest",
                "unit": "usd",
                "value": 3310000
            },
            {
                "label": "Total stockholders\u2019 equity",
                "concept": "StockholdersEquityIncludingPortionAttributableToNoncontrollingInterest",
                "unit": "usd",
                "value": 1674541000
            },
            {
                "label": "Total liabilities and stockholders\u2019 equity",
                "concept": "LiabilitiesAndStockholdersEquity",
                "unit": "usd",
                "value": 8855443000
            }
        ],
        "cf": [
            {
                "label": "Depreciation and amortization",
                "concept": "DepreciationDepletionAndAmortization",
                "unit": "usd",
                "value": 70624000
            },
            {
                "label": "Stock-based compensation expense",
                "concept": "ShareBasedCompensation",
                "unit": "usd",
                "value": 12575000
            },
            {
                "label": "Deferred income taxes",
                "concept": "DeferredIncomeTaxesAndTaxCredits",
                "unit": "usd",
                "value": 7003000
            },
            {
                "label": "Impairment of long-lived assets (see Note 6)",
                "concept": "RestructuringCostsAndAssetImpairmentCharges",
                "unit": "usd",
                "value": 7543000
            },
            {
                "label": "Write-down of equity investments",
                "concept": "EquityMethodInvestmentOtherThanTemporaryImpairment",
                "unit": "usd",
                "value": 11103000
            },
            {
                "label": "Other",
                "concept": "OtherOperatingActivitiesCashFlowStatement",
                "unit": "usd",
                "value": 15404000
            },
            {
                "label": "Accounts receivable\u2014trade, net",
                "concept": "IncreaseDecreaseInAccountsReceivable",
                "unit": "usd",
                "value": 153086000
            },
            {
                "label": "Inventories",
                "concept": "IncreaseDecreaseInInventories",
                "unit": "usd",
                "value": 27907000
            },
            {
                "label": "Prepaid expenses and other current assets",
                "concept": "IncreaseDecreaseInPrepaidDeferredExpenseAndOtherAssets",
                "unit": "usd",
                "value": 3913000
            },
            {
                "label": "Accounts payable and accrued liabilities",
                "concept": "IncreaseDecreaseInAccountsPayableAndAccruedLiabilities",
                "unit": "usd",
                "value": 636000
            },
            {
                "label": "Accrued income taxes",
                "concept": "IncreaseDecreaseInAccruedTaxesPayable",
                "unit": "usd",
                "value": 71263000
            },
            {
                "label": "Contributions to pension and other benefit plans",
                "concept": "PensionAndOtherPostretirementBenefitContributions",
                "unit": "usd",
                "value": 4109000
            },
            {
                "label": "Other assets and liabilities",
                "concept": "IncreaseDecreaseInOtherOperatingCapitalNet",
                "unit": "usd",
                "value": 15820000
            },
            {
                "label": "Net cash provided by operating activities",
                "concept": "NetCashProvidedByUsedInOperatingActivities",
                "unit": "usd",
                "value": 246093000
            },
            {
                "label": "Capital additions (including software)",
                "concept": "PaymentsToAcquirePropertyPlantAndEquipment",
                "unit": "usd",
                "value": 99217000
            },
            {
                "label": "Proceeds from sales of property, plant and equipment and other long-lived assets",
                "concept": "ProceedsFromSaleOfPropertyPlantAndEquipment",
                "unit": "usd",
                "value": 21000
            },
            {
                "label": "Equity investments in tax credit qualifying partnerships",
                "concept": "PaymentsToAcquireEquityMethodInvestments",
                "unit": "usd",
                "value": 11473000
            },
            {
                "label": "Net cash used in investing activities",
                "concept": "NetCashProvidedByUsedInInvestingActivities",
                "unit": "usd",
                "value": 110669000
            },
            {
                "label": "Net increase (decrease) in short-term debt",
                "concept": "ProceedsFromRepaymentsOfShortTermDebt",
                "unit": "usd",
                "value": 807290000
            },
            {
                "label": "Long-term borrowings, net of debt issuance costs",
                "concept": "ProceedsFromIssuanceOfLongTermDebt",
                "unit": "usd",
                "value": "N/A"
            },
            {
                "label": "Repayment of long-term debt and finance leases",
                "concept": "RepaymentsOfLongTermDebt",
                "unit": "usd",
                "value": 1086000
            },
            {
                "label": "Cash dividends paid",
                "concept": "PaymentsOfDividendsCommonStock",
                "unit": "usd",
                "value": 157803000
            },
            {
                "label": "Repurchase of common stock",
                "concept": "PaymentsForRepurchaseOfCommonStock",
                "unit": "usd",
                "value": 169176000
            },
            {
                "label": "Exercise of stock options",
                "concept": "ProceedsFromStockOptionsExercised",
                "unit": "usd",
                "value": 16400000
            },
            {
                "label": "Net cash provided by (used in) financing activities",
                "concept": "NetCashProvidedByUsedInFinancingActivities",
                "unit": "usd",
                "value": 495625000
            },
            {
                "label": "Effect of exchange rate changes on cash and cash equivalents",
                "concept": "EffectOfExchangeRateOnCashAndCashEquivalents",
                "unit": "usd",
                "value": 18671000
            },
            {
                "label": "Increase (decrease) in cash and cash equivalents, including cash classified as held for sale",
                "concept": "hsy:CashCashEquivalentsRestrictedCashandRestrictedCashEquivalentsPeriodIncreaseDecreaseIncludingExchangeRateEffectandCashClassifiedasHeldforSale",
                "unit": "usd",
                "value": 612378000
            },
            {
                "label": "Less: Increase in cash and cash equivalents classified as held for sale (see Note 8)",
                "concept": "hsy:CashandCashEquivalentsClassifiedasHeldforSaleIncreaseDecrease",
                "unit": "usd",
                "value": 10844000
            },
            {
                "label": "Net increase (decrease) in cash and cash equivalents",
                "concept": "CashCashEquivalentsRestrictedCashAndRestrictedCashEquivalentsPeriodIncreaseDecreaseIncludingExchangeRateEffect",
                "unit": "usd",
                "value": 601534000
            },
            {
                "label": "Interest paid",
                "concept": "InterestPaid",
                "unit": "usd",
                "value": 27820000
            },
            {
                "label": "Income taxes paid",
                "concept": "IncomeTaxesPaidNet",
                "unit": "usd",
                "value": 14107000
            }
        ],
        "ic": [
            {
                "label": "Cost of sales",
                "concept": "CostOfGoodsAndServicesSold",
                "unit": "usd",
                "value": 1170695000
            },
            {
                "label": "Gross profit",
                "concept": "GrossProfit",
                "unit": "usd",
                "value": 866622000
            },
            {
                "label": "Selling, marketing and administrative expense",
                "concept": "SellingGeneralAndAdministrativeExpense",
                "unit": "usd",
                "value": 475384000
            },
            {
                "label": "Business realignment costs",
                "concept": "hsy:RestructuringChargesBusinessRealignment",
                "unit": "usd",
                "value": 895000
            },
            {
                "label": "Operating profit",
                "concept": "OperatingIncomeLoss",
                "unit": "usd",
                "value": 382800000
            },
            {
                "label": "Income before income taxes",
                "concept": "IncomeLossFromContinuingOperationsBeforeIncomeTaxesExtraordinaryItemsNoncontrollingInterest",
                "unit": "usd",
                "value": 335012000
            },
            {
                "label": "Provision for income taxes",
                "concept": "IncomeTaxExpenseBenefit",
                "unit": "usd",
                "value": 66229000
            },
            {
                "label": "Net income including noncontrolling interest",
                "concept": "ProfitLoss",
                "unit": "usd",
                "value": 268783000
            },
            {
                "label": "Net (loss) income attributable to noncontrolling interests",
                "concept": "NetIncomeLossAttributableToNoncontrollingInterest",
                "unit": "usd",
                "value": 2354000
            },
            {
                "label": "Net income attributable to The Hershey Company",
                "concept": "NetIncomeLoss",
                "unit": "usd",
                "value": 271137000
            }
        ]
    }
}