{
    "startDate": "2020-01-01",
    "endDate": "2020-03-31",
    "year": "2020",
    "quarter": "Q1",
    "symbol": "OPY",
    "data": {
        "bs": [
            {
                "label": "Income tax receivable",
                "concept": "IncomeTaxesReceivable",
                "unit": "usd",
                "value": 6283000
            },
            {
                "label": "Securities owned, including amounts pledged of $150,547 ($357,120 in 2019), at fair value",
                "concept": "SecurityOwnedAndSoldNotYetPurchasedFairValueSecurityOwned",
                "unit": "usd",
                "value": 309346000
            },
            {
                "label": "Furniture, equipment and leasehold improvements, net of accumulated depreciation of $96,742 ($94,773 in 2019)",
                "concept": "PropertyPlantAndEquipmentNet",
                "unit": "usd",
                "value": 30646000
            },
            {
                "label": "Intangible assets",
                "concept": "IntangibleAssetsNetExcludingGoodwill",
                "unit": "usd",
                "value": 32100000
            },
            {
                "label": "Accrued compensation",
                "concept": "EmployeeRelatedLiabilitiesCurrentAndNoncurrent",
                "unit": "usd",
                "value": 102407000
            },
            {
                "label": "Deferred tax liabilities, net of deferred tax assets of $37,080 ($43,630 in 2019)",
                "concept": "DeferredIncomeTaxLiabilitiesNet",
                "unit": "usd",
                "value": 26844000
            },
            {
                "label": "Commitments and contingencies (note 13)",
                "concept": "CommitmentsAndContingencies",
                "unit": "usd",
                "value": "N/A"
            },
            {
                "label": "Common stock",
                "concept": "CommonStockValue",
                "unit": "usd",
                "value": 44306000
            },
            {
                "label": "Contributed capital",
                "concept": "AdditionalPaidInCapitalCommonStock",
                "unit": "usd",
                "value": 37945000
            },
            {
                "label": "Retained earnings",
                "concept": "RetainedEarningsAccumulatedDeficit",
                "unit": "usd",
                "value": 503255000
            },
            {
                "label": "Accumulated other comprehensive income",
                "concept": "AccumulatedOtherComprehensiveIncomeLossNetOfTax",
                "unit": "usd",
                "value": 1224000
            },
            {
                "label": "Stockholders' Equity Attributable to Parent",
                "concept": "StockholdersEquity",
                "unit": "usd",
                "value": 586730000
            }
        ],
        "cf": [
            {
                "label": "Repurchase of Secured Debt",
                "concept": "opy:RepurchaseofSecuredDebt",
                "unit": "usd",
                "value": 1426000
            },
            {
                "label": "Depreciation and amortization of furniture, equipment and leasehold improvements",
                "concept": "DepreciationAmortizationAndAccretionNet",
                "unit": "usd",
                "value": 2057000
            },
            {
                "label": "Deferred income taxes",
                "concept": "DeferredIncomeTaxesAndTaxCredits",
                "unit": "usd",
                "value": 3019000
            },
            {
                "label": "Amortization of notes receivable",
                "concept": "opy:AmortizationOfNotesReceivable",
                "unit": "usd",
                "value": 3059000
            },
            {
                "label": "Amortization of debt issuance costs",
                "concept": "AmortizationOfFinancingCosts",
                "unit": "usd",
                "value": 49000
            },
            {
                "label": "Provision for credit losses",
                "concept": "ProvisionForOtherCreditLosses",
                "unit": "usd",
                "value": 358000
            },
            {
                "label": "Share-based compensation",
                "concept": "ShareBasedCompensation",
                "unit": "usd",
                "value": -1376000
            },
            {
                "label": "Gain on repurchase of senior secured notes",
                "concept": "GainLossOnRepurchaseOfDebtInstrument",
                "unit": "usd",
                "value": 86000
            },
            {
                "label": "Deposits with clearing organizations",
                "concept": "IncreaseDecreaseInDepositOtherAssets",
                "unit": "usd",
                "value": 71165000
            },
            {
                "label": "Receivable from brokers, dealers and clearing organizations",
                "concept": "IncreaseDecreaseInBrokerageReceivables",
                "unit": "usd",
                "value": 35124000
            },
            {
                "label": "Receivable from customers",
                "concept": "opy:IncreaseDecreaseInReceivableFromCustomers",
                "unit": "usd",
                "value": 168196000
            },
            {
                "label": "Income tax receivable",
                "concept": "IncreaseDecreaseInIncomeTaxesReceivable",
                "unit": "usd",
                "value": 1113000
            },
            {
                "label": "Securities purchased under agreements to resell",
                "concept": "IncreaseDecreaseInReceivablesUnderRepurchaseAgreements",
                "unit": "usd",
                "value": 0
            },
            {
                "label": "Securities owned",
                "concept": "IncreaseDecreaseInFinancialInstrumentsUsedInOperatingActivities",
                "unit": "usd",
                "value": -490373000
            },
            {
                "label": "Notes receivable",
                "concept": "opy:IncreaseDecreaseInDueFromEmployeeCurrentAndNoncurrent",
                "unit": "usd",
                "value": 4349000
            },
            {
                "label": "Other assets",
                "concept": "IncreaseDecreaseInOtherOperatingAssets",
                "unit": "usd",
                "value": -49744000
            },
            {
                "label": "Drafts payable",
                "concept": "opy:IncreaseDecreaseInDraftPayable",
                "unit": "usd",
                "value": 19066000
            },
            {
                "label": "Payable to brokers, dealers and clearing organizations",
                "concept": "IncreaseDecreaseInPayablesToBrokerDealers",
                "unit": "usd",
                "value": -281392000
            },
            {
                "label": "Payable to customers",
                "concept": "IncreaseDecreaseInPayablesToCustomers",
                "unit": "usd",
                "value": 78911000
            },
            {
                "label": "Income taxes payable",
                "concept": "IncreaseDecreaseInAccruedIncomeTaxesPayable",
                "unit": "usd",
                "value": 0
            },
            {
                "label": "Securities sold under agreements to repurchase",
                "concept": "IncreaseDecreaseInPayablesUnderRepurchaseAgreements",
                "unit": "usd",
                "value": -163162000
            },
            {
                "label": "Securities sold but not yet purchased",
                "concept": "IncreaseDecreaseInFinancialInstrumentsSoldNotYetPurchased",
                "unit": "usd",
                "value": -65932000
            },
            {
                "label": "Accrued compensation",
                "concept": "IncreaseDecreaseInEmployeeRelatedLiabilities",
                "unit": "usd",
                "value": -101513000
            },
            {
                "label": "Accounts payable and other liabilities",
                "concept": "IncreaseDecreaseInAccountsPayableAndAccruedLiabilities",
                "unit": "usd",
                "value": -8286000
            },
            {
                "label": "Cash (used in) provided by operating activities",
                "concept": "NetCashProvidedByUsedInOperatingActivities",
                "unit": "usd",
                "value": -241023000
            },
            {
                "label": "Repurchase of Class A non-voting common stock for cancellation",
                "concept": "PaymentsForRepurchaseOfCommonStock",
                "unit": "usd",
                "value": 8434000
            },
            {
                "label": "Increase (decrease) in bank call loans, net",
                "concept": "ProceedsFromPaymentsForOtherFinancingActivities",
                "unit": "usd",
                "value": 203100000
            },
            {
                "label": "Cash provided by (used in) financing activities",
                "concept": "NetCashProvidedByUsedInFinancingActivities",
                "unit": "usd",
                "value": 186339000
            },
            {
                "label": "Employee share plan issuance",
                "concept": "opy:EmployeeSharePlanIssuance",
                "unit": "usd",
                "value": 10032000
            },
            {
                "label": "Interest Paid, Excluding Capitalized Interest, Operating Activities",
                "concept": "InterestPaidNet",
                "unit": "usd",
                "value": 9095000
            },
            {
                "label": "Cash paid during the period for income taxes, net",
                "concept": "IncomeTaxesPaid",
                "unit": "usd",
                "value": 516000
            }
        ],
        "ic": [
            {
                "label": "Proceeds from (Payments for) in Interest-bearing Deposits in Banks",
                "concept": "opy:SweepInterestIncomefromFDICInsuredBankDeposits",
                "unit": "usd",
                "value": 18826000
            },
            {
                "label": "Operating Income (Loss)",
                "concept": "OperatingIncomeLoss",
                "unit": "usd",
                "value": 10223000
            },
            {
                "label": "Net loss per share (in dollars per share)",
                "concept": "EarningsPerShareBasic",
                "unit": "usd/shares",
                "value": 0.61
            },
            {
                "label": "Basic (in shares)",
                "concept": "WeightedAverageNumberOfSharesOutstandingBasic",
                "unit": "shares",
                "value": 12895729
            },
            {
                "label": "Diluted (in shares)",
                "concept": "WeightedAverageNumberOfDilutedSharesOutstanding",
                "unit": "shares",
                "value": 13456233
            }
        ]
    }
}