{
    "startDate": "2020-01-01",
    "endDate": "2020-03-31",
    "year": "2020",
    "quarter": "Q1",
    "symbol": "BRT",
    "data": {
        "bs": [
            {
                "label": "Real estate properties, net of accumulated depreciation and amortization of $25,655 and $24,094",
                "concept": "RealEstateInvestmentPropertyNet",
                "unit": "usd",
                "value": 168451000
            },
            {
                "label": "Investments in unconsolidated joint ventures",
                "concept": "EquityMethodInvestments",
                "unit": "usd",
                "value": 185946000
            },
            {
                "label": "Real estate loan",
                "concept": "MortgageLoansOnRealEstateCommercialAndConsumerNet",
                "unit": "usd",
                "value": 4000000
            },
            {
                "label": "Cash and cash equivalents",
                "concept": "CashAndCashEquivalentsAtCarryingValue",
                "unit": "usd",
                "value": 18707000
            },
            {
                "label": "Restricted cash",
                "concept": "RestrictedCashAndCashEquivalents",
                "unit": "usd",
                "value": 10243000
            },
            {
                "label": "Other assets",
                "concept": "OtherAssets",
                "unit": "usd",
                "value": 7613000
            },
            {
                "label": "Total Assets",
                "concept": "Assets",
                "unit": "usd",
                "value": 394960000
            },
            {
                "label": "Mortgages payable, net of deferred costs of $758 and $823",
                "concept": "SecuredDebt",
                "unit": "usd",
                "value": 132524000
            },
            {
                "label": "Junior subordinated notes, net of deferred costs of $332 and $337",
                "concept": "JuniorSubordinatedNotes",
                "unit": "usd",
                "value": 37068000
            },
            {
                "label": "Accounts payable and accrued liabilities",
                "concept": "AccountsPayableAndAccruedLiabilitiesCurrentAndNoncurrent",
                "unit": "usd",
                "value": 22642000
            },
            {
                "label": "Total Liabilities",
                "concept": "Liabilities",
                "unit": "usd",
                "value": 192234000
            },
            {
                "label": "Commitments and contingencies",
                "concept": "CommitmentsAndContingencies",
                "unit": "usd",
                "value": "N/A"
            },
            {
                "label": "Preferred shares $.01 par value 2,000 shares authorized, none outstanding",
                "concept": "PreferredStockValue",
                "unit": "usd",
                "value": "N/A"
            },
            {
                "label": "Common stock, $.01 par value, 300,000 shares authorized; 16,432 and 15,637 shares outstanding",
                "concept": "CommonStockValue",
                "unit": "usd",
                "value": 164000
            },
            {
                "label": "Additional paid-in capital",
                "concept": "AdditionalPaidInCapital",
                "unit": "usd",
                "value": 244222000
            },
            {
                "label": "Accumulated other comprehensive loss",
                "concept": "AccumulatedOtherComprehensiveIncomeLossAvailableForSaleSecuritiesAdjustmentNetOfTax",
                "unit": "usd",
                "value": 30000
            },
            {
                "label": "Accumulated deficit",
                "concept": "RetainedEarningsAccumulatedDeficit",
                "unit": "usd",
                "value": 41477000
            },
            {
                "label": "Total BRT Apartments Corp. stockholders\u2019 equity",
                "concept": "StockholdersEquity",
                "unit": "usd",
                "value": 202879000
            },
            {
                "label": "Non-controlling interests",
                "concept": "MinorityInterest",
                "unit": "usd",
                "value": 153000
            },
            {
                "label": "Total Equity",
                "concept": "StockholdersEquityIncludingPortionAttributableToNoncontrollingInterest",
                "unit": "usd",
                "value": 202726000
            },
            {
                "label": "Total Liabilities and Equity",
                "concept": "LiabilitiesAndStockholdersEquity",
                "unit": "usd",
                "value": 394960000
            }
        ],
        "cf": [
            {
                "label": "Net loss",
                "concept": "ProfitLoss",
                "unit": "usd",
                "value": 4799000
            },
            {
                "label": "Depreciation",
                "concept": "DepreciationDepletionAndAmortization",
                "unit": "usd",
                "value": 1561000
            },
            {
                "label": "Amortization of deferred financing costs",
                "concept": "AmortizationOfFinancingCosts",
                "unit": "usd",
                "value": 70000
            },
            {
                "label": "Amortization of restricted stock and restricted stock units",
                "concept": "RestrictedStockExpense",
                "unit": "usd",
                "value": 438000
            },
            {
                "label": "Equity in loss of unconsolidated joint ventures",
                "concept": "IncomeLossFromEquityMethodInvestments",
                "unit": "usd",
                "value": 1815000
            },
            {
                "label": "(Increase) decrease in deposits and escrows",
                "concept": "brt:IncreaseDecreaseInSecurityDepositsAndOtherReceivable",
                "unit": "usd",
                "value": 280000
            },
            {
                "label": "Increase in other assets",
                "concept": "IncreaseDecreaseInOtherReceivables",
                "unit": "usd",
                "value": 51000
            },
            {
                "label": "Increase in accounts payable and accrued liabilities",
                "concept": "IncreaseDecreaseInAccountsPayableAndAccruedLiabilities",
                "unit": "usd",
                "value": 1803000
            },
            {
                "label": "Net cash provided by operating activities",
                "concept": "NetCashProvidedByUsedInOperatingActivities",
                "unit": "usd",
                "value": 557000
            },
            {
                "label": "Collections from real estate loan",
                "concept": "ProceedsFromCollectionOfLoansReceivable",
                "unit": "usd",
                "value": 150000
            },
            {
                "label": "Improvements to real estate properties",
                "concept": "PaymentsToDevelopRealEstateAssets",
                "unit": "usd",
                "value": 323000
            },
            {
                "label": "Distributions from unconsolidated joint ventures",
                "concept": "ProceedsFromEquityMethodInvestmentDividendsOrDistributionsReturnOfCapital",
                "unit": "usd",
                "value": 3010000
            },
            {
                "label": "Contributions to unconsolidated joint ventures",
                "concept": "PaymentsToAcquireEquityMethodInvestments",
                "unit": "usd",
                "value": 13700000
            },
            {
                "label": "Net cash used in investing activities",
                "concept": "NetCashProvidedByUsedInInvestingActivities",
                "unit": "usd",
                "value": 10863000
            },
            {
                "label": "Mortgage principal payments",
                "concept": "RepaymentsOfOtherDebt",
                "unit": "usd",
                "value": 756000
            },
            {
                "label": "Dividends paid",
                "concept": "PaymentsOfDividends",
                "unit": "usd",
                "value": 3778000
            },
            {
                "label": "Distributions to non-controlling interests",
                "concept": "PaymentsToMinorityShareholders",
                "unit": "usd",
                "value": 89000
            },
            {
                "label": "Proceeds from the sale of common stock",
                "concept": "ProceedsFromIssuanceOfCommonStock",
                "unit": "usd",
                "value": 12077000
            },
            {
                "label": "Repurchase of shares of common stock",
                "concept": "PaymentsForRepurchaseOfCommonStock",
                "unit": "usd",
                "value": 616000
            },
            {
                "label": "Net cash provided by (used in) financing activities",
                "concept": "NetCashProvidedByUsedInFinancingActivities",
                "unit": "usd",
                "value": 6838000
            },
            {
                "label": "Net (decrease) increase in cash, cash equivalents and restricted cash",
                "concept": "CashCashEquivalentsRestrictedCashAndRestrictedCashEquivalentsPeriodIncreaseDecreaseIncludingExchangeRateEffect",
                "unit": "usd",
                "value": 3468000
            },
            {
                "label": "Cash paid during the period for interest",
                "concept": "InterestPaidNet",
                "unit": "usd",
                "value": 1810000
            },
            {
                "label": "Taxes paid",
                "concept": "IncomeTaxesPaidNet",
                "unit": "usd",
                "value": 10000
            }
        ],
        "ic": [
            {
                "label": "Net loss",
                "concept": "ProfitLoss",
                "unit": "usd",
                "value": 4799000
            },
            {
                "label": "Unrealized loss on derivative instruments",
                "concept": "OtherComprehensiveIncomeLossDerivativeExcludedComponentIncreaseDecreaseAfterAdjustmentsAndTax",
                "unit": "usd",
                "value": 23000
            },
            {
                "label": "Other comprehensive loss",
                "concept": "OtherComprehensiveIncomeLossNetOfTax",
                "unit": "usd",
                "value": 23000
            },
            {
                "label": "Comprehensive loss",
                "concept": "ComprehensiveIncomeNetOfTaxIncludingPortionAttributableToNoncontrollingInterest",
                "unit": "usd",
                "value": 4822000
            },
            {
                "label": "Comprehensive income attributable to non-controlling interests",
                "concept": "ComprehensiveIncomeNetOfTaxAttributableToNoncontrollingInterest",
                "unit": "usd",
                "value": 29000
            },
            {
                "label": "Comprehensive loss attributable to common stockholders",
                "concept": "ComprehensiveIncomeNetOfTax",
                "unit": "usd",
                "value": 4851000
            }
        ]
    }
}