{
    "startDate": "2020-02-01",
    "endDate": "2020-04-30",
    "year": "2021",
    "quarter": "Q1",
    "symbol": "RAVN",
    "data": {
        "bs": [],
        "cf": [
            {
                "label": "Net income",
                "concept": "ProfitLoss",
                "unit": "usd",
                "value": 3949000
            },
            {
                "label": "Depreciation and amortization",
                "concept": "DepreciationAmortizationAndAccretionNet",
                "unit": "usd",
                "value": 4176000
            },
            {
                "label": "Change in fair value of acquisition-related contingent consideration",
                "concept": "ravn:Changeinfairvalueofacquisitionrelatedcontingentconsideration",
                "unit": "usd",
                "value": 55000
            },
            {
                "label": "Deferred income taxes",
                "concept": "DeferredIncomeTaxExpenseBenefit",
                "unit": "usd",
                "value": 1060000
            },
            {
                "label": "Share-based compensation expense",
                "concept": "ShareBasedCompensation",
                "unit": "usd",
                "value": 1496000
            },
            {
                "label": "Other operating activities, net",
                "concept": "OtherOperatingActivitiesCashFlowStatement",
                "unit": "usd",
                "value": 159000
            },
            {
                "label": "Accounts receivable",
                "concept": "IncreaseDecreaseInAccountsReceivable",
                "unit": "usd",
                "value": 937000
            },
            {
                "label": "Inventories",
                "concept": "IncreaseDecreaseInInventories",
                "unit": "usd",
                "value": 4008000
            },
            {
                "label": "Other assets",
                "concept": "IncreaseDecreaseInPrepaidDeferredExpenseAndOtherAssets",
                "unit": "usd",
                "value": 715000
            },
            {
                "label": "Operating liabilities",
                "concept": "IncreaseDecreaseInOperatingLiabilities",
                "unit": "usd",
                "value": 7290000
            },
            {
                "label": "Net cash provided by operating activities",
                "concept": "NetCashProvidedByUsedInOperatingActivities",
                "unit": "usd",
                "value": 11851000
            },
            {
                "label": "Capital expenditures",
                "concept": "PaymentsToAcquirePropertyPlantAndEquipment",
                "unit": "usd",
                "value": 4434000
            },
            {
                "label": "Purchases of investments",
                "concept": "PaymentsToAcquireOtherInvestments",
                "unit": "usd",
                "value": 98000
            },
            {
                "label": "Proceeds from sale of assets",
                "concept": "PaymentsForProceedsFromBusinessesAndInterestInAffiliates",
                "unit": "usd",
                "value": 251000
            },
            {
                "label": "Other investing activities",
                "concept": "PaymentsForProceedsFromOtherInvestingActivities",
                "unit": "usd",
                "value": 9000
            },
            {
                "label": "Net cash used in investing activities",
                "concept": "NetCashProvidedByUsedInInvestingActivities",
                "unit": "usd",
                "value": 4290000
            },
            {
                "label": "Dividends paid",
                "concept": "PaymentsOfOrdinaryDividends",
                "unit": "usd",
                "value": 4658000
            },
            {
                "label": "Payments for common shares repurchased",
                "concept": "PaymentsForRepurchaseOfCommonStock",
                "unit": "usd",
                "value": "N/A"
            },
            {
                "label": "Payment of acquisition-related contingent liabilities",
                "concept": "PaymentForContingentConsiderationLiabilityFinancingActivities",
                "unit": "usd",
                "value": "N/A"
            },
            {
                "label": "Proceeds from debt",
                "concept": "ProceedsFromLongTermLinesOfCredit",
                "unit": "usd",
                "value": 50150000
            },
            {
                "label": "Restricted stock units vested and issued",
                "concept": "PaymentsRelatedToTaxWithholdingForShareBasedCompensation",
                "unit": "usd",
                "value": 627000
            },
            {
                "label": "Employee stock options exercises",
                "concept": "ravn:Paymentsforstockoptionsexercisednetofsharessurrenderedforemployeetaxes",
                "unit": "usd",
                "value": 113000
            },
            {
                "label": "Other financing activities",
                "concept": "ProceedsFromPaymentsForOtherFinancingActivities",
                "unit": "usd",
                "value": 104000
            },
            {
                "label": "Net cash provided by (used in) financing activities",
                "concept": "NetCashProvidedByUsedInFinancingActivities",
                "unit": "usd",
                "value": 44648000
            },
            {
                "label": "Effect of Exchange Rate on Cash and Cash Equivalents",
                "concept": "EffectOfExchangeRateOnCashCashEquivalentsRestrictedCashAndRestrictedCashEquivalents",
                "unit": "usd",
                "value": 335000
            },
            {
                "label": "Net Increase (decrease) in Cash and Cash Equivalents",
                "concept": "CashCashEquivalentsRestrictedCashAndRestrictedCashEquivalentsPeriodIncreaseDecreaseIncludingExchangeRateEffect",
                "unit": "usd",
                "value": 51874000
            }
        ],
        "ic": [
            {
                "label": "Net sales",
                "concept": "RevenueFromContractWithCustomerExcludingAssessedTax",
                "unit": "usd",
                "value": 86496000
            },
            {
                "label": "Cost of sales",
                "concept": "CostOfGoodsAndServicesSold",
                "unit": "usd",
                "value": 58029000
            },
            {
                "label": "Gross profit",
                "concept": "GrossProfit",
                "unit": "usd",
                "value": 28467000
            },
            {
                "label": "Research and development expenses",
                "concept": "ResearchAndDevelopmentExpense",
                "unit": "usd",
                "value": 10505000
            },
            {
                "label": "Selling, general, and administrative expenses",
                "concept": "SellingGeneralAndAdministrativeExpense",
                "unit": "usd",
                "value": 14023000
            },
            {
                "label": "Operating income",
                "concept": "OperatingIncomeLoss",
                "unit": "usd",
                "value": 3939000
            },
            {
                "label": "Other income (expense), net",
                "concept": "OtherNonoperatingIncomeExpense",
                "unit": "usd",
                "value": 468000
            },
            {
                "label": "Income before income taxes",
                "concept": "IncomeLossFromContinuingOperationsBeforeIncomeTaxesMinorityInterestAndIncomeLossFromEquityMethodInvestments",
                "unit": "usd",
                "value": 3471000
            },
            {
                "label": "Income tax expense (benefit)",
                "concept": "IncomeTaxExpenseBenefit",
                "unit": "usd",
                "value": 478000
            },
            {
                "label": "Net income",
                "concept": "ProfitLoss",
                "unit": "usd",
                "value": 3949000
            },
            {
                "label": "Net income (loss) attributable to redeemable noncontrolling interest and noncontrolling interest",
                "concept": "NetIncomeLossAttributableToNoncontrollingInterest",
                "unit": "usd",
                "value": 98000
            },
            {
                "label": "Net income attributable to Raven Industries, Inc.",
                "concept": "NetIncomeLoss",
                "unit": "usd",
                "value": 4047000
            },
            {
                "label": "Basic (in dollars per share)",
                "concept": "EarningsPerShareBasic",
                "unit": "usd/shares",
                "value": 0.11
            },
            {
                "label": "Diluted (in dollars per share)",
                "concept": "EarningsPerShareDiluted",
                "unit": "usd/shares",
                "value": 0.11
            },
            {
                "label": "Net income",
                "concept": "ProfitLoss",
                "unit": "usd",
                "value": 3949000
            },
            {
                "label": "Foreign currency translation",
                "concept": "OtherComprehensiveIncomeLossForeignCurrencyTransactionAndTranslationAdjustmentNetOfTax",
                "unit": "usd",
                "value": 2579000
            },
            {
                "label": "Postretirement benefits, net of income tax benefit of $1 and $4, respectively",
                "concept": "OtherComprehensiveIncomeLossPensionAndOtherPostretirementBenefitPlansAdjustmentNetOfTax",
                "unit": "usd",
                "value": 3000
            },
            {
                "label": "Other comprehensive income (loss), net of tax",
                "concept": "OtherComprehensiveIncomeLossNetOfTax",
                "unit": "usd",
                "value": 2582000
            },
            {
                "label": "Comprehensive income (loss)",
                "concept": "ComprehensiveIncomeNetOfTaxIncludingPortionAttributableToNoncontrollingInterest",
                "unit": "usd",
                "value": 1367000
            },
            {
                "label": "Comprehensive income (loss) attributable to redeemable noncontrolling interest and noncontrolling interest",
                "concept": "ComprehensiveIncomeNetOfTaxAttributableToNoncontrollingInterest",
                "unit": "usd",
                "value": 98000
            },
            {
                "label": "Comprehensive income (loss) attributable to Raven Industries, Inc.",
                "concept": "ComprehensiveIncomeNetOfTax",
                "unit": "usd",
                "value": 1465000
            },
            {
                "label": "Other comprehensive income, postretirement benefits, income tax (expense) benefit",
                "concept": "OtherComprehensiveIncomeLossPensionAndOtherPostretirementBenefitPlansTax",
                "unit": "usd",
                "value": 1000
            }
        ]
    }
}