{
    "startDate": "2019-12-29",
    "endDate": "2020-03-28",
    "year": "2020",
    "quarter": "Q1",
    "symbol": "RBC",
    "data": {
        "bs": [
            {
                "label": "Cash and Cash Equivalents",
                "concept": "CashCashEquivalentsRestrictedCashAndRestrictedCashEquivalents",
                "unit": "usd",
                "value": 604500000.0
            },
            {
                "label": "Trade Receivables, Less Allowances of $12.1 Million in 2020 and $9.7 Million in 2019",
                "concept": "AccountsReceivableNetCurrent",
                "unit": "usd",
                "value": 464000000.0
            },
            {
                "label": "Inventories",
                "concept": "InventoryNet",
                "unit": "usd",
                "value": 655300000.0
            },
            {
                "label": "Prepaid Expenses and Other Current Assets",
                "concept": "PrepaidExpenseAndOtherAssetsCurrent",
                "unit": "usd",
                "value": 104000000.0
            },
            {
                "label": "Assets Held for Sale",
                "concept": "AssetsHeldForSaleNotPartOfDisposalGroupCurrent",
                "unit": "usd",
                "value": 6600000.0
            },
            {
                "label": "Total Current Assets",
                "concept": "AssetsCurrent",
                "unit": "usd",
                "value": 1834400000.0
            },
            {
                "label": "Net Property, Plant, and Equipment",
                "concept": "PropertyPlantAndEquipmentNet",
                "unit": "usd",
                "value": 570300000.0
            },
            {
                "label": "Operating Lease Assets",
                "concept": "OperatingLeaseRightOfUseAsset",
                "unit": "usd",
                "value": 71400000.0
            },
            {
                "label": "Goodwill",
                "concept": "Goodwill",
                "unit": "usd",
                "value": 1494000000.0
            },
            {
                "label": "Intangible Assets, Net of Amortization",
                "concept": "IntangibleAssetsNetExcludingGoodwill",
                "unit": "usd",
                "value": 552800000.0
            },
            {
                "label": "Deferred Income Tax Benefits",
                "concept": "DeferredIncomeTaxAssetsNet",
                "unit": "usd",
                "value": 41800000.0
            },
            {
                "label": "Other Noncurrent Assets",
                "concept": "OtherAssetsNoncurrent",
                "unit": "usd",
                "value": 21200000.0
            },
            {
                "label": "Total Assets",
                "concept": "Assets",
                "unit": "usd",
                "value": 4585900000.0
            },
            {
                "label": "Accounts Payable",
                "concept": "AccountsPayableCurrent",
                "unit": "usd",
                "value": 340300000.0
            },
            {
                "label": "Dividends Payable",
                "concept": "DividendsPayableCurrent",
                "unit": "usd",
                "value": 12100000.0
            },
            {
                "label": "Current Hedging Obligations",
                "concept": "HedgingLiabilitiesCurrent",
                "unit": "usd",
                "value": 29500000.0
            },
            {
                "label": "Accrued Compensation and Employee Benefits",
                "concept": "EmployeeRelatedLiabilitiesCurrent",
                "unit": "usd",
                "value": 63200000.0
            },
            {
                "label": "Other Accrued Expenses",
                "concept": "OtherAccruedLiabilitiesCurrent",
                "unit": "usd",
                "value": 112800000.0
            },
            {
                "label": "Current Operating Lease Liabilities",
                "concept": "OperatingLeaseLiabilityCurrent",
                "unit": "usd",
                "value": 21800000.0
            },
            {
                "label": "Current Maturities of Long-Term Debt",
                "concept": "LongTermDebtCurrent",
                "unit": "usd",
                "value": 600000.0
            },
            {
                "label": "Total Current Liabilities",
                "concept": "LiabilitiesCurrent",
                "unit": "usd",
                "value": 580300000.0
            },
            {
                "label": "Long-Term Debt",
                "concept": "LongTermDebtNoncurrent",
                "unit": "usd",
                "value": 1364300000.0
            },
            {
                "label": "Deferred Income Taxes",
                "concept": "DeferredIncomeTaxLiabilitiesNet",
                "unit": "usd",
                "value": 161300000.0
            },
            {
                "label": "Noncurrent Hedging Obligations",
                "concept": "DerivativeLiabilitiesNoncurrent",
                "unit": "usd",
                "value": 7000000.0
            },
            {
                "label": "Pension and Other Post Retirement Benefits",
                "concept": "PensionAndOtherPostretirementDefinedBenefitPlansLiabilitiesNoncurrent",
                "unit": "usd",
                "value": 78400000.0
            },
            {
                "label": "Noncurrent Operating Lease Liabilities",
                "concept": "OperatingLeaseLiabilityNoncurrent",
                "unit": "usd",
                "value": 51400000.0
            },
            {
                "label": "Other Noncurrent Liabilities",
                "concept": "OtherLiabilitiesNoncurrent",
                "unit": "usd",
                "value": 43100000.0
            },
            {
                "label": "Contingencies (see Note 13)",
                "concept": "CommitmentsAndContingencies",
                "unit": "usd",
                "value": "N/A"
            },
            {
                "label": "Common Stock, $0.01 par value, 100.0 Million Shares Authorized, 40.5 Million and 40.8 Million Shares Issued and Outstanding for 2020 and 2019, Respectively",
                "concept": "CommonStockValue",
                "unit": "usd",
                "value": 400000.0
            },
            {
                "label": "Additional Paid-In Capital",
                "concept": "AdditionalPaidInCapitalCommonStock",
                "unit": "usd",
                "value": 692500000.0
            },
            {
                "label": "Retained Earnings",
                "concept": "RetainedEarningsAccumulatedDeficit",
                "unit": "usd",
                "value": 1903800000.0
            },
            {
                "label": "Accumulated Other Comprehensive Loss",
                "concept": "AccumulatedOtherComprehensiveIncomeLossNetOfTax",
                "unit": "usd",
                "value": 326100000.0
            },
            {
                "label": "Total Regal Beloit Corporation Shareholders' Equity",
                "concept": "StockholdersEquity",
                "unit": "usd",
                "value": 2270600000.0
            },
            {
                "label": "Noncontrolling Interests",
                "concept": "MinorityInterest",
                "unit": "usd",
                "value": 29500000.0
            },
            {
                "label": "Total Equity",
                "concept": "StockholdersEquityIncludingPortionAttributableToNoncontrollingInterest",
                "unit": "usd",
                "value": 2300100000.0
            },
            {
                "label": "Total Liabilities and Equity",
                "concept": "LiabilitiesAndStockholdersEquity",
                "unit": "usd",
                "value": 4585900000.0
            }
        ],
        "cf": [
            {
                "label": "Net Income",
                "concept": "ProfitLoss",
                "unit": "usd",
                "value": 46700000.0
            },
            {
                "label": "Depreciation and Amortization",
                "concept": "DepreciationDepletionAndAmortization",
                "unit": "usd",
                "value": 32600000.0
            },
            {
                "label": "Asset Impairments",
                "concept": "AssetImpairmentCharges",
                "unit": "usd",
                "value": 1500000.0
            },
            {
                "label": "Noncash Lease Expense",
                "concept": "rbc:NoncashLeaseExpense",
                "unit": "usd",
                "value": 7600000.0
            },
            {
                "label": "Loss on Sale or Disposition of Assets, Net",
                "concept": "GainLossOnDispositionOfAssets",
                "unit": "usd",
                "value": 700000.0
            },
            {
                "label": "Share-Based Compensation Expense",
                "concept": "ShareBasedCompensation",
                "unit": "usd",
                "value": 2700000.0
            },
            {
                "label": "Gain on Divestiture of Businesses",
                "concept": "GainLossOnSaleOfBusiness",
                "unit": "usd",
                "value": 100000.0
            },
            {
                "label": "Change in Operating Assets and Liabilities",
                "concept": "IncreaseDecreaseInOperatingCapital",
                "unit": "usd",
                "value": 11000000.0
            },
            {
                "label": "Net Cash Provided by Operating Activities",
                "concept": "NetCashProvidedByUsedInOperatingActivities",
                "unit": "usd",
                "value": 102700000.0
            },
            {
                "label": "Additions to Property, Plant and Equipment",
                "concept": "PaymentsToAcquirePropertyPlantAndEquipment",
                "unit": "usd",
                "value": 10900000.0
            },
            {
                "label": "Proceeds Received from Sales of Property, Plant and Equipment",
                "concept": "ProceedsFromSaleOfPropertyPlantAndEquipment",
                "unit": "usd",
                "value": 2700000.0
            },
            {
                "label": "Proceeds from Divestiture of Businesses",
                "concept": "ProceedsFromDivestitureOfBusinesses",
                "unit": "usd",
                "value": 300000.0
            },
            {
                "label": "Net Cash (Used In) Provided by Investing Activities",
                "concept": "NetCashProvidedByUsedInInvestingActivities",
                "unit": "usd",
                "value": 7900000.0
            },
            {
                "label": "Borrowings Under Revolving Credit Facility",
                "concept": "ProceedsFromLongTermLinesOfCredit",
                "unit": "usd",
                "value": 409700000.0
            },
            {
                "label": "Repayments Under Revolving Credit Facility",
                "concept": "RepaymentsOfLongTermLinesOfCredit",
                "unit": "usd",
                "value": 182600000.0
            },
            {
                "label": "Proceeds from Short-Term Borrowings",
                "concept": "ProceedsFromShortTermDebt",
                "unit": "usd",
                "value": 1500000.0
            },
            {
                "label": "Repayments of Short-Term Borrowings",
                "concept": "RepaymentsOfShortTermDebt",
                "unit": "usd",
                "value": 1500000.0
            },
            {
                "label": "Repayments of Long-Term Borrowings",
                "concept": "RepaymentsOfOtherLongTermDebt",
                "unit": "usd",
                "value": 100000.0
            },
            {
                "label": "Dividends Paid to Shareholders",
                "concept": "PaymentsOfDividendsCommonStock",
                "unit": "usd",
                "value": 12200000.0
            },
            {
                "label": "Shares Surrendered for Taxes",
                "concept": "rbc:SharesSurrenderedforTaxesFinancingActivities",
                "unit": "usd",
                "value": 1100000.0
            },
            {
                "label": "Repurchase of Common Stock",
                "concept": "PaymentsForRepurchaseOfCommonStock",
                "unit": "usd",
                "value": 25000000.0
            },
            {
                "label": "Distributions to Noncontrolling Interests",
                "concept": "PaymentsOfDistributionsToAffiliates",
                "unit": "usd",
                "value": "N/A"
            },
            {
                "label": "Net Cash Provided by (Used In) Financing Activities",
                "concept": "NetCashProvidedByUsedInFinancingActivities",
                "unit": "usd",
                "value": 188700000.0
            },
            {
                "label": "EFFECT OF EXCHANGE RATES ON CASH AND CASH EQUIVALENTS",
                "concept": "EffectOfExchangeRateOnCashCashEquivalentsRestrictedCashAndRestrictedCashEquivalents",
                "unit": "usd",
                "value": 10400000.0
            },
            {
                "label": "Net Increase in Cash and Cash Equivalents",
                "concept": "CashCashEquivalentsRestrictedCashAndRestrictedCashEquivalentsPeriodIncreaseDecreaseIncludingExchangeRateEffect",
                "unit": "usd",
                "value": 273100000.0
            },
            {
                "label": "Interest",
                "concept": "InterestPaidNet",
                "unit": "usd",
                "value": 16100000.000000002
            },
            {
                "label": "Income taxes",
                "concept": "IncomeTaxesPaidNet",
                "unit": "usd",
                "value": 7300000.0
            }
        ],
        "ic": [
            {
                "label": "Net Sales",
                "concept": "RevenueFromContractWithCustomerIncludingAssessedTax",
                "unit": "usd",
                "value": 734200000.0
            },
            {
                "label": "Cost of Sales",
                "concept": "CostOfGoodsAndServicesSold",
                "unit": "usd",
                "value": 530900000.0
            },
            {
                "label": "Gross Profit",
                "concept": "GrossProfit",
                "unit": "usd",
                "value": 203300000.0
            },
            {
                "label": "Operating Expenses",
                "concept": "SellingGeneralAndAdministrativeExpense",
                "unit": "usd",
                "value": 131900000.0
            },
            {
                "label": "Total Operating Expenses",
                "concept": "CostsAndExpenses",
                "unit": "usd",
                "value": 133300000.00000001
            },
            {
                "label": "Other (Income) Expenses, net",
                "concept": "OperatingIncomeLoss",
                "unit": "usd",
                "value": 70000000.0
            },
            {
                "label": "Other (Income) Expenses, net",
                "concept": "OtherNonoperatingIncomeExpense",
                "unit": "usd",
                "value": 1100000.0
            },
            {
                "label": "Interest Expense",
                "concept": "InterestExpense",
                "unit": "usd",
                "value": 11600000.0
            },
            {
                "label": "Interest Income",
                "concept": "InvestmentIncomeInterest",
                "unit": "usd",
                "value": 1100000.0
            },
            {
                "label": "Income before Taxes",
                "concept": "IncomeLossFromContinuingOperationsBeforeIncomeTaxesMinorityInterestAndIncomeLossFromEquityMethodInvestments",
                "unit": "usd",
                "value": 60600000.0
            },
            {
                "label": "Provision for Income Taxes",
                "concept": "IncomeTaxExpenseBenefit",
                "unit": "usd",
                "value": 13900000.0
            },
            {
                "label": "Net Income",
                "concept": "ProfitLoss",
                "unit": "usd",
                "value": 46700000.0
            },
            {
                "label": "Less: Net Income Attributable to Noncontrolling Interests",
                "concept": "NetIncomeLossAttributableToNoncontrollingInterest",
                "unit": "usd",
                "value": 900000.0
            },
            {
                "label": "Net Income Attributable to Regal Beloit Corporation",
                "concept": "NetIncomeLoss",
                "unit": "usd",
                "value": 45800000.0
            },
            {
                "label": "Basic (in dollars per share)",
                "concept": "EarningsPerShareBasic",
                "unit": "usd/shares",
                "value": 1.13
            },
            {
                "label": "Assuming Dilution (in dollars per share)",
                "concept": "EarningsPerShareDiluted",
                "unit": "usd/shares",
                "value": 1.12
            },
            {
                "label": "Basic (in shares)",
                "concept": "WeightedAverageNumberOfSharesOutstandingBasic",
                "unit": "shares",
                "value": 40600000.0
            },
            {
                "label": "Assuming Dilution (in shares)",
                "concept": "WeightedAverageNumberOfDilutedSharesOutstanding",
                "unit": "shares",
                "value": 40800000.0
            }
        ]
    }
}