{
    "startDate": "2020-01-01",
    "endDate": "2020-03-31",
    "year": "2020",
    "quarter": "Q1",
    "symbol": "GWW",
    "data": {
        "bs": [
            {
                "label": "Beginning balance",
                "concept": "StockholdersEquityIncludingPortionAttributableToNoncontrollingInterest",
                "unit": "usd",
                "value": 2030000000
            },
            {
                "label": "Ending balance",
                "concept": "StockholdersEquityIncludingPortionAttributableToNoncontrollingInterest",
                "unit": "usd",
                "value": 2030000000
            }
        ],
        "cf": [
            {
                "label": "Provision for credit losses",
                "concept": "ProvisionForDoubtfulAccounts",
                "unit": "usd",
                "value": 6000000
            },
            {
                "label": "Deferred income taxes and tax uncertainties",
                "concept": "OtherIncomeTaxExpenseBenefitContinuingOperations",
                "unit": "usd",
                "value": 7000000
            },
            {
                "label": "Depreciation and amortization",
                "concept": "DepreciationAndAmortization",
                "unit": "usd",
                "value": 45000000
            },
            {
                "label": "Net losses (gains) from sales of assets and business divestitures",
                "concept": "GainLossOnDispositionOfAssets1",
                "unit": "usd",
                "value": 3000000
            },
            {
                "label": "Impairment of goodwill, intangibles and long-lived assets",
                "concept": "AssetImpairmentCharges",
                "unit": "usd",
                "value": 177000000
            },
            {
                "label": "Stock-based compensation",
                "concept": "ShareBasedCompensation",
                "unit": "usd",
                "value": 9000000
            },
            {
                "label": "Subtotal",
                "concept": "AdjustmentsNoncashItemsToReconcileNetIncomeLossToCashProvidedByUsedInOperatingActivities",
                "unit": "usd",
                "value": 233000000
            },
            {
                "label": "Accounts receivable",
                "concept": "IncreaseDecreaseInAccountsReceivable",
                "unit": "usd",
                "value": 217000000
            },
            {
                "label": "Inventories",
                "concept": "IncreaseDecreaseInInventories",
                "unit": "usd",
                "value": 19000000
            },
            {
                "label": "Prepaid expenses and other assets",
                "concept": "IncreaseDecreaseInPrepaidDeferredExpenseAndOtherAssets",
                "unit": "usd",
                "value": 26000000
            },
            {
                "label": "Trade accounts payable",
                "concept": "IncreaseDecreaseInAccountsPayableTrade",
                "unit": "usd",
                "value": 155000000
            },
            {
                "label": "Accrued liabilities",
                "concept": "IncreaseDecreaseInOtherAccruedLiabilities",
                "unit": "usd",
                "value": 36000000
            },
            {
                "label": "Income taxes - net",
                "concept": "IncreaseDecreaseInAccruedIncomeTaxesPayable",
                "unit": "usd",
                "value": 62000000
            },
            {
                "label": "Other non-current liabilities",
                "concept": "OtherOperatingActivitiesCashFlowStatement",
                "unit": "usd",
                "value": 7000000
            },
            {
                "label": "Subtotal",
                "concept": "IncreaseDecreaseInOperatingCapital",
                "unit": "usd",
                "value": 174000000
            },
            {
                "label": "Net cash provided by operating activities",
                "concept": "NetCashProvidedByUsedInOperatingActivities",
                "unit": "usd",
                "value": 244000000
            },
            {
                "label": "Additions to property, buildings, equipment and intangibles",
                "concept": "PaymentsToAcquirePropertyPlantAndEquipment",
                "unit": "usd",
                "value": 50000000
            },
            {
                "label": "Proceeds from sales of assets",
                "concept": "ProceedsFromSaleOfPropertyPlantAndEquipment",
                "unit": "usd",
                "value": "N/A"
            },
            {
                "label": "Other",
                "concept": "PaymentsForProceedsFromOtherInvestingActivities",
                "unit": "usd",
                "value": 2000000
            },
            {
                "label": "Net cash used in investing activities",
                "concept": "NetCashProvidedByUsedInInvestingActivities",
                "unit": "usd",
                "value": 52000000
            },
            {
                "label": "Payments against lines of credit",
                "concept": "RepaymentsOfLinesOfCredit",
                "unit": "usd",
                "value": 45000000
            },
            {
                "label": "Proceeds from Issuance of Long-term Debt",
                "concept": "ProceedsFromIssuanceOfLongTermDebt",
                "unit": "usd",
                "value": 1500000000
            },
            {
                "label": "Payments of long-term debt",
                "concept": "RepaymentsOfLongTermDebt",
                "unit": "usd",
                "value": 345000000
            },
            {
                "label": "Proceeds from stock options exercised",
                "concept": "ProceedsFromStockOptionsExercised",
                "unit": "usd",
                "value": 19000000
            },
            {
                "label": "Payments for employee taxes withheld from stock awards",
                "concept": "PaymentsRelatedToTaxWithholdingForShareBasedCompensation",
                "unit": "usd",
                "value": 5000000
            },
            {
                "label": "Purchases of treasury stock",
                "concept": "PaymentsForRepurchaseOfCommonStock",
                "unit": "usd",
                "value": 100000000
            },
            {
                "label": "Cash dividends paid",
                "concept": "PaymentsOfDividendsCommonStock",
                "unit": "usd",
                "value": 78000000
            },
            {
                "label": "Other - net",
                "concept": "ProceedsFromPaymentsForOtherFinancingActivities",
                "unit": "usd",
                "value": "N/A"
            },
            {
                "label": "Net cash provided by (used in) financing activities",
                "concept": "NetCashProvidedByUsedInFinancingActivities",
                "unit": "usd",
                "value": 955000000
            },
            {
                "label": "Exchange rate effect on cash and cash equivalents",
                "concept": "EffectOfExchangeRateOnCashAndCashEquivalents",
                "unit": "usd",
                "value": 15000000
            },
            {
                "label": "NET CHANGE IN CASH AND CASH EQUIVALENTS",
                "concept": "CashCashEquivalentsRestrictedCashAndRestrictedCashEquivalentsPeriodIncreaseDecreaseIncludingExchangeRateEffect",
                "unit": "usd",
                "value": 1132000000
            }
        ],
        "ic": [
            {
                "label": "Net sales",
                "concept": "RevenueFromContractWithCustomerExcludingAssessedTax",
                "unit": "usd",
                "value": 3001000000
            },
            {
                "label": "Cost of goods sold",
                "concept": "CostOfGoodsAndServicesSold",
                "unit": "usd",
                "value": 1880000000
            },
            {
                "label": "Gross profit",
                "concept": "GrossProfit",
                "unit": "usd",
                "value": 1121000000
            },
            {
                "label": "Selling, general and administrative expenses",
                "concept": "SellingGeneralAndAdministrativeExpense",
                "unit": "usd",
                "value": 962000000
            },
            {
                "label": "Operating earnings",
                "concept": "OperatingIncomeLoss",
                "unit": "usd",
                "value": 159000000
            },
            {
                "label": "Interest expense, net",
                "concept": "InterestIncomeExpenseNet",
                "unit": "usd",
                "value": 21000000
            },
            {
                "label": "Other, net",
                "concept": "OtherNonoperatingIncomeExpense",
                "unit": "usd",
                "value": 4000000
            },
            {
                "label": "Total other expense, net",
                "concept": "NonoperatingIncomeExpense",
                "unit": "usd",
                "value": 17000000
            },
            {
                "label": "Earnings before income taxes",
                "concept": "IncomeLossFromContinuingOperationsBeforeIncomeTaxesExtraordinaryItemsNoncontrollingInterest",
                "unit": "usd",
                "value": 142000000
            },
            {
                "label": "Income tax (benefit) provision",
                "concept": "IncomeTaxExpenseBenefit",
                "unit": "usd",
                "value": 43000000
            },
            {
                "label": "Net earnings",
                "concept": "ProfitLoss",
                "unit": "usd",
                "value": 185000000
            },
            {
                "label": "Less: Net earnings attributable to noncontrolling interest",
                "concept": "NetIncomeLossAttributableToNoncontrollingInterest",
                "unit": "usd",
                "value": 12000000
            },
            {
                "label": "Net earnings attributable to W.W. Grainger, Inc.",
                "concept": "NetIncomeLoss",
                "unit": "usd",
                "value": 173000000
            },
            {
                "label": "Basic (in dollars per share)",
                "concept": "EarningsPerShareBasic",
                "unit": "usd/shares",
                "value": 3.2
            },
            {
                "label": "Diluted (in dollars per share)",
                "concept": "EarningsPerShareDiluted",
                "unit": "usd/shares",
                "value": 3.19
            },
            {
                "label": "Basic (in shares)",
                "concept": "WeightedAverageNumberOfSharesOutstandingBasic",
                "unit": "shares",
                "value": 53600000.0
            },
            {
                "label": "Diluted (in shares)",
                "concept": "WeightedAverageNumberOfDilutedSharesOutstanding",
                "unit": "shares",
                "value": 53800000.0
            }
        ]
    }
}