{
    "startDate": "2020-01-01",
    "endDate": "2020-03-31",
    "year": "2020",
    "quarter": "Q1",
    "symbol": "LNG",
    "data": {
        "bs": [
            {
                "label": "",
                "concept": "CashAndCashEquivalentsAtCarryingValue",
                "unit": "usd",
                "value": 2399000000
            },
            {
                "label": "",
                "concept": "RestrictedCashCurrent",
                "unit": "usd",
                "value": 430000000
            },
            {
                "label": "",
                "concept": "CashCashEquivalentsRestrictedCashAndRestrictedCashEquivalents",
                "unit": "usd",
                "value": 2829000000
            }
        ],
        "cf": [],
        "ic": [
            {
                "label": "",
                "concept": "Revenues",
                "unit": "usd",
                "value": 2709000000
            },
            {
                "label": "",
                "concept": "RevenueFromContractWithCustomerExcludingAssessedTax",
                "unit": "usd",
                "value": 2493000000
            },
            {
                "label": "",
                "concept": "CostOfGoodsAndServiceExcludingDepreciationDepletionAndAmortization",
                "unit": "usd",
                "value": 724000000
            },
            {
                "label": "",
                "concept": "OperatingCostsAndExpenses",
                "unit": "usd",
                "value": 316000000
            },
            {
                "label": "",
                "concept": "ResearchAndDevelopmentExpense",
                "unit": "usd",
                "value": 4000000
            },
            {
                "label": "",
                "concept": "SellingGeneralAndAdministrativeExpense",
                "unit": "usd",
                "value": 81000000
            },
            {
                "label": "",
                "concept": "DepreciationDepletionAndAmortization",
                "unit": "usd",
                "value": 233000000
            },
            {
                "label": "",
                "concept": "GainLossOnSalesOfAssetsAndAssetImpairmentCharges",
                "unit": "usd",
                "value": 5000000
            },
            {
                "label": "",
                "concept": "CostsAndExpenses",
                "unit": "usd",
                "value": 1363000000
            },
            {
                "label": "",
                "concept": "OperatingIncomeLoss",
                "unit": "usd",
                "value": 1346000000
            },
            {
                "label": "",
                "concept": "InterestExpense",
                "unit": "usd",
                "value": 412000000
            },
            {
                "label": "",
                "concept": "lng:GainsLossesonModificationorExtinguishmentofDebt",
                "unit": "usd",
                "value": 1000000
            },
            {
                "label": "",
                "concept": "GainLossOnDerivativeInstrumentsNetPretax",
                "unit": "usd",
                "value": 208000000
            },
            {
                "label": "",
                "concept": "OtherNonoperatingIncomeExpense",
                "unit": "usd",
                "value": 9000000
            },
            {
                "label": "",
                "concept": "NonoperatingIncomeExpense",
                "unit": "usd",
                "value": 612000000
            },
            {
                "label": "",
                "concept": "IncomeLossFromContinuingOperationsBeforeIncomeTaxesExtraordinaryItemsNoncontrollingInterest",
                "unit": "usd",
                "value": 734000000
            },
            {
                "label": "",
                "concept": "IncomeTaxExpenseBenefit",
                "unit": "usd",
                "value": 131000000
            },
            {
                "label": "",
                "concept": "ProfitLoss",
                "unit": "usd",
                "value": 603000000
            },
            {
                "label": "",
                "concept": "NetIncomeLossAttributableToNoncontrollingInterest",
                "unit": "usd",
                "value": 228000000
            },
            {
                "label": "",
                "concept": "NetIncomeLoss",
                "unit": "usd",
                "value": 375000000
            },
            {
                "label": "",
                "concept": "EarningsPerShareBasic",
                "unit": "usd/shares",
                "value": 1.48
            },
            {
                "label": "",
                "concept": "EarningsPerShareDiluted",
                "unit": "usd/shares",
                "value": 1.43
            },
            {
                "label": "",
                "concept": "WeightedAverageNumberOfSharesOutstandingBasic",
                "unit": "shares",
                "value": 253000000.0
            },
            {
                "label": "",
                "concept": "WeightedAverageNumberOfDilutedSharesOutstanding",
                "unit": "shares",
                "value": 299600000.0
            }
        ]
    }
}