{
    "startDate": "2020-01-01",
    "endDate": "2020-03-31",
    "year": "2020",
    "quarter": "Q1",
    "symbol": "LAWS",
    "data": {
        "bs": [
            {
                "label": "Cash and cash equivalents",
                "concept": "CashAndCashEquivalentsAtCarryingValue",
                "unit": "usd",
                "value": 4095000
            },
            {
                "label": "Restricted cash",
                "concept": "RestrictedCashAndCashEquivalentsAtCarryingValue",
                "unit": "usd",
                "value": 802000
            },
            {
                "label": "Allowance for Doubtful Accounts",
                "concept": "AllowanceForDoubtfulAccountsReceivable",
                "unit": "usd",
                "value": 793000
            },
            {
                "label": "Inventories, net",
                "concept": "InventoryNet",
                "unit": "usd",
                "value": 56182000
            },
            {
                "label": "Miscellaneous receivables and prepaid expenses",
                "concept": "PrepaidExpenseAndOtherAssetsCurrent",
                "unit": "usd",
                "value": 6674000
            },
            {
                "label": "Total current assets",
                "concept": "AssetsCurrent",
                "unit": "usd",
                "value": 109159000
            },
            {
                "label": "Property, plant and equipment, net",
                "concept": "PropertyPlantAndEquipmentNet",
                "unit": "usd",
                "value": 15662000
            },
            {
                "label": "Deferred income taxes",
                "concept": "DeferredIncomeTaxAssetsNet",
                "unit": "usd",
                "value": 18525000
            },
            {
                "label": "Goodwill",
                "concept": "Goodwill",
                "unit": "usd",
                "value": 19555000
            },
            {
                "label": "Cash value of life insurance",
                "concept": "CashSurrenderValueOfLifeInsurance",
                "unit": "usd",
                "value": 13808000
            },
            {
                "label": "Intangible assets, net",
                "concept": "IntangibleAssetsNetExcludingGoodwill",
                "unit": "usd",
                "value": 11276000
            },
            {
                "label": "Right of use assets",
                "concept": "laws:LeaseAssetsRightofUseAsset",
                "unit": "usd",
                "value": 10178000
            },
            {
                "label": "Other assets",
                "concept": "OtherAssetsNoncurrent",
                "unit": "usd",
                "value": 252000
            },
            {
                "label": "Total assets",
                "concept": "Assets",
                "unit": "usd",
                "value": 198415000
            },
            {
                "label": "Accounts payable",
                "concept": "AccountsPayableCurrent",
                "unit": "usd",
                "value": 13730000
            },
            {
                "label": "Lease obligation",
                "concept": "laws:LeaseLiabilityCurrent",
                "unit": "usd",
                "value": 3825000
            },
            {
                "label": "Accrued expenses and other liabilities",
                "concept": "AccruedLiabilitiesCurrent",
                "unit": "usd",
                "value": 18960000
            },
            {
                "label": "Total current liabilities",
                "concept": "LiabilitiesCurrent",
                "unit": "usd",
                "value": 36515000
            },
            {
                "label": "Revolving line of credit",
                "concept": "SecuredLongTermDebt",
                "unit": "usd",
                "value": 10460000
            },
            {
                "label": "Security bonus plan",
                "concept": "laws:SecurityBonusPlan",
                "unit": "usd",
                "value": 11677000
            },
            {
                "label": "Lease obligation",
                "concept": "laws:LeaseLiabilityNoncurrent",
                "unit": "usd",
                "value": 8331000
            },
            {
                "label": "Deferred compensation",
                "concept": "DeferredCompensationLiabilityClassifiedNoncurrent",
                "unit": "usd",
                "value": 5327000
            },
            {
                "label": "Deferred tax liability",
                "concept": "DeferredIncomeTaxLiabilitiesNet",
                "unit": "usd",
                "value": 5994000
            },
            {
                "label": "Other liabilities",
                "concept": "OtherLiabilitiesNoncurrent",
                "unit": "usd",
                "value": 3376000
            },
            {
                "label": "Total liabilities",
                "concept": "Liabilities",
                "unit": "usd",
                "value": 81680000
            },
            {
                "label": "Authorized - 500,000 shares, Issued and outstanding \u2014 None",
                "concept": "PreferredStockValue",
                "unit": "usd",
                "value": 0
            },
            {
                "label": "Authorized - 35,000,000 shares Issued - 9,190,171 shares Outstanding - 8,996,267 and 9,043,771 shares, respectively",
                "concept": "CommonStockValue",
                "unit": "usd",
                "value": 9190000
            },
            {
                "label": "Capital in excess of par value",
                "concept": "AdditionalPaidInCapitalCommonStock",
                "unit": "usd",
                "value": 18528000
            },
            {
                "label": "Retained earnings",
                "concept": "RetainedEarningsAccumulatedDeficit",
                "unit": "usd",
                "value": 99029000
            },
            {
                "label": "Treasury stock \u2013 193,904 and 146,400 shares, respectively",
                "concept": "TreasuryStockValue",
                "unit": "usd",
                "value": 7517000
            },
            {
                "label": "Accumulated other comprehensive loss",
                "concept": "AccumulatedOtherComprehensiveIncomeLossNetOfTax",
                "unit": "usd",
                "value": -2495000
            },
            {
                "label": "Total stockholders\u2019 equity",
                "concept": "StockholdersEquity",
                "unit": "usd",
                "value": 116735000
            },
            {
                "label": "Total liabilities and stockholders\u2019 equity",
                "concept": "LiabilitiesAndStockholdersEquity",
                "unit": "usd",
                "value": 198415000
            }
        ],
        "cf": [
            {
                "label": "Net income",
                "concept": "NetIncomeLoss",
                "unit": "usd",
                "value": 12533000
            },
            {
                "label": "Depreciation and amortization",
                "concept": "DepreciationDepletionAndAmortization",
                "unit": "usd",
                "value": 1509000
            },
            {
                "label": "Stock-based compensation",
                "concept": "EmployeeBenefitsAndShareBasedCompensation",
                "unit": "usd",
                "value": -10700000
            },
            {
                "label": "Deferred income taxes",
                "concept": "IncreaseDecreaseInDeferredIncomeTaxes",
                "unit": "usd",
                "value": -3196000
            },
            {
                "label": "Accounts receivable",
                "concept": "IncreaseDecreaseInAccountsReceivable",
                "unit": "usd",
                "value": 3528000
            },
            {
                "label": "Inventories",
                "concept": "IncreaseDecreaseInInventories",
                "unit": "usd",
                "value": 1500000
            },
            {
                "label": "Prepaid expenses and other assets",
                "concept": "IncreaseDecreaseInPrepaidDeferredExpenseAndOtherAssets",
                "unit": "usd",
                "value": 223000
            },
            {
                "label": "Accounts payable and other liabilities",
                "concept": "IncreaseDecreaseInAccountsPayableAndAccruedLiabilities",
                "unit": "usd",
                "value": -8486000
            },
            {
                "label": "Other",
                "concept": "IncreaseDecreaseInOtherOperatingCapitalNet",
                "unit": "usd",
                "value": -311000
            },
            {
                "label": "Net cash used in operating activities",
                "concept": "NetCashProvidedByUsedInOperatingActivities",
                "unit": "usd",
                "value": -6888000
            },
            {
                "label": "Purchases of property, plant and equipment",
                "concept": "PaymentsToAcquirePropertyPlantAndEquipment",
                "unit": "usd",
                "value": 551000
            },
            {
                "label": "Net cash used in investing activities",
                "concept": "NetCashProvidedByUsedInInvestingActivities",
                "unit": "usd",
                "value": -551000
            },
            {
                "label": "Net proceeds from the revolving line of credit",
                "concept": "ProceedsFromRepaymentsOfLinesOfCredit",
                "unit": "usd",
                "value": 8189000
            },
            {
                "label": "Repurchase treasury shares",
                "concept": "PaymentsForRepurchaseOfCommonStock",
                "unit": "usd",
                "value": 1756000
            },
            {
                "label": "Payment of financing lease principal",
                "concept": "RepaymentsOfLongTermCapitalLeaseObligations",
                "unit": "usd",
                "value": 67000
            },
            {
                "label": "Net cash provided by financing activities",
                "concept": "NetCashProvidedByUsedInFinancingActivities",
                "unit": "usd",
                "value": 6366000
            },
            {
                "label": "Effect of exchange rate changes on cash and cash equivalents",
                "concept": "EffectOfExchangeRateOnCashAndCashEquivalents",
                "unit": "usd",
                "value": -327000
            },
            {
                "label": "Decrease in cash, cash equivalents and restricted cash",
                "concept": "CashAndCashEquivalentsPeriodIncreaseDecrease",
                "unit": "usd",
                "value": -1400000
            },
            {
                "label": "Net cash paid for income taxes",
                "concept": "IncomeTaxesPaid",
                "unit": "usd",
                "value": 198000
            },
            {
                "label": "Net cash paid for interest",
                "concept": "InterestPaid",
                "unit": "usd",
                "value": 147000
            }
        ],
        "ic": [
            {
                "label": "Total revenue",
                "concept": "Revenues",
                "unit": "usd",
                "value": 91035000
            },
            {
                "label": "Selling expenses",
                "concept": "SellingExpense",
                "unit": "usd",
                "value": 19984000
            },
            {
                "label": "General and administrative expenses",
                "concept": "GeneralAndAdministrativeExpense",
                "unit": "usd",
                "value": 10299000
            },
            {
                "label": "Operating expenses",
                "concept": "OperatingExpenses",
                "unit": "usd",
                "value": 30283000
            },
            {
                "label": "Interest expense",
                "concept": "InterestExpense",
                "unit": "usd",
                "value": 115000
            },
            {
                "label": "Other income (expense), net",
                "concept": "OtherNonoperatingIncomeExpense",
                "unit": "usd",
                "value": -1111000
            },
            {
                "label": "Income before income taxes",
                "concept": "IncomeLossFromContinuingOperationsBeforeIncomeTaxesMinorityInterestAndIncomeLossFromEquityMethodInvestments",
                "unit": "usd",
                "value": 17412000
            },
            {
                "label": "Income tax expense",
                "concept": "IncomeTaxExpenseBenefit",
                "unit": "usd",
                "value": 4879000
            },
            {
                "label": "Net income",
                "concept": "NetIncomeLoss",
                "unit": "usd",
                "value": 12533000
            },
            {
                "label": "Basic income per share of common stock",
                "concept": "EarningsPerShareBasic",
                "unit": "usd/shares",
                "value": 1.39
            },
            {
                "label": "Diluted income per share of common stock",
                "concept": "EarningsPerShareDiluted",
                "unit": "usd/shares",
                "value": 1.34
            },
            {
                "label": "Basic weighted average shares outstanding",
                "concept": "WeightedAverageNumberOfSharesOutstandingBasic",
                "unit": "shares",
                "value": 9032000
            },
            {
                "label": "Effect of dilutive securities outstanding",
                "concept": "IncrementalCommonSharesAttributableToShareBasedPaymentArrangements",
                "unit": "shares",
                "value": 302000
            },
            {
                "label": "Diluted weighted average shares outstanding",
                "concept": "WeightedAverageNumberOfDilutedSharesOutstanding",
                "unit": "shares",
                "value": 9334000
            },
            {
                "label": "Net income",
                "concept": "NetIncomeLoss",
                "unit": "usd",
                "value": 12533000
            },
            {
                "label": "Adjustment for foreign currency translation",
                "concept": "OtherComprehensiveIncomeForeignCurrencyTransactionAndTranslationAdjustmentNetOfTaxPortionAttributableToParent",
                "unit": "usd",
                "value": -2494000
            },
            {
                "label": "Net comprehensive income",
                "concept": "ComprehensiveIncomeNetOfTax",
                "unit": "usd",
                "value": 10039000
            }
        ]
    }
}