{
    "startDate": "2020-01-01",
    "endDate": "2020-03-31",
    "year": "2020",
    "quarter": "Q3",
    "symbol": "PH",
    "data": {
        "bs": [
            {
                "label": "Cash and cash equivalents",
                "concept": "CashAndCashEquivalentsAtCarryingValue",
                "unit": "usd",
                "value": 697617000
            },
            {
                "label": "Marketable securities and other investments",
                "concept": "ShortTermInvestments",
                "unit": "usd",
                "value": 92536000
            },
            {
                "label": "Trade accounts receivable, net",
                "concept": "AccountsReceivableNetCurrent",
                "unit": "usd",
                "value": 2174425000
            },
            {
                "label": "Non-trade and notes receivable",
                "concept": "ph:Nontradeandnotesreceivable",
                "unit": "usd",
                "value": 322187000
            },
            {
                "label": "Inventories",
                "concept": "InventoryNet",
                "unit": "usd",
                "value": 2011367000
            },
            {
                "label": "Prepaid expenses and other",
                "concept": "PrepaidExpenseAndOtherAssetsCurrent",
                "unit": "usd",
                "value": 183294000
            },
            {
                "label": "Total current assets",
                "concept": "AssetsCurrent",
                "unit": "usd",
                "value": 5481426000
            },
            {
                "label": "Plant and equipment",
                "concept": "PropertyPlantAndEquipmentGross",
                "unit": "usd",
                "value": 5749736000
            },
            {
                "label": "Less: Accumulated depreciation",
                "concept": "AccumulatedDepreciationDepletionAndAmortizationPropertyPlantAndEquipment",
                "unit": "usd",
                "value": 3452746000
            },
            {
                "label": "Plant and equipment, net",
                "concept": "PropertyPlantAndEquipmentNet",
                "unit": "usd",
                "value": 2296990000
            },
            {
                "label": "Deferred income taxes",
                "concept": "DeferredIncomeTaxAssetsNet",
                "unit": "usd",
                "value": 124515000
            },
            {
                "label": "Investments and other assets",
                "concept": "InvestmentsAndOtherNoncurrentAssets",
                "unit": "usd",
                "value": 750743000
            },
            {
                "label": "Intangible assets, net",
                "concept": "IntangibleAssetsNetExcludingGoodwill",
                "unit": "usd",
                "value": 3881827000
            },
            {
                "label": "Goodwill",
                "concept": "Goodwill",
                "unit": "usd",
                "value": 7829779000
            },
            {
                "label": "Total assets",
                "concept": "Assets",
                "unit": "usd",
                "value": 20365280000
            },
            {
                "label": "Notes payable and long-term debt payable within one year",
                "concept": "LongTermDebtCurrent",
                "unit": "usd",
                "value": 1035191000
            },
            {
                "label": "Accounts payable, trade",
                "concept": "AccountsPayableCurrent",
                "unit": "usd",
                "value": 1422011000
            },
            {
                "label": "Accrued payrolls and other compensation",
                "concept": "EmployeeRelatedLiabilitiesCurrent",
                "unit": "usd",
                "value": 415213000
            },
            {
                "label": "Accrued domestic and foreign taxes",
                "concept": "AccruedIncomeTaxesCurrent",
                "unit": "usd",
                "value": 151029000
            },
            {
                "label": "Other accrued liabilities",
                "concept": "OtherAccruedLiabilitiesCurrent",
                "unit": "usd",
                "value": 650165000
            },
            {
                "label": "Total current liabilities",
                "concept": "LiabilitiesCurrent",
                "unit": "usd",
                "value": 3673609000
            },
            {
                "label": "Long-term debt",
                "concept": "LongTermDebtNoncurrent",
                "unit": "usd",
                "value": 8097922000
            },
            {
                "label": "Pensions and other postretirement benefits",
                "concept": "PensionAndOtherPostretirementDefinedBenefitPlansLiabilitiesNoncurrent",
                "unit": "usd",
                "value": 1320167000
            },
            {
                "label": "Deferred income taxes",
                "concept": "DeferredIncomeTaxLiabilitiesNet",
                "unit": "usd",
                "value": 497920000
            },
            {
                "label": "Other liabilities",
                "concept": "OtherLiabilitiesNoncurrent",
                "unit": "usd",
                "value": 468235000
            },
            {
                "label": "Total liabilities",
                "concept": "Liabilities",
                "unit": "usd",
                "value": 14057853000
            },
            {
                "label": "Serial preferred stock, $.50 par value; authorized 3,000,000 shares; none issued",
                "concept": "PreferredStockValue",
                "unit": "usd",
                "value": "N/A"
            },
            {
                "label": "Common stock, $.50 par value; authorized 600,000,000 shares; issued 181,046,128 shares at March 31 and June 30",
                "concept": "CommonStockValue",
                "unit": "usd",
                "value": 90523000
            },
            {
                "label": "Additional capital",
                "concept": "AdditionalPaidInCapitalCommonStock",
                "unit": "usd",
                "value": 452157000
            },
            {
                "label": "Retained earnings",
                "concept": "RetainedEarningsAccumulatedDeficit",
                "unit": "usd",
                "value": 13348291000
            },
            {
                "label": "Accumulated other comprehensive (loss)",
                "concept": "AccumulatedOtherComprehensiveIncomeLossNetOfTax",
                "unit": "usd",
                "value": 2195462000
            },
            {
                "label": "Treasury shares, at cost; 52,828,714 shares at March 31 and 52,566,086 shares at June 30",
                "concept": "TreasuryStockValue",
                "unit": "usd",
                "value": 5399519000
            },
            {
                "label": "Total shareholders\u2019 equity",
                "concept": "StockholdersEquity",
                "unit": "usd",
                "value": 6295990000
            },
            {
                "label": "Noncontrolling interests",
                "concept": "MinorityInterest",
                "unit": "usd",
                "value": 11437000
            },
            {
                "label": "Total equity",
                "concept": "StockholdersEquityIncludingPortionAttributableToNoncontrollingInterest",
                "unit": "usd",
                "value": 6307427000
            },
            {
                "label": "Total liabilities and equity",
                "concept": "LiabilitiesAndStockholdersEquity",
                "unit": "usd",
                "value": 20365280000
            }
        ],
        "cf": [],
        "ic": [
            {
                "label": "Cost of sales",
                "concept": "CostOfGoodsAndServicesSold",
                "unit": "usd",
                "value": 2766693000
            },
            {
                "label": "Selling, general and administrative expenses",
                "concept": "SellingGeneralAndAdministrativeExpense",
                "unit": "usd",
                "value": 413460000
            },
            {
                "label": "Other (income), net",
                "concept": "OtherNonoperatingIncomeExpense",
                "unit": "usd",
                "value": 12643000
            },
            {
                "label": "Income taxes",
                "concept": "IncomeTaxExpenseBenefit",
                "unit": "usd",
                "value": 86788000
            },
            {
                "label": "Net income",
                "concept": "ProfitLoss",
                "unit": "usd",
                "value": 367369000
            },
            {
                "label": "Less: Noncontrolling interest in subsidiaries' earnings",
                "concept": "NetIncomeLossAttributableToNoncontrollingInterest",
                "unit": "usd",
                "value": 116000
            },
            {
                "label": "Net income attributable to common shareholders",
                "concept": "NetIncomeLossAvailableToCommonStockholdersBasic",
                "unit": "usd",
                "value": 367253000
            },
            {
                "label": "Basic (in USD per share)",
                "concept": "EarningsPerShareBasic",
                "unit": "usd/shares",
                "value": 2.86
            },
            {
                "label": "Diluted (in USD per share)",
                "concept": "EarningsPerShareDiluted",
                "unit": "usd/shares",
                "value": 2.83
            }
        ]
    }
}