{
    "startDate": "2020-01-01",
    "endDate": "2020-03-31",
    "year": "2020",
    "quarter": "Q1",
    "symbol": "SEIC",
    "data": {
        "bs": [],
        "cf": [
            {
                "label": "",
                "concept": "NetIncomeLoss",
                "unit": "usd",
                "value": 109242000
            },
            {
                "label": "",
                "concept": "AdjustmentsToReconcileNetIncomeLossToCashProvidedByUsedInOperatingActivities",
                "unit": "usd",
                "value": 10270000
            },
            {
                "label": "",
                "concept": "NetCashProvidedByUsedInOperatingActivities",
                "unit": "usd",
                "value": 98972000
            },
            {
                "label": "",
                "concept": "PaymentsToAcquirePropertyPlantAndEquipment",
                "unit": "usd",
                "value": 20674000
            },
            {
                "label": "",
                "concept": "PaymentsForSoftware",
                "unit": "usd",
                "value": 6458000
            },
            {
                "label": "",
                "concept": "PaymentsToAcquireMarketableSecurities",
                "unit": "usd",
                "value": 29407000
            },
            {
                "label": "",
                "concept": "ProceedsFromMaturitiesPrepaymentsAndCallsOfAvailableForSaleSecurities",
                "unit": "usd",
                "value": 37623000
            },
            {
                "label": "",
                "concept": "ProceedsFromSaleAndMaturityOfMarketableSecurities",
                "unit": "usd",
                "value": 64000
            },
            {
                "label": "",
                "concept": "PaymentsForProceedsFromOtherInvestingActivities",
                "unit": "usd",
                "value": 1500000
            },
            {
                "label": "",
                "concept": "NetCashProvidedByUsedInInvestingActivities",
                "unit": "usd",
                "value": 17352000
            },
            {
                "label": "",
                "concept": "PaymentForContingentConsiderationLiabilityFinancingActivities",
                "unit": "usd",
                "value": 633000
            },
            {
                "label": "",
                "concept": "PaymentsForRepurchaseOfCommonStock",
                "unit": "usd",
                "value": 130558000
            },
            {
                "label": "",
                "concept": "ProceedsFromIssuanceOfCommonStock",
                "unit": "usd",
                "value": 18593000
            },
            {
                "label": "",
                "concept": "PaymentsOfDividends",
                "unit": "usd",
                "value": 52452000
            },
            {
                "label": "",
                "concept": "NetCashProvidedByUsedInFinancingActivities",
                "unit": "usd",
                "value": 165050000
            },
            {
                "label": "",
                "concept": "EffectOfExchangeRateOnCashCashEquivalentsRestrictedCashAndRestrictedCashEquivalents",
                "unit": "usd",
                "value": 11146000
            },
            {
                "label": "",
                "concept": "CashCashEquivalentsRestrictedCashAndRestrictedCashEquivalentsPeriodIncreaseDecreaseIncludingExchangeRateEffect",
                "unit": "usd",
                "value": 94576000
            },
            {
                "label": "",
                "concept": "seic:OperatingLeaseRightOfUseAssetsAndLeaseLiabilitiesRecorded",
                "unit": "usd",
                "value": "N/A"
            }
        ],
        "ic": []
    }
}