{
    "startDate": "2020-01-01",
    "endDate": "2020-03-31",
    "year": "2020",
    "quarter": "Q1",
    "symbol": "CTAM",
    "data": {
        "bs": [
            {
                "label": "Cash and cash equivalents",
                "concept": "CashAndCashEquivalentsAtCarryingValue",
                "unit": "usd",
                "value": 4269000
            },
            {
                "label": "Accounts receivable, less allowances of $1,979 and $1,766, respectively",
                "concept": "AccountsReceivableNetCurrent",
                "unit": "usd",
                "value": 83554000
            },
            {
                "label": "Inventories",
                "concept": "InventoryNet",
                "unit": "usd",
                "value": 151239000
            },
            {
                "label": "Prepaid expenses and other current assets",
                "concept": "PrepaidExpenseAndOtherAssetsCurrent",
                "unit": "usd",
                "value": 10171000
            },
            {
                "label": "Income tax receivable",
                "concept": "IncomeTaxesReceivable",
                "unit": "usd",
                "value": 2390000
            },
            {
                "label": "Total current assets",
                "concept": "AssetsCurrent",
                "unit": "usd",
                "value": 251623000
            },
            {
                "label": "Goodwill and intangible assets",
                "concept": "IntangibleAssetsNetIncludingGoodwill",
                "unit": "usd",
                "value": 8176000
            },
            {
                "label": "Prepaid pension cost",
                "concept": "DefinedBenefitPlanAssetsForPlanBenefitsNoncurrent",
                "unit": "usd",
                "value": 6317000
            },
            {
                "label": "Deferred income taxes",
                "concept": "DeferredIncomeTaxAssetsNet",
                "unit": "usd",
                "value": 1484000
            },
            {
                "label": "Operating right-of-use assets",
                "concept": "OperatingLeaseRightOfUseAsset",
                "unit": "usd",
                "value": 32309000
            },
            {
                "label": "Other noncurrent assets",
                "concept": "OtherAssetsNoncurrent",
                "unit": "usd",
                "value": 437000
            },
            {
                "label": "Land",
                "concept": "Land",
                "unit": "usd",
                "value": 5575000
            },
            {
                "label": "Buildings",
                "concept": "BuildingsAndImprovementsGross",
                "unit": "usd",
                "value": 20801000
            },
            {
                "label": "Machinery and equipment",
                "concept": "MachineryAndEquipmentGross",
                "unit": "usd",
                "value": 40840000
            },
            {
                "label": "Property, plant and equipment, at cost",
                "concept": "PropertyPlantAndEquipmentGross",
                "unit": "usd",
                "value": 67216000
            },
            {
                "label": "Accumulated depreciation",
                "concept": "AccumulatedDepreciationDepletionAndAmortizationPropertyPlantAndEquipment",
                "unit": "usd",
                "value": 21282000
            },
            {
                "label": "Property, plant and equipment, net",
                "concept": "PropertyPlantAndEquipmentNet",
                "unit": "usd",
                "value": 45934000
            },
            {
                "label": "Total assets",
                "concept": "Assets",
                "unit": "usd",
                "value": 346280000
            },
            {
                "label": "Accounts payable",
                "concept": "AccountsPayableCurrent",
                "unit": "usd",
                "value": 59361000
            },
            {
                "label": "Accrued and other current liabilities",
                "concept": "AccruedLiabilitiesCurrent",
                "unit": "usd",
                "value": 10922000
            },
            {
                "label": "Operating lease liabilities",
                "concept": "OperatingLeaseLiabilityCurrent",
                "unit": "usd",
                "value": 6065000
            },
            {
                "label": "Income tax payable",
                "concept": "AccruedIncomeTaxesCurrent",
                "unit": "usd",
                "value": 497000
            },
            {
                "label": "Short-term borrowings",
                "concept": "ShortTermBorrowings",
                "unit": "usd",
                "value": 2277000
            },
            {
                "label": "Current portion of finance leases",
                "concept": "FinanceLeaseLiabilityCurrent",
                "unit": "usd",
                "value": 579000
            },
            {
                "label": "Total current liabilities",
                "concept": "LiabilitiesCurrent",
                "unit": "usd",
                "value": 79701000
            },
            {
                "label": "Long-term debt, less current portion",
                "concept": "LongTermDebtNoncurrent",
                "unit": "usd",
                "value": 246168000
            },
            {
                "label": "Deferred income taxes",
                "concept": "DeferredIncomeTaxLiabilitiesNet",
                "unit": "usd",
                "value": 3619000
            },
            {
                "label": "Finance leases, less current portion",
                "concept": "FinanceLeaseLiabilityNoncurrent",
                "unit": "usd",
                "value": 8080000
            },
            {
                "label": "Other noncurrent liabilities",
                "concept": "OtherLiabilitiesNoncurrent",
                "unit": "usd",
                "value": 2859000
            },
            {
                "label": "Pension and postretirement benefit obligations",
                "concept": "PensionAndOtherPostretirementAndPostemploymentBenefitPlansLiabilitiesNoncurrent",
                "unit": "usd",
                "value": 6658000
            },
            {
                "label": "Noncurrent operating lease liabilities",
                "concept": "OperatingLeaseLiabilityNoncurrent",
                "unit": "usd",
                "value": 26317000
            },
            {
                "label": "Commitments and contingencies (see Note 12)",
                "concept": "CommitmentsAndContingencies",
                "unit": "usd",
                "value": "N/A"
            },
            {
                "label": "Common stock, $0.01 par value\u2014200,000 Class A shares authorized with 74,079 shares issued and 73,911 shares outstanding at March 31, 2020, and 3,818 shares issued and 3,650 shares outstanding at December 31, 2019",
                "concept": "CommonStockValue",
                "unit": "usd",
                "value": 741000
            },
            {
                "label": "Additional paid-in capital",
                "concept": "AdditionalPaidInCapitalCommonStock",
                "unit": "usd",
                "value": 86670000
            },
            {
                "label": "Accumulated deficit",
                "concept": "RetainedEarningsAccumulatedDeficit",
                "unit": "usd",
                "value": 99782000
            },
            {
                "label": "Accumulated other comprehensive loss",
                "concept": "AccumulatedOtherComprehensiveIncomeLossNetOfTax",
                "unit": "usd",
                "value": 14297000
            },
            {
                "label": "Treasury stock, at cost \u2014 168 shares at March 31, 2020 and 168 shares at December\u00a031, 2019",
                "concept": "TreasuryStockValue",
                "unit": "usd",
                "value": 454000
            },
            {
                "label": "Total stockholders\u2019 deficit",
                "concept": "StockholdersEquity",
                "unit": "usd",
                "value": 27122000
            },
            {
                "label": "Liabilities and Equity, Total",
                "concept": "LiabilitiesAndStockholdersEquity",
                "unit": "usd",
                "value": 346280000
            }
        ],
        "cf": [
            {
                "label": "Net loss",
                "concept": "NetIncomeLoss",
                "unit": "usd",
                "value": 11041000
            },
            {
                "label": "Depreciation expense",
                "concept": "DepreciationDepletionAndAmortization",
                "unit": "usd",
                "value": 2076000
            },
            {
                "label": "Amortization of deferred financing costs and debt discount",
                "concept": "AmortizationOfFinancingCostsAndDiscounts",
                "unit": "usd",
                "value": 3436000
            },
            {
                "label": "Unrealized foreign currency loss (gain)",
                "concept": "ForeignCurrencyTransactionGainLossUnrealized",
                "unit": "usd",
                "value": 2063000
            },
            {
                "label": "Noncash interest paid in kind",
                "concept": "PaidInKindInterest",
                "unit": "usd",
                "value": 4065000
            },
            {
                "label": "Noncash rent expense",
                "concept": "ctam:LesseeOperatingLeasesNoncash",
                "unit": "usd",
                "value": 89000
            },
            {
                "label": "Noncash compensation expense",
                "concept": "ShareBasedCompensation",
                "unit": "usd",
                "value": 291000
            },
            {
                "label": "Deferred income taxes",
                "concept": "DeferredIncomeTaxExpenseBenefit",
                "unit": "usd",
                "value": 14000
            },
            {
                "label": "Accounts receivable",
                "concept": "IncreaseDecreaseInAccountsReceivable",
                "unit": "usd",
                "value": 9661000
            },
            {
                "label": "Inventories",
                "concept": "IncreaseDecreaseInInventories",
                "unit": "usd",
                "value": 7928000
            },
            {
                "label": "Prepaid expenses and other current assets",
                "concept": "IncreaseDecreaseInPrepaidDeferredExpenseAndOtherAssets",
                "unit": "usd",
                "value": 430000
            },
            {
                "label": "Other noncurrent assets",
                "concept": "IncreaseDecreaseInOtherNoncurrentAssets",
                "unit": "usd",
                "value": 166000
            },
            {
                "label": "Prepaid pension costs",
                "concept": "PensionExpenseReversalOfExpenseNoncash",
                "unit": "usd",
                "value": 534000
            },
            {
                "label": "Accounts payable",
                "concept": "IncreaseDecreaseInAccountsPayable",
                "unit": "usd",
                "value": 17792000
            },
            {
                "label": "Income tax payable and receivable",
                "concept": "IncreaseDecreaseInIncomeTaxesPayableNetOfIncomeTaxesReceivable",
                "unit": "usd",
                "value": 475000
            },
            {
                "label": "Accrued and other current liabilities",
                "concept": "IncreaseDecreaseInAccruedLiabilitiesAndOtherOperatingLiabilities",
                "unit": "usd",
                "value": 204000
            },
            {
                "label": "Pension and postretirement benefit obligations and other noncurrent liabilities",
                "concept": "ctam:IncreaseDecreaseInPostretirementBenefitObligationsAndOtherNoncurrentLiabilities",
                "unit": "usd",
                "value": 86000
            },
            {
                "label": "Net cash used in operating activities",
                "concept": "NetCashProvidedByUsedInOperatingActivities",
                "unit": "usd",
                "value": 727000
            },
            {
                "label": "Capital expenditures",
                "concept": "PaymentsToAcquirePropertyPlantAndEquipment",
                "unit": "usd",
                "value": 683000
            },
            {
                "label": "Proceeds from sale of property, plant and equipment",
                "concept": "ProceedsFromSaleOfPropertyPlantAndEquipment",
                "unit": "usd",
                "value": 50000
            },
            {
                "label": "Net cash used in investing activities",
                "concept": "NetCashProvidedByUsedInInvestingActivities",
                "unit": "usd",
                "value": 633000
            },
            {
                "label": "Proceeds from long-term debt including credit facilities",
                "concept": "ProceedsFromIssuanceOfLongTermDebt",
                "unit": "usd",
                "value": 2000000
            },
            {
                "label": "Repayments of long-term debt including credit facilities",
                "concept": "RepaymentsOfLongTermDebt",
                "unit": "usd",
                "value": 500000
            },
            {
                "label": "(Repayments of) proceeds from short-term borrowings, net",
                "concept": "ProceedsFromRepaymentsOfShortTermDebt",
                "unit": "usd",
                "value": 563000
            },
            {
                "label": "Principal paid on financing leases",
                "concept": "FinanceLeasePrincipalPayments",
                "unit": "usd",
                "value": 144000
            },
            {
                "label": "Payments of debt restructuring costs",
                "concept": "ctam:PaymentsOfBuildToSuitLeaseObligations",
                "unit": "usd",
                "value": 1474000
            },
            {
                "label": "Net cash (used in) provided by financing activities",
                "concept": "NetCashProvidedByUsedInFinancingActivities",
                "unit": "usd",
                "value": 681000
            },
            {
                "label": "Effect of exchange rate changes on cash and cash equivalents",
                "concept": "EffectOfExchangeRateOnCashCashEquivalentsRestrictedCashAndRestrictedCashEquivalents",
                "unit": "usd",
                "value": 123000
            },
            {
                "label": "Net change in cash and cash equivalents",
                "concept": "CashCashEquivalentsRestrictedCashAndRestrictedCashEquivalentsPeriodIncreaseDecreaseIncludingExchangeRateEffect",
                "unit": "usd",
                "value": 2164000
            }
        ],
        "ic": [
            {
                "label": "Net sales",
                "concept": "RevenueFromContractWithCustomerExcludingAssessedTax",
                "unit": "usd",
                "value": 126610000
            },
            {
                "label": "Cost of materials (exclusive of depreciation)",
                "concept": "CostDirectMaterial",
                "unit": "usd",
                "value": 92296000
            },
            {
                "label": "Warehouse, processing and delivery expense",
                "concept": "ctam:WarehouseProcessingAndDeliveryExpense",
                "unit": "usd",
                "value": 18036000
            },
            {
                "label": "Sales, general and administrative expense",
                "concept": "SellingGeneralAndAdministrativeExpense",
                "unit": "usd",
                "value": 16214000
            },
            {
                "label": "Depreciation expense",
                "concept": "DepreciationDepletionAndAmortization",
                "unit": "usd",
                "value": 2076000
            },
            {
                "label": "Total costs and expenses",
                "concept": "CostsAndExpenses",
                "unit": "usd",
                "value": 128622000
            },
            {
                "label": "Operating loss",
                "concept": "OperatingIncomeLoss",
                "unit": "usd",
                "value": 2012000
            },
            {
                "label": "Interest expense, net",
                "concept": "InterestExpense",
                "unit": "usd",
                "value": 9976000
            },
            {
                "label": "Other expense (income), net",
                "concept": "OtherNonoperatingIncomeExpense",
                "unit": "usd",
                "value": 196000
            },
            {
                "label": "Loss before income taxes",
                "concept": "IncomeLossFromContinuingOperationsBeforeIncomeTaxesMinorityInterestAndIncomeLossFromEquityMethodInvestments",
                "unit": "usd",
                "value": 12184000
            },
            {
                "label": "Income tax benefit",
                "concept": "IncomeTaxExpenseBenefit",
                "unit": "usd",
                "value": 1143000
            },
            {
                "label": "Net loss",
                "concept": "NetIncomeLoss",
                "unit": "usd",
                "value": 11041000
            },
            {
                "label": "Basic and diluted loss per common share (in usd per share)",
                "concept": "EarningsPerShareBasicAndDiluted",
                "unit": "usd/shares",
                "value": 1.67
            },
            {
                "label": "Net loss",
                "concept": "NetIncomeLoss",
                "unit": "usd",
                "value": 11041000
            },
            {
                "label": "Change in unrecognized pension and postretirement benefit costs, net of tax",
                "concept": "OtherComprehensiveIncomeLossPensionAndOtherPostretirementBenefitPlansAdjustmentNetOfTax",
                "unit": "usd",
                "value": 25000
            },
            {
                "label": "Foreign currency translation adjustments, net of tax",
                "concept": "OtherComprehensiveIncomeLossForeignCurrencyTransactionAndTranslationAdjustmentNetOfTax",
                "unit": "usd",
                "value": 948000
            },
            {
                "label": "Comprehensive loss",
                "concept": "ComprehensiveIncomeNetOfTax",
                "unit": "usd",
                "value": 11964000
            }
        ]
    }
}