{
    "startDate": "2020-01-01",
    "endDate": "2020-03-31",
    "year": "2020",
    "quarter": "Q1",
    "symbol": "CPF",
    "data": {
        "bs": [
            {
                "label": "Total ending balance",
                "concept": "LoansAndLeasesReceivableAllowance",
                "unit": "usd",
                "value": 59645000
            },
            {
                "label": "Total ending balance",
                "concept": "LoansAndLeasesReceivableAllowance",
                "unit": "usd",
                "value": 59645000
            },
            {
                "label": "Reserve for off-balance sheet credit exposures (included in other liabilities)",
                "concept": "OffBalanceSheetCreditLossLiability",
                "unit": "usd",
                "value": 3810000
            },
            {
                "label": "Reserve for off-balance sheet credit exposures (included in other liabilities)",
                "concept": "OffBalanceSheetCreditLossLiability",
                "unit": "usd",
                "value": 3810000
            }
        ],
        "cf": [
            {
                "label": "Net income",
                "concept": "NetIncomeLoss",
                "unit": "usd",
                "value": 8326000
            },
            {
                "label": "Provision for credit losses",
                "concept": "cpf:ProvisionCreditForLoanAndLeaseLosses",
                "unit": "usd",
                "value": 9329000
            },
            {
                "label": "Depreciation and amortization of premises and equipment",
                "concept": "DepreciationAmortizationAndAccretionNet",
                "unit": "usd",
                "value": 1504000
            },
            {
                "label": "Non-cash lease expense",
                "concept": "cpf:OtherNoncashExpenseLeases",
                "unit": "usd",
                "value": 59000
            },
            {
                "label": "Cash flows from operating leases",
                "concept": "OperatingLeasePayments",
                "unit": "usd",
                "value": 1594000
            },
            {
                "label": "Loss on sale of other real estate, net of write-downs",
                "concept": "cpf:WriteDownOfOtherRealEstateNetOfGainOnSale",
                "unit": "usd",
                "value": 64000
            },
            {
                "label": "Amortization of mortgage servicing rights",
                "concept": "cpf:AmortizationAndImpairmentOfIntangibleAssetsFinitelived",
                "unit": "usd",
                "value": 1547000
            },
            {
                "label": "Net amortization and accretion of premium/discounts on investment securities",
                "concept": "AccretionAmortizationOfDiscountsAndPremiumsInvestments",
                "unit": "usd",
                "value": 1982000
            },
            {
                "label": "Share-based compensation expense",
                "concept": "ShareBasedCompensation",
                "unit": "usd",
                "value": 673000
            },
            {
                "label": "Net gain on sales of residential mortgage loans",
                "concept": "GainLossOnSaleOfLoansAndLeases",
                "unit": "usd",
                "value": 727000
            },
            {
                "label": "Proceeds from sales of loans held for sale",
                "concept": "ProceedsFromSaleOfLoansHeldForSale",
                "unit": "usd",
                "value": 31498000
            },
            {
                "label": "Originations of loans held for sale",
                "concept": "PaymentsForOriginationOfMortgageLoansHeldForSale",
                "unit": "usd",
                "value": 25598000
            },
            {
                "label": "Equity in earnings of unconsolidated subsidiaries",
                "concept": "IncomeLossFromEquityMethodInvestments",
                "unit": "usd",
                "value": 26000
            },
            {
                "label": "Distributions from unconsolidated subsidiaries",
                "concept": "cpf:DistributionFromUnconsolidatedSubsidiary",
                "unit": "usd",
                "value": 73000
            },
            {
                "label": "Net decrease (increase) in cash surrender value of bank-owned life insurance",
                "concept": "LifeInsuranceCorporateOrBankOwnedChangeInValue",
                "unit": "usd",
                "value": 19000
            },
            {
                "label": "Deferred income taxes",
                "concept": "DeferredIncomeTaxExpenseBenefit",
                "unit": "usd",
                "value": 406000
            },
            {
                "label": "Net tax benefits from share-based compensation",
                "concept": "ExcessTaxBenefitFromShareBasedCompensationOperatingActivities",
                "unit": "usd",
                "value": 48000
            },
            {
                "label": "Net change in other assets and liabilities",
                "concept": "IncreaseDecreaseInOtherOperatingCapitalNet",
                "unit": "usd",
                "value": 4570000
            },
            {
                "label": "Net cash provided by operating activities",
                "concept": "NetCashProvidedByUsedInOperatingActivities",
                "unit": "usd",
                "value": 31245000
            },
            {
                "label": "Proceeds from maturities of and calls on investment securities available-for-sale",
                "concept": "ProceedsFromMaturitiesPrepaymentsAndCallsOfAvailableForSaleSecurities",
                "unit": "usd",
                "value": 50878000
            },
            {
                "label": "Purchases of investment securities available-for-sale",
                "concept": "PaymentsToAcquireAvailableForSaleSecurities",
                "unit": "usd",
                "value": 96068000
            },
            {
                "label": "Proceeds from sale of MasterCard stock",
                "concept": "ProceedsFromIssuanceOrSaleOfEquity",
                "unit": "usd",
                "value": "N/A"
            },
            {
                "label": "Net loan originations",
                "concept": "PaymentsForProceedsFromLoansAndLeases",
                "unit": "usd",
                "value": 41339000
            },
            {
                "label": "Purchases of loan portfolios",
                "concept": "PaymentsToAcquireFinanceReceivables",
                "unit": "usd",
                "value": 22340000
            },
            {
                "label": "Net purchases of premises, equipment and land",
                "concept": "PaymentsToAcquirePropertyPlantAndEquipment",
                "unit": "usd",
                "value": 5608000
            },
            {
                "label": "Net return of capital from unconsolidated subsidiaries",
                "concept": "ProceedsFromEquityMethodInvestmentDividendsOrDistributionsReturnOfCapital",
                "unit": "usd",
                "value": "N/A"
            },
            {
                "label": "Contributions to unconsolidated subsidiaries",
                "concept": "MinorityInterestDecreaseFromDistributionsToNoncontrollingInterestHolders",
                "unit": "usd",
                "value": 422000
            },
            {
                "label": "Net (purchases of) proceeds from redemption of FHLB stock",
                "concept": "cpf:PurchaseProceedsfromRedemptionofFHLBStockNet",
                "unit": "usd",
                "value": 3126000
            },
            {
                "label": "Net cash (used in) / provided by investing activities",
                "concept": "NetCashProvidedByUsedInInvestingActivities",
                "unit": "usd",
                "value": 118025000
            },
            {
                "label": "Net increase in deposits",
                "concept": "IncreaseDecreaseInDeposits",
                "unit": "usd",
                "value": 16046000
            },
            {
                "label": "Repayments of long-term debt",
                "concept": "RepaymentsOfLongTermDebt",
                "unit": "usd",
                "value": "N/A"
            },
            {
                "label": "Net increase (decrease) in short-term borrowings",
                "concept": "ProceedsFromRepaymentsOfShortTermDebt",
                "unit": "usd",
                "value": 72000000
            },
            {
                "label": "Cash dividends paid on common stock",
                "concept": "PaymentsOfDividendsCommonStock",
                "unit": "usd",
                "value": 6496000
            },
            {
                "label": "Repurchases of common stock and other related costs",
                "concept": "cpf:PaymentsForRepurchaseOfCommonStockAndOtherRelatedCosts",
                "unit": "usd",
                "value": 4749000
            },
            {
                "label": "Net cash provided by financing activities",
                "concept": "NetCashProvidedByUsedInFinancingActivities",
                "unit": "usd",
                "value": 76801000
            },
            {
                "label": "Net decrease in cash and cash equivalents",
                "concept": "CashCashEquivalentsRestrictedCashAndRestrictedCashEquivalentsPeriodIncreaseDecreaseIncludingExchangeRateEffect",
                "unit": "usd",
                "value": 9979000
            },
            {
                "label": "Interest",
                "concept": "InterestPaidNet",
                "unit": "usd",
                "value": 6140000
            },
            {
                "label": "Income taxes",
                "concept": "IncomeTaxesPaid",
                "unit": "usd",
                "value": 170000
            },
            {
                "label": "Net transfer of investment securities held-to-maturity to available-for-sale",
                "concept": "OtherComprehensiveIncomeLossTransfersFromHeldToMaturityToAvailableForSaleSecuritiesNetOfTax",
                "unit": "usd",
                "value": "N/A"
            },
            {
                "label": "Right-of-use lease assets obtained in exchange for lease liabilities",
                "concept": "RightOfUseAssetObtainedInExchangeForOperatingLeaseLiability",
                "unit": "usd",
                "value": "N/A"
            }
        ],
        "ic": [
            {
                "label": "Net income",
                "concept": "NetIncomeLoss",
                "unit": "usd",
                "value": 8326000
            },
            {
                "label": "Net change in unrealized gain on investment securities",
                "concept": "OtherComprehensiveIncomeLossAvailableForSaleSecuritiesAdjustmentNetOfTax",
                "unit": "usd",
                "value": 10147000
            },
            {
                "label": "Defined benefit plans",
                "concept": "OtherComprehensiveIncomeLossPensionAndOtherPostretirementBenefitPlansAdjustmentNetOfTax",
                "unit": "usd",
                "value": 516000
            },
            {
                "label": "Total other comprehensive income, net of tax",
                "concept": "OtherComprehensiveIncomeLossNetOfTax",
                "unit": "usd",
                "value": 10663000
            },
            {
                "label": "Comprehensive income",
                "concept": "ComprehensiveIncomeNetOfTax",
                "unit": "usd",
                "value": 18989000
            }
        ]
    }
}