{
    "startDate": "2020-01-01",
    "endDate": "2020-03-31",
    "year": "2020",
    "quarter": "Q1",
    "symbol": "CIK0000728391",
    "data": {
        "bs": [],
        "cf": [
            {
                "label": "",
                "concept": "NetIncomeLoss",
                "unit": "usd",
                "value": 35983000
            },
            {
                "label": "",
                "concept": "DepreciationDepletionAndAmortization",
                "unit": "usd",
                "value": 60708000
            },
            {
                "label": "",
                "concept": "AmortizationOfFinancingCostsAndDiscounts",
                "unit": "usd",
                "value": 1100000
            },
            {
                "label": "",
                "concept": "DeferredIncomeTaxesAndTaxCredits",
                "unit": "usd",
                "value": 2467000
            },
            {
                "label": "",
                "concept": "IncreaseDecreaseInAllowanceForEquityFundsUsedDuringConstruction",
                "unit": "usd",
                "value": 857000
            },
            {
                "label": "",
                "concept": "IncreaseDecreaseInAccountsReceivable",
                "unit": "usd",
                "value": 4655000
            },
            {
                "label": "",
                "concept": "IncreaseDecreaseInInventories",
                "unit": "usd",
                "value": 8265000
            },
            {
                "label": "",
                "concept": "IncreaseDecreaseInAccountsPayable",
                "unit": "usd",
                "value": 7940000
            },
            {
                "label": "",
                "concept": "IncreaseDecreaseInAccruedLiabilitiesAndOtherOperatingLiabilities",
                "unit": "usd",
                "value": 2514000
            },
            {
                "label": "",
                "concept": "IncreaseDecreaseInPropertyAndOtherTaxesPayable",
                "unit": "usd",
                "value": 15382000
            },
            {
                "label": "",
                "concept": "IncreaseDecreaseInInterestPayableNet",
                "unit": "usd",
                "value": 2599000
            },
            {
                "label": "",
                "concept": "IncreaseDecreaseInPensionAndPostretirementObligations",
                "unit": "usd",
                "value": 1726000
            },
            {
                "label": "",
                "concept": "IncreaseDecreaseInRegulatoryAssetsAndLiabilities",
                "unit": "usd",
                "value": 3226000
            },
            {
                "label": "",
                "concept": "IncreaseDecreaseInPrepaidDeferredExpenseAndOtherAssets",
                "unit": "usd",
                "value": 5488000
            },
            {
                "label": "",
                "concept": "IncreaseDecreaseInOtherOperatingLiabilities",
                "unit": "usd",
                "value": 4698000
            },
            {
                "label": "",
                "concept": "NetCashProvidedByUsedInOperatingActivities",
                "unit": "usd",
                "value": 97576000
            },
            {
                "label": "",
                "concept": "PaymentsToAcquireProductiveAssets",
                "unit": "usd",
                "value": 54490000
            },
            {
                "label": "",
                "concept": "cik0000728391:PaymentsForProjectDevelopmentCosts",
                "unit": "usd",
                "value": 751000
            },
            {
                "label": "",
                "concept": "PaymentsForProceedsFromRemovalCosts",
                "unit": "usd",
                "value": 7962000
            },
            {
                "label": "",
                "concept": "PaymentsForProceedsFromOtherInvestingActivities",
                "unit": "usd",
                "value": "N/A"
            },
            {
                "label": "",
                "concept": "NetCashProvidedByUsedInInvestingActivities",
                "unit": "usd",
                "value": 63203000
            },
            {
                "label": "",
                "concept": "PaymentsOfDividendsCommonStock",
                "unit": "usd",
                "value": 26631000
            },
            {
                "label": "",
                "concept": "PaymentsOfDividendsPreferredStockAndPreferenceStock",
                "unit": "usd",
                "value": 803000
            },
            {
                "label": "",
                "concept": "cik0000728391:RetentionPaymentsOnCapitalExpenditure",
                "unit": "usd",
                "value": "N/A"
            },
            {
                "label": "",
                "concept": "ProceedsFromPaymentsForOtherFinancingActivities",
                "unit": "usd",
                "value": "N/A"
            },
            {
                "label": "",
                "concept": "NetCashProvidedByUsedInFinancingActivities",
                "unit": "usd",
                "value": 27434000
            },
            {
                "label": "",
                "concept": "CashCashEquivalentsRestrictedCashAndRestrictedCashEquivalentsPeriodIncreaseDecreaseExcludingExchangeRateEffect",
                "unit": "usd",
                "value": 6939000
            },
            {
                "label": "",
                "concept": "CapitalExpendituresIncurredButNotYetPaid",
                "unit": "usd",
                "value": 28184000
            },
            {
                "label": "",
                "concept": "InterestPaidNet",
                "unit": "usd",
                "value": 26438000
            }
        ],
        "ic": [
            {
                "label": "",
                "concept": "CostsAndExpenses",
                "unit": "usd",
                "value": 282610000
            },
            {
                "label": "",
                "concept": "Revenues",
                "unit": "usd",
                "value": 357382000
            },
            {
                "label": "",
                "concept": "FuelCosts",
                "unit": "usd",
                "value": 68788000
            },
            {
                "label": "",
                "concept": "UtilitiesOperatingExpensePurchasedPower",
                "unit": "usd",
                "value": 35467000
            },
            {
                "label": "",
                "concept": "UtilitiesOperatingExpenseMaintenanceAndOperations",
                "unit": "usd",
                "value": 105590000
            },
            {
                "label": "",
                "concept": "DepreciationDepletionAndAmortization",
                "unit": "usd",
                "value": 60708000
            },
            {
                "label": "",
                "concept": "TaxesExcludingIncomeAndExciseTaxes",
                "unit": "usd",
                "value": 12057000
            },
            {
                "label": "",
                "concept": "OperatingIncomeLoss",
                "unit": "usd",
                "value": 74772000
            },
            {
                "label": "",
                "concept": "PublicUtilitiesAllowanceForFundsUsedDuringConstructionCapitalizedCostOfEquity",
                "unit": "usd",
                "value": 857000
            },
            {
                "label": "",
                "concept": "InterestExpense",
                "unit": "usd",
                "value": 30081000
            },
            {
                "label": "",
                "concept": "OtherNonoperatingIncomeExpense",
                "unit": "usd",
                "value": 207000
            },
            {
                "label": "",
                "concept": "NonoperatingIncomeExpense",
                "unit": "usd",
                "value": 29017000
            },
            {
                "label": "",
                "concept": "IncomeLossFromContinuingOperationsBeforeIncomeTaxesExtraordinaryItemsNoncontrollingInterest",
                "unit": "usd",
                "value": 45755000
            },
            {
                "label": "",
                "concept": "IncomeTaxExpenseBenefit",
                "unit": "usd",
                "value": 9772000
            },
            {
                "label": "",
                "concept": "NetIncomeLoss",
                "unit": "usd",
                "value": 35983000
            },
            {
                "label": "",
                "concept": "PreferredStockDividendsIncomeStatementImpact",
                "unit": "usd",
                "value": 803000
            },
            {
                "label": "",
                "concept": "NetIncomeLossAvailableToCommonStockholdersBasic",
                "unit": "usd",
                "value": 35180000
            }
        ]
    }
}