{
    "startDate": "2020-02-02",
    "endDate": "2020-05-02",
    "year": "2020",
    "quarter": "Q1",
    "symbol": "GPS",
    "data": {
        "bs": [
            {
                "label": "Cash and cash equivalents",
                "concept": "CashAndCashEquivalentsAtCarryingValue",
                "unit": "usd",
                "value": 1028000000
            },
            {
                "label": "Merchandise inventory",
                "concept": "InventoryFinishedGoodsNetOfReserves",
                "unit": "usd",
                "value": 2217000000
            },
            {
                "label": "Other current assets",
                "concept": "OtherAssetsCurrent",
                "unit": "usd",
                "value": 920000000
            },
            {
                "label": "Total current assets",
                "concept": "AssetsCurrent",
                "unit": "usd",
                "value": 4216000000
            },
            {
                "label": "Property and equipment, net of accumulated depreciation of $5,886, $5,839, and $5,871",
                "concept": "PropertyPlantAndEquipmentNet",
                "unit": "usd",
                "value": 2945000000
            },
            {
                "label": "Operating Lease, Right-of-Use Asset",
                "concept": "OperatingLeaseRightOfUseAsset",
                "unit": "usd",
                "value": 4851000000
            },
            {
                "label": "Other long-term assets",
                "concept": "OtherAssetsNoncurrent",
                "unit": "usd",
                "value": 698000000
            },
            {
                "label": "Total assets",
                "concept": "Assets",
                "unit": "usd",
                "value": 12710000000
            },
            {
                "label": "Current maturities of debt",
                "concept": "DebtCurrent",
                "unit": "usd",
                "value": 500000000
            },
            {
                "label": "Accounts payable",
                "concept": "AccountsPayableCurrent",
                "unit": "usd",
                "value": 971000000
            },
            {
                "label": "Accrued expenses and other current liabilities",
                "concept": "AccruedLiabilitiesCurrent",
                "unit": "usd",
                "value": 1051000000
            },
            {
                "label": "Operating Lease, Liability, Current",
                "concept": "OperatingLeaseLiabilityCurrent",
                "unit": "usd",
                "value": 886000000
            },
            {
                "label": "Income taxes payable",
                "concept": "AccruedIncomeTaxesCurrent",
                "unit": "usd",
                "value": 23000000
            },
            {
                "label": "Total current liabilities",
                "concept": "LiabilitiesCurrent",
                "unit": "usd",
                "value": 3431000000
            },
            {
                "label": "Lease incentives and other long-term liabilities",
                "concept": "gps:LeaseIncentiveAndOtherLongTermLiabilities",
                "unit": "usd",
                "value": 381000000
            },
            {
                "label": "Operating Lease, Liability, Noncurrent",
                "concept": "OperatingLeaseLiabilityNoncurrent",
                "unit": "usd",
                "value": 5331000000
            },
            {
                "label": "Total long-term liabilities",
                "concept": "LiabilitiesNoncurrent",
                "unit": "usd",
                "value": 6962000000
            },
            {
                "label": "Commitments and contingencies (see Note 9)",
                "concept": "CommitmentsAndContingencies",
                "unit": "usd",
                "value": "N/A"
            },
            {
                "label": "Authorized 2,300 shares for all periods presented; Issued and Outstanding 373, 371, and 378 shares",
                "concept": "CommonStockValue",
                "unit": "usd",
                "value": 19000000
            },
            {
                "label": "Additional Paid in Capital",
                "concept": "AdditionalPaidInCapital",
                "unit": "usd",
                "value": 17000000
            },
            {
                "label": "Retained earnings",
                "concept": "RetainedEarningsAccumulatedDeficit",
                "unit": "usd",
                "value": 2235000000
            },
            {
                "label": "Amounts reclassified from accumulated other comprehensive income",
                "concept": "AccumulatedOtherComprehensiveIncomeLossNetOfTax",
                "unit": "usd",
                "value": 46000000
            },
            {
                "label": "Total stockholders' equity",
                "concept": "StockholdersEquity",
                "unit": "usd",
                "value": 2317000000
            },
            {
                "label": "Total liabilities and stockholders' equity",
                "concept": "LiabilitiesAndStockholdersEquity",
                "unit": "usd",
                "value": 12710000000
            }
        ],
        "cf": [
            {
                "label": "Other Asset Impairment Charges",
                "concept": "OtherAssetImpairmentCharges",
                "unit": "usd",
                "value": 124000000
            },
            {
                "label": "Operating Lease, Impairment Loss",
                "concept": "OperatingLeaseImpairmentLoss",
                "unit": "usd",
                "value": 360000000
            },
            {
                "label": "Depreciation and amortization",
                "concept": "DepreciationAndAmortization",
                "unit": "usd",
                "value": 130000000
            },
            {
                "label": "Share-based compensation",
                "concept": "ShareBasedCompensation",
                "unit": "usd",
                "value": 18000000
            },
            {
                "label": "Non-cash and other items",
                "concept": "OtherNoncashIncomeExpense",
                "unit": "usd",
                "value": 3000000
            },
            {
                "label": "Gain (Loss) on Disposition of Property Plant Equipment",
                "concept": "GainLossOnSaleOfPropertyPlantEquipment",
                "unit": "usd",
                "value": "N/A"
            },
            {
                "label": "Deferred income taxes",
                "concept": "DeferredIncomeTaxExpenseBenefit",
                "unit": "usd",
                "value": 41000000
            },
            {
                "label": "Merchandise inventory",
                "concept": "IncreaseDecreaseInFinishedGoodsAndWorkInProcessInventories",
                "unit": "usd",
                "value": 79000000
            },
            {
                "label": "Other current assets and other long-term assets",
                "concept": "IncreaseDecreaseInOtherOperatingAssets",
                "unit": "usd",
                "value": 126000000
            },
            {
                "label": "Accounts payable",
                "concept": "IncreaseDecreaseInAccountsPayable",
                "unit": "usd",
                "value": 203000000
            },
            {
                "label": "Accrued expenses and other current liabilities",
                "concept": "IncreaseDecreaseInAccruedLiabilities",
                "unit": "usd",
                "value": 86000000
            },
            {
                "label": "Income taxes payable, net of receivables and other tax-related items",
                "concept": "IncreaseDecreaseInIncomeTaxesPayableNetOfIncomeTaxesReceivable",
                "unit": "usd",
                "value": 322000000
            },
            {
                "label": "Lease incentives and other long-term liabilities",
                "concept": "gps:IncreaseDecreaseInLeaseIncentiveAndOtherLongTermLiabilities",
                "unit": "usd",
                "value": 18000000
            },
            {
                "label": "Operating lease assets and liabilities, net",
                "concept": "gps:ChangeOperatingLeaseAssetAndLiabilitiesNet",
                "unit": "usd",
                "value": 20000000
            },
            {
                "label": "Net cash provided by (used for) operating activities",
                "concept": "NetCashProvidedByUsedInOperatingActivities",
                "unit": "usd",
                "value": 940000000
            },
            {
                "label": "Proceeds from Sale of Buildings",
                "concept": "ProceedsFromSaleOfBuildings",
                "unit": "usd",
                "value": "N/A"
            },
            {
                "label": "Purchases of property and equipment",
                "concept": "PaymentsToAcquirePropertyPlantAndEquipment",
                "unit": "usd",
                "value": 122000000
            },
            {
                "label": "Payments to Acquire Short-term Investments",
                "concept": "PaymentsToAcquireShortTermInvestments",
                "unit": "usd",
                "value": 59000000
            },
            {
                "label": "Proceeds from Sale, Maturity and Collection of Short-term Investments",
                "concept": "ProceedsFromSaleAndMaturityOfAvailableForSaleSecurities",
                "unit": "usd",
                "value": 297000000
            },
            {
                "label": "Payments to Acquire Businesses, Net of Cash Acquired",
                "concept": "PaymentsToAcquireBusinessesNetOfCashAcquired",
                "unit": "usd",
                "value": "N/A"
            },
            {
                "label": "Net cash provided by (used for) investing activities",
                "concept": "NetCashProvidedByUsedInInvestingActivities",
                "unit": "usd",
                "value": 116000000
            },
            {
                "label": "Payments to Acquire Buildings",
                "concept": "PaymentsToAcquireBuildings",
                "unit": "usd",
                "value": "N/A"
            },
            {
                "label": "Proceeds from issuances under share-based compensation plans",
                "concept": "ProceedsFromIssuanceOfSharesUnderIncentiveAndShareBasedCompensationPlansIncludingStockOptions",
                "unit": "usd",
                "value": 6000000
            },
            {
                "label": "Withholding tax payments related to vesting of stock units",
                "concept": "PaymentsRelatedToTaxWithholdingForShareBasedCompensation",
                "unit": "usd",
                "value": 7000000
            },
            {
                "label": "Repurchases of common stock",
                "concept": "PaymentsForRepurchaseOfCommonStock",
                "unit": "usd",
                "value": "N/A"
            },
            {
                "label": "Cash dividends paid",
                "concept": "PaymentsOfDividends",
                "unit": "usd",
                "value": "N/A"
            },
            {
                "label": "Net cash provided by (used for) financing activities",
                "concept": "NetCashProvidedByUsedInFinancingActivities",
                "unit": "usd",
                "value": 499000000
            },
            {
                "label": "Effect of Exchange Rate on Cash, Cash Equivalents, Restricted Cash and Restricted Cash Equivalents",
                "concept": "EffectOfExchangeRateOnCashCashEquivalentsRestrictedCashAndRestrictedCashEquivalents",
                "unit": "usd",
                "value": 8000000
            },
            {
                "label": "Cash, Cash Equivalents, Restricted Cash and Restricted Cash Equivalents, Period Increase (Decrease), Including Exchange Rate Effect",
                "concept": "CashCashEquivalentsRestrictedCashAndRestrictedCashEquivalentsPeriodIncreaseDecreaseIncludingExchangeRateEffect",
                "unit": "usd",
                "value": 333000000
            },
            {
                "label": "Interest Paid, Excluding Capitalized Interest, Operating Activities",
                "concept": "InterestPaidNet",
                "unit": "usd",
                "value": 38000000
            },
            {
                "label": "Cash paid for income taxes during the period, net of refunds",
                "concept": "IncomeTaxesPaid",
                "unit": "usd",
                "value": 37000000
            },
            {
                "label": "Proceeds from revolving credit facility",
                "concept": "ProceedsFromIssuanceOfLongTermDebt",
                "unit": "usd",
                "value": 500000000
            }
        ],
        "ic": [
            {
                "label": "Net Sales",
                "concept": "Revenues",
                "unit": "usd",
                "value": 2107000000
            },
            {
                "label": "Gross profit",
                "concept": "GrossProfit",
                "unit": "usd",
                "value": 268000000
            },
            {
                "label": "Operating income (loss)",
                "concept": "OperatingIncomeLoss",
                "unit": "usd",
                "value": 1244000000
            },
            {
                "label": "Interest Expense",
                "concept": "InterestExpense",
                "unit": "usd",
                "value": 19000000
            },
            {
                "label": "Interest income",
                "concept": "InvestmentIncomeInterest",
                "unit": "usd",
                "value": 4000000
            },
            {
                "label": "Income (loss) before income taxes",
                "concept": "IncomeLossFromContinuingOperationsBeforeIncomeTaxesMinorityInterestAndIncomeLossFromEquityMethodInvestments",
                "unit": "usd",
                "value": 1259000000
            },
            {
                "label": "Income taxes",
                "concept": "IncomeTaxExpenseBenefit",
                "unit": "usd",
                "value": 327000000
            },
            {
                "label": "Net income (loss)",
                "concept": "NetIncomeLoss",
                "unit": "usd",
                "value": 932000000
            },
            {
                "label": "Weighted-average number of shares - diluted (in shares)",
                "concept": "WeightedAverageNumberOfDilutedSharesOutstanding",
                "unit": "shares",
                "value": 372000000
            },
            {
                "label": "Earnings (loss) per share - basic (in dollars per share)",
                "concept": "EarningsPerShareBasic",
                "unit": "usd/shares",
                "value": 2.51
            },
            {
                "label": "Earnings (loss) per share - diluted (in dollars per share)",
                "concept": "EarningsPerShareDiluted",
                "unit": "usd/shares",
                "value": 2.51
            }
        ]
    }
}