{
    "startDate": "2020-01-01",
    "endDate": "2020-03-31",
    "year": "2020",
    "quarter": "Q1",
    "symbol": "TGNA",
    "data": {
        "bs": [
            {
                "label": "Beginning balance",
                "concept": "StockholdersEquity",
                "unit": "usd",
                "value": 1658256000
            },
            {
                "label": "Ending balance",
                "concept": "StockholdersEquity",
                "unit": "usd",
                "value": 1658256000
            }
        ],
        "cf": [
            {
                "label": "Depreciation and amortization",
                "concept": "DepreciationDepletionAndAmortization",
                "unit": "usd",
                "value": 33116000
            },
            {
                "label": "Stock-based compensation",
                "concept": "ShareBasedCompensation",
                "unit": "usd",
                "value": 757000
            },
            {
                "label": "Company stock 401(k) contribution",
                "concept": "PensionAndOtherPostretirementBenefitsExpenseReversalOfExpenseNoncash",
                "unit": "usd",
                "value": 5138000
            },
            {
                "label": "Gains on sales of assets",
                "concept": "GainLossOnDispositionOfAssets1",
                "unit": "usd",
                "value": "N/A"
            },
            {
                "label": "Equity loss (income) from unconsolidated investments, net",
                "concept": "IncomeLossFromEquityMethodInvestments",
                "unit": "usd",
                "value": 9015000
            },
            {
                "label": "Pension contributions, net of expense",
                "concept": "tgna:PensionBenefitExpenseNetOfPensionContributions",
                "unit": "usd",
                "value": 3642000
            },
            {
                "label": "Change in other assets and liabilities, net",
                "concept": "IncreaseDecreaseInOtherOperatingCapitalNet",
                "unit": "usd",
                "value": 66326000
            },
            {
                "label": "Net cash flow from operating activities",
                "concept": "NetCashProvidedByUsedInOperatingActivities",
                "unit": "usd",
                "value": 177364000
            },
            {
                "label": "Purchase of property and equipment",
                "concept": "PaymentsToAcquirePropertyPlantAndEquipment",
                "unit": "usd",
                "value": 13264000
            },
            {
                "label": "Reimbursements from spectrum repacking",
                "concept": "tgna:ProceedsfromReimbursementofPropertyPlantandEquipment",
                "unit": "usd",
                "value": 7515000
            },
            {
                "label": "Payments for acquisitions of businesses and other assets, net of cash acquired",
                "concept": "PaymentsToAcquireBusinessesNetOfCashAcquired",
                "unit": "usd",
                "value": 15000000
            },
            {
                "label": "Payments for investments",
                "concept": "PaymentsToAcquireInvestments",
                "unit": "usd",
                "value": 509000
            },
            {
                "label": "Proceeds from investments",
                "concept": "ProceedsFromSaleMaturityAndCollectionsOfInvestments",
                "unit": "usd",
                "value": 695000
            },
            {
                "label": "Proceeds from sale of assets and businesses",
                "concept": "tgna:ProceedsFromSaleOfABusinessAndOtherAssets",
                "unit": "usd",
                "value": 5000000
            },
            {
                "label": "Net cash flow used for investing activities",
                "concept": "NetCashProvidedByUsedInInvestingActivities",
                "unit": "usd",
                "value": 15563000
            },
            {
                "label": "Payments under revolving credit facilities, net",
                "concept": "RepaymentsOfLinesOfCredit",
                "unit": "usd",
                "value": 118000000
            },
            {
                "label": "Proceeds from borrowings",
                "concept": "ProceedsFromIssuanceOfSeniorLongTermDebt",
                "unit": "usd",
                "value": 1000000000
            },
            {
                "label": "Debt repayments",
                "concept": "RepaymentsOfLongTermDebt",
                "unit": "usd",
                "value": 985000000
            },
            {
                "label": "Payments for debt issuance costs and early redemption fee",
                "concept": "tgna:PaymentOfDebtIssuanceCostsAndEarlyRedemptionFees",
                "unit": "usd",
                "value": 27603000
            },
            {
                "label": "Proceeds from sale of minority ownership interest in Premion",
                "concept": "tgna:ProceedsFromSaleofNoncontrollingInterestFinancingActivities",
                "unit": "usd",
                "value": 14000000
            },
            {
                "label": "Dividends paid",
                "concept": "PaymentsOfDividendsCommonStock",
                "unit": "usd",
                "value": 30470000
            },
            {
                "label": "Other, net",
                "concept": "ProceedsFromPaymentsForOtherFinancingActivities",
                "unit": "usd",
                "value": 9073000
            },
            {
                "label": "Net cash flow used for financing activities",
                "concept": "NetCashProvidedByUsedInFinancingActivities",
                "unit": "usd",
                "value": 156146000
            },
            {
                "label": "Increase (decrease) in cash",
                "concept": "CashCashEquivalentsRestrictedCashAndRestrictedCashEquivalentsPeriodIncreaseDecreaseIncludingExchangeRateEffect",
                "unit": "usd",
                "value": 5655000
            },
            {
                "label": "Cash paid (received) for income taxes, net of refunds",
                "concept": "IncomeTaxesPaidNet",
                "unit": "usd",
                "value": 793000
            },
            {
                "label": "Cash paid for interest",
                "concept": "InterestPaidNet",
                "unit": "usd",
                "value": 66240000
            }
        ],
        "ic": [
            {
                "label": "Revenues",
                "concept": "Revenues",
                "unit": "usd",
                "value": 684189000
            },
            {
                "label": "Cost of revenues",
                "concept": "CostOfGoodsAndServicesSold",
                "unit": "usd",
                "value": 369368000
            },
            {
                "label": "Business units - Selling, general and administrative expenses",
                "concept": "SellingGeneralAndAdministrativeExpense",
                "unit": "usd",
                "value": 92968000
            },
            {
                "label": "Corporate - General and administrative expenses",
                "concept": "GeneralAndAdministrativeExpense",
                "unit": "usd",
                "value": 21714000
            },
            {
                "label": "Depreciation",
                "concept": "Depreciation",
                "unit": "usd",
                "value": 16900000
            },
            {
                "label": "Amortization of intangible assets",
                "concept": "AmortizationOfIntangibleAssets",
                "unit": "usd",
                "value": 16216000
            },
            {
                "label": "Spectrum repacking reimbursements and other, net",
                "concept": "tgna:SpectrumRepackingReimbursementsAndOther",
                "unit": "usd",
                "value": 7515000
            },
            {
                "label": "Total",
                "concept": "CostsAndExpenses",
                "unit": "usd",
                "value": 509651000
            },
            {
                "label": "Operating income",
                "concept": "OperatingIncomeLoss",
                "unit": "usd",
                "value": 174538000
            },
            {
                "label": "Equity income in unconsolidated investments, net",
                "concept": "IncomeLossFromEquityMethodInvestments",
                "unit": "usd",
                "value": 9015000
            },
            {
                "label": "Interest expense",
                "concept": "InterestExpense",
                "unit": "usd",
                "value": 56960000
            },
            {
                "label": "Other non-operating items, net",
                "concept": "OtherNonoperatingIncomeExpense",
                "unit": "usd",
                "value": 19270000
            },
            {
                "label": "Total",
                "concept": "NonoperatingIncomeExpense",
                "unit": "usd",
                "value": 67215000
            },
            {
                "label": "Income before income taxes",
                "concept": "IncomeLossAttributableToParent",
                "unit": "usd",
                "value": 107323000
            },
            {
                "label": "Provision for income taxes",
                "concept": "IncomeTaxExpenseBenefit",
                "unit": "usd",
                "value": 21125000
            },
            {
                "label": "Net Income",
                "concept": "ProfitLoss",
                "unit": "usd",
                "value": 86198000
            },
            {
                "label": "Net loss attributable to redeemable noncontrolling interest",
                "concept": "NetIncomeLossAttributableToNoncontrollingInterest",
                "unit": "usd",
                "value": 110000
            },
            {
                "label": "Net income attributable to TEGNA Inc.",
                "concept": "NetIncomeLoss",
                "unit": "usd",
                "value": 86308000
            },
            {
                "label": "Net income per share \u2013 basic (in dollars per share)",
                "concept": "EarningsPerShareBasic",
                "unit": "usd/shares",
                "value": 0.4
            },
            {
                "label": "Net income per share \u2013 diluted (in dollars per share)",
                "concept": "EarningsPerShareDiluted",
                "unit": "usd/shares",
                "value": 0.39
            },
            {
                "label": "Basic shares (in shares)",
                "concept": "WeightedAverageNumberOfSharesOutstandingBasic",
                "unit": "shares",
                "value": 218277000
            },
            {
                "label": "Diluted shares (in shares)",
                "concept": "WeightedAverageNumberOfDilutedSharesOutstanding",
                "unit": "shares",
                "value": 218863000
            }
        ]
    }
}