{
    "startDate": "2020-01-01",
    "endDate": "2020-03-31",
    "year": "2020",
    "quarter": "Q1",
    "symbol": "XOM",
    "data": {
        "bs": [
            {
                "label": "",
                "concept": "StockholdersEquityIncludingPortionAttributableToNoncontrollingInterest",
                "unit": "usd",
                "value": 188743000000
            },
            {
                "label": "",
                "concept": "CommonStockSharesIssued",
                "unit": "shares",
                "value": 8019000000
            },
            {
                "label": "",
                "concept": "TreasuryStockShares",
                "unit": "shares",
                "value": 3791000000
            },
            {
                "label": "",
                "concept": "CommonStockSharesOutstanding",
                "unit": "shares",
                "value": 4228000000
            }
        ],
        "cf": [
            {
                "label": "",
                "concept": "ProfitLoss",
                "unit": "usd",
                "value": 770000000
            },
            {
                "label": "",
                "concept": "DepreciationDepletionAndAmortization",
                "unit": "usd",
                "value": 5819000000
            },
            {
                "label": "",
                "concept": "IncreaseDecreaseInInventories",
                "unit": "usd",
                "value": 2245000000
            },
            {
                "label": "",
                "concept": "IncreaseDecreaseInOtherCurrentAssetsAndLiabilitiesNet",
                "unit": "usd",
                "value": 942000000
            },
            {
                "label": "",
                "concept": "OtherOperatingActivitiesCashFlowStatement",
                "unit": "usd",
                "value": 78000000
            },
            {
                "label": "",
                "concept": "NetCashProvidedByUsedInOperatingActivities",
                "unit": "usd",
                "value": 6274000000
            },
            {
                "label": "",
                "concept": "PaymentsToAcquirePropertyPlantAndEquipment",
                "unit": "usd",
                "value": 5945000000
            },
            {
                "label": "",
                "concept": "ProceedsFromSalesOfBusinessAffiliateAndProductiveAssets",
                "unit": "usd",
                "value": 86000000
            },
            {
                "label": "",
                "concept": "xom:AdditionalInvestmentsAndAdvances",
                "unit": "usd",
                "value": 728000000
            },
            {
                "label": "",
                "concept": "PaymentsForProceedsFromOtherInvestingActivities",
                "unit": "usd",
                "value": 220000000
            },
            {
                "label": "",
                "concept": "NetCashProvidedByUsedInInvestingActivities",
                "unit": "usd",
                "value": 6367000000
            },
            {
                "label": "",
                "concept": "ProceedsFromIssuanceOfLongTermDebt",
                "unit": "usd",
                "value": 8466000000
            },
            {
                "label": "",
                "concept": "RepaymentsOfLongTermDebt",
                "unit": "usd",
                "value": 2000000
            },
            {
                "label": "",
                "concept": "RepaymentsOfShortTermDebtMaturingInMoreThanThreeMonths",
                "unit": "usd",
                "value": 1533000000
            },
            {
                "label": "",
                "concept": "ProceedsFromRepaymentsOfOtherDebt",
                "unit": "usd",
                "value": 5829000000
            },
            {
                "label": "",
                "concept": "PaymentsOfDividendsCommonStock",
                "unit": "usd",
                "value": 3719000000
            },
            {
                "label": "",
                "concept": "PaymentsOfDividendsMinorityInterest",
                "unit": "usd",
                "value": 45000000
            },
            {
                "label": "",
                "concept": "ProceedsFromPaymentsToMinorityShareholders",
                "unit": "usd",
                "value": 94000000
            },
            {
                "label": "",
                "concept": "PaymentsForRepurchaseOfCommonStock",
                "unit": "usd",
                "value": 305000000
            },
            {
                "label": "",
                "concept": "NetCashProvidedByUsedInFinancingActivities",
                "unit": "usd",
                "value": 8785000000
            },
            {
                "label": "",
                "concept": "EffectOfExchangeRateOnCashCashEquivalentsRestrictedCashAndRestrictedCashEquivalents",
                "unit": "usd",
                "value": 369000000
            },
            {
                "label": "",
                "concept": "CashCashEquivalentsRestrictedCashAndRestrictedCashEquivalentsPeriodIncreaseDecreaseIncludingExchangeRateEffect",
                "unit": "usd",
                "value": 8323000000
            },
            {
                "label": "",
                "concept": "IncomeTaxesPaidNet",
                "unit": "usd",
                "value": 1372000000
            },
            {
                "label": "",
                "concept": "InterestPaidNet",
                "unit": "usd",
                "value": 313000000
            },
            {
                "label": "",
                "concept": "InterestPaidCapitalized",
                "unit": "usd",
                "value": 155000000
            },
            {
                "label": "",
                "concept": "InterestPaid",
                "unit": "usd",
                "value": 468000000
            }
        ],
        "ic": [
            {
                "label": "",
                "concept": "ProfitLoss",
                "unit": "usd",
                "value": 770000000
            },
            {
                "label": "",
                "concept": "OtherComprehensiveIncomeForeignCurrencyTransactionAndTranslationGainLossArisingDuringPeriodNetOfTax",
                "unit": "usd",
                "value": 5649000000
            },
            {
                "label": "",
                "concept": "OtherComprehensiveIncomeLossPensionAndOtherPostretirementBenefitPlansAdjustmentNetOfTax",
                "unit": "usd",
                "value": 87000000
            },
            {
                "label": "",
                "concept": "xom:OtherComprehensiveIncomePostretirementBenefitsRecognizedInNetPeriodicPensionCostNetOfTax",
                "unit": "usd",
                "value": 204000000
            },
            {
                "label": "",
                "concept": "OtherComprehensiveIncomeLossNetOfTax",
                "unit": "usd",
                "value": 5358000000
            },
            {
                "label": "",
                "concept": "ComprehensiveIncomeNetOfTaxIncludingPortionAttributableToNoncontrollingInterest",
                "unit": "usd",
                "value": 6128000000
            },
            {
                "label": "",
                "concept": "ComprehensiveIncomeNetOfTaxAttributableToNoncontrollingInterest",
                "unit": "usd",
                "value": 672000000
            },
            {
                "label": "",
                "concept": "ComprehensiveIncomeNetOfTax",
                "unit": "usd",
                "value": 5456000000
            }
        ]
    }
}