{
    "startDate": "2019-05-01",
    "endDate": "2020-04-30",
    "year": "2020",
    "quarter": "FY",
    "symbol": "BFB",
    "data": {
        "bs": [
            {
                "label": "Cash and cash equivalents",
                "concept": "CashAndCashEquivalentsAtCarryingValue",
                "unit": "usd",
                "value": 675000000
            },
            {
                "label": "Accounts receivable, net",
                "concept": "AccountsReceivableNetCurrent",
                "unit": "usd",
                "value": 570000000
            },
            {
                "label": "Barreled whiskey",
                "concept": "OtherInventory",
                "unit": "usd",
                "value": 1092000000
            },
            {
                "label": "Finished goods",
                "concept": "InventoryFinishedGoods",
                "unit": "usd",
                "value": 320000000
            },
            {
                "label": "Work in process",
                "concept": "InventoryWorkInProcess",
                "unit": "usd",
                "value": 172000000
            },
            {
                "label": "Raw materials and supplies",
                "concept": "InventoryRawMaterialsAndSupplies",
                "unit": "usd",
                "value": 101000000
            },
            {
                "label": "Total inventories",
                "concept": "InventoryNet",
                "unit": "usd",
                "value": 1685000000
            },
            {
                "label": "Other current assets",
                "concept": "PrepaidExpenseAndOtherAssetsCurrent",
                "unit": "usd",
                "value": 335000000
            },
            {
                "label": "Total current assets",
                "concept": "AssetsCurrent",
                "unit": "usd",
                "value": 3265000000
            },
            {
                "label": "Property, plant, and equipment, net",
                "concept": "PropertyPlantAndEquipmentNet",
                "unit": "usd",
                "value": 848000000
            },
            {
                "label": "Goodwill",
                "concept": "Goodwill",
                "unit": "usd",
                "value": 756000000
            },
            {
                "label": "Other intangible assets",
                "concept": "IntangibleAssetsNetExcludingGoodwill",
                "unit": "usd",
                "value": 635000000
            },
            {
                "label": "Deferred tax assets",
                "concept": "DeferredIncomeTaxAssetsNet",
                "unit": "usd",
                "value": 15000000
            },
            {
                "label": "Other assets",
                "concept": "OtherAssetsNoncurrent",
                "unit": "usd",
                "value": 247000000
            },
            {
                "label": "Total assets",
                "concept": "Assets",
                "unit": "usd",
                "value": 5766000000
            },
            {
                "label": "Accounts payable and accrued expenses",
                "concept": "AccountsPayableAndOtherAccruedLiabilitiesCurrent",
                "unit": "usd",
                "value": 517000000
            },
            {
                "label": "Accrued income taxes",
                "concept": "AccruedIncomeTaxesCurrent",
                "unit": "usd",
                "value": 30000000
            },
            {
                "label": "Short-term borrowings",
                "concept": "ShortTermBorrowings",
                "unit": "usd",
                "value": 333000000
            },
            {
                "label": "Total current liabilities",
                "concept": "LiabilitiesCurrent",
                "unit": "usd",
                "value": 880000000
            },
            {
                "label": "Long-term debt",
                "concept": "LongTermDebtNoncurrent",
                "unit": "usd",
                "value": 2269000000
            },
            {
                "label": "Deferred tax liabilities",
                "concept": "DeferredIncomeTaxLiabilitiesNet",
                "unit": "usd",
                "value": 177000000
            },
            {
                "label": "Accrued pension and other postretirement benefits",
                "concept": "PensionAndOtherPostretirementDefinedBenefitPlansLiabilitiesNoncurrent",
                "unit": "usd",
                "value": 297000000
            },
            {
                "label": "Other liabilities",
                "concept": "OtherLiabilitiesNoncurrent",
                "unit": "usd",
                "value": 168000000
            },
            {
                "label": "Total liabilities",
                "concept": "Liabilities",
                "unit": "usd",
                "value": 3791000000
            },
            {
                "label": "Commitments and contingencies",
                "concept": "CommitmentsAndContingencies",
                "unit": "usd",
                "value": "N/A"
            },
            {
                "label": "Retained earnings",
                "concept": "RetainedEarningsAccumulatedDeficit",
                "unit": "usd",
                "value": 2708000000
            },
            {
                "label": "Accumulated other comprehensive income (loss), net of tax",
                "concept": "AccumulatedOtherComprehensiveIncomeLossNetOfTax",
                "unit": "usd",
                "value": 547000000
            },
            {
                "label": "Treasury stock, at cost (7,360,000 and 6,323,000 shares in 2019 and 2020, respectively)",
                "concept": "TreasuryStockValue",
                "unit": "usd",
                "value": 258000000
            },
            {
                "label": "Total stockholders\u2019 equity",
                "concept": "StockholdersEquity",
                "unit": "usd",
                "value": 1975000000
            },
            {
                "label": "Total liabilities and stockholders\u2019 equity",
                "concept": "LiabilitiesAndStockholdersEquity",
                "unit": "usd",
                "value": 5766000000
            }
        ],
        "cf": [
            {
                "label": "Net income",
                "concept": "NetIncomeLoss",
                "unit": "usd",
                "value": 827000000
            },
            {
                "label": "Non-cash intangible asset write-down",
                "concept": "AssetImpairmentCharges",
                "unit": "usd",
                "value": 13000000
            },
            {
                "label": "Depreciation and amortization",
                "concept": "DepreciationAndAmortization",
                "unit": "usd",
                "value": 74000000
            },
            {
                "label": "Stock-based compensation expense",
                "concept": "ShareBasedCompensation",
                "unit": "usd",
                "value": 11000000
            },
            {
                "label": "Deferred income tax provision (benefit)",
                "concept": "DeferredIncomeTaxExpenseBenefit",
                "unit": "usd",
                "value": 39000000
            },
            {
                "label": "U.S. Tax Act repatriation tax provision (benefit)",
                "concept": "bfb:TaxCutsandJobActTransitionTaxExpenseBenefit",
                "unit": "usd",
                "value": "N/A"
            },
            {
                "label": "Other, net",
                "concept": "OtherNoncashIncomeExpense",
                "unit": "usd",
                "value": 15000000
            },
            {
                "label": "Accounts receivable",
                "concept": "IncreaseDecreaseInAccountsReceivable",
                "unit": "usd",
                "value": 12000000
            },
            {
                "label": "Inventories",
                "concept": "IncreaseDecreaseInInventories",
                "unit": "usd",
                "value": 203000000
            },
            {
                "label": "Other current assets",
                "concept": "IncreaseDecreaseInOtherCurrentAssets",
                "unit": "usd",
                "value": 27000000
            },
            {
                "label": "Accounts payable and accrued expenses",
                "concept": "IncreaseDecreaseInAccountsPayableAndAccruedLiabilities",
                "unit": "usd",
                "value": 30000000
            },
            {
                "label": "Accrued income taxes",
                "concept": "IncreaseDecreaseInAccruedIncomeTaxesPayable",
                "unit": "usd",
                "value": 18000000
            },
            {
                "label": "Other operating assets and liabilities",
                "concept": "IncreaseDecreaseInOtherNoncurrentAssetsAndLiabilitiesNet",
                "unit": "usd",
                "value": 25000000
            },
            {
                "label": "Cash provided by operating activities",
                "concept": "NetCashProvidedByUsedInOperatingActivities",
                "unit": "usd",
                "value": 724000000
            },
            {
                "label": "Acquisition of business, net of cash acquired",
                "concept": "PaymentsToAcquireBusinessesNetOfCashAcquired",
                "unit": "usd",
                "value": 22000000
            },
            {
                "label": "Additions to property, plant, and equipment",
                "concept": "PaymentsToAcquirePropertyPlantAndEquipment",
                "unit": "usd",
                "value": 113000000
            },
            {
                "label": "Payments for corporate-owned life insurance",
                "concept": "PaymentsToAcquireLifeInsurancePolicies",
                "unit": "usd",
                "value": "N/A"
            },
            {
                "label": "Proceeds from corporate-owned life insurance",
                "concept": "ProceedsFromLifeInsurancePolicies",
                "unit": "usd",
                "value": "N/A"
            },
            {
                "label": "Computer software expenditures",
                "concept": "PaymentsForSoftware",
                "unit": "usd",
                "value": 6000000
            },
            {
                "label": "Cash used for investing activities",
                "concept": "NetCashProvidedByUsedInInvestingActivities",
                "unit": "usd",
                "value": 141000000
            },
            {
                "label": "Net change in short-term borrowings",
                "concept": "ProceedsFromRepaymentsOfShortTermDebt",
                "unit": "usd",
                "value": 178000000
            },
            {
                "label": "Repayment of long-term debt",
                "concept": "RepaymentsOfLongTermDebt",
                "unit": "usd",
                "value": "N/A"
            },
            {
                "label": "Proceeds from long-term debt",
                "concept": "ProceedsFromIssuanceOfLongTermDebt",
                "unit": "usd",
                "value": "N/A"
            },
            {
                "label": "Debt issuance costs",
                "concept": "PaymentsOfDebtIssuanceCosts",
                "unit": "usd",
                "value": "N/A"
            },
            {
                "label": "Payments of withholding taxes related to stock-based awards",
                "concept": "PaymentsRelatedToTaxWithholdingForShareBasedCompensation",
                "unit": "usd",
                "value": 43000000
            },
            {
                "label": "Acquisition of treasury stock",
                "concept": "PaymentsForRepurchaseOfCommonStock",
                "unit": "usd",
                "value": 1000000
            },
            {
                "label": "Dividends paid",
                "concept": "PaymentsOfDividendsCommonStock",
                "unit": "usd",
                "value": 325000000
            },
            {
                "label": "Cash used for financing activities",
                "concept": "NetCashProvidedByUsedInFinancingActivities",
                "unit": "usd",
                "value": 191000000
            },
            {
                "label": "Effect of exchange rate changes on cash and cash equivalents",
                "concept": "EffectOfExchangeRateOnCashAndCashEquivalents",
                "unit": "usd",
                "value": 24000000
            },
            {
                "label": "Net increase in cash and cash equivalents",
                "concept": "CashCashEquivalentsRestrictedCashAndRestrictedCashEquivalentsPeriodIncreaseDecreaseIncludingExchangeRateEffect",
                "unit": "usd",
                "value": 368000000
            },
            {
                "label": "Interest",
                "concept": "InterestPaidNet",
                "unit": "usd",
                "value": 83000000
            },
            {
                "label": "Income taxes",
                "concept": "IncomeTaxesPaidNet",
                "unit": "usd",
                "value": 143000000
            }
        ],
        "ic": [
            {
                "label": "Sales",
                "concept": "RevenueFromContractWithCustomerIncludingAssessedTax",
                "unit": "usd",
                "value": 4306000000
            },
            {
                "label": "Excise taxes",
                "concept": "ExciseAndSalesTaxes",
                "unit": "usd",
                "value": 943000000
            },
            {
                "label": "Net sales",
                "concept": "RevenueFromContractWithCustomerExcludingAssessedTax",
                "unit": "usd",
                "value": 3363000000
            },
            {
                "label": "Cost of sales",
                "concept": "CostOfGoodsAndServicesSold",
                "unit": "usd",
                "value": 1236000000
            },
            {
                "label": "Gross profit",
                "concept": "GrossProfit",
                "unit": "usd",
                "value": 2127000000
            },
            {
                "label": "Advertising expenses",
                "concept": "AdvertisingExpense",
                "unit": "usd",
                "value": 383000000
            },
            {
                "label": "Selling, general, and administrative expenses",
                "concept": "SellingGeneralAndAdministrativeExpense",
                "unit": "usd",
                "value": 642000000
            },
            {
                "label": "Other expense (income), net",
                "concept": "OtherOperatingIncomeExpenseNet",
                "unit": "usd",
                "value": 11000000
            },
            {
                "label": "Operating income",
                "concept": "OperatingIncomeLoss",
                "unit": "usd",
                "value": 1091000000
            },
            {
                "label": "Non-operating postretirement expense",
                "concept": "NetPeriodicDefinedBenefitsExpenseReversalOfExpenseExcludingServiceCostComponent",
                "unit": "usd",
                "value": 5000000
            },
            {
                "label": "Interest income",
                "concept": "InvestmentIncomeInterest",
                "unit": "usd",
                "value": 5000000
            },
            {
                "label": "Interest expense",
                "concept": "InterestExpense",
                "unit": "usd",
                "value": 82000000
            },
            {
                "label": "Income before income taxes",
                "concept": "IncomeLossFromContinuingOperationsBeforeIncomeTaxesMinorityInterestAndIncomeLossFromEquityMethodInvestments",
                "unit": "usd",
                "value": 1009000000
            },
            {
                "label": "Income taxes",
                "concept": "IncomeTaxExpenseBenefit",
                "unit": "usd",
                "value": 182000000
            },
            {
                "label": "Net income",
                "concept": "NetIncomeLoss",
                "unit": "usd",
                "value": 827000000
            },
            {
                "label": "Basic (dollars per share)",
                "concept": "EarningsPerShareBasic",
                "unit": "usd/shares",
                "value": 1.73
            },
            {
                "label": "Diluted (dollars per share)",
                "concept": "EarningsPerShareDiluted",
                "unit": "usd/shares",
                "value": 1.72
            }
        ]
    }
}