{
    "startDate": "2020-01-01",
    "endDate": "2020-03-31",
    "year": "2020",
    "quarter": "Q1",
    "symbol": "ITIC",
    "data": {
        "bs": [
            {
                "label": "Other investments",
                "concept": "OtherInvestments",
                "unit": "usd",
                "value": 14229000
            },
            {
                "label": "Premiums and fees receivable",
                "concept": "PremiumsAndOtherReceivablesNet",
                "unit": "usd",
                "value": 12330000
            }
        ],
        "cf": [
            {
                "label": "Net (loss) income",
                "concept": "NetIncomeLoss",
                "unit": "usd",
                "value": -7011000
            },
            {
                "label": "Depreciation",
                "concept": "Depreciation",
                "unit": "usd",
                "value": 457000
            },
            {
                "label": "Amortization of investments, net",
                "concept": "AccretionAmortizationOfDiscountsAndPremiumsInvestments",
                "unit": "usd",
                "value": -248000
            },
            {
                "label": "Amortization of other intangible assets, net",
                "concept": "AmortizationOfIntangibleAssets",
                "unit": "usd",
                "value": 126000
            },
            {
                "label": "Share-based compensation expense related to stock appreciation rights",
                "concept": "ShareBasedCompensation",
                "unit": "usd",
                "value": 117000
            },
            {
                "label": "Net gain on disposals of property",
                "concept": "GainLossOnSaleOfPropertyPlantEquipment",
                "unit": "usd",
                "value": 2000
            },
            {
                "label": "Net realized investment losses (gains)",
                "concept": "itic:NetRealizedGainLossOnInvestments",
                "unit": "usd",
                "value": -412000
            },
            {
                "label": "Net change in estimated fair value of equity security investments",
                "concept": "UnrealizedGainLossOnInvestments",
                "unit": "usd",
                "value": -14458000
            },
            {
                "label": "Net earnings from other investments",
                "concept": "itic:EarningsFromOtherInvestments",
                "unit": "usd",
                "value": 315000
            },
            {
                "label": "Provision for claims",
                "concept": "itic:BenefitProvisionForClaims",
                "unit": "usd",
                "value": 906000
            },
            {
                "label": "(Benefit) provision for deferred income taxes",
                "concept": "DeferredIncomeTaxExpenseBenefit",
                "unit": "usd",
                "value": -3057000
            },
            {
                "label": "Decrease in premium and fees receivables",
                "concept": "IncreaseDecreaseInReceivables",
                "unit": "usd",
                "value": -193000
            },
            {
                "label": "Increase in other assets",
                "concept": "IncreaseDecreaseInOtherOperatingAssets",
                "unit": "usd",
                "value": 4743000
            },
            {
                "label": "Decrease (increase) in operating lease right-of-use assets",
                "concept": "IncreaseDecreaseInAccountsReceivableAndOtherOperatingAssets",
                "unit": "usd",
                "value": -169000
            },
            {
                "label": "Decrease in accounts payable and accrued liabilities",
                "concept": "IncreaseDecreaseInAccountsPayableAndAccruedLiabilities",
                "unit": "usd",
                "value": -543000
            },
            {
                "label": "Decrease (increase) in operating lease liabilities",
                "concept": "IncreaseDecreaseInAccruedLiabilitiesAndOtherOperatingLiabilities",
                "unit": "usd",
                "value": -165000
            },
            {
                "label": "Increase in current income taxes payable",
                "concept": "IncreaseDecreaseInAccruedIncomeTaxesPayable",
                "unit": "usd",
                "value": 1581000
            },
            {
                "label": "Payments of claims, net of recoveries",
                "concept": "itic:PaymentsOfClaimsNetRecoveries",
                "unit": "usd",
                "value": 832000
            },
            {
                "label": "Net cash provided by (used in) operating activities",
                "concept": "NetCashProvidedByUsedInOperatingActivities",
                "unit": "usd",
                "value": 1999000
            },
            {
                "label": "Purchases of equity securities",
                "concept": "PaymentsToAcquireMarketableSecurities",
                "unit": "usd",
                "value": 5866000
            },
            {
                "label": "Purchases of short-term investments",
                "concept": "PaymentsToAcquireShortTermInvestments",
                "unit": "usd",
                "value": 3540000
            },
            {
                "label": "Purchases of other investments",
                "concept": "PaymentsToAcquireOtherInvestments",
                "unit": "usd",
                "value": 328000
            },
            {
                "label": "Proceeds from sales and maturities of fixed maturity securities",
                "concept": "ProceedsFromSaleAndMaturityOfAvailableForSaleSecurities",
                "unit": "usd",
                "value": 2579000
            },
            {
                "label": "Proceeds from sales of equity securities",
                "concept": "ProceedsFromSaleAndMaturityOfMarketableSecurities",
                "unit": "usd",
                "value": 4557000
            },
            {
                "label": "Proceeds from sales and maturities of short-term investments",
                "concept": "ProceedsFromSaleMaturityAndCollectionOfShorttermInvestments",
                "unit": "usd",
                "value": 1034000
            },
            {
                "label": "Proceeds from sales and distributions of other investments",
                "concept": "ProceedsFromSaleOfOtherInvestments",
                "unit": "usd",
                "value": 401000
            },
            {
                "label": "Proceeds from sales of other assets",
                "concept": "ProceedsFromSaleOfOtherProductiveAssets",
                "unit": "usd",
                "value": 10000
            },
            {
                "label": "Purchases of property",
                "concept": "PaymentsToAcquirePropertyPlantAndEquipment",
                "unit": "usd",
                "value": 643000
            },
            {
                "label": "Proceeds from the sale of property",
                "concept": "ProceedsFromSaleOfPropertyPlantAndEquipment",
                "unit": "usd",
                "value": 5000
            },
            {
                "label": "Net cash (used in) provided by investing activities",
                "concept": "NetCashProvidedByUsedInInvestingActivities",
                "unit": "usd",
                "value": -1791000
            },
            {
                "label": "Repurchases of common stock",
                "concept": "PaymentsForRepurchaseOfCommonStock",
                "unit": "usd",
                "value": 0
            },
            {
                "label": "Exercise of stock appreciation rights",
                "concept": "ProceedsFromStockOptionsExercised",
                "unit": "usd",
                "value": -1000
            },
            {
                "label": "Dividends paid",
                "concept": "PaymentsOfDividends",
                "unit": "usd",
                "value": 832000
            },
            {
                "label": "Net cash used in financing activities",
                "concept": "NetCashProvidedByUsedInFinancingActivities",
                "unit": "usd",
                "value": -833000
            },
            {
                "label": "Net (Decrease) Increase in Cash and Cash Equivalents",
                "concept": "CashCashEquivalentsRestrictedCashAndRestrictedCashEquivalentsPeriodIncreaseDecreaseIncludingExchangeRateEffect",
                "unit": "usd",
                "value": -625000
            },
            {
                "label": "Income tax refunds, net",
                "concept": "IncomeTaxesPaidNet",
                "unit": "usd",
                "value": -42000
            },
            {
                "label": "Non cash net unrealized gain on investments, net of deferred tax provision of $(17) and $(307) for March 31, 2020 and 2019, respectively",
                "concept": "OtherComprehensiveIncomeUnrealizedHoldingGainLossOnSecuritiesArisingDuringPeriodNetOfTax",
                "unit": "usd",
                "value": 44000
            },
            {
                "label": "Accumulated postretirement benefit obligation adjustment",
                "concept": "itic:AccumulatedPostretirementBenefitObligationAdjustment",
                "unit": "usd",
                "value": 32000
            }
        ],
        "ic": [
            {
                "label": "Net premiums written",
                "concept": "PremiumsWrittenNet",
                "unit": "usd",
                "value": 38627000
            },
            {
                "label": "Other",
                "concept": "OtherIncome",
                "unit": "usd",
                "value": 138000
            },
            {
                "label": "Commissions to agents",
                "concept": "InsuranceCommissions",
                "unit": "usd",
                "value": 20187000
            }
        ]
    }
}