{
    "startDate": "2020-02-02",
    "endDate": "2020-05-02",
    "year": "2020",
    "quarter": "Q1",
    "symbol": "BBY",
    "data": {
        "bs": [
            {
                "label": "Stockholders' Equity, Including Portion Attributable to Noncontrolling Interest",
                "concept": "StockholdersEquityIncludingPortionAttributableToNoncontrollingInterest",
                "unit": "usd",
                "value": 3410000000
            },
            {
                "label": "Stockholders' Equity, Including Portion Attributable to Noncontrolling Interest",
                "concept": "StockholdersEquityIncludingPortionAttributableToNoncontrollingInterest",
                "unit": "usd",
                "value": 3410000000
            }
        ],
        "cf": [
            {
                "label": "Net Income (Loss) Attributable to Parent",
                "concept": "NetIncomeLoss",
                "unit": "usd",
                "value": 159000000
            },
            {
                "label": "Depreciation, Depletion and Amortization",
                "concept": "DepreciationDepletionAndAmortization",
                "unit": "usd",
                "value": 207000000
            },
            {
                "label": "Share-based Compensation",
                "concept": "ShareBasedCompensation",
                "unit": "usd",
                "value": 15000000
            },
            {
                "label": "Deferred Income Tax Expense (Benefit)",
                "concept": "DeferredIncomeTaxExpenseBenefit",
                "unit": "usd",
                "value": 15000000
            },
            {
                "label": "Other Noncash Income (Expense)",
                "concept": "OtherNoncashIncomeExpense",
                "unit": "usd",
                "value": 6000000
            },
            {
                "label": "Increase (Decrease) in Receivables",
                "concept": "IncreaseDecreaseInReceivables",
                "unit": "usd",
                "value": 383000000
            },
            {
                "label": "Increase (Decrease) in Inventories",
                "concept": "IncreaseDecreaseInInventories",
                "unit": "usd",
                "value": 1136000000
            },
            {
                "label": "Increase (Decrease) in Other Operating Assets",
                "concept": "IncreaseDecreaseInOtherOperatingAssets",
                "unit": "usd",
                "value": 12000000
            },
            {
                "label": "Increase (Decrease) in Accounts Payable",
                "concept": "IncreaseDecreaseInAccountsPayable",
                "unit": "usd",
                "value": 816000000
            },
            {
                "label": "Increase (Decrease) in Income Taxes Payable",
                "concept": "IncreaseDecreaseInAccruedIncomeTaxesPayable",
                "unit": "usd",
                "value": 31000000
            },
            {
                "label": "Increase (Decrease) in Other Accrued Liabilities",
                "concept": "IncreaseDecreaseInOtherAccruedLiabilities",
                "unit": "usd",
                "value": 297000000
            },
            {
                "label": "Net Cash Provided by (Used in) Operating Activities",
                "concept": "NetCashProvidedByUsedInOperatingActivities",
                "unit": "usd",
                "value": 827000000
            },
            {
                "label": "Payments to Acquire Property, Plant, and Equipment",
                "concept": "PaymentsToAcquirePropertyPlantAndEquipment",
                "unit": "usd",
                "value": 178000000
            },
            {
                "label": "Payments for (Proceeds from) Other Investing Activities",
                "concept": "PaymentsForProceedsFromOtherInvestingActivities",
                "unit": "usd",
                "value": 1000000
            },
            {
                "label": "Net Cash Provided by (Used in) Investing Activities",
                "concept": "NetCashProvidedByUsedInInvestingActivities",
                "unit": "usd",
                "value": 179000000
            },
            {
                "label": "Payments for Repurchase of Common Stock",
                "concept": "PaymentsForRepurchaseOfCommonStock",
                "unit": "usd",
                "value": 62000000
            },
            {
                "label": "Payments of Dividends",
                "concept": "PaymentsOfDividends",
                "unit": "usd",
                "value": 141000000
            },
            {
                "label": "Proceeds from Issuance of Long-term Debt",
                "concept": "ProceedsFromIssuanceOfLongTermDebt",
                "unit": "usd",
                "value": 1250000000
            },
            {
                "label": "Proceeds from (Payments for) Other Financing Activities",
                "concept": "ProceedsFromPaymentsForOtherFinancingActivities",
                "unit": "usd",
                "value": 2000000
            },
            {
                "label": "Net Cash Provided by (Used in) Financing Activities",
                "concept": "NetCashProvidedByUsedInFinancingActivities",
                "unit": "usd",
                "value": 1049000000
            },
            {
                "label": "Effect of Exchange Rate on Cash and Cash Equivalents",
                "concept": "EffectOfExchangeRateOnCashCashEquivalentsRestrictedCashAndRestrictedCashEquivalents",
                "unit": "usd",
                "value": 18000000
            },
            {
                "label": "Cash, Cash Equivalents, Restricted Cash and Restricted Cash Equivalents, Period Increase (Decrease), Including Exchange Rate Effect",
                "concept": "CashCashEquivalentsRestrictedCashAndRestrictedCashEquivalentsPeriodIncreaseDecreaseIncludingExchangeRateEffect",
                "unit": "usd",
                "value": 1679000000
            }
        ],
        "ic": [
            {
                "label": "Net Income (Loss) Attributable to Parent",
                "concept": "NetIncomeLoss",
                "unit": "usd",
                "value": 159000000
            },
            {
                "label": "Other Comprehensive Income (Loss), Foreign Currency Transaction and Translation Gain (Loss) Arising During Period, Net of Tax",
                "concept": "OtherComprehensiveIncomeForeignCurrencyTransactionAndTranslationGainLossArisingDuringPeriodNetOfTax",
                "unit": "usd",
                "value": 52000000
            },
            {
                "label": "Comprehensive Income (Loss), Net of Tax, Attributable to Parent",
                "concept": "ComprehensiveIncomeNetOfTax",
                "unit": "usd",
                "value": 107000000
            }
        ]
    }
}