{
    "startDate": "2020-01-01",
    "endDate": "2020-03-31",
    "year": "2020",
    "quarter": "Q1",
    "symbol": "ONB",
    "data": {
        "bs": [
            {
                "label": "Cash and due from banks",
                "concept": "CashAndDueFromBanks",
                "unit": "usd",
                "value": 203533000
            },
            {
                "label": "Money market and other interest-earning investments",
                "concept": "InterestBearingDepositsInBanks",
                "unit": "usd",
                "value": 139644000
            },
            {
                "label": "Total cash and cash equivalents",
                "concept": "CashAndCashEquivalentsAtCarryingValue",
                "unit": "usd",
                "value": 343177000
            },
            {
                "label": "Equity securities",
                "concept": "EquitySecuritiesFvNi",
                "unit": "usd",
                "value": 6870000
            },
            {
                "label": "Total investment securities - available-for-sale",
                "concept": "AvailableForSaleSecuritiesDebtSecurities",
                "unit": "usd",
                "value": 5360025000
            },
            {
                "label": "Federal Home Loan Bank/Federal Reserve Bank stock, at cost",
                "concept": "FederalHomeLoanBankStockAndFederalReserveBankStock",
                "unit": "usd",
                "value": 174113000
            },
            {
                "label": "Loans held for sale, at fair value",
                "concept": "LoansReceivableHeldForSaleNetNotPartOfDisposalGroup",
                "unit": "usd",
                "value": 54209000
            },
            {
                "label": "Total loans",
                "concept": "LoansAndLeasesReceivableNetOfDeferredIncome",
                "unit": "usd",
                "value": 12384612000
            },
            {
                "label": "Allowance for loan losses",
                "concept": "LoansAndLeasesReceivableAllowance",
                "unit": "usd",
                "value": 106380000
            },
            {
                "label": "Net loans",
                "concept": "LoansAndLeasesReceivableNetReportedAmount",
                "unit": "usd",
                "value": 12278232000
            },
            {
                "label": "Premises and equipment, net",
                "concept": "PropertyPlantAndEquipmentNet",
                "unit": "usd",
                "value": 462364000
            },
            {
                "label": "Operating lease right-of-use assets",
                "concept": "OperatingLeaseRightOfUseAsset",
                "unit": "usd",
                "value": 86819000
            },
            {
                "label": "Accrued interest receivable",
                "concept": "InterestReceivable",
                "unit": "usd",
                "value": 77810000
            },
            {
                "label": "Goodwill",
                "concept": "Goodwill",
                "unit": "usd",
                "value": 1036994000
            },
            {
                "label": "Other intangible assets",
                "concept": "FiniteLivedIntangibleAssetsNet",
                "unit": "usd",
                "value": 56329000
            },
            {
                "label": "Company-owned life insurance",
                "concept": "BankOwnedLifeInsurance",
                "unit": "usd",
                "value": 450148000
            },
            {
                "label": "Net deferred tax assets",
                "concept": "DeferredIncomeTaxAssetsNet",
                "unit": "usd",
                "value": 17576000
            },
            {
                "label": "Loan servicing rights",
                "concept": "ServicingAsset",
                "unit": "usd",
                "value": 24132000
            },
            {
                "label": "Other assets",
                "concept": "OtherAssets",
                "unit": "usd",
                "value": 312343000
            },
            {
                "label": "Total assets",
                "concept": "Assets",
                "unit": "usd",
                "value": 20741141000
            },
            {
                "label": "Noninterest-bearing demand",
                "concept": "NoninterestBearingDepositLiabilitiesDomestic",
                "unit": "usd",
                "value": 4058559000
            },
            {
                "label": "Checking and NOW",
                "concept": "DepositsNegotiableOrderOfWithdrawalNOW",
                "unit": "usd",
                "value": 4105006000
            },
            {
                "label": "Savings",
                "concept": "DepositsSavingsDeposits",
                "unit": "usd",
                "value": 2853305000
            },
            {
                "label": "Money market",
                "concept": "DepositsMoneyMarketDeposits",
                "unit": "usd",
                "value": 1746798000
            },
            {
                "label": "Time",
                "concept": "TimeDeposits",
                "unit": "usd",
                "value": 1541694000
            },
            {
                "label": "Total deposits",
                "concept": "Deposits",
                "unit": "usd",
                "value": 14305362000
            },
            {
                "label": "Federal funds purchased and interbank borrowings",
                "concept": "FederalFundsPurchased",
                "unit": "usd",
                "value": 560770000
            },
            {
                "label": "Securities sold under agreements to repurchase",
                "concept": "SecuritiesSoldUnderAgreementsToRepurchase",
                "unit": "usd",
                "value": 318067000
            },
            {
                "label": "Federal Home Loan Bank advances",
                "concept": "AdvancesFromFederalHomeLoanBanks",
                "unit": "usd",
                "value": 2130263000
            },
            {
                "label": "Other borrowings",
                "concept": "OtherBorrowings",
                "unit": "usd",
                "value": 236114000
            },
            {
                "label": "Operating lease liabilities",
                "concept": "OperatingLeaseLiability",
                "unit": "usd",
                "value": 95830000
            },
            {
                "label": "Accrued expenses and other liabilities",
                "concept": "AccruedLiabilitiesAndOtherLiabilities",
                "unit": "usd",
                "value": 271300000
            },
            {
                "label": "Total liabilities",
                "concept": "Liabilities",
                "unit": "usd",
                "value": 17917706000
            },
            {
                "label": "Preferred stock, 2,000 shares authorized, no shares issued or outstanding",
                "concept": "PreferredStockValue",
                "unit": "usd",
                "value": "N/A"
            },
            {
                "label": "Common stock, $1.00 per share stated value, 300,000 shares authorized, \u00a0\u00a0 165,109 and 169,616 shares issued and outstanding, respectively",
                "concept": "CommonStockValue",
                "unit": "usd",
                "value": 165109000
            },
            {
                "label": "Capital surplus",
                "concept": "AdditionalPaidInCapitalCommonStock",
                "unit": "usd",
                "value": 1870260000
            },
            {
                "label": "Retained earnings",
                "concept": "RetainedEarningsAccumulatedDeficit",
                "unit": "usd",
                "value": 649909000
            },
            {
                "label": "Accumulated other comprehensive income (loss), net of tax",
                "concept": "AccumulatedOtherComprehensiveIncomeLossNetOfTax",
                "unit": "usd",
                "value": 138157000
            },
            {
                "label": "Total shareholders' equity",
                "concept": "StockholdersEquity",
                "unit": "usd",
                "value": 2823435000
            },
            {
                "label": "Total liabilities and shareholders' equity",
                "concept": "LiabilitiesAndStockholdersEquity",
                "unit": "usd",
                "value": 20741141000
            }
        ],
        "cf": [
            {
                "label": "Net income",
                "concept": "NetIncomeLoss",
                "unit": "usd",
                "value": 22640000
            },
            {
                "label": "Depreciation",
                "concept": "Depreciation",
                "unit": "usd",
                "value": 8594000
            },
            {
                "label": "Amortization of intangibles",
                "concept": "AmortizationOfIntangibleAssets",
                "unit": "usd",
                "value": 3776000
            },
            {
                "label": "Amortization of tax credit investments",
                "concept": "IncomeLossFromAffordableHousingProjectsEquityMethodInvestments",
                "unit": "usd",
                "value": 5515000
            },
            {
                "label": "Net premium amortization on investment securities",
                "concept": "InvestmentIncomeNetAmortizationOfDiscountAndPremium",
                "unit": "usd",
                "value": 5146000
            },
            {
                "label": "Accretion income related to acquired loans",
                "concept": "onb:NetAccretionOfPremiumsAndDiscountsFromAcquiredLoans",
                "unit": "usd",
                "value": 6649000
            },
            {
                "label": "Share-based compensation expense",
                "concept": "ShareBasedCompensation",
                "unit": "usd",
                "value": 2748000
            },
            {
                "label": "Excess tax (benefit) expense on share-based compensation",
                "concept": "ExcessTaxBenefitFromShareBasedCompensationOperatingActivities",
                "unit": "usd",
                "value": 818000
            },
            {
                "label": "Provision for loan losses",
                "concept": "ProvisionForLoanAndLeaseLosses",
                "unit": "usd",
                "value": 16950000
            },
            {
                "label": "Debt securities gains (losses), net",
                "concept": "DebtAndEquitySecuritiesGainLoss",
                "unit": "usd",
                "value": 5174000
            },
            {
                "label": "Net (gains) losses on sales of loans and other assets",
                "concept": "GainsLossesOnSalesOfAssets",
                "unit": "usd",
                "value": 11826000
            },
            {
                "label": "Company-owned life insurance",
                "concept": "BankOwnedLifeInsuranceIncome",
                "unit": "usd",
                "value": 3080000
            },
            {
                "label": "Residential real estate loans originated for sale",
                "concept": "PaymentsForOriginationOfMortgageLoansHeldForSale",
                "unit": "usd",
                "value": 223961000
            },
            {
                "label": "Proceeds from sales of residential real estate loans",
                "concept": "ProceedsFromSaleOfMortgageLoansHeldForSale",
                "unit": "usd",
                "value": 219626000
            },
            {
                "label": "(Increase) decrease in interest receivable",
                "concept": "IncreaseDecreaseInAccruedInterestReceivableNet",
                "unit": "usd",
                "value": 7313000
            },
            {
                "label": "(Increase) decrease in other assets",
                "concept": "IncreaseDecreaseInOtherOperatingAssets",
                "unit": "usd",
                "value": 87826000
            },
            {
                "label": "Increase (decrease) in accrued expenses and other liabilities",
                "concept": "IncreaseDecreaseInOtherOperatingLiabilities",
                "unit": "usd",
                "value": 2242000
            },
            {
                "label": "Net cash flows provided by (used in) operating activities",
                "concept": "NetCashProvidedByUsedInOperatingActivities",
                "unit": "usd",
                "value": 21132000
            },
            {
                "label": "Purchases of investment securities available-for-sale",
                "concept": "PaymentsToAcquireAvailableForSaleSecuritiesDebt",
                "unit": "usd",
                "value": 446819000
            },
            {
                "label": "Purchases of Federal Home Loan Bank/Federal Reserve Bank stock",
                "concept": "PaymentsToAcquireRestrictedInvestments",
                "unit": "usd",
                "value": 10025000
            },
            {
                "label": "Proceeds from maturities, prepayments, and calls of investment securities available-for-sale",
                "concept": "ProceedsFromMaturitiesPrepaymentsAndCallsOfAvailableForSaleSecurities",
                "unit": "usd",
                "value": 436742000
            },
            {
                "label": "Proceeds from sales of investment securities available-for-sale",
                "concept": "ProceedsFromSaleOfAvailableForSaleSecuritiesDebt",
                "unit": "usd",
                "value": 236410000
            },
            {
                "label": "Proceeds from maturities, prepayments, and calls of investment securities held-to-maturity",
                "concept": "ProceedsFromMaturitiesPrepaymentsAndCallsOfHeldToMaturitySecurities",
                "unit": "usd",
                "value": "N/A"
            },
            {
                "label": "Proceeds from sales of Federal Home Loan Bank/Federal Reserve Bank stock",
                "concept": "ProceedsFromSaleOfRestrictedInvestments",
                "unit": "usd",
                "value": 11000
            },
            {
                "label": "Proceeds from sales of equity securities",
                "concept": "ProceedsFromSaleOfTradingSecuritiesHeldforinvestment",
                "unit": "usd",
                "value": 133000
            },
            {
                "label": "Loan originations and payments, net",
                "concept": "PaymentsForProceedsFromLoansAndLeases",
                "unit": "usd",
                "value": 262497000
            },
            {
                "label": "Proceeds from company-owned life insurance death benefits",
                "concept": "ProceedsFromLifeInsurancePolicies",
                "unit": "usd",
                "value": 1899000
            },
            {
                "label": "Proceeds from sales of premises and equipment and other assets",
                "concept": "ProceedsFromSaleOfPropertyPlantAndEquipment",
                "unit": "usd",
                "value": "N/A"
            },
            {
                "label": "Purchases of premises and equipment and other assets",
                "concept": "PaymentsToAcquirePropertyPlantAndEquipment",
                "unit": "usd",
                "value": 7938000
            },
            {
                "label": "Net cash flows provided by (used in) investing activities",
                "concept": "NetCashProvidedByUsedInInvestingActivities",
                "unit": "usd",
                "value": 52084000
            },
            {
                "label": "Deposits",
                "concept": "NetChangeInterestBearingDepositsDomestic",
                "unit": "usd",
                "value": 248035000
            },
            {
                "label": "Federal funds purchased and interbank borrowings",
                "concept": "IncreaseDecreaseInFederalFundsPurchased",
                "unit": "usd",
                "value": 210356000
            },
            {
                "label": "Securities sold under agreements to repurchase",
                "concept": "ProceedsFromPaymentsForInSecuritiesSoldUnderAgreementsToRepurchase",
                "unit": "usd",
                "value": 9715000
            },
            {
                "label": "Other borrowings",
                "concept": "ProceedsFromRepaymentsOfOtherDebt",
                "unit": "usd",
                "value": 7339000
            },
            {
                "label": "Payments for maturities of Federal Home Loan Bank advances",
                "concept": "RepaymentsOfFederalHomeLoanBankBorrowings",
                "unit": "usd",
                "value": 200005000
            },
            {
                "label": "Proceeds from Federal Home Loan Bank advances",
                "concept": "ProceedsFromFederalHomeLoanBankBorrowings",
                "unit": "usd",
                "value": 500000000
            },
            {
                "label": "Cash dividends paid on common stock",
                "concept": "PaymentsOfDividendsCommonStock",
                "unit": "usd",
                "value": 23535000
            },
            {
                "label": "Common stock repurchased",
                "concept": "PaymentsForRepurchaseOfCommonStock",
                "unit": "usd",
                "value": 81822000
            },
            {
                "label": "Proceeds from exercise of stock options",
                "concept": "ProceedsFromStockOptionsExercised",
                "unit": "usd",
                "value": "N/A"
            },
            {
                "label": "Common stock issued",
                "concept": "ProceedsFromIssuanceOfCommonStock",
                "unit": "usd",
                "value": 151000
            },
            {
                "label": "Net cash flows provided by (used in) financing activities",
                "concept": "NetCashProvidedByUsedInFinancingActivities",
                "unit": "usd",
                "value": 140056000
            },
            {
                "label": "Net increase (decrease) in cash and cash equivalents",
                "concept": "CashCashEquivalentsRestrictedCashAndRestrictedCashEquivalentsPeriodIncreaseDecreaseIncludingExchangeRateEffect",
                "unit": "usd",
                "value": 66840000
            },
            {
                "label": "Total interest paid",
                "concept": "InterestPaidNet",
                "unit": "usd",
                "value": 26387000
            },
            {
                "label": "Total taxes paid (net of refunds)",
                "concept": "IncomeTaxesPaidNet",
                "unit": "usd",
                "value": 1212000
            },
            {
                "label": "Investment securities purchased but not settled",
                "concept": "onb:InvestmentSecuritiesPurchasedButNotSettled",
                "unit": "usd",
                "value": 102459000
            },
            {
                "label": "Operating lease right-of-use assets obtained in exchange for lease obligations",
                "concept": "onb:NetReductionInOperatingLeaseRightOfUseAssetModifications",
                "unit": "usd",
                "value": 310000
            },
            {
                "label": "Finance lease right-of-use assets obtained in exchange for lease obligations",
                "concept": "RightOfUseAssetObtainedInExchangeForFinanceLeaseLiability",
                "unit": "usd",
                "value": "N/A"
            }
        ],
        "ic": [
            {
                "label": "Net income",
                "concept": "NetIncomeLoss",
                "unit": "usd",
                "value": 22640000
            },
            {
                "label": "Unrealized holding gains (losses) for the period",
                "concept": "OtherComprehensiveIncomeUnrealizedHoldingGainLossOnSecuritiesArisingDuringPeriodBeforeTax",
                "unit": "usd",
                "value": 103954000
            },
            {
                "label": "Reclassification adjustment for securities (gains) losses realized in\u00a0income",
                "concept": "OtherComprehensiveIncomeLossReclassificationAdjustmentFromAOCIForSaleOfSecuritiesBeforeTax",
                "unit": "usd",
                "value": 5174000
            },
            {
                "label": "Income tax effect",
                "concept": "OtherComprehensiveIncomeLossAvailableForSaleSecuritiesTax",
                "unit": "usd",
                "value": 22411000
            },
            {
                "label": "Unrealized gains (losses) on available-for-sale debt securities",
                "concept": "OtherComprehensiveIncomeLossAvailableForSaleSecuritiesAdjustmentNetOfTax",
                "unit": "usd",
                "value": 76369000
            },
            {
                "label": "Amortization of unrealized losses on securities transferred from available-for-sale",
                "concept": "OtherComprehensiveLossHeldToMaturitySecurityAdjustmentFromAociForAccretionOfNoncreditPortionOfOttiBeforeTax",
                "unit": "usd",
                "value": "N/A"
            },
            {
                "label": "Income tax effect",
                "concept": "OtherComprehensiveIncomeLossTaxPortionAttributableToParent1",
                "unit": "usd",
                "value": "N/A"
            },
            {
                "label": "Changes from securities held-to-maturity",
                "concept": "onb:OtherComprehensiveIncomeLossHeldToMaturitySecuritiesAdjustmentNetOfTax",
                "unit": "usd",
                "value": "N/A"
            },
            {
                "label": "Net unrealized derivative gains (losses) on cash flow hedges",
                "concept": "OtherComprehensiveIncomeUnrealizedGainLossOnDerivativesArisingDuringPeriodBeforeTax",
                "unit": "usd",
                "value": 7803000
            },
            {
                "label": "Reclassification adjustment for (gains) losses realized in net income",
                "concept": "OtherComprehensiveIncomeLossReclassificationAdjustmentFromAOCIOnDerivativesBeforeTax",
                "unit": "usd",
                "value": 431000
            },
            {
                "label": "Income tax effect",
                "concept": "OtherComprehensiveIncomeLossDerivativesQualifyingAsHedgesTax",
                "unit": "usd",
                "value": 1811000
            },
            {
                "label": "Changes from cash flow hedges",
                "concept": "OtherComprehensiveIncomeLossDerivativesQualifyingAsHedgesNetOfTax",
                "unit": "usd",
                "value": 5561000
            },
            {
                "label": "Amortization of net loss recognized in income",
                "concept": "OtherComprehensiveIncomeLossReclassificationAdjustmentFromAOCIPensionAndOtherPostretirementBenefitPlansForNetGainLossBeforeTax",
                "unit": "usd",
                "value": 27000
            },
            {
                "label": "Income tax effect",
                "concept": "OtherComprehensiveIncomeLossPensionAndOtherPostretirementBenefitPlansTax",
                "unit": "usd",
                "value": 7000
            },
            {
                "label": "Changes from defined benefit pension plans",
                "concept": "OtherComprehensiveIncomeDefinedBenefitPlansTaxPortionAttributableToParent",
                "unit": "usd",
                "value": 20000
            },
            {
                "label": "Other comprehensive income (loss), net of tax",
                "concept": "OtherComprehensiveIncomeLossNetOfTaxPortionAttributableToParent",
                "unit": "usd",
                "value": 81950000
            },
            {
                "label": "Comprehensive income",
                "concept": "ComprehensiveIncomeNetOfTax",
                "unit": "usd",
                "value": 104590000
            }
        ]
    }
}