{
    "startDate": "2020-01-01",
    "endDate": "2020-03-31",
    "year": "2020",
    "quarter": "Q1",
    "symbol": "PAR",
    "data": {
        "bs": [
            {
                "label": "Cash and cash equivalents",
                "concept": "CashAndCashEquivalentsAtCarryingValue",
                "unit": "usd",
                "value": 60089000
            },
            {
                "label": "Accounts receivable \u2013 net",
                "concept": "AccountsReceivableNetCurrent",
                "unit": "usd",
                "value": 42819000
            },
            {
                "label": "Inventories \u2013 net",
                "concept": "InventoryNet",
                "unit": "usd",
                "value": 23339000
            },
            {
                "label": "Other current assets",
                "concept": "OtherAssetsCurrent",
                "unit": "usd",
                "value": 7191000
            },
            {
                "label": "Total current assets",
                "concept": "AssetsCurrent",
                "unit": "usd",
                "value": 133438000
            },
            {
                "label": "Property, plant and equipment \u2013 net",
                "concept": "PropertyPlantAndEquipmentNet",
                "unit": "usd",
                "value": 14052000
            },
            {
                "label": "Intangible assets \u2013 net",
                "concept": "IntangibleAssetsNetExcludingGoodwill",
                "unit": "usd",
                "value": 33103000
            },
            {
                "label": "Lease right-of-use assets",
                "concept": "par:OperatingAndFinanceLeaseRightOfUseAsset",
                "unit": "usd",
                "value": 2729000
            },
            {
                "label": "Other assets",
                "concept": "OtherAssetsNoncurrent",
                "unit": "usd",
                "value": 4274000
            },
            {
                "label": "Total Assets",
                "concept": "Assets",
                "unit": "usd",
                "value": 228982000
            },
            {
                "label": "Accounts payable",
                "concept": "AccountsPayableCurrent",
                "unit": "usd",
                "value": 16603000
            },
            {
                "label": "Accrued salaries and benefits",
                "concept": "EmployeeRelatedLiabilitiesCurrent",
                "unit": "usd",
                "value": 6495000
            },
            {
                "label": "Accrued expenses",
                "concept": "AccruedLiabilitiesCurrent",
                "unit": "usd",
                "value": 2893000
            },
            {
                "label": "Lease liabilities - current portion",
                "concept": "par:OperatingAndFinanceLeaseLiabilityCurrent",
                "unit": "usd",
                "value": 2000000
            },
            {
                "label": "Customer deposits and deferred service revenue",
                "concept": "ContractWithCustomerLiabilityCurrent",
                "unit": "usd",
                "value": 9732000
            },
            {
                "label": "Total current liabilities",
                "concept": "LiabilitiesCurrent",
                "unit": "usd",
                "value": 38362000
            },
            {
                "label": "Lease liabilities - net of current portion",
                "concept": "par:OperatingAndFinanceLeaseLiabilityNoncurrent",
                "unit": "usd",
                "value": 805000
            },
            {
                "label": "Deferred service revenue \u2013 non current",
                "concept": "ContractWithCustomerLiabilityNoncurrent",
                "unit": "usd",
                "value": 4535000
            },
            {
                "label": "Long-term debt",
                "concept": "LongTermDebtNoncurrent",
                "unit": "usd",
                "value": 101916000
            },
            {
                "label": "Other long-term liabilities",
                "concept": "OtherLiabilitiesNoncurrent",
                "unit": "usd",
                "value": 7068000
            },
            {
                "label": "Total liabilities",
                "concept": "Liabilities",
                "unit": "usd",
                "value": 152686000
            },
            {
                "label": "Commitments and contingencies",
                "concept": "CommitmentsAndContingencies",
                "unit": "usd",
                "value": "N/A"
            },
            {
                "label": "Preferred stock, $.02 par value, 1,000,000 shares authorized",
                "concept": "PreferredStockValue",
                "unit": "usd",
                "value": 0
            },
            {
                "label": "Common stock, $.02 par value, 29,000,000 shares authorized; 19,291,289 and 18,360,205 shares issued, 18,244,350 and 16,629,177 outstanding at March 31, 2020 and December 31, 2019, respectively",
                "concept": "CommonStockValue",
                "unit": "usd",
                "value": 386000
            },
            {
                "label": "Additional paid in capital",
                "concept": "AdditionalPaidInCapital",
                "unit": "usd",
                "value": 106600000
            },
            {
                "label": "Accumulated deficit",
                "concept": "RetainedEarningsAccumulatedDeficit",
                "unit": "usd",
                "value": -21054000
            },
            {
                "label": "Accumulated other comprehensive loss",
                "concept": "AccumulatedOtherComprehensiveIncomeLossNetOfTax",
                "unit": "usd",
                "value": -5167000
            },
            {
                "label": "Treasury stock, at cost, 1,046,939 shares and 1,731,028 shares at March 31, 2020 and December 31, 2019, respectively",
                "concept": "TreasuryStockValue",
                "unit": "usd",
                "value": 4469000
            },
            {
                "label": "Total shareholders\u2019 equity",
                "concept": "StockholdersEquity",
                "unit": "usd",
                "value": 76296000
            },
            {
                "label": "Total Liabilities and Shareholders\u2019 Equity",
                "concept": "LiabilitiesAndStockholdersEquity",
                "unit": "usd",
                "value": 228982000
            }
        ],
        "cf": [
            {
                "label": "Net loss",
                "concept": "NetIncomeLoss",
                "unit": "usd",
                "value": -10910000
            },
            {
                "label": "Current expected credit losses",
                "concept": "ProvisionForDoubtfulAccounts",
                "unit": "usd",
                "value": 244000
            },
            {
                "label": "Provision for obsolete inventory",
                "concept": "InventoryWriteDown",
                "unit": "usd",
                "value": 1188000
            },
            {
                "label": "Stock-based compensation",
                "concept": "ShareBasedCompensation",
                "unit": "usd",
                "value": 1089000
            },
            {
                "label": "Loss on debt extinguishment",
                "concept": "GainsLossesOnExtinguishmentOfDebt",
                "unit": "usd",
                "value": -8123000
            },
            {
                "label": "Deferred income tax",
                "concept": "DeferredIncomeTaxesAndTaxCredits",
                "unit": "usd",
                "value": -5386000
            },
            {
                "label": "Accounts receivable",
                "concept": "IncreaseDecreaseInAccountsReceivable",
                "unit": "usd",
                "value": 1289000
            },
            {
                "label": "Inventories",
                "concept": "IncreaseDecreaseInInventories",
                "unit": "usd",
                "value": 5201000
            },
            {
                "label": "Other current assets",
                "concept": "IncreaseDecreaseInOtherCurrentAssets",
                "unit": "usd",
                "value": 2764000
            },
            {
                "label": "Other assets",
                "concept": "IncreaseDecreaseInOtherNoncurrentAssets",
                "unit": "usd",
                "value": -85000
            },
            {
                "label": "Accounts payable",
                "concept": "IncreaseDecreaseInAccountsPayable",
                "unit": "usd",
                "value": 218000
            },
            {
                "label": "Accrued salaries and benefits",
                "concept": "IncreaseDecreaseInEmployeeRelatedLiabilities",
                "unit": "usd",
                "value": -1646000
            },
            {
                "label": "Accrued expenses",
                "concept": "IncreaseDecreaseInAccruedLiabilities",
                "unit": "usd",
                "value": -283000
            },
            {
                "label": "Customer deposits and deferred service revenue",
                "concept": "IncreaseDecreaseInContractWithCustomerLiability",
                "unit": "usd",
                "value": -1733000
            },
            {
                "label": "Other long-term liabilities",
                "concept": "IncreaseDecreaseInOtherNoncurrentLiabilities",
                "unit": "usd",
                "value": 0
            },
            {
                "label": "Net cash used in operating activities",
                "concept": "NetCashProvidedByUsedInOperatingActivities",
                "unit": "usd",
                "value": -15123000
            },
            {
                "label": "Capital expenditures",
                "concept": "PaymentsToAcquirePropertyPlantAndEquipment",
                "unit": "usd",
                "value": 188000
            },
            {
                "label": "Capitalization of software costs",
                "concept": "PaymentsToDevelopSoftware",
                "unit": "usd",
                "value": 1852000
            },
            {
                "label": "Net cash used in investing activities",
                "concept": "NetCashProvidedByUsedInInvestingActivities",
                "unit": "usd",
                "value": -2040000
            },
            {
                "label": "Payments of long-term debt",
                "concept": "RepaymentsOfLongTermDebt",
                "unit": "usd",
                "value": 154000
            },
            {
                "label": "Payment of contingent consideration",
                "concept": "PaymentForContingentConsiderationLiabilityFinancingActivities",
                "unit": "usd",
                "value": 0
            },
            {
                "label": "Payments of bank borrowings",
                "concept": "RepaymentsOfOtherShortTermDebt",
                "unit": "usd",
                "value": 0
            },
            {
                "label": "Proceeds from bank borrowings",
                "concept": "ProceedsFromOtherShortTermDebt",
                "unit": "usd",
                "value": 0
            },
            {
                "label": "Payments for the extinguishment of notes payable",
                "concept": "PaymentsOfDebtExtinguishmentCosts",
                "unit": "usd",
                "value": 66250000
            },
            {
                "label": "Proceeds from notes payable, net of issuance costs",
                "concept": "ProceedsFromIssuanceOfLongTermDebt",
                "unit": "usd",
                "value": 115916000
            },
            {
                "label": "Treasury stock acquired from employees upon vesting or forfeiture of restricted stock",
                "concept": "PaymentsForRepurchaseOfCommonStock",
                "unit": "usd",
                "value": 153000
            },
            {
                "label": "Proceeds from exercise of stock options",
                "concept": "ProceedsFromStockOptionsExercised",
                "unit": "usd",
                "value": 30000
            },
            {
                "label": "Net cash provided by financing activities",
                "concept": "NetCashProvidedByUsedInFinancingActivities",
                "unit": "usd",
                "value": 49389000
            },
            {
                "label": "Effect of exchange rate changes on cash and cash equivalents",
                "concept": "EffectOfExchangeRateOnCashCashEquivalentsRestrictedCashAndRestrictedCashEquivalents",
                "unit": "usd",
                "value": -173000
            },
            {
                "label": "Net increase in cash and cash equivalents",
                "concept": "CashCashEquivalentsRestrictedCashAndRestrictedCashEquivalentsPeriodIncreaseDecreaseIncludingExchangeRateEffect",
                "unit": "usd",
                "value": 32053000
            },
            {
                "label": "Interest",
                "concept": "InterestPaidNet",
                "unit": "usd",
                "value": 953000
            },
            {
                "label": "Additions to right-of-use assets and operating lease liabilities",
                "concept": "RightOfUseAssetObtainedInExchangeForOperatingLeaseLiability",
                "unit": "usd",
                "value": 0
            }
        ],
        "ic": [
            {
                "label": "Gross margin",
                "concept": "GrossProfit",
                "unit": "usd",
                "value": 11047000
            },
            {
                "label": "Selling, general and administrative",
                "concept": "SellingGeneralAndAdministrativeExpense",
                "unit": "usd",
                "value": 11427000
            },
            {
                "label": "Operating expenses",
                "concept": "OperatingExpenses",
                "unit": "usd",
                "value": 16502000
            },
            {
                "label": "Operating loss",
                "concept": "OperatingIncomeLoss",
                "unit": "usd",
                "value": -5455000
            },
            {
                "label": "Other expense, net",
                "concept": "OtherNonoperatingIncomeExpense",
                "unit": "usd",
                "value": -625000
            },
            {
                "label": "Interest expense, net",
                "concept": "InterestIncomeExpenseNet",
                "unit": "usd",
                "value": -1972000
            },
            {
                "label": "Benefit from (provision for) income taxes",
                "concept": "IncomeTaxExpenseBenefit",
                "unit": "usd",
                "value": -5265000
            },
            {
                "label": "Net loss",
                "concept": "NetIncomeLoss",
                "unit": "usd",
                "value": -10910000
            },
            {
                "label": "Net loss (in dollars per share)",
                "concept": "EarningsPerShareBasic",
                "unit": "usd/shares",
                "value": -0.61
            },
            {
                "label": "Net loss (in dollars per share)",
                "concept": "EarningsPerShareDiluted",
                "unit": "usd/shares",
                "value": -0.61
            },
            {
                "label": "Basic (in shares)",
                "concept": "WeightedAverageNumberOfSharesOutstandingBasic",
                "unit": "shares",
                "value": 17941000
            },
            {
                "label": "Diluted (in shares)",
                "concept": "WeightedAverageNumberOfDilutedSharesOutstanding",
                "unit": "shares",
                "value": 17941000
            }
        ]
    }
}