{
    "startDate": "2020-01-01",
    "endDate": "2020-03-31",
    "year": "2020",
    "quarter": "Q1",
    "symbol": "IFF",
    "data": {
        "bs": [
            {
                "label": "Trade receivables (net of allowances of $18,728 and $16,428, respectively)",
                "concept": "ReceivablesNetCurrent",
                "unit": "usd",
                "value": 943114000
            },
            {
                "label": "Raw materials",
                "concept": "InventoryRawMaterialsNetOfReserves",
                "unit": "usd",
                "value": 553433000
            },
            {
                "label": "Work in process",
                "concept": "InventoryWorkInProcessNetOfReserves",
                "unit": "usd",
                "value": 48297000
            },
            {
                "label": "Finished goods",
                "concept": "InventoryFinishedGoodsNetOfReserves",
                "unit": "usd",
                "value": 474183000
            },
            {
                "label": "Total Inventories",
                "concept": "InventoryNet",
                "unit": "usd",
                "value": 1075913000
            },
            {
                "label": "Prepaid expenses and other current assets",
                "concept": "OtherAssetsCurrent",
                "unit": "usd",
                "value": 356322000
            },
            {
                "label": "Total Current Assets",
                "concept": "AssetsCurrent",
                "unit": "usd",
                "value": 2818294000
            },
            {
                "label": "Property, plant and equipment, at cost",
                "concept": "PropertyPlantAndEquipmentGross",
                "unit": "usd",
                "value": 2632441000
            },
            {
                "label": "Accumulated depreciation",
                "concept": "AccumulatedDepreciationDepletionAndAmortizationPropertyPlantAndEquipment",
                "unit": "usd",
                "value": 1293317000
            },
            {
                "label": "Total Property Plant and Equipment",
                "concept": "PropertyPlantAndEquipmentNet",
                "unit": "usd",
                "value": 1339124000
            },
            {
                "label": "Goodwill",
                "concept": "Goodwill",
                "unit": "usd",
                "value": 5267559000
            },
            {
                "label": "Other intangible assets, net",
                "concept": "FiniteLivedIntangibleAssetsNet",
                "unit": "usd",
                "value": 2677446000
            },
            {
                "label": "Other assets",
                "concept": "OtherAssetsNoncurrent",
                "unit": "usd",
                "value": 586653000
            },
            {
                "label": "Total Assets",
                "concept": "Assets",
                "unit": "usd",
                "value": 12689076000
            },
            {
                "label": "Bank borrowings, overdrafts, and current portion of long-term debt",
                "concept": "DebtCurrent",
                "unit": "usd",
                "value": 385569000
            },
            {
                "label": "Accounts payable",
                "concept": "AccountsPayableCurrent",
                "unit": "usd",
                "value": 456156000
            },
            {
                "label": "Accrued payroll and bonus",
                "concept": "EmployeeRelatedLiabilitiesCurrent",
                "unit": "usd",
                "value": 87083000
            },
            {
                "label": "Dividends payable",
                "concept": "DividendsPayableCurrent",
                "unit": "usd",
                "value": 80062000
            },
            {
                "label": "Other current liabilities",
                "concept": "OtherLiabilitiesCurrent",
                "unit": "usd",
                "value": 418125000
            },
            {
                "label": "Total Current Liabilities",
                "concept": "LiabilitiesCurrent",
                "unit": "usd",
                "value": 1426995000
            },
            {
                "label": "Long-term debt",
                "concept": "LongTermDebtNoncurrent",
                "unit": "usd",
                "value": 3946905000
            },
            {
                "label": "Retirement liabilities",
                "concept": "PensionAndOtherPostretirementDefinedBenefitPlansLiabilitiesNoncurrent",
                "unit": "usd",
                "value": 261512000
            },
            {
                "label": "Deferred income taxes",
                "concept": "DeferredIncomeTaxLiabilitiesNet",
                "unit": "usd",
                "value": 616084000
            },
            {
                "label": "Other liabilities",
                "concept": "OtherLiabilitiesNoncurrent",
                "unit": "usd",
                "value": 494193000
            },
            {
                "label": "Total Other Liabilities",
                "concept": "LiabilitiesNoncurrent",
                "unit": "usd",
                "value": 5318694000
            },
            {
                "label": "Commitments and Contingencies",
                "concept": "CommitmentsAndContingencies",
                "unit": "usd",
                "value": "N/A"
            },
            {
                "label": "Redeemable noncontrolling interests",
                "concept": "RedeemableNoncontrollingInterestEquityCarryingAmount",
                "unit": "usd",
                "value": 102713000
            },
            {
                "label": "Common stock 12 1/2\u00a2 par value; 500,000,000 shares authorized; 128,526,137 shares issued as of March 31, 2020 and December 31, 2019; and 106,812,257 and 106,787,299 shares outstanding as of March 31, 2020 and December 31, 2019, respectively",
                "concept": "CommonStockValue",
                "unit": "usd",
                "value": 16066000
            },
            {
                "label": "Capital in excess of par value",
                "concept": "AdditionalPaidInCapitalCommonStock",
                "unit": "usd",
                "value": 3835265000
            },
            {
                "label": "Retained earnings",
                "concept": "RetainedEarningsAccumulatedDeficit",
                "unit": "usd",
                "value": 4162347000
            },
            {
                "label": "Accumulated other comprehensive loss",
                "concept": "AccumulatedOtherComprehensiveIncomeLossNetOfTax",
                "unit": "usd",
                "value": 1164208000
            },
            {
                "label": "Treasury stock, at cost (21,713,880 and 21,738,838 shares as of March 31, 2020 and December 31, 2019, respectively)",
                "concept": "TreasuryStockValue",
                "unit": "usd",
                "value": 1021620000
            },
            {
                "label": "Total Shareholders\u2019 Equity",
                "concept": "StockholdersEquity",
                "unit": "usd",
                "value": 5827850000
            },
            {
                "label": "Noncontrolling interest",
                "concept": "MinorityInterest",
                "unit": "usd",
                "value": 12824000
            },
            {
                "label": "Total Shareholders\u2019 Equity including Noncontrolling interest",
                "concept": "StockholdersEquityIncludingPortionAttributableToNoncontrollingInterest",
                "unit": "usd",
                "value": 5840674000
            },
            {
                "label": "Total Liabilities and Shareholders\u2019 Equity",
                "concept": "LiabilitiesAndStockholdersEquity",
                "unit": "usd",
                "value": 12689076000
            }
        ],
        "cf": [
            {
                "label": "Net income",
                "concept": "ProfitLoss",
                "unit": "usd",
                "value": 127211000
            },
            {
                "label": "Depreciation and amortization",
                "concept": "DepreciationDepletionAndAmortization",
                "unit": "usd",
                "value": 80595000
            },
            {
                "label": "Deferred income taxes",
                "concept": "DeferredIncomeTaxExpenseBenefit",
                "unit": "usd",
                "value": 2221000
            },
            {
                "label": "Losses (gains) on sale of assets",
                "concept": "GainLossOnDispositionOfAssets",
                "unit": "usd",
                "value": 754000
            },
            {
                "label": "Stock-based compensation",
                "concept": "ShareBasedCompensation",
                "unit": "usd",
                "value": 8624000
            },
            {
                "label": "Pension contributions",
                "concept": "PensionContributions",
                "unit": "usd",
                "value": 5397000
            },
            {
                "label": "Trade receivables",
                "concept": "IncreaseDecreaseInAccountsReceivable",
                "unit": "usd",
                "value": 133291000
            },
            {
                "label": "Inventories",
                "concept": "IncreaseDecreaseInInventories",
                "unit": "usd",
                "value": 568000
            },
            {
                "label": "Accounts payable",
                "concept": "IncreaseDecreaseInAccountsPayable",
                "unit": "usd",
                "value": 31635000
            },
            {
                "label": "Accruals for incentive compensation",
                "concept": "IncreaseDecreaseInEmployeeRelatedLiabilities",
                "unit": "usd",
                "value": 19340000
            },
            {
                "label": "Other current payables and accrued expenses",
                "concept": "IncreaseDecreaseInOtherAccountsPayableAndAccruedLiabilities",
                "unit": "usd",
                "value": 65158000
            },
            {
                "label": "Other assets",
                "concept": "IncreaseDecreaseInOtherOperatingAssets",
                "unit": "usd",
                "value": 42462000
            },
            {
                "label": "Other liabilities",
                "concept": "IncreaseDecreaseInOtherOperatingLiabilities",
                "unit": "usd",
                "value": 10467000
            },
            {
                "label": "Net cash provided by operating activities",
                "concept": "NetCashProvidedByUsedInOperatingActivities",
                "unit": "usd",
                "value": 16945000
            },
            {
                "label": "Cash paid for acquisitions, net of cash received",
                "concept": "PaymentsToAcquireBusinessesNetOfCashAcquired",
                "unit": "usd",
                "value": "N/A"
            },
            {
                "label": "Additions to property, plant and equipment",
                "concept": "PaymentsToAcquirePropertyPlantAndEquipment",
                "unit": "usd",
                "value": 48294000
            },
            {
                "label": "Proceeds from life insurance contracts",
                "concept": "iff:ProceedsFromTerminationOfLifeInsuranceContracts",
                "unit": "usd",
                "value": 1739000
            },
            {
                "label": "Proceeds from disposal of assets",
                "concept": "ProceedsFromSaleOfProductiveAssets",
                "unit": "usd",
                "value": 3806000
            },
            {
                "label": "Contingent consideration paid",
                "concept": "PaymentForContingentConsiderationLiabilityInvestingActivities",
                "unit": "usd",
                "value": "N/A"
            },
            {
                "label": "Net cash used in investing activities",
                "concept": "NetCashProvidedByUsedInInvestingActivities",
                "unit": "usd",
                "value": 42749000
            },
            {
                "label": "Cash dividends paid to shareholders",
                "concept": "PaymentsOfDividendsCommonStock",
                "unit": "usd",
                "value": 80038000
            },
            {
                "label": "Increase in revolving credit facility and short term borrowings",
                "concept": "ProceedsFromRepaymentsOfShortTermDebt",
                "unit": "usd",
                "value": 169000
            },
            {
                "label": "Repayments on debt",
                "concept": "RepaymentsOfLongTermDebt",
                "unit": "usd",
                "value": 11584000
            },
            {
                "label": "Contingent consideration paid",
                "concept": "PaymentForContingentConsiderationLiabilityFinancingActivities",
                "unit": "usd",
                "value": 327000
            },
            {
                "label": "Purchases of redeemable noncontrolling interest",
                "concept": "PaymentsForRepurchaseOfRedeemableNoncontrollingInterest",
                "unit": "usd",
                "value": 14173000
            },
            {
                "label": "Proceeds from issuance of stock in connection with stock options",
                "concept": "ProceedsFromIssuanceOfSharesUnderIncentiveAndShareBasedCompensationPlansIncludingStockOptions",
                "unit": "usd",
                "value": "N/A"
            },
            {
                "label": "Employee withholding taxes paid",
                "concept": "ExcessTaxBenefitFromShareBasedCompensationFinancingActivities",
                "unit": "usd",
                "value": 1275000
            },
            {
                "label": "Net cash used in financing activities",
                "concept": "NetCashProvidedByUsedInFinancingActivities",
                "unit": "usd",
                "value": 107228000
            },
            {
                "label": "Effect of exchange rate changes on cash, cash equivalents and restricted cash",
                "concept": "EffectOfExchangeRateOnCashAndCashEquivalents",
                "unit": "usd",
                "value": 42529000
            },
            {
                "label": "Net change in cash, cash equivalents and restricted cash",
                "concept": "CashCashEquivalentsRestrictedCashAndRestrictedCashEquivalentsPeriodIncreaseDecreaseIncludingExchangeRateEffect",
                "unit": "usd",
                "value": 175561000
            },
            {
                "label": "Interest paid, net of amounts capitalized",
                "concept": "InterestPaidNet",
                "unit": "usd",
                "value": 41755000
            },
            {
                "label": "Income taxes paid",
                "concept": "IncomeTaxesPaid",
                "unit": "usd",
                "value": 32636000
            },
            {
                "label": "Accrued capital expenditures",
                "concept": "CapitalExpendituresIncurredButNotYetPaid",
                "unit": "usd",
                "value": 19013000
            }
        ],
        "ic": [
            {
                "label": "Net sales",
                "concept": "RevenueFromContractWithCustomerExcludingAssessedTax",
                "unit": "usd",
                "value": 1347317000
            },
            {
                "label": "Cost of goods sold",
                "concept": "CostOfGoodsAndServicesSold",
                "unit": "usd",
                "value": 781450000
            },
            {
                "label": "Gross profit",
                "concept": "GrossProfit",
                "unit": "usd",
                "value": 565867000
            },
            {
                "label": "Research and development expenses",
                "concept": "ResearchAndDevelopmentExpense",
                "unit": "usd",
                "value": 85909000
            },
            {
                "label": "Selling and administrative expenses",
                "concept": "SellingGeneralAndAdministrativeExpense",
                "unit": "usd",
                "value": 229714000
            },
            {
                "label": "Amortization of acquisition-related intangibles",
                "concept": "AmortizationOfIntangibleAssets",
                "unit": "usd",
                "value": 48350000
            },
            {
                "label": "Restructuring and other charges, net",
                "concept": "RestructuringCharges",
                "unit": "usd",
                "value": 4918000
            },
            {
                "label": "Losses (gains) on sales of fixed assets",
                "concept": "GainLossOnSaleOfPropertyPlantEquipment",
                "unit": "usd",
                "value": 754000
            },
            {
                "label": "Operating profit",
                "concept": "OperatingIncomeLoss",
                "unit": "usd",
                "value": 196222000
            },
            {
                "label": "Interest expense",
                "concept": "InterestExpense",
                "unit": "usd",
                "value": 32140000
            },
            {
                "label": "Other loss (income), net",
                "concept": "OtherNonoperatingIncomeExpense",
                "unit": "usd",
                "value": 10574000
            },
            {
                "label": "Income before taxes",
                "concept": "IncomeLossFromContinuingOperationsBeforeIncomeTaxesMinorityInterestAndIncomeLossFromEquityMethodInvestments",
                "unit": "usd",
                "value": 153508000
            },
            {
                "label": "Taxes on income",
                "concept": "IncomeTaxExpenseBenefit",
                "unit": "usd",
                "value": 26297000
            },
            {
                "label": "Net income",
                "concept": "ProfitLoss",
                "unit": "usd",
                "value": 127211000
            },
            {
                "label": "Net income attributable to noncontrolling interests",
                "concept": "NetIncomeLossAttributableToNoncontrollingInterest",
                "unit": "usd",
                "value": 2604000
            },
            {
                "label": "Net income attributable to IFF stockholders",
                "concept": "NetIncomeLoss",
                "unit": "usd",
                "value": 124607000
            },
            {
                "label": "Foreign currency translation adjustments",
                "concept": "OtherComprehensiveIncomeLossForeignCurrencyTransactionAndTranslationAdjustmentNetOfTax",
                "unit": "usd",
                "value": 452278000
            },
            {
                "label": "Gains (losses) on derivatives qualifying as hedges",
                "concept": "OtherComprehensiveIncomeLossDerivativesQualifyingAsHedgesNetOfTax",
                "unit": "usd",
                "value": 1447000
            },
            {
                "label": "Pension and postretirement net liability",
                "concept": "OtherComprehensiveIncomeLossPensionAndOtherPostretirementBenefitPlansAdjustmentNetOfTax",
                "unit": "usd",
                "value": 3517000
            },
            {
                "label": "Comprehensive (loss) income attributable to IFF stockholders",
                "concept": "ComprehensiveIncomeNetOfTax",
                "unit": "usd",
                "value": 322707000
            },
            {
                "label": "Net income per share - basic (in dollars per share)",
                "concept": "EarningsPerShareBasic",
                "unit": "usd/shares",
                "value": 1.16
            },
            {
                "label": "Net income per share - diluted (in dollars per share)",
                "concept": "EarningsPerShareDiluted",
                "unit": "usd/shares",
                "value": 1.15
            },
            {
                "label": "Average number of shares outstanding - basic (in shares)",
                "concept": "WeightedAverageNumberOfSharesOutstandingBasic",
                "unit": "shares",
                "value": 112082000
            },
            {
                "label": "Average number of shares outstanding - diluted (in shares)",
                "concept": "WeightedAverageNumberOfDilutedSharesOutstanding",
                "unit": "shares",
                "value": 113594000
            }
        ]
    }
}