{
    "startDate": "2020-01-01",
    "endDate": "2020-03-31",
    "year": "2020",
    "quarter": "Q2",
    "symbol": "MATW",
    "data": {
        "bs": [
            {
                "label": "Assets derivatives",
                "concept": "DerivativeFairValueOfDerivativeAsset",
                "unit": "usd",
                "value": "N/A"
            }
        ],
        "cf": [],
        "ic": [
            {
                "label": "Net (loss) income attributable to Matthews shareholders",
                "concept": "NetIncomeLoss",
                "unit": "usd",
                "value": 86364000
            },
            {
                "label": "Net losses attributable to\u00a0noncontrolling interests",
                "concept": "NetIncomeLossAttributableToNoncontrollingInterest",
                "unit": "usd",
                "value": 231000
            },
            {
                "label": "Net (loss) income",
                "concept": "ProfitLoss",
                "unit": "usd",
                "value": 86595000
            },
            {
                "label": "Net change in other comprehensive income (loss), net of tax, attributable to Matthews shareholders",
                "concept": "OtherComprehensiveIncomeLossNetOfTaxPortionAttributableToParent",
                "unit": "usd",
                "value": 33263000
            },
            {
                "label": "Net change in other comprehensive income (loss), net of tax, attributable to noncontrolling interest",
                "concept": "OtherComprehensiveIncomeLossNetOfTaxPortionAttributableToNoncontrollingInterest",
                "unit": "usd",
                "value": 1000
            },
            {
                "label": "OCI, net of tax",
                "concept": "OtherComprehensiveIncomeLossNetOfTax",
                "unit": "usd",
                "value": 33262000
            },
            {
                "label": "Comprehensive (loss) income attributable to Matthews shareholders",
                "concept": "ComprehensiveIncomeNetOfTax",
                "unit": "usd",
                "value": 119627000
            },
            {
                "label": "Comprehensive (loss) income attributable to noncontrolling interest",
                "concept": "ComprehensiveIncomeNetOfTaxAttributableToNoncontrollingInterest",
                "unit": "usd",
                "value": 230000
            },
            {
                "label": "Comprehensive (loss) income",
                "concept": "ComprehensiveIncomeNetOfTaxIncludingPortionAttributableToNoncontrollingInterest",
                "unit": "usd",
                "value": 119857000
            }
        ]
    }
}