{
    "startDate": "2019-12-29",
    "endDate": "2020-03-28",
    "year": "2020",
    "quarter": "Q2",
    "symbol": "TSN",
    "data": {
        "bs": [
            {
                "label": "Cash and cash equivalents",
                "concept": "CashAndCashEquivalentsAtCarryingValue",
                "unit": "usd",
                "value": 437000000
            },
            {
                "label": "Accounts receivable, net",
                "concept": "AccountsReceivableNetCurrent",
                "unit": "usd",
                "value": 2248000000
            },
            {
                "label": "Inventories",
                "concept": "InventoryNet",
                "unit": "usd",
                "value": 4025000000
            },
            {
                "label": "Other current assets",
                "concept": "OtherAssetsCurrent",
                "unit": "usd",
                "value": 389000000
            },
            {
                "label": "Total Current Assets",
                "concept": "AssetsCurrent",
                "unit": "usd",
                "value": 7099000000
            },
            {
                "label": "Net Property, Plant and Equipment",
                "concept": "PropertyPlantAndEquipmentNet",
                "unit": "usd",
                "value": 7464000000
            },
            {
                "label": "Intangible Assets, net",
                "concept": "IntangibleAssetsNetExcludingGoodwill",
                "unit": "usd",
                "value": 6898000000
            },
            {
                "label": "Other Assets",
                "concept": "OtherAssetsNoncurrent",
                "unit": "usd",
                "value": 1582000000
            },
            {
                "label": "Total Assets",
                "concept": "Assets",
                "unit": "usd",
                "value": 33890000000
            },
            {
                "label": "Current debt",
                "concept": "DebtCurrent",
                "unit": "usd",
                "value": 1142000000
            },
            {
                "label": "Accounts payable",
                "concept": "AccountsPayableCurrent",
                "unit": "usd",
                "value": 1742000000
            },
            {
                "label": "Other current liabilities",
                "concept": "OtherLiabilitiesCurrent",
                "unit": "usd",
                "value": 1522000000
            },
            {
                "label": "Total Current Liabilities",
                "concept": "LiabilitiesCurrent",
                "unit": "usd",
                "value": 4406000000
            },
            {
                "label": "Long-Term Debt",
                "concept": "LongTermDebtAndCapitalLeaseObligations",
                "unit": "usd",
                "value": 10978000000
            },
            {
                "label": "Deferred Income Taxes",
                "concept": "DeferredIncomeTaxLiabilitiesNet",
                "unit": "usd",
                "value": 2384000000
            },
            {
                "label": "Other Liabilities",
                "concept": "OtherLiabilitiesNoncurrent",
                "unit": "usd",
                "value": 1528000000
            },
            {
                "label": "Commitments and Contingencies (Note 18)",
                "concept": "CommitmentsAndContingencies",
                "unit": "usd",
                "value": "N/A"
            },
            {
                "label": "Capital in excess of par value",
                "concept": "AdditionalPaidInCapital",
                "unit": "usd",
                "value": 4378000000
            },
            {
                "label": "Retained earnings",
                "concept": "RetainedEarningsAccumulatedDeficit",
                "unit": "usd",
                "value": 14392000000
            },
            {
                "label": "Accumulated other comprehensive gain (loss)",
                "concept": "AccumulatedOtherComprehensiveIncomeLossNetOfTax",
                "unit": "usd",
                "value": 230000000
            },
            {
                "label": "Treasury stock, at cost \u2013 83 million shares at March 28, 2020 and 82 million shares at September 28, 2019",
                "concept": "TreasuryStockValue",
                "unit": "usd",
                "value": 4136000000
            },
            {
                "label": "Total Tyson Shareholders\u2019 Equity",
                "concept": "StockholdersEquity",
                "unit": "usd",
                "value": 14449000000
            },
            {
                "label": "Noncontrolling Interests",
                "concept": "MinorityInterest",
                "unit": "usd",
                "value": 145000000
            },
            {
                "label": "Total Shareholders\u2019 Equity",
                "concept": "StockholdersEquityIncludingPortionAttributableToNoncontrollingInterest",
                "unit": "usd",
                "value": 14594000000
            },
            {
                "label": "Total Liabilities and Shareholders\u2019 Equity",
                "concept": "LiabilitiesAndStockholdersEquity",
                "unit": "usd",
                "value": 33890000000
            }
        ],
        "cf": [],
        "ic": [
            {
                "label": "Cost of Sales",
                "concept": "CostOfGoodsAndServicesSold",
                "unit": "usd",
                "value": 9867000000
            },
            {
                "label": "Gross Profit",
                "concept": "GrossProfit",
                "unit": "usd",
                "value": 1021000000
            },
            {
                "label": "Selling, General and Administrative",
                "concept": "SellingGeneralAndAdministrativeExpense",
                "unit": "usd",
                "value": 520000000
            },
            {
                "label": "Operating Income",
                "concept": "OperatingIncomeLoss",
                "unit": "usd",
                "value": 501000000
            },
            {
                "label": "Interest income",
                "concept": "InvestmentIncomeInterest",
                "unit": "usd",
                "value": 3000000
            },
            {
                "label": "Interest expense",
                "concept": "InterestAndDebtExpense",
                "unit": "usd",
                "value": 119000000
            },
            {
                "label": "Other, net",
                "concept": "OtherNonoperatingIncomeExpense",
                "unit": "usd",
                "value": 106000000
            },
            {
                "label": "Total Other (Income) Expense",
                "concept": "NonoperatingIncomeExpense",
                "unit": "usd",
                "value": 10000000
            },
            {
                "label": "Income before Income Taxes",
                "concept": "IncomeLossFromContinuingOperationsBeforeIncomeTaxesExtraordinaryItemsNoncontrollingInterest",
                "unit": "usd",
                "value": 491000000
            },
            {
                "label": "Income Tax Expense",
                "concept": "IncomeTaxExpenseBenefit",
                "unit": "usd",
                "value": 124000000
            },
            {
                "label": "Net Income",
                "concept": "ProfitLoss",
                "unit": "usd",
                "value": 367000000
            },
            {
                "label": "Less: Net Income Attributable to Noncontrolling Interests",
                "concept": "NetIncomeLossAttributableToNoncontrollingInterest",
                "unit": "usd",
                "value": 3000000
            },
            {
                "label": "Net Income Attributable to Tyson",
                "concept": "NetIncomeLoss",
                "unit": "usd",
                "value": 364000000
            },
            {
                "label": "Diluted, Shares",
                "concept": "WeightedAverageNumberOfDilutedSharesOutstanding",
                "unit": "shares",
                "value": 365000000
            },
            {
                "label": "Diluted (USD per share)",
                "concept": "EarningsPerShareDiluted",
                "unit": "usd/shares",
                "value": 1.0
            }
        ]
    }
}