{
    "startDate": "2020-01-01",
    "endDate": "2020-03-31",
    "year": "2020",
    "quarter": "Q1",
    "symbol": "SCHW",
    "data": {
        "bs": [
            {
                "label": "Total collateral pledged",
                "concept": "FairValueOfSecuritiesReceivedAsCollateralThatHaveBeenResoldOrRepledged",
                "unit": "usd",
                "value": 8001000000
            }
        ],
        "cf": [
            {
                "label": "Net income",
                "concept": "NetIncomeLoss",
                "unit": "usd",
                "value": 795000000
            },
            {
                "label": "Share-based compensation",
                "concept": "ShareBasedCompensation",
                "unit": "usd",
                "value": 56000000
            },
            {
                "label": "Depreciation and amortization",
                "concept": "DepreciationAndAmortization",
                "unit": "usd",
                "value": 96000000
            },
            {
                "label": "Premium amortization, net, on available for sale and held to maturity securities",
                "concept": "AccretionAmortizationOfDiscountsAndPremiumsInvestments",
                "unit": "usd",
                "value": 190000000
            },
            {
                "label": "Other",
                "concept": "OtherNoncashIncomeExpense",
                "unit": "usd",
                "value": 83000000
            },
            {
                "label": "Investments segregated and on deposit for regulatory purposes",
                "concept": "schw:IncreaseDecreaseInInvestmentsSegregatedAndOnDepositForRegulatoryPurposes",
                "unit": "usd",
                "value": 3810000000
            },
            {
                "label": "Receivables from brokerage clients",
                "concept": "schw:IncreaseDecreaseInReceivablesFromBrokerageClients",
                "unit": "usd",
                "value": 2763000000
            },
            {
                "label": "Other assets",
                "concept": "IncreaseDecreaseInOtherOperatingAssets",
                "unit": "usd",
                "value": 187000000
            },
            {
                "label": "Payables to brokerage clients",
                "concept": "IncreaseDecreaseInPayablesToCustomers",
                "unit": "usd",
                "value": 10031000000
            },
            {
                "label": "Accrued expenses and other liabilities",
                "concept": "IncreaseDecreaseInAccruedLiabilities",
                "unit": "usd",
                "value": 273000000
            },
            {
                "label": "Net cash provided by (used for) operating activities",
                "concept": "NetCashProvidedByUsedInOperatingActivities",
                "unit": "usd",
                "value": 10118000000
            },
            {
                "label": "Purchases of available for sale securities",
                "concept": "PaymentsToAcquireAvailableForSaleSecuritiesDebt",
                "unit": "usd",
                "value": 27769000000
            },
            {
                "label": "Proceeds from sales of available for sale securities",
                "concept": "ProceedsFromSaleOfAvailableForSaleSecuritiesDebt",
                "unit": "usd",
                "value": 69000000
            },
            {
                "label": "Principal payments on available for sale securities",
                "concept": "ProceedsFromMaturitiesPrepaymentsAndCallsOfAvailableForSaleSecurities",
                "unit": "usd",
                "value": 10191000000
            },
            {
                "label": "Purchases of held to maturity securities",
                "concept": "PaymentsToAcquireHeldToMaturitySecurities",
                "unit": "usd",
                "value": "N/A"
            },
            {
                "label": "Principal payments on held to maturity securities",
                "concept": "ProceedsFromMaturitiesPrepaymentsAndCallsOfHeldToMaturitySecurities",
                "unit": "usd",
                "value": "N/A"
            },
            {
                "label": "Net change in bank loans",
                "concept": "PaymentsToAcquireLoansAndLeasesHeldForInvestment",
                "unit": "usd",
                "value": 1327000000
            },
            {
                "label": "Purchases of equipment, office facilities, and property",
                "concept": "PaymentsToAcquirePropertyPlantAndEquipment",
                "unit": "usd",
                "value": 156000000
            },
            {
                "label": "Purchases of Federal Home Loan Bank stock",
                "concept": "PaymentsToAcquireFederalHomeLoanBankStock",
                "unit": "usd",
                "value": "N/A"
            },
            {
                "label": "Purchases of Federal Reserve stock",
                "concept": "PaymentsToAcquireFederalReserveStock",
                "unit": "usd",
                "value": 182000000
            },
            {
                "label": "Other investing activities",
                "concept": "PaymentsForProceedsFromOtherInvestingActivities",
                "unit": "usd",
                "value": 22000000
            },
            {
                "label": "Net cash provided by (used for) investing activities",
                "concept": "NetCashProvidedByUsedInInvestingActivities",
                "unit": "usd",
                "value": 19196000000
            },
            {
                "label": "Net change in bank deposits",
                "concept": "IncreaseDecreaseInDeposits",
                "unit": "usd",
                "value": 57383000000
            },
            {
                "label": "Issuance of long-term debt",
                "concept": "ProceedsFromIssuanceOfLongTermDebt",
                "unit": "usd",
                "value": 1089000000
            },
            {
                "label": "Dividends paid",
                "concept": "PaymentsOfDividends",
                "unit": "usd",
                "value": 281000000
            },
            {
                "label": "Proceeds from stock options exercised",
                "concept": "ProceedsFromStockOptionsExercised",
                "unit": "usd",
                "value": 23000000
            },
            {
                "label": "Other financing activities",
                "concept": "ProceedsFromPaymentsForOtherFinancingActivities",
                "unit": "usd",
                "value": 6000000
            },
            {
                "label": "Net cash provided by (used for) financing activities",
                "concept": "NetCashProvidedByUsedInFinancingActivities",
                "unit": "usd",
                "value": 58208000000
            },
            {
                "label": "Increase (Decrease) in Cash and Cash Equivalents, including Amounts Restricted",
                "concept": "CashCashEquivalentsRestrictedCashAndRestrictedCashEquivalentsPeriodIncreaseDecreaseExcludingExchangeRateEffect",
                "unit": "usd",
                "value": 49130000000
            },
            {
                "label": "Securities transferred from held to maturity to available for sale, at fair value",
                "concept": "schw:SecuritiesTransferredFromHeldToMaturityToAvailableForSaleFairValue",
                "unit": "usd",
                "value": 136099000000
            },
            {
                "label": "Securities purchased during the period but settled after period end",
                "concept": "TransferToInvestments",
                "unit": "usd",
                "value": 2634000000
            },
            {
                "label": "Additions of equipment, office facilities, and property",
                "concept": "CapitalExpendituresIncurredButNotYetPaid",
                "unit": "usd",
                "value": 94000000
            },
            {
                "label": "Extinguishment of finance lease obligation through an assignment agreement",
                "concept": "schw:FinanceLeaseExtinguishment",
                "unit": "usd",
                "value": "N/A"
            },
            {
                "label": "Interest",
                "concept": "InterestPaidNet",
                "unit": "usd",
                "value": 169000000
            },
            {
                "label": "Income taxes",
                "concept": "IncomeTaxesPaid",
                "unit": "usd",
                "value": 20000000
            },
            {
                "label": "Amounts included in the measurement of lease liabilities",
                "concept": "OperatingLeasePayments",
                "unit": "usd",
                "value": 37000000
            },
            {
                "label": "Leased assets obtained in exchange for new operating lease liabilities",
                "concept": "RightOfUseAssetObtainedInExchangeForOperatingLeaseLiability",
                "unit": "usd",
                "value": 64000000
            }
        ],
        "ic": [
            {
                "label": "Compensation and benefits",
                "concept": "LaborAndRelatedExpense",
                "unit": "usd",
                "value": 897000000
            },
            {
                "label": "Professional services",
                "concept": "ProfessionalFees",
                "unit": "usd",
                "value": 182000000
            },
            {
                "label": "Occupancy and equipment",
                "concept": "OccupancyNet",
                "unit": "usd",
                "value": 142000000
            },
            {
                "label": "Advertising and market development",
                "concept": "MarketingAndAdvertisingExpense",
                "unit": "usd",
                "value": 67000000
            },
            {
                "label": "Communications",
                "concept": "Communication",
                "unit": "usd",
                "value": 75000000
            },
            {
                "label": "Regulatory fees and assessments",
                "concept": "schw:RegulatoryFeesAndAssessments",
                "unit": "usd",
                "value": 34000000
            },
            {
                "label": "Other",
                "concept": "OtherExpenses",
                "unit": "usd",
                "value": 77000000
            },
            {
                "label": "Total expenses excluding interest",
                "concept": "NoninterestExpense",
                "unit": "usd",
                "value": 1570000000
            },
            {
                "label": "Taxes on income",
                "concept": "IncomeTaxExpenseBenefit",
                "unit": "usd",
                "value": 252000000
            },
            {
                "label": "Net Income",
                "concept": "NetIncomeLoss",
                "unit": "usd",
                "value": 795000000
            },
            {
                "label": "Preferred stock dividends and other",
                "concept": "PreferredStockDividendsAndOtherAdjustments",
                "unit": "usd",
                "value": 38000000
            },
            {
                "label": "Net Income Available to Common Stockholders",
                "concept": "NetIncomeLossAvailableToCommonStockholdersBasic",
                "unit": "usd",
                "value": 757000000
            },
            {
                "label": "Basic (shares)",
                "concept": "WeightedAverageNumberOfSharesOutstandingBasic",
                "unit": "shares",
                "value": 1287000000
            },
            {
                "label": "Diluted (shares)",
                "concept": "WeightedAverageNumberOfDilutedSharesOutstanding",
                "unit": "shares",
                "value": 1294000000
            },
            {
                "label": "Basic (USD per share)",
                "concept": "EarningsPerShareBasic",
                "unit": "usd/shares",
                "value": 0.59
            },
            {
                "label": "Diluted (USD per share)",
                "concept": "EarningsPerShareDiluted",
                "unit": "usd/shares",
                "value": 0.58
            },
            {
                "label": "Antidilutive stock options and restricted stock awards excluded from the calculation of diluted EPS (in shares)",
                "concept": "AntidilutiveSecuritiesExcludedFromComputationOfEarningsPerShareAmount",
                "unit": "shares",
                "value": 19000000
            }
        ]
    }
}