{
    "startDate": "2020-01-01",
    "endDate": "2020-03-31",
    "year": "2020",
    "quarter": "Q1",
    "symbol": "VLY",
    "data": {
        "bs": [
            {
                "label": "Cash and due from banks",
                "concept": "CashAndDueFromBanks",
                "unit": "usd",
                "value": 286755000
            },
            {
                "label": "Held to maturity debt securities (net of allowance for credit losses of $1,552 at March 31, 2020)",
                "concept": "vly:DebtSecuritiesHeldToMaturityNetOfAllowanceForCreditLosses",
                "unit": "usd",
                "value": 2315481000
            },
            {
                "label": "Held to maturity debt securities (net of allowance for credit losses of $1,552 at March 31, 2020)",
                "concept": "HeldToMaturitySecurities",
                "unit": "usd",
                "value": 2317033000
            },
            {
                "label": "Total investment securities",
                "concept": "MarketableSecurities",
                "unit": "usd",
                "value": 4115024000
            },
            {
                "label": "Loans held for sale, at fair value",
                "concept": "vly:LoansHeldForSale",
                "unit": "usd",
                "value": 58868000
            },
            {
                "label": "Less: Allowance for loan losses",
                "concept": "FinancingReceivableAllowanceForCreditLosses",
                "unit": "usd",
                "value": 283342000
            },
            {
                "label": "Net loans",
                "concept": "LoansAndLeasesReceivableNetReportedAmount",
                "unit": "usd",
                "value": 30144725000
            },
            {
                "label": "Premises and equipment, net",
                "concept": "PropertyPlantAndEquipmentNet",
                "unit": "usd",
                "value": 332503000
            },
            {
                "label": "Lease right of use assets",
                "concept": "vly:OperatingAndFinanceLeaseRightofUseAsset",
                "unit": "usd",
                "value": 278080000
            },
            {
                "label": "Bank owned life insurance",
                "concept": "BankOwnedLifeInsurance",
                "unit": "usd",
                "value": 542127000
            },
            {
                "label": "Goodwill",
                "concept": "Goodwill",
                "unit": "usd",
                "value": 1375409000
            },
            {
                "label": "Other intangible assets, net",
                "concept": "IntangibleAssetsNetExcludingGoodwill",
                "unit": "usd",
                "value": 82686000
            },
            {
                "label": "Other assets",
                "concept": "OtherAssets",
                "unit": "usd",
                "value": 1078839000
            },
            {
                "label": "Total Assets",
                "concept": "Assets",
                "unit": "usd",
                "value": 39120629000
            },
            {
                "label": "Non-interest bearing",
                "concept": "NoninterestBearingDepositLiabilities",
                "unit": "usd",
                "value": 6951073000
            },
            {
                "label": "Savings, NOW and money market",
                "concept": "vly:SavingsNowAndMoneyMarket",
                "unit": "usd",
                "value": 13498830000
            },
            {
                "label": "Time",
                "concept": "TimeDeposits",
                "unit": "usd",
                "value": 8567085000
            },
            {
                "label": "Total deposits",
                "concept": "Deposits",
                "unit": "usd",
                "value": 29016988000
            },
            {
                "label": "Short-term borrowings",
                "concept": "ShortTermBorrowings",
                "unit": "usd",
                "value": 2095655000
            },
            {
                "label": "Long-term borrowings",
                "concept": "vly:LongTermDebtExcludingJuniorSubordinatedDebentureOwedToUnconsolidatedSubsidiaryTrust",
                "unit": "usd",
                "value": 2805639000
            },
            {
                "label": "Junior subordinated debentures issued to capital trusts",
                "concept": "JuniorSubordinatedDebentureOwedToUnconsolidatedSubsidiaryTrust",
                "unit": "usd",
                "value": 55805000
            },
            {
                "label": "Lease liabilities",
                "concept": "vly:OperatingAndFinanceLeaseLiability",
                "unit": "usd",
                "value": 303096000
            },
            {
                "label": "Accrued expenses and other liabilities",
                "concept": "AccountsPayableAndAccruedLiabilitiesCurrentAndNoncurrent",
                "unit": "usd",
                "value": 422448000
            },
            {
                "label": "Total Liabilities",
                "concept": "Liabilities",
                "unit": "usd",
                "value": 34699631000
            },
            {
                "label": "Common stock (no par value, authorized 650,000,000 shares; issued 403,765,978 shares at March 31, 2020 and 403,322,773 shares at December 31, 2019)",
                "concept": "CommonStockValue",
                "unit": "usd",
                "value": 141613000
            },
            {
                "label": "Surplus",
                "concept": "AdditionalPaidInCapitalCommonStock",
                "unit": "usd",
                "value": 3624036000
            },
            {
                "label": "Retained earnings",
                "concept": "RetainedEarningsAccumulatedDeficit",
                "unit": "usd",
                "value": 452424000
            },
            {
                "label": "Accumulated other comprehensive loss",
                "concept": "AccumulatedOtherComprehensiveIncomeLossNetOfTax",
                "unit": "usd",
                "value": 6566000
            },
            {
                "label": "Treasury stock, at cost (21,830 common shares at March 31, 2020 and 44,383 common shares at December 31, 2019)",
                "concept": "TreasuryStockValue",
                "unit": "usd",
                "value": 200000
            },
            {
                "label": "Total Shareholders\u2019 Equity",
                "concept": "StockholdersEquity",
                "unit": "usd",
                "value": 4420998000
            },
            {
                "label": "Total Liabilities and Shareholders\u2019 Equity",
                "concept": "LiabilitiesAndStockholdersEquity",
                "unit": "usd",
                "value": 39120629000
            }
        ],
        "cf": [
            {
                "label": "Depreciation and amortization",
                "concept": "DepreciationAmortizationAndAccretionNet",
                "unit": "usd",
                "value": 14734000
            },
            {
                "label": "Stock-based compensation",
                "concept": "ShareBasedCompensation",
                "unit": "usd",
                "value": 3684000
            },
            {
                "label": "Provision for credit losses",
                "concept": "vly:AllowanceForCreditLossExpenseReversalIncludingDebtSecuritiesHeldToMaturity",
                "unit": "usd",
                "value": 34683000
            },
            {
                "label": "Net amortization of premiums and accretion of discounts on securities and borrowings",
                "concept": "vly:AccretionAmortizationOfDiscountsAndPremiumsInvestmentsAndBorrowings",
                "unit": "usd",
                "value": 6685000
            },
            {
                "label": "Amortization of other intangible assets",
                "concept": "AmortizationOfIntangibleAssets",
                "unit": "usd",
                "value": 5470000
            },
            {
                "label": "Losses on securities transactions, net",
                "concept": "DebtAndEquitySecuritiesGainLoss",
                "unit": "usd",
                "value": 40000
            },
            {
                "label": "Proceeds from sales of loans held for sale",
                "concept": "ProceedsFromSaleOfLoansHeldForSale",
                "unit": "usd",
                "value": 168392000
            },
            {
                "label": "Gains on sales of loans, net",
                "concept": "GainLossOnSalesOfLoansNet",
                "unit": "usd",
                "value": 4550000
            },
            {
                "label": "Originations of loans held for sale",
                "concept": "PaymentsForOriginationAndPurchasesOfLoansHeldForSale",
                "unit": "usd",
                "value": 147981000
            },
            {
                "label": "Gains on sales of assets, net",
                "concept": "GainLossOnDispositionOfAssets1",
                "unit": "usd",
                "value": 121000
            },
            {
                "label": "Cash surrender value of bank owned life insurance",
                "concept": "BankOwnedLifeInsuranceIncome",
                "unit": "usd",
                "value": 3142000
            },
            {
                "label": "Accrued interest receivable",
                "concept": "IncreaseDecreaseInAccruedInterestReceivableNet",
                "unit": "usd",
                "value": 1716000
            },
            {
                "label": "Other assets",
                "concept": "IncreaseDecreaseInOtherOperatingAssets",
                "unit": "usd",
                "value": 401849000
            },
            {
                "label": "Accrued expenses and other liabilities",
                "concept": "IncreaseDecreaseInOtherAccountsPayableAndAccruedLiabilities",
                "unit": "usd",
                "value": 122426000
            },
            {
                "label": "Net cash (used in) provided by operating activities",
                "concept": "NetCashProvidedByUsedInOperatingActivities",
                "unit": "usd",
                "value": 115977000
            },
            {
                "label": "Net loan originations and purchases",
                "concept": "PaymentsToAcquireLoansAndLeasesHeldForInvestment",
                "unit": "usd",
                "value": 667555000
            },
            {
                "label": "Purchases",
                "concept": "vly:PaymentsToAcquireEquitySecuritiesFVNI",
                "unit": "usd",
                "value": 5214000
            },
            {
                "label": "Purchases",
                "concept": "PaymentsToAcquireHeldToMaturitySecurities",
                "unit": "usd",
                "value": 103192000
            },
            {
                "label": "Maturities, calls and principal repayments",
                "concept": "ProceedsFromMaturitiesPrepaymentsAndCallsOfHeldToMaturitySecurities",
                "unit": "usd",
                "value": 118541000
            },
            {
                "label": "Purchases",
                "concept": "PaymentsToAcquireAvailableForSaleSecuritiesDebt",
                "unit": "usd",
                "value": 238488000
            },
            {
                "label": "Maturities, calls and principal repayments",
                "concept": "ProceedsFromMaturitiesPrepaymentsAndCallsOfAvailableForSaleSecurities",
                "unit": "usd",
                "value": 88688000
            },
            {
                "label": "Death benefit proceeds from bank owned life insurance",
                "concept": "ProceedsFromLifeInsurancePolicies",
                "unit": "usd",
                "value": 1184000
            },
            {
                "label": "Proceeds from sales of real estate property and equipment",
                "concept": "ProceedsFromSaleOfPropertyPlantAndEquipment",
                "unit": "usd",
                "value": 6352000
            },
            {
                "label": "Proceeds from sales of loans held for investment",
                "concept": "ProceedsFromSaleOfLoansAndLeasesHeldForInvestment",
                "unit": "usd",
                "value": 30020000
            },
            {
                "label": "Purchases of real estate property and equipment",
                "concept": "PaymentsToAcquirePropertyPlantAndEquipment",
                "unit": "usd",
                "value": 9235000
            },
            {
                "label": "Net cash used in investing activities",
                "concept": "NetCashProvidedByUsedInInvestingActivities",
                "unit": "usd",
                "value": 778899000
            },
            {
                "label": "Net change in deposits",
                "concept": "IncreaseDecreaseInDeposits",
                "unit": "usd",
                "value": 168849000
            },
            {
                "label": "Net change in short-term borrowings",
                "concept": "ProceedsFromRepaymentsOfShortTermDebt",
                "unit": "usd",
                "value": 1002375000
            },
            {
                "label": "Proceeds from issuance of long-term borrowings, net",
                "concept": "ProceedsFromIssuanceOfLongTermDebt",
                "unit": "usd",
                "value": 725242000
            },
            {
                "label": "Repayments of long-term borrowings",
                "concept": "RepaymentsOfLongTermDebt",
                "unit": "usd",
                "value": 42128000
            },
            {
                "label": "Cash dividends paid to preferred shareholders",
                "concept": "PaymentsOfDividendsPreferredStockAndPreferenceStock",
                "unit": "usd",
                "value": 3172000
            },
            {
                "label": "Cash dividends paid to common shareholders",
                "concept": "PaymentsOfDividendsCommonStock",
                "unit": "usd",
                "value": 44682000
            },
            {
                "label": "Purchase of common shares to treasury",
                "concept": "PaymentsForRepurchaseOfCommonStock",
                "unit": "usd",
                "value": 2094000
            },
            {
                "label": "Common stock issued, net",
                "concept": "ProceedsFromIssuanceOfCommonStock",
                "unit": "usd",
                "value": 1358000
            },
            {
                "label": "Other, net",
                "concept": "ProceedsFromPaymentsForOtherFinancingActivities",
                "unit": "usd",
                "value": 130000
            },
            {
                "label": "Net cash provided by financing activities",
                "concept": "NetCashProvidedByUsedInFinancingActivities",
                "unit": "usd",
                "value": 1465204000
            },
            {
                "label": "Net change in cash and cash equivalents",
                "concept": "CashCashEquivalentsRestrictedCashAndRestrictedCashEquivalentsPeriodIncreaseDecreaseIncludingExchangeRateEffect",
                "unit": "usd",
                "value": 570328000
            },
            {
                "label": "Interest on deposits and borrowings",
                "concept": "InterestPaidNet",
                "unit": "usd",
                "value": 104797000
            },
            {
                "label": "Federal and state income taxes",
                "concept": "IncomeTaxesPaid",
                "unit": "usd",
                "value": 4215000
            },
            {
                "label": "Transfer of loans to other real estate owned",
                "concept": "vly:TransferOfLoansHeldForInvestmentToOtherRealEstate",
                "unit": "usd",
                "value": 2750000
            },
            {
                "label": "Lease right of use assets obtained in exchange for operating lease liabilities",
                "concept": "RightOfUseAssetObtainedInExchangeForOperatingLeaseLiability",
                "unit": "usd",
                "value": 3121000
            }
        ],
        "ic": [
            {
                "label": "Interest and fees on loans",
                "concept": "InterestAndFeeIncomeLoansAndLeases",
                "unit": "usd",
                "value": 333068000
            },
            {
                "label": "Taxable",
                "concept": "InterestIncomeSecuritiesTaxable",
                "unit": "usd",
                "value": 21933000
            },
            {
                "label": "Tax-exempt",
                "concept": "InterestIncomeSecuritiesTaxExempt",
                "unit": "usd",
                "value": 3926000
            },
            {
                "label": "Dividends",
                "concept": "DividendIncomeOperating",
                "unit": "usd",
                "value": 3401000
            },
            {
                "label": "Interest on federal funds sold and other short-term investments",
                "concept": "vly:InterestOnFederalFundsSoldAndOtherShortTermInvestments",
                "unit": "usd",
                "value": 1465000
            },
            {
                "label": "Total interest income",
                "concept": "InterestAndDividendIncomeOperating",
                "unit": "usd",
                "value": 363793000
            },
            {
                "label": "Savings, NOW and money market",
                "concept": "InterestExpenseNOWAccountsMoneyMarketAccountsAndSavingsDeposits",
                "unit": "usd",
                "value": 34513000
            },
            {
                "label": "Time",
                "concept": "InterestExpenseTimeDeposits",
                "unit": "usd",
                "value": 42814000
            },
            {
                "label": "Interest on short-term borrowings",
                "concept": "InterestExpenseShortTermBorrowings",
                "unit": "usd",
                "value": 4707000
            },
            {
                "label": "Interest on long-term borrowings and junior subordinated debentures",
                "concept": "InterestExpenseLongTermDebt",
                "unit": "usd",
                "value": 16420000
            },
            {
                "label": "Total interest expense",
                "concept": "InterestExpense",
                "unit": "usd",
                "value": 98454000
            },
            {
                "label": "Net Interest Income",
                "concept": "InterestIncomeExpenseNet",
                "unit": "usd",
                "value": 265339000
            },
            {
                "label": "Provision for credit losses for held to maturity securities",
                "concept": "DebtSecuritiesHeldToMaturityCreditLossExpenseReversal",
                "unit": "usd",
                "value": 759000
            },
            {
                "label": "Provision for credit losses for loans",
                "concept": "vly:AllowanceForCreditLossExpenseReversal",
                "unit": "usd",
                "value": 33924000
            },
            {
                "label": "Net Interest Income After Provision for Credit Losses",
                "concept": "InterestIncomeExpenseAfterProvisionForLoanLoss",
                "unit": "usd",
                "value": 230656000
            },
            {
                "label": "Insurance commissions",
                "concept": "InsuranceCommissionsAndFees",
                "unit": "usd",
                "value": 1951000
            },
            {
                "label": "Losses on securities transactions, net",
                "concept": "DebtAndEquitySecuritiesGainLoss",
                "unit": "usd",
                "value": 40000
            },
            {
                "label": "Fees from loan servicing",
                "concept": "vly:ServicingFeesNet1",
                "unit": "usd",
                "value": 2748000
            },
            {
                "label": "Gains on sales of loans, net",
                "concept": "GainLossOnSalesOfLoansNet",
                "unit": "usd",
                "value": 4550000
            },
            {
                "label": "Gains on sales of assets, net",
                "concept": "GainLossOnDispositionOfAssets1",
                "unit": "usd",
                "value": 121000
            },
            {
                "label": "Bank owned life insurance",
                "concept": "BankOwnedLifeInsuranceIncome",
                "unit": "usd",
                "value": 3142000
            },
            {
                "label": "Other",
                "concept": "NoninterestIncomeOtherOperatingIncome",
                "unit": "usd",
                "value": 19832000
            },
            {
                "label": "Total non-interest income",
                "concept": "NoninterestIncome",
                "unit": "usd",
                "value": 41397000
            },
            {
                "label": "Salary and employee benefits expense",
                "concept": "LaborAndRelatedExpense",
                "unit": "usd",
                "value": 85728000
            },
            {
                "label": "Net occupancy and equipment expense",
                "concept": "OccupancyNet",
                "unit": "usd",
                "value": 32441000
            },
            {
                "label": "FDIC insurance assessment",
                "concept": "FederalDepositInsuranceCorporationPremiumExpense",
                "unit": "usd",
                "value": 3876000
            },
            {
                "label": "Professional and legal fees",
                "concept": "vly:ProfessionalAndLegalFees",
                "unit": "usd",
                "value": 6087000
            },
            {
                "label": "Amortization of tax credit investments",
                "concept": "vly:InvestmentTaxCreditAmortization",
                "unit": "usd",
                "value": 3228000
            },
            {
                "label": "Telecommunication expense",
                "concept": "CommunicationsAndInformationTechnology",
                "unit": "usd",
                "value": 2287000
            },
            {
                "label": "Other",
                "concept": "OtherNoninterestExpense",
                "unit": "usd",
                "value": 16539000
            },
            {
                "label": "Total non-interest expense",
                "concept": "NoninterestExpense",
                "unit": "usd",
                "value": 155656000
            },
            {
                "label": "Income Before Income Taxes",
                "concept": "IncomeLossFromContinuingOperationsBeforeIncomeTaxesMinorityInterestAndIncomeLossFromEquityMethodInvestments",
                "unit": "usd",
                "value": 116397000
            },
            {
                "label": "Income tax expense",
                "concept": "IncomeTaxExpenseBenefit",
                "unit": "usd",
                "value": 29129000
            },
            {
                "label": "Net Income",
                "concept": "NetIncomeLoss",
                "unit": "usd",
                "value": 87268000
            },
            {
                "label": "Dividends on preferred stock",
                "concept": "PreferredStockDividendsIncomeStatementImpact",
                "unit": "usd",
                "value": 3172000
            },
            {
                "label": "Net Income Available to Common Shareholders",
                "concept": "NetIncomeLossAvailableToCommonStockholdersBasic",
                "unit": "usd",
                "value": 84096000
            },
            {
                "label": "Cash Dividends Declared per Common Share (usd per share)",
                "concept": "CommonStockDividendsPerShareDeclared",
                "unit": "usd/shares",
                "value": 0.11
            },
            {
                "label": "Basic (in shares)",
                "concept": "WeightedAverageNumberOfSharesOutstandingBasic",
                "unit": "shares",
                "value": 403519088
            },
            {
                "label": "Diluted (in shares)",
                "concept": "WeightedAverageNumberOfDilutedSharesOutstanding",
                "unit": "shares",
                "value": 405424123
            }
        ]
    }
}