{
    "startDate": "2019-07-01",
    "endDate": "2020-03-31",
    "year": "2020",
    "quarter": "Q3",
    "symbol": "FONR",
    "data": {
        "bs": [
            {
                "label": "",
                "concept": "CashAndCashEquivalentsFairValueDisclosure",
                "unit": "usd",
                "value": 31019000
            },
            {
                "label": "",
                "concept": "ShortTermInvestments",
                "unit": "usd",
                "value": 32000
            },
            {
                "label": "",
                "concept": "InventoryFinishedGoodsAndWorkInProcess",
                "unit": "usd",
                "value": 1775000
            },
            {
                "label": "",
                "concept": "CostsInExcessOfBillingsOnUncompletedContractsOrPrograms",
                "unit": "usd",
                "value": 153000
            },
            {
                "label": "",
                "concept": "PrepaidExpenseAndOtherAssetsCurrent",
                "unit": "usd",
                "value": 1798000
            },
            {
                "label": "",
                "concept": "AssetsCurrent",
                "unit": "usd",
                "value": 91362000
            },
            {
                "label": "",
                "concept": "DeferredTaxAssetsDeferredIncome",
                "unit": "usd",
                "value": 18457000
            },
            {
                "label": "",
                "concept": "PropertyPlantAndEquipmentNet",
                "unit": "usd",
                "value": 21258000
            },
            {
                "label": "",
                "concept": "OperatingLeaseRightOfUseAsset",
                "unit": "usd",
                "value": 29145000
            },
            {
                "label": "",
                "concept": "Goodwill",
                "unit": "usd",
                "value": 3985000
            },
            {
                "label": "",
                "concept": "IntangibleAssetsNetExcludingGoodwill",
                "unit": "usd",
                "value": 4162000
            },
            {
                "label": "",
                "concept": "OtherAssets",
                "unit": "usd",
                "value": 645000
            },
            {
                "label": "",
                "concept": "AssetsNet",
                "unit": "usd",
                "value": 171180000
            },
            {
                "label": "",
                "concept": "LongTermDebtAndCapitalLeaseObligationsCurrent",
                "unit": "usd",
                "value": 34000
            },
            {
                "label": "",
                "concept": "AccountsPayableCurrent",
                "unit": "usd",
                "value": 1687000
            },
            {
                "label": "",
                "concept": "OtherLiabilitiesCurrent",
                "unit": "usd",
                "value": 5162000
            },
            {
                "label": "",
                "concept": "DeferredRevenueCurrent",
                "unit": "usd",
                "value": 3912000
            },
            {
                "label": "",
                "concept": "OperatingLeaseLiabilityCurrent",
                "unit": "usd",
                "value": 3214000
            },
            {
                "label": "",
                "concept": "CustomerAdvancesCurrent",
                "unit": "usd",
                "value": 854000
            },
            {
                "label": "",
                "concept": "LiabilitiesCurrent",
                "unit": "usd",
                "value": 14890000
            },
            {
                "label": "",
                "concept": "DeferredRevenueNoncurrent",
                "unit": "usd",
                "value": 2096000
            },
            {
                "label": "",
                "concept": "DeferredIncomeTaxesAndOtherLiabilitiesNoncurrent",
                "unit": "usd",
                "value": 243000
            },
            {
                "label": "",
                "concept": "AccountsPayableRelatedPartiesNoncurrent",
                "unit": "usd",
                "value": 93000
            },
            {
                "label": "",
                "concept": "LongTermDebtAndCapitalLeaseObligations",
                "unit": "usd",
                "value": 247000
            },
            {
                "label": "",
                "concept": "OperatingLeaseLiabilityNoncurrent",
                "unit": "usd",
                "value": 27885000
            },
            {
                "label": "",
                "concept": "OtherLiabilities",
                "unit": "usd",
                "value": 139000
            },
            {
                "label": "",
                "concept": "LiabilitiesNoncurrent",
                "unit": "usd",
                "value": 30703000
            },
            {
                "label": "",
                "concept": "Liabilities",
                "unit": "usd",
                "value": 45593000
            },
            {
                "label": "",
                "concept": "AdditionalPaidInCapitalCommonStock",
                "unit": "usd",
                "value": 183076000
            },
            {
                "label": "",
                "concept": "RetainedEarningsAccumulatedDeficit",
                "unit": "usd",
                "value": -56792000
            },
            {
                "label": "",
                "concept": "TreasuryStockDeferredEmployeeStockOwnershipPlan",
                "unit": "usd",
                "value": 675000
            },
            {
                "label": "",
                "concept": "StockholdersEquity",
                "unit": "usd",
                "value": 125610000
            },
            {
                "label": "",
                "concept": "MinorityInterest",
                "unit": "usd",
                "value": -23000
            },
            {
                "label": "",
                "concept": "LiabilitiesAndStockholdersEquity",
                "unit": "usd",
                "value": 171180000
            }
        ],
        "cf": [
            {
                "label": "",
                "concept": "ProfitLoss",
                "unit": "usd",
                "value": 10630000
            },
            {
                "label": "",
                "concept": "DepreciationAndAmortization",
                "unit": "usd",
                "value": 3001000
            },
            {
                "label": "",
                "concept": "OperatingLeaseCost",
                "unit": "usd",
                "value": 2505000
            },
            {
                "label": "",
                "concept": "DeferredIncomeTaxExpenseBenefit",
                "unit": "usd",
                "value": 2481000
            },
            {
                "label": "",
                "concept": "IssuanceOfStockAndWarrantsForServicesOrClaims",
                "unit": "usd",
                "value": 1990000
            },
            {
                "label": "",
                "concept": "IncreaseDecreaseInAccountsReceivable",
                "unit": "usd",
                "value": 6808000
            },
            {
                "label": "",
                "concept": "IncreaseDecreaseInReceivables",
                "unit": "usd",
                "value": -22000
            },
            {
                "label": "",
                "concept": "IncreaseDecreaseInUnbilledReceivables",
                "unit": "usd",
                "value": -372000
            },
            {
                "label": "",
                "concept": "IncreaseDecreaseInInventories",
                "unit": "usd",
                "value": -23000
            },
            {
                "label": "",
                "concept": "IncreaseDecreaseInPrepaidExpense",
                "unit": "usd",
                "value": -570000
            },
            {
                "label": "",
                "concept": "IncreaseDecreaseInOtherNoncurrentAssets",
                "unit": "usd",
                "value": 142000
            },
            {
                "label": "",
                "concept": "IncreaseDecreaseInAccountsPayable",
                "unit": "usd",
                "value": -175000
            },
            {
                "label": "",
                "concept": "IncreaseDecreaseInOtherCurrentLiabilities",
                "unit": "usd",
                "value": -193000
            },
            {
                "label": "",
                "concept": "FinanceLeaseImpairmentLoss",
                "unit": "usd",
                "value": -2216000
            },
            {
                "label": "",
                "concept": "IncreaseDecreaseInCustomerAdvances",
                "unit": "usd",
                "value": 56000
            },
            {
                "label": "",
                "concept": "IncreaseDecreaseInOtherNoncurrentLiabilities",
                "unit": "usd",
                "value": 105000
            },
            {
                "label": "",
                "concept": "NetCashProvidedByUsedInOperatingActivities",
                "unit": "usd",
                "value": 13932000
            },
            {
                "label": "",
                "concept": "PaymentsToAcquirePropertyPlantAndEquipment",
                "unit": "usd",
                "value": 6601000
            },
            {
                "label": "",
                "concept": "PaymentsToAcquireIntangibleAssets",
                "unit": "usd",
                "value": 79000
            },
            {
                "label": "",
                "concept": "NetCashProvidedByUsedInInvestingActivities",
                "unit": "usd",
                "value": 8383000
            },
            {
                "label": "",
                "concept": "RepaymentsOfNotesPayable",
                "unit": "usd",
                "value": 33000
            },
            {
                "label": "",
                "concept": "PaymentsOfDividendsMinorityInterest",
                "unit": "usd",
                "value": 5145000
            },
            {
                "label": "",
                "concept": "NetCashProvidedByUsedInFinancingActivities",
                "unit": "usd",
                "value": -5178000
            },
            {
                "label": "",
                "concept": "CashAndCashEquivalentsPeriodIncreaseDecrease",
                "unit": "usd",
                "value": 17137000
            }
        ],
        "ic": [
            {
                "label": "",
                "concept": "HealthCareOrganizationRevenueNetOfPatientServiceRevenueProvisions",
                "unit": "usd",
                "value": 17754000
            },
            {
                "label": "",
                "concept": "RevenuesNetOfInterestExpense",
                "unit": "usd",
                "value": 64884000
            },
            {
                "label": "",
                "concept": "OtherCostOfOperatingRevenue",
                "unit": "usd",
                "value": 8660000
            },
            {
                "label": "",
                "concept": "ResearchAndDevelopmentExpense",
                "unit": "usd",
                "value": 1590000
            },
            {
                "label": "",
                "concept": "SellingGeneralAndAdministrativeExpense",
                "unit": "usd",
                "value": 15691000
            },
            {
                "label": "",
                "concept": "CostsAndExpenses",
                "unit": "usd",
                "value": 51762000
            },
            {
                "label": "",
                "concept": "IncomeLossFromContinuingOperationsBeforeInterestExpenseInterestIncomeIncomeTaxesExtraordinaryItemsNoncontrollingInterestsNet",
                "unit": "usd",
                "value": 13122000
            },
            {
                "label": "",
                "concept": "InterestExpense",
                "unit": "usd",
                "value": 57000
            },
            {
                "label": "",
                "concept": "InvestmentIncomeNet",
                "unit": "usd",
                "value": 413000
            },
            {
                "label": "",
                "concept": "OtherNonoperatingIncomeExpense",
                "unit": "usd",
                "value": 1000
            },
            {
                "label": "",
                "concept": "IncomeLossFromContinuingOperationsBeforeIncomeTaxesExtraordinaryItemsNoncontrollingInterest",
                "unit": "usd",
                "value": 13479000
            },
            {
                "label": "",
                "concept": "IncomeTaxExpenseBenefit",
                "unit": "usd",
                "value": 2849000
            },
            {
                "label": "",
                "concept": "ProfitLoss",
                "unit": "usd",
                "value": 10630000
            },
            {
                "label": "",
                "concept": "NetIncomeLossAttributableToNoncontrollingInterest",
                "unit": "usd",
                "value": -2966000
            },
            {
                "label": "",
                "concept": "NetIncomeLoss",
                "unit": "usd",
                "value": 7664000
            },
            {
                "label": "",
                "concept": "EarningsPerShareBasic",
                "unit": "usd/shares",
                "value": 1.19
            },
            {
                "label": "",
                "concept": "WeightedAverageNumberOfSharesOutstandingBasic",
                "unit": "shares",
                "value": 6442000
            }
        ]
    }
}