{
    "startDate": "2020-01-01",
    "endDate": "2020-03-31",
    "year": "2020",
    "quarter": "Q1",
    "symbol": "OGE",
    "data": {
        "bs": [
            {
                "label": "Accounts receivable, less reserve of $1.1 and $1.5, respectively",
                "concept": "AccountsReceivableNetCurrent",
                "unit": "usd",
                "value": 140700000.0
            },
            {
                "label": "Accrued\u00a0unbilled\u00a0revenues",
                "concept": "UnbilledReceivablesCurrent",
                "unit": "usd",
                "value": 58900000.0
            },
            {
                "label": "Advances to parent",
                "concept": "oge:AdvancesToParent",
                "unit": "usd",
                "value": 265800000.0
            },
            {
                "label": "Fuel\u00a0inventories",
                "concept": "PublicUtilitiesInventory",
                "unit": "usd",
                "value": 45500000.0
            },
            {
                "label": "Materials\u00a0and\u00a0supplies,\u00a0at\u00a0average cost",
                "concept": "OtherInventorySupplies",
                "unit": "usd",
                "value": 97200000.0
            },
            {
                "label": "Fuel\u00a0clause\u00a0under\u00a0recoveries",
                "concept": "DeferredFuelCost",
                "unit": "usd",
                "value": "N/A"
            },
            {
                "label": "Other",
                "concept": "OtherAssetsCurrent",
                "unit": "usd",
                "value": 24100000.0
            },
            {
                "label": "Total\u00a0current\u00a0assets",
                "concept": "AssetsCurrent",
                "unit": "usd",
                "value": 632200000.0
            },
            {
                "label": "OTHER\u00a0PROPERTY\u00a0AND INVESTMENTS",
                "concept": "OtherLongTermInvestments",
                "unit": "usd",
                "value": 4600000.0
            },
            {
                "label": "In\u00a0service",
                "concept": "PublicUtilitiesPropertyPlantAndEquipmentPlantInService",
                "unit": "usd",
                "value": 12856400000.0
            },
            {
                "label": "Construction\u00a0work\u00a0in\u00a0progress",
                "concept": "ConstructionInProgressGross",
                "unit": "usd",
                "value": 149500000.0
            },
            {
                "label": "Total\u00a0property,\u00a0plant\u00a0and equipment",
                "concept": "PropertyPlantAndEquipmentGross",
                "unit": "usd",
                "value": 13005900000.0
            },
            {
                "label": "Less:\u00a0accumulated\u00a0depreciation",
                "concept": "AccumulatedDepreciationDepletionAndAmortizationPropertyPlantAndEquipment",
                "unit": "usd",
                "value": 3920900000.0
            },
            {
                "label": "Net\u00a0property,\u00a0plant\u00a0and\u00a0equipment",
                "concept": "PropertyPlantAndEquipmentNet",
                "unit": "usd",
                "value": 9085000000.0
            },
            {
                "label": "Regulatory assets",
                "concept": "RegulatoryAssetsNoncurrent",
                "unit": "usd",
                "value": 300000000.0
            },
            {
                "label": "Other",
                "concept": "OtherAssetsMiscellaneousNoncurrent",
                "unit": "usd",
                "value": 8900000.0
            },
            {
                "label": "Total\u00a0deferred\u00a0charges\u00a0and\u00a0other assets",
                "concept": "OtherAssetsNoncurrent",
                "unit": "usd",
                "value": 308900000.0
            },
            {
                "label": "TOTAL\u00a0ASSETS",
                "concept": "Assets",
                "unit": "usd",
                "value": 10030700000.0
            },
            {
                "label": "Accounts payable",
                "concept": "AccountsPayableCurrent",
                "unit": "usd",
                "value": 143100000.0
            },
            {
                "label": "Customer\u00a0deposits",
                "concept": "CustomerDepositsCurrent",
                "unit": "usd",
                "value": 83200000.0
            },
            {
                "label": "Accrued\u00a0taxes",
                "concept": "TaxesPayableCurrent",
                "unit": "usd",
                "value": 24800000.0
            },
            {
                "label": "Accrued\u00a0interest",
                "concept": "InterestPayableCurrent",
                "unit": "usd",
                "value": 35800000.0
            },
            {
                "label": "Accrued\u00a0compensation",
                "concept": "EmployeeRelatedLiabilitiesCurrent",
                "unit": "usd",
                "value": 19700000.0
            },
            {
                "label": "Fuel\u00a0clause\u00a0over\u00a0recoveries",
                "concept": "CustomerRefundLiabilityCurrent",
                "unit": "usd",
                "value": 15600000.0
            },
            {
                "label": "Other",
                "concept": "OtherLiabilitiesCurrent",
                "unit": "usd",
                "value": 48400000.0
            },
            {
                "label": "Total\u00a0current\u00a0liabilities",
                "concept": "LiabilitiesCurrent",
                "unit": "usd",
                "value": 370600000.0
            },
            {
                "label": "Long-term Debt, Excluding Current Maturities",
                "concept": "LongTermDebtNoncurrent",
                "unit": "usd",
                "value": 3195600000.0
            },
            {
                "label": "Accrued\u00a0benefit\u00a0obligations",
                "concept": "PensionAndOtherPostretirementDefinedBenefitPlansLiabilitiesNoncurrent",
                "unit": "usd",
                "value": 129699999.99999999
            },
            {
                "label": "Deferred\u00a0income\u00a0taxes",
                "concept": "DeferredTaxLiabilitiesNoncurrent",
                "unit": "usd",
                "value": 961000000.0
            },
            {
                "label": "Deferred\u00a0investment\u00a0tax\u00a0credits",
                "concept": "AccumulatedDeferredInvestmentTaxCredit",
                "unit": "usd",
                "value": 7100000.0
            },
            {
                "label": "Regulatory Liability, Noncurrent",
                "concept": "RegulatoryLiabilityNoncurrent",
                "unit": "usd",
                "value": 1216100000.0
            },
            {
                "label": "Other",
                "concept": "OtherLiabilitiesNoncurrent",
                "unit": "usd",
                "value": 171500000.0
            },
            {
                "label": "Liabilities, Other than Long-term Debt, Noncurrent, Total",
                "concept": "LiabilitiesOtherThanLongtermDebtNoncurrent",
                "unit": "usd",
                "value": 2485400000.0
            },
            {
                "label": "Liabilities, Total",
                "concept": "Liabilities",
                "unit": "usd",
                "value": 6051600000.0
            },
            {
                "label": "COMMITMENTS AND CONTINGENCIES (NOTE 11)",
                "concept": "CommitmentsAndContingencies",
                "unit": "usd",
                "value": "N/A"
            },
            {
                "label": "Common stockholder's equity",
                "concept": "CommonStocksIncludingAdditionalPaidInCapital",
                "unit": "usd",
                "value": 1037500000.0
            },
            {
                "label": "Retained\u00a0earnings",
                "concept": "RetainedEarningsAccumulatedDeficit",
                "unit": "usd",
                "value": 2941600000.0
            },
            {
                "label": "Stockholders' Equity Attributable to Parent, Total",
                "concept": "StockholdersEquity",
                "unit": "usd",
                "value": 3979100000.0
            },
            {
                "label": "TOTAL LIABILITIES AND STOCKHOLDER'S EQUITY",
                "concept": "LiabilitiesAndStockholdersEquity",
                "unit": "usd",
                "value": 10030700000.0
            }
        ],
        "cf": [
            {
                "label": "NET\u00a0INCOME",
                "concept": "NetIncomeLoss",
                "unit": "usd",
                "value": 19900000.0
            },
            {
                "label": "Depreciation\u00a0and\u00a0amortization",
                "concept": "DepreciationAndAmortization",
                "unit": "usd",
                "value": 94400000.0
            },
            {
                "label": "Deferred\u00a0income\u00a0taxes\u00a0and investment\u00a0tax\u00a0credits, net",
                "concept": "DeferredIncomeTaxesAndTaxCredits",
                "unit": "usd",
                "value": 1100000.0
            },
            {
                "label": "Allowance\u00a0for\u00a0equity\u00a0funds\u00a0used\u00a0during construction",
                "concept": "PublicUtilitiesAllowanceForFundsUsedDuringConstructionCapitalizedCostOfEquity",
                "unit": "usd",
                "value": 1300000.0
            },
            {
                "label": "Stock-based compensation expense",
                "concept": "ShareBasedCompensation",
                "unit": "usd",
                "value": 900000.0
            },
            {
                "label": "Regulatory assets",
                "concept": "IncreaseDecreaseInOtherRegulatoryAssets",
                "unit": "usd",
                "value": 300000.0
            },
            {
                "label": "Regulatory liabilities",
                "concept": "IncreaseDecreaseInRegulatoryLiabilities",
                "unit": "usd",
                "value": 11700000.0
            },
            {
                "label": "Other\u00a0assets",
                "concept": "IncreaseDecreaseInOtherNoncurrentAssets",
                "unit": "usd",
                "value": 100000.0
            },
            {
                "label": "Other\u00a0liabilities",
                "concept": "IncreaseDecreaseInOtherNoncurrentLiabilities",
                "unit": "usd",
                "value": 2500000.0
            },
            {
                "label": "Accounts\u00a0receivable and accrued unbilled revenues, net",
                "concept": "IncreaseDecreaseInAccountsReceivable",
                "unit": "usd",
                "value": 18900000.0
            },
            {
                "label": "Fuel,\u00a0materials\u00a0and\u00a0supplies\u00a0inventories",
                "concept": "IncreaseDecreaseInInventories",
                "unit": "usd",
                "value": 5000000.0
            },
            {
                "label": "Fuel\u00a0recoveries",
                "concept": "IncreaseDecreaseInDeferredFuelCosts",
                "unit": "usd",
                "value": 50300000.0
            },
            {
                "label": "Other\u00a0current\u00a0assets",
                "concept": "IncreaseDecreaseInOtherCurrentAssets",
                "unit": "usd",
                "value": 4500000.0
            },
            {
                "label": "Accounts\u00a0payable",
                "concept": "IncreaseDecreaseInAccountsPayable",
                "unit": "usd",
                "value": 27000000.0
            },
            {
                "label": "Income taxes payable - parent",
                "concept": "IncreaseDecreaseInAccruedIncomeTaxesPayable",
                "unit": "usd",
                "value": 800000.0
            },
            {
                "label": "Other\u00a0current\u00a0liabilities",
                "concept": "IncreaseDecreaseInOtherCurrentLiabilities",
                "unit": "usd",
                "value": 45500000.0
            },
            {
                "label": "Net\u00a0cash\u00a0provided\u00a0from operating\u00a0activities",
                "concept": "NetCashProvidedByUsedInOperatingActivities",
                "unit": "usd",
                "value": 89000000.0
            },
            {
                "label": "Capital\u00a0expenditures\u00a0(less allowance\u00a0for\u00a0equity\u00a0funds\u00a0used during construction)",
                "concept": "PaymentsToAcquireProductiveAssets",
                "unit": "usd",
                "value": 127200000.0
            },
            {
                "label": "Net\u00a0cash\u00a0used\u00a0in\u00a0investing activities",
                "concept": "NetCashProvidedByUsedInInvestingActivities",
                "unit": "usd",
                "value": 127200000.0
            },
            {
                "label": "Payment of long-term debt",
                "concept": "RepaymentsOfLongTermDebt",
                "unit": "usd",
                "value": "N/A"
            },
            {
                "label": "Changes in advances with parent",
                "concept": "oge:ChangesInAdvancesWithParent",
                "unit": "usd",
                "value": 38200000.0
            },
            {
                "label": "Net\u00a0cash provided from financing activities",
                "concept": "NetCashProvidedByUsedInFinancingActivities",
                "unit": "usd",
                "value": 38200000.0
            },
            {
                "label": "NET CHANGE IN CASH AND CASH EQUIVALENTS",
                "concept": "CashAndCashEquivalentsPeriodIncreaseDecrease",
                "unit": "usd",
                "value": "N/A"
            }
        ],
        "ic": [
            {
                "label": "Revenues from contracts with customers",
                "concept": "RevenueFromContractWithCustomerExcludingAssessedTax",
                "unit": "usd",
                "value": 420400000.0
            },
            {
                "label": "Other revenues",
                "concept": "oge:RevenuesfromAlternativeRevenuePrograms",
                "unit": "usd",
                "value": 10900000.0
            },
            {
                "label": "Operating revenues",
                "concept": "Revenues",
                "unit": "usd",
                "value": 431300000.0
            },
            {
                "label": "COST OF SALES",
                "concept": "CostOfGoodsAndServicesSold",
                "unit": "usd",
                "value": 135000000.0
            },
            {
                "label": "Other\u00a0operation\u00a0and\u00a0maintenance",
                "concept": "OtherCostAndExpenseOperating",
                "unit": "usd",
                "value": 121000000.0
            },
            {
                "label": "Depreciation\u00a0and\u00a0amortization",
                "concept": "DepreciationAndAmortization",
                "unit": "usd",
                "value": 94400000.0
            },
            {
                "label": "Taxes\u00a0other\u00a0than\u00a0income",
                "concept": "TaxesExcludingIncomeAndExciseTaxes",
                "unit": "usd",
                "value": 23900000.0
            },
            {
                "label": "Operating expenses",
                "concept": "OperatingExpenses",
                "unit": "usd",
                "value": 239300000.0
            },
            {
                "label": "OPERATING\u00a0INCOME",
                "concept": "OperatingIncomeLoss",
                "unit": "usd",
                "value": 57000000.0
            },
            {
                "label": "Allowance\u00a0for\u00a0equity\u00a0funds\u00a0used\u00a0during construction",
                "concept": "PublicUtilitiesAllowanceForFundsUsedDuringConstructionCapitalizedCostOfEquity",
                "unit": "usd",
                "value": 1300000.0
            },
            {
                "label": "Other net periodic benefit income (expense)",
                "concept": "PensionAndOtherPostretirementBenefitExpense",
                "unit": "usd",
                "value": 500000.0
            },
            {
                "label": "Other\u00a0income",
                "concept": "OtherNonoperatingIncome",
                "unit": "usd",
                "value": 1500000.0
            },
            {
                "label": "Other\u00a0expense",
                "concept": "OtherNonoperatingExpense",
                "unit": "usd",
                "value": 500000.0
            },
            {
                "label": "Net other income",
                "concept": "NonoperatingIncomeExpense",
                "unit": "usd",
                "value": 1800000.0
            },
            {
                "label": "Interest\u00a0on\u00a0long-term\u00a0debt",
                "concept": "InterestExpenseLongTermDebt",
                "unit": "usd",
                "value": 36600000.0
            },
            {
                "label": "Allowance\u00a0for\u00a0borrowed\u00a0funds\u00a0used\u00a0during construction",
                "concept": "PublicUtilitiesAllowanceForFundsUsedDuringConstructionAdditions",
                "unit": "usd",
                "value": 500000.0
            },
            {
                "label": "Interest\u00a0on\u00a0short-term\u00a0debt\u00a0and\u00a0other\u00a0interest\u00a0charges",
                "concept": "InterestExpenseShortTermBorrowings",
                "unit": "usd",
                "value": 800000.0
            },
            {
                "label": "Interest\u00a0expense",
                "concept": "InterestExpense",
                "unit": "usd",
                "value": 36900000.0
            },
            {
                "label": "INCOME\u00a0BEFORE\u00a0TAXES",
                "concept": "IncomeLossFromContinuingOperationsBeforeIncomeTaxesExtraordinaryItemsNoncontrollingInterest",
                "unit": "usd",
                "value": 21900000.0
            },
            {
                "label": "INCOME\u00a0TAX\u00a0EXPENSE",
                "concept": "IncomeTaxExpenseBenefit",
                "unit": "usd",
                "value": 2000000.0
            },
            {
                "label": "NET\u00a0INCOME",
                "concept": "NetIncomeLoss",
                "unit": "usd",
                "value": 19900000.0
            },
            {
                "label": "Other comprehensive income, net of tax",
                "concept": "OtherComprehensiveIncomeLossNetOfTax",
                "unit": "usd",
                "value": "N/A"
            },
            {
                "label": "COMPREHENSIVE INCOME",
                "concept": "ComprehensiveIncomeNetOfTax",
                "unit": "usd",
                "value": 19900000.0
            }
        ]
    }
}