{
    "startDate": "2020-01-27",
    "endDate": "2020-04-26",
    "year": "2021",
    "quarter": "Q1",
    "symbol": "SMTC",
    "data": {
        "bs": [
            {
                "label": "Cash and cash equivalents",
                "concept": "CashAndCashEquivalentsAtCarryingValue",
                "unit": "usd",
                "value": 268947000
            },
            {
                "label": "Accounts receivable, less allowances of $515 and $633, respectively",
                "concept": "AccountsReceivableNetCurrent",
                "unit": "usd",
                "value": 49451000
            },
            {
                "label": "Inventories",
                "concept": "InventoryNet",
                "unit": "usd",
                "value": 76933000
            },
            {
                "label": "Prepaid taxes",
                "concept": "PrepaidTaxes",
                "unit": "usd",
                "value": 13543000
            },
            {
                "label": "Other current assets",
                "concept": "OtherAssetsCurrent",
                "unit": "usd",
                "value": 23430000
            },
            {
                "label": "Total current assets",
                "concept": "AssetsCurrent",
                "unit": "usd",
                "value": 432304000
            },
            {
                "label": "Property, plant and equipment, net of accumulated depreciation of $220,398 and $214,787, respectively",
                "concept": "PropertyPlantAndEquipmentNet",
                "unit": "usd",
                "value": 125731000
            },
            {
                "label": "Deferred tax assets",
                "concept": "DeferredIncomeTaxAssetsNet",
                "unit": "usd",
                "value": 20754000
            },
            {
                "label": "Goodwill",
                "concept": "Goodwill",
                "unit": "usd",
                "value": 351141000
            },
            {
                "label": "Other intangible assets, net",
                "concept": "IntangibleAssetsNetExcludingGoodwill",
                "unit": "usd",
                "value": 17172000
            },
            {
                "label": "Other assets",
                "concept": "OtherAssetsNoncurrent",
                "unit": "usd",
                "value": 76248000
            },
            {
                "label": "TOTAL ASSETS",
                "concept": "Assets",
                "unit": "usd",
                "value": 1023350000
            },
            {
                "label": "Accounts payable",
                "concept": "AccountsPayableTradeCurrent",
                "unit": "usd",
                "value": 43337000
            },
            {
                "label": "Accrued liabilities",
                "concept": "AccruedLiabilitiesCurrent",
                "unit": "usd",
                "value": 48289000
            },
            {
                "label": "Total current liabilities",
                "concept": "LiabilitiesCurrent",
                "unit": "usd",
                "value": 91626000
            },
            {
                "label": "Deferred tax liabilities",
                "concept": "DeferredIncomeTaxLiabilitiesNet",
                "unit": "usd",
                "value": 3600000
            },
            {
                "label": "Long term debt",
                "concept": "LongTermDebtNoncurrent",
                "unit": "usd",
                "value": 190840000
            },
            {
                "label": "Other long-term liabilities",
                "concept": "OtherLiabilitiesNoncurrent",
                "unit": "usd",
                "value": 75567000
            },
            {
                "label": "Commitments and contingencies (Note 11)",
                "concept": "CommitmentsAndContingencies",
                "unit": "usd",
                "value": "N/A"
            },
            {
                "label": "Common stock, $0.01 par value, 250,000,000 shares authorized, 78,136,144 issued and 65,132,030 outstanding and 78,136,144 issued and 65,758,115 outstanding, respectively",
                "concept": "CommonStockValue",
                "unit": "usd",
                "value": 785000
            },
            {
                "label": "Treasury stock, at cost, 13,004,114 shares and 12,378,029 shares, respectively",
                "concept": "TreasuryStockValue",
                "unit": "usd",
                "value": 414028000
            },
            {
                "label": "Additional paid-in capital",
                "concept": "AdditionalPaidInCapitalCommonStock",
                "unit": "usd",
                "value": 460961000
            },
            {
                "label": "Retained earnings",
                "concept": "RetainedEarningsAccumulatedDeficit",
                "unit": "usd",
                "value": 620928000
            },
            {
                "label": "Accumulated other comprehensive loss",
                "concept": "AccumulatedOtherComprehensiveIncomeLossNetOfTax",
                "unit": "usd",
                "value": 7172000
            },
            {
                "label": "Total stockholders\u2019 equity",
                "concept": "StockholdersEquity",
                "unit": "usd",
                "value": 661474000
            },
            {
                "label": "Noncontrolling interest",
                "concept": "MinorityInterest",
                "unit": "usd",
                "value": 243000
            },
            {
                "label": "Total stockholders\u2019 equity",
                "concept": "StockholdersEquityIncludingPortionAttributableToNoncontrollingInterest",
                "unit": "usd",
                "value": 661717000
            },
            {
                "label": "TOTAL LIABILITIES AND EQUITY",
                "concept": "LiabilitiesAndStockholdersEquity",
                "unit": "usd",
                "value": 1023350000
            }
        ],
        "cf": [
            {
                "label": "Depreciation and amortization",
                "concept": "DepreciationDepletionAndAmortization",
                "unit": "usd",
                "value": 8541000
            },
            {
                "label": "Investment impairments and credit loss reserves",
                "concept": "AssetImpairmentCharges",
                "unit": "usd",
                "value": 3630000
            },
            {
                "label": "Accretion of deferred financing costs and debt discount",
                "concept": "AmortizationOfFinancingCostsAndDiscounts",
                "unit": "usd",
                "value": 121000
            },
            {
                "label": "Deferred income taxes",
                "concept": "IncreaseDecreaseInDeferredIncomeTaxes",
                "unit": "usd",
                "value": 184000
            },
            {
                "label": "Share-based compensation",
                "concept": "ShareBasedCompensation",
                "unit": "usd",
                "value": 9379000
            },
            {
                "label": "Gain on disposition of assets",
                "concept": "smtc:GainLossonDispositionofBusinessandPropertyPlantandEquipment",
                "unit": "usd",
                "value": "N/A"
            },
            {
                "label": "Changes in the fair value of contingent earn-out obligations",
                "concept": "BusinessCombinationContingentConsiderationArrangementsChangeInAmountOfContingentConsiderationLiability1",
                "unit": "usd",
                "value": 33000
            },
            {
                "label": "Equity in net losses of equity method investments",
                "concept": "IncomeLossFromEquityMethodInvestments",
                "unit": "usd",
                "value": 11000
            },
            {
                "label": "Corporate owned life insurance, net",
                "concept": "LifeInsuranceCorporateOrBankOwnedChangeInValue",
                "unit": "usd",
                "value": 175000
            },
            {
                "label": "Accounts receivable, net",
                "concept": "IncreaseDecreaseInAccountsAndOtherReceivables",
                "unit": "usd",
                "value": 12476000
            },
            {
                "label": "Inventories",
                "concept": "IncreaseDecreaseInInventories",
                "unit": "usd",
                "value": 3923000
            },
            {
                "label": "Other assets",
                "concept": "IncreaseDecreaseInPrepaidDeferredExpenseAndOtherAssets",
                "unit": "usd",
                "value": 3207000
            },
            {
                "label": "Accounts payable",
                "concept": "IncreaseDecreaseInAccountsPayable",
                "unit": "usd",
                "value": 2860000
            },
            {
                "label": "Accrued liabilities",
                "concept": "IncreaseDecreaseInAccruedLiabilities",
                "unit": "usd",
                "value": 5466000
            },
            {
                "label": "Income taxes payable",
                "concept": "IncreaseDecreaseInAccruedIncomeTaxesPayable",
                "unit": "usd",
                "value": "N/A"
            },
            {
                "label": "Other liabilities",
                "concept": "IncreaseDecreaseInOtherOperatingLiabilities",
                "unit": "usd",
                "value": 1859000
            },
            {
                "label": "Net cash provided by operating activities",
                "concept": "NetCashProvidedByUsedInOperatingActivities",
                "unit": "usd",
                "value": 26083000
            },
            {
                "label": "Proceeds from sales of property, plant and equipment",
                "concept": "ProceedsFromSaleOfPropertyPlantAndEquipment",
                "unit": "usd",
                "value": "N/A"
            },
            {
                "label": "Purchase of property, plant and equipment",
                "concept": "PaymentsToAcquirePropertyPlantAndEquipment",
                "unit": "usd",
                "value": 7672000
            },
            {
                "label": "Purchase of investments",
                "concept": "PaymentsToAcquireInvestments",
                "unit": "usd",
                "value": 3888000
            },
            {
                "label": "Net cash used in investing activities",
                "concept": "NetCashProvidedByUsedInInvestingActivities",
                "unit": "usd",
                "value": 11560000
            },
            {
                "label": "Payments of term loans",
                "concept": "RepaymentsOfSecuredDebt",
                "unit": "usd",
                "value": "N/A"
            },
            {
                "label": "Payments of revolving line of credit",
                "concept": "RepaymentsOfLinesOfCredit",
                "unit": "usd",
                "value": 4000000
            },
            {
                "label": "Deferred financing costs",
                "concept": "PaymentsOfFinancingCosts",
                "unit": "usd",
                "value": 24000
            },
            {
                "label": "Payment for employee share-based compensation payroll taxes",
                "concept": "PaymentsRelatedToTaxWithholdingForShareBasedCompensation",
                "unit": "usd",
                "value": 5764000
            },
            {
                "label": "Proceeds from exercise of stock options",
                "concept": "ProceedsFromStockOptionsExercised",
                "unit": "usd",
                "value": 888000
            },
            {
                "label": "Repurchase of common stock",
                "concept": "PaymentsForRepurchaseOfCommonStock",
                "unit": "usd",
                "value": 30000000
            },
            {
                "label": "Net cash used in financing activities",
                "concept": "NetCashProvidedByUsedInFinancingActivities",
                "unit": "usd",
                "value": 38900000
            },
            {
                "label": "Net decrease in cash and cash equivalents",
                "concept": "CashCashEquivalentsRestrictedCashAndRestrictedCashEquivalentsPeriodIncreaseDecreaseExcludingExchangeRateEffect",
                "unit": "usd",
                "value": 24377000
            },
            {
                "label": "Interest paid",
                "concept": "InterestPaidNet",
                "unit": "usd",
                "value": 1570000
            },
            {
                "label": "Income taxes paid",
                "concept": "IncomeTaxesPaid",
                "unit": "usd",
                "value": 3866000
            },
            {
                "label": "Accounts payable related to capital expenditures",
                "concept": "CapitalExpendituresIncurredButNotYetPaid",
                "unit": "usd",
                "value": 2435000
            }
        ],
        "ic": [
            {
                "label": "Net sales",
                "concept": "RevenueFromContractWithCustomerExcludingAssessedTax",
                "unit": "usd",
                "value": 132702000
            },
            {
                "label": "Cost of sales",
                "concept": "CostOfGoodsAndServicesSold",
                "unit": "usd",
                "value": 51941000
            },
            {
                "label": "Gross profit",
                "concept": "GrossProfit",
                "unit": "usd",
                "value": 80761000
            },
            {
                "label": "Selling, general and administrative",
                "concept": "SellingGeneralAndAdministrativeExpense",
                "unit": "usd",
                "value": 34600000
            },
            {
                "label": "Product development and engineering",
                "concept": "ResearchAndDevelopmentExpense",
                "unit": "usd",
                "value": 27586000
            },
            {
                "label": "Intangible amortization",
                "concept": "AmortizationOfIntangibleAssets",
                "unit": "usd",
                "value": 2840000
            },
            {
                "label": "Changes in the fair value of contingent earn-out obligations",
                "concept": "BusinessCombinationContingentConsiderationArrangementsChangeInAmountOfContingentConsiderationLiability1",
                "unit": "usd",
                "value": 33000
            },
            {
                "label": "Total operating costs and expenses",
                "concept": "OperatingExpenses",
                "unit": "usd",
                "value": 64993000
            },
            {
                "label": "Operating income",
                "concept": "OperatingIncomeLoss",
                "unit": "usd",
                "value": 15768000
            },
            {
                "label": "Interest expense",
                "concept": "InterestIncomeExpenseNonoperatingNet",
                "unit": "usd",
                "value": 1559000
            },
            {
                "label": "Non-operating income, net",
                "concept": "OtherNonoperatingIncomeExpense",
                "unit": "usd",
                "value": 423000
            },
            {
                "label": "Investment impairments and credit loss reserves",
                "concept": "OtherThanTemporaryImpairmentLossesInvestmentsPortionRecognizedInEarningsNet",
                "unit": "usd",
                "value": 3630000
            },
            {
                "label": "Income before taxes and equity in net losses of equity method investments",
                "concept": "IncomeLossFromContinuingOperationsBeforeIncomeTaxesMinorityInterestAndIncomeLossFromEquityMethodInvestments",
                "unit": "usd",
                "value": 11002000
            },
            {
                "label": "Provision (benefit) for income taxes",
                "concept": "IncomeTaxExpenseBenefit",
                "unit": "usd",
                "value": 1359000
            },
            {
                "label": "Net income before equity in net losses of equity method investments",
                "concept": "smtc:IncomeLossFromContinuingOperationsBeforeIncomeLossFromEquityMethodInvestments",
                "unit": "usd",
                "value": 9643000
            },
            {
                "label": "Equity in net losses of equity method investments",
                "concept": "IncomeLossFromEquityMethodInvestments",
                "unit": "usd",
                "value": 11000
            },
            {
                "label": "Net income",
                "concept": "ProfitLoss",
                "unit": "usd",
                "value": 9632000
            },
            {
                "label": "Net loss attributable to noncontrolling interest",
                "concept": "NetIncomeLossAttributableToNoncontrollingInterest",
                "unit": "usd",
                "value": 3000
            },
            {
                "label": "Net income attributable to common stockholders",
                "concept": "NetIncomeLossAvailableToCommonStockholdersBasic",
                "unit": "usd",
                "value": 9635000
            },
            {
                "label": "Basic (in dollars per share)",
                "concept": "EarningsPerShareBasic",
                "unit": "usd/shares",
                "value": 0.15
            },
            {
                "label": "Diluted (in dollars per share)",
                "concept": "EarningsPerShareDiluted",
                "unit": "usd/shares",
                "value": 0.15
            },
            {
                "label": "Basic (in shares)",
                "concept": "WeightedAverageNumberOfSharesOutstandingBasic",
                "unit": "shares",
                "value": 65589000
            },
            {
                "label": "Diluted (in shares)",
                "concept": "WeightedAverageNumberOfDilutedSharesOutstanding",
                "unit": "shares",
                "value": 66174000
            }
        ]
    }
}