{
    "startDate": "2020-01-01",
    "endDate": "2020-03-31",
    "year": "2020",
    "quarter": "Q3",
    "symbol": "KMT",
    "data": {
        "bs": [
            {
                "label": "Cash and cash equivalents",
                "concept": "CashAndCashEquivalentsAtCarryingValue",
                "unit": "usd",
                "value": 85230000
            },
            {
                "label": "Accounts receivable, less allowance for doubtful accounts of $10,090 and $10,083, respectively",
                "concept": "AccountsReceivableNetCurrent",
                "unit": "usd",
                "value": 304162000
            },
            {
                "label": "Inventories (Note 10)",
                "concept": "InventoryNet",
                "unit": "usd",
                "value": 516781000
            },
            {
                "label": "Other current assets",
                "concept": "OtherAssetsCurrent",
                "unit": "usd",
                "value": 60550000
            },
            {
                "label": "Total current assets",
                "concept": "AssetsCurrent",
                "unit": "usd",
                "value": 966723000
            },
            {
                "label": "Land and buildings",
                "concept": "kmt:LandAndBuildingsGross",
                "unit": "usd",
                "value": 347490000
            },
            {
                "label": "Machinery and equipment",
                "concept": "MachineryAndEquipmentGross",
                "unit": "usd",
                "value": 1884545000
            },
            {
                "label": "Less accumulated depreciation",
                "concept": "AccumulatedDepreciationDepletionAndAmortizationPropertyPlantAndEquipment",
                "unit": "usd",
                "value": 1216676000
            },
            {
                "label": "Property, plant and equipment, net",
                "concept": "PropertyPlantAndEquipmentNet",
                "unit": "usd",
                "value": 1015359000
            },
            {
                "label": "Goodwill (Note 18)",
                "concept": "Goodwill",
                "unit": "usd",
                "value": 268658000
            },
            {
                "label": "Other intangible assets, less accumulated amortization of $133,306 and $158,507, respectively (Note 18)",
                "concept": "IntangibleAssetsNetExcludingGoodwill",
                "unit": "usd",
                "value": 135687000
            },
            {
                "label": "Deferred income taxes",
                "concept": "DeferredIncomeTaxAssetsNet",
                "unit": "usd",
                "value": 32196000
            },
            {
                "label": "Other",
                "concept": "OtherAssetsNoncurrent",
                "unit": "usd",
                "value": 72730000
            },
            {
                "label": "Total other assets",
                "concept": "OtherAssets",
                "unit": "usd",
                "value": 556018000
            },
            {
                "label": "Total assets",
                "concept": "Assets",
                "unit": "usd",
                "value": 2538100000
            },
            {
                "label": "Current maturities of long-term debt (Note 12)",
                "concept": "LongTermDebtAndCapitalLeaseObligationsCurrent",
                "unit": "usd",
                "value": 4500000
            },
            {
                "label": "Notes payable to banks",
                "concept": "ShortTermBankLoansAndNotesPayable",
                "unit": "usd",
                "value": "N/A"
            },
            {
                "label": "Current operating lease liabilities (Note 11)",
                "concept": "OperatingLeaseLiabilityCurrent",
                "unit": "usd",
                "value": 12935000
            },
            {
                "label": "Accounts payable",
                "concept": "AccountsPayableCurrent",
                "unit": "usd",
                "value": 165062000
            },
            {
                "label": "Accrued income taxes",
                "concept": "AccruedIncomeTaxesCurrent",
                "unit": "usd",
                "value": 10470000
            },
            {
                "label": "Accrued expenses",
                "concept": "AccruedLiabilitiesCurrent",
                "unit": "usd",
                "value": 51466000
            },
            {
                "label": "Other current liabilities",
                "concept": "OtherLiabilitiesCurrent",
                "unit": "usd",
                "value": 138698000
            },
            {
                "label": "Total current liabilities",
                "concept": "LiabilitiesCurrent",
                "unit": "usd",
                "value": 383131000
            },
            {
                "label": "Long-term debt, less current maturities (Note 12)",
                "concept": "LongTermDebtAndCapitalLeaseObligations",
                "unit": "usd",
                "value": 593607000
            },
            {
                "label": "Operating lease liabilities (Note 11)",
                "concept": "OperatingLeaseLiabilityNoncurrent",
                "unit": "usd",
                "value": 34290000
            },
            {
                "label": "Deferred income taxes",
                "concept": "DeferredIncomeTaxLiabilitiesNet",
                "unit": "usd",
                "value": 13504000
            },
            {
                "label": "Accrued pension and postretirement benefits",
                "concept": "PensionAndOtherPostretirementDefinedBenefitPlansLiabilitiesNoncurrent",
                "unit": "usd",
                "value": 166851000
            },
            {
                "label": "Accrued income taxes",
                "concept": "AccruedIncomeTaxesNoncurrent",
                "unit": "usd",
                "value": 9304000
            },
            {
                "label": "Other liabilities",
                "concept": "OtherLiabilitiesNoncurrent",
                "unit": "usd",
                "value": 38590000
            },
            {
                "label": "Total liabilities",
                "concept": "Liabilities",
                "unit": "usd",
                "value": 1239277000
            },
            {
                "label": "Commitments and contingencies",
                "concept": "CommitmentsAndContingencies",
                "unit": "usd",
                "value": "N/A"
            },
            {
                "label": "Preferred stock, no par value; 5,000 shares authorized; none issued",
                "concept": "PreferredStockValue",
                "unit": "usd",
                "value": "N/A"
            },
            {
                "label": "Capital stock, $1.25 par value; 120,000 shares authorized; 82,914 and 82,421 shares issued, respectively",
                "concept": "CommonStockValue",
                "unit": "usd",
                "value": 103642000
            },
            {
                "label": "Additional paid-in capital",
                "concept": "AdditionalPaidInCapitalCommonStock",
                "unit": "usd",
                "value": 536596000
            },
            {
                "label": "Retained earnings",
                "concept": "RetainedEarningsAccumulatedDeficit",
                "unit": "usd",
                "value": 1030582000
            },
            {
                "label": "Accumulated other comprehensive loss",
                "concept": "AccumulatedOtherComprehensiveIncomeLossNetOfTax",
                "unit": "usd",
                "value": 410197000
            },
            {
                "label": "Total Kennametal Shareholders' Equity",
                "concept": "StockholdersEquity",
                "unit": "usd",
                "value": 1260623000
            },
            {
                "label": "Noncontrolling interests",
                "concept": "MinorityInterest",
                "unit": "usd",
                "value": 38200000
            },
            {
                "label": "Total equity",
                "concept": "StockholdersEquityIncludingPortionAttributableToNoncontrollingInterest",
                "unit": "usd",
                "value": 1298823000
            },
            {
                "label": "Total liabilities and equity",
                "concept": "LiabilitiesAndStockholdersEquity",
                "unit": "usd",
                "value": 2538100000
            }
        ],
        "cf": [],
        "ic": [
            {
                "label": "Cost of goods sold",
                "concept": "CostOfGoodsAndServicesSold",
                "unit": "usd",
                "value": 326066000
            },
            {
                "label": "Gross profit",
                "concept": "GrossProfit",
                "unit": "usd",
                "value": 157018000
            },
            {
                "label": "Operating expense",
                "concept": "OperatingExpenses",
                "unit": "usd",
                "value": 98534000
            },
            {
                "label": "Restructuring and asset impairment charges (Notes 7 and 18)",
                "concept": "RestructuringCostsAndAssetImpairmentCharges",
                "unit": "usd",
                "value": 17187000
            },
            {
                "label": "Amortization of intangibles",
                "concept": "AmortizationOfIntangibleAssets",
                "unit": "usd",
                "value": 3404000
            },
            {
                "label": "Operating income",
                "concept": "OperatingIncomeLoss",
                "unit": "usd",
                "value": 37893000
            },
            {
                "label": "Income (loss) before income taxes",
                "concept": "IncomeLossFromContinuingOperationsBeforeIncomeTaxesMinorityInterestAndIncomeLossFromEquityMethodInvestments",
                "unit": "usd",
                "value": 32434000
            },
            {
                "label": "Provision (benefit) for income taxes",
                "concept": "IncomeTaxExpenseBenefit",
                "unit": "usd",
                "value": 30193000
            },
            {
                "label": "Net income",
                "concept": "ProfitLoss",
                "unit": "usd",
                "value": 2241000
            },
            {
                "label": "Less: Net (loss) income attributable to noncontrolling interests",
                "concept": "NetIncomeLossAttributableToNoncontrollingInterest",
                "unit": "usd",
                "value": 676000
            },
            {
                "label": "Net income attributable to Kennametal",
                "concept": "NetIncomeLoss",
                "unit": "usd",
                "value": 2917000
            },
            {
                "label": "Basic earnings per share",
                "concept": "EarningsPerShareBasic",
                "unit": "usd/shares",
                "value": 0.04
            },
            {
                "label": "Diluted earnings per share",
                "concept": "EarningsPerShareDiluted",
                "unit": "usd/shares",
                "value": 0.03
            },
            {
                "label": "Dividends per share",
                "concept": "CommonStockDividendsPerShareDeclared",
                "unit": "usd/shares",
                "value": 0.2
            },
            {
                "label": "Basic weighted average shares outstanding",
                "concept": "WeightedAverageNumberOfSharesOutstandingBasic",
                "unit": "shares",
                "value": 83106000
            },
            {
                "label": "Diluted weighted average shares outstanding",
                "concept": "WeightedAverageNumberOfDilutedSharesOutstanding",
                "unit": "shares",
                "value": 83696000
            }
        ]
    }
}