{
    "startDate": "2019-12-26",
    "endDate": "2020-03-25",
    "year": "2020",
    "quarter": "Q3",
    "symbol": "EAT",
    "data": {
        "bs": [
            {
                "label": "Cash and cash equivalents",
                "concept": "CashAndCashEquivalentsAtCarryingValue",
                "unit": "usd",
                "value": 167200000.0
            },
            {
                "label": "Accounts receivable, net",
                "concept": "AccountsReceivableNetCurrent",
                "unit": "usd",
                "value": 44000000.0
            },
            {
                "label": "Inventories",
                "concept": "InventoryNet",
                "unit": "usd",
                "value": 26300000.0
            },
            {
                "label": "Restaurant supplies",
                "concept": "Supplies",
                "unit": "usd",
                "value": 51200000.0
            },
            {
                "label": "Prepaid expenses",
                "concept": "PrepaidExpenseAndOtherAssets",
                "unit": "usd",
                "value": 12600000.0
            },
            {
                "label": "Income taxes receivable, net",
                "concept": "IncomeTaxesReceivable",
                "unit": "usd",
                "value": 14000000.0
            },
            {
                "label": "Total current assets",
                "concept": "AssetsCurrent",
                "unit": "usd",
                "value": 315300000.0
            },
            {
                "label": "Land",
                "concept": "Land",
                "unit": "usd",
                "value": 34000000.0
            },
            {
                "label": "Furniture and equipment",
                "concept": "FurnitureAndFixturesGross",
                "unit": "usd",
                "value": 806400000.0
            },
            {
                "label": "Construction-in-progress",
                "concept": "ConstructionInProgressGross",
                "unit": "usd",
                "value": 27800000.0
            },
            {
                "label": "Property plant and equipment, gross",
                "concept": "PropertyPlantAndEquipmentGross",
                "unit": "usd",
                "value": 2420100000.0
            },
            {
                "label": "Less accumulated depreciation and amortization",
                "concept": "AccumulatedDepreciationDepletionAndAmortizationPropertyPlantAndEquipment",
                "unit": "usd",
                "value": 1588000000.0
            },
            {
                "label": "Net property and equipment",
                "concept": "PropertyPlantAndEquipmentNet",
                "unit": "usd",
                "value": 832100000.0
            },
            {
                "label": "Operating lease assets (Note 4)",
                "concept": "OperatingLeaseRightOfUseAsset",
                "unit": "usd",
                "value": 1159900000.0
            },
            {
                "label": "Deferred income taxes, net (Note 4)",
                "concept": "DeferredIncomeTaxAssetsNet",
                "unit": "usd",
                "value": 42500000.0
            },
            {
                "label": "Other",
                "concept": "OtherAssetsNoncurrent",
                "unit": "usd",
                "value": 24600000.0
            },
            {
                "label": "Total other assets",
                "concept": "eat:TotalOtherAssets",
                "unit": "usd",
                "value": 1438000000.0
            },
            {
                "label": "Total assets",
                "concept": "Assets",
                "unit": "usd",
                "value": 2585400000.0
            },
            {
                "label": "Accounts payable",
                "concept": "AccountsPayableCurrent",
                "unit": "usd",
                "value": 101300000.0
            },
            {
                "label": "Gift card liability",
                "concept": "eat:ContractwithcustomerGiftCardLiabilityCurrent",
                "unit": "usd",
                "value": 108700000.0
            },
            {
                "label": "Accrued payroll",
                "concept": "EmployeeRelatedLiabilitiesCurrent",
                "unit": "usd",
                "value": 55400000.0
            },
            {
                "label": "Total current liabilities",
                "concept": "LiabilitiesCurrent",
                "unit": "usd",
                "value": 520000000.0
            },
            {
                "label": "Deferred gain on sale leaseback transactions (Note 4)",
                "concept": "eat:Deferredsaleleasebackgainlongtermportion",
                "unit": "usd",
                "value": "N/A"
            },
            {
                "label": "Other liabilities (Note 4)",
                "concept": "LiabilitiesOtherThanLongtermDebtNoncurrent",
                "unit": "usd",
                "value": 57000000.0
            },
            {
                "label": "Commitments and contingencies (Note 15)",
                "concept": "CommitmentsAndContingencies",
                "unit": "usd",
                "value": "N/A"
            },
            {
                "label": "Common stock (250.0 million authorized shares; $0.10 par value; 62.2 million shares issued and 36.9 million shares outstanding at March 25, 2020, and 176.2 million shares issued and 37.5 million shares outstanding at June 26, 2019)",
                "concept": "CommonStockValue",
                "unit": "usd",
                "value": 6200000.0
            },
            {
                "label": "Additional paid-in capital",
                "concept": "AdditionalPaidInCapitalCommonStock",
                "unit": "usd",
                "value": 526100000.0
            },
            {
                "label": "Accumulated other comprehensive loss",
                "concept": "AccumulatedOtherComprehensiveIncomeLossNetOfTax",
                "unit": "usd",
                "value": 6700000.0
            },
            {
                "label": "Treasury stock, at cost (25.3 million shares at March 25, 2020, and 138.7 million shares at June 26, 2019)",
                "concept": "TreasuryStockValue",
                "unit": "usd",
                "value": 752400000.0
            },
            {
                "label": "Total shareholders\u2019 deficit",
                "concept": "StockholdersEquity",
                "unit": "usd",
                "value": 574700000.0
            },
            {
                "label": "Total liabilities and shareholders\u2019 deficit",
                "concept": "LiabilitiesAndStockholdersEquity",
                "unit": "usd",
                "value": 2585400000.0
            }
        ],
        "cf": [],
        "ic": [
            {
                "label": "Total revenues",
                "concept": "Revenues",
                "unit": "usd",
                "value": 860000000.0
            },
            {
                "label": "Food and beverage costs",
                "concept": "CostOfGoodsAndServicesSold",
                "unit": "usd",
                "value": 226700000.0
            },
            {
                "label": "Restaurant labor",
                "concept": "eat:RestaurantLabor",
                "unit": "usd",
                "value": 285900000.0
            },
            {
                "label": "Restaurant expenses",
                "concept": "eat:RestaurantExpenses",
                "unit": "usd",
                "value": 220200000.0
            },
            {
                "label": "Company restaurant expenses",
                "concept": "eat:CompanyOperatedRestaurantCostOfSales",
                "unit": "usd",
                "value": 732800000.0
            },
            {
                "label": "General and administrative",
                "concept": "GeneralAndAdministrativeExpense",
                "unit": "usd",
                "value": 23300000.0
            },
            {
                "label": "Other (gains) and charges",
                "concept": "eat:TotalOtherGainsAndCharges",
                "unit": "usd",
                "value": 19300000.0
            },
            {
                "label": "Total operating costs and expenses",
                "concept": "CostsAndExpenses",
                "unit": "usd",
                "value": 818900000.0
            },
            {
                "label": "Operating income",
                "concept": "OperatingIncomeLoss",
                "unit": "usd",
                "value": 41100000.0
            },
            {
                "label": "Interest expenses",
                "concept": "InterestExpense",
                "unit": "usd",
                "value": 14300000.0
            },
            {
                "label": "Other (income), net",
                "concept": "OtherNonoperatingIncomeExpense",
                "unit": "usd",
                "value": 400000.0
            },
            {
                "label": "Income before provision for income taxes",
                "concept": "IncomeLossFromContinuingOperationsBeforeIncomeTaxesMinorityInterestAndIncomeLossFromEquityMethodInvestments",
                "unit": "usd",
                "value": 27200000.0
            },
            {
                "label": "Provision (benefit) for income taxes",
                "concept": "IncomeTaxExpenseBenefit",
                "unit": "usd",
                "value": 3600000.0
            },
            {
                "label": "Net income",
                "concept": "NetIncomeLoss",
                "unit": "usd",
                "value": 30800000.0
            },
            {
                "label": "Basic net income per share",
                "concept": "EarningsPerShareBasic",
                "unit": "usd/shares",
                "value": 0.83
            },
            {
                "label": "Diluted net income per share",
                "concept": "EarningsPerShareDiluted",
                "unit": "usd/shares",
                "value": 0.81
            },
            {
                "label": "Basic weighted average shares outstanding",
                "concept": "WeightedAverageNumberOfSharesOutstandingBasic",
                "unit": "shares",
                "value": 37200000.0
            },
            {
                "label": "Diluted weighted average shares outstanding",
                "concept": "WeightedAverageNumberOfDilutedSharesOutstanding",
                "unit": "shares",
                "value": 37800000.0
            },
            {
                "label": "Foreign currency translation adjustment",
                "concept": "OtherComprehensiveIncomeForeignCurrencyTransactionAndTranslationAdjustmentNetOfTaxPortionAttributableToParent",
                "unit": "usd",
                "value": 1000000.0
            },
            {
                "label": "Other comprehensive income (loss)",
                "concept": "OtherComprehensiveIncomeLossNetOfTaxPortionAttributableToParent",
                "unit": "usd",
                "value": 1000000.0
            },
            {
                "label": "Comprehensive income",
                "concept": "ComprehensiveIncomeNetOfTax",
                "unit": "usd",
                "value": 29800000.0
            }
        ]
    }
}