{
    "startDate": "2020-01-01",
    "endDate": "2020-03-31",
    "year": "2020",
    "quarter": "Q1",
    "symbol": "PSEG",
    "data": {
        "bs": [
            {
                "label": "Total Stockholder's Equity",
                "concept": "StockholdersEquityIncludingPortionAttributableToNoncontrollingInterest",
                "unit": "usd",
                "value": 15249000000
            }
        ],
        "cf": [
            {
                "label": "Amortization of Nuclear Fuel",
                "concept": "pseg:AmortizationOfNuclearFuel",
                "unit": "usd",
                "value": 47000000
            },
            {
                "label": "Emission Allowances and Renewable Energy Credit Compliance Accrual",
                "concept": "AmortizationOfIntangibleAssets",
                "unit": "usd",
                "value": 33000000
            },
            {
                "label": "Provision for Deferred Income Taxes and ITC",
                "concept": "DeferredIncomeTaxesAndTaxCredits",
                "unit": "usd",
                "value": 18000000
            },
            {
                "label": "Non-Cash Employee Benefit Plan (Credits) Costs",
                "concept": "PensionAndOtherPostretirementBenefitExpense",
                "unit": "usd",
                "value": 26000000
            },
            {
                "label": "Leveraged Lease (Income) Loss, Adjusted for Rents Received and Deferred Taxes",
                "concept": "LeveragedLeasesIncomeStatementNetIncomeFromLeveragedLeases",
                "unit": "usd",
                "value": 18000000
            },
            {
                "label": "Net Realized and Unrealized (Gains) Losses on Energy Contracts and Other Derivatives",
                "concept": "pseg:RealizedUnrealizedGainLossOnDerivativesAndCommodityContracts",
                "unit": "usd",
                "value": 106000000
            },
            {
                "label": "Cost of Removal",
                "concept": "PaymentsForProceedsFromRemovalCosts",
                "unit": "usd",
                "value": 24000000
            },
            {
                "label": "Net Change in Regulatory Assets and Liabilities",
                "concept": "IncreaseDecreaseInRegulatoryAssetsAndLiabilities",
                "unit": "usd",
                "value": 80000000
            },
            {
                "label": "Net Realized (Gains) Losses and (Income) Expense from NDT Fund",
                "concept": "pseg:NetRealizedGainsLossesAndIncomeExpenseFromNuclearDecommissioningTrustFunds",
                "unit": "usd",
                "value": 209000000
            },
            {
                "label": "Tax Receivable",
                "concept": "IncreaseDecreaseInIncomeTaxesReceivable",
                "unit": "usd",
                "value": 16000000
            },
            {
                "label": "Accrued Taxes",
                "concept": "IncreaseDecreaseInAccruedTaxesPayable",
                "unit": "usd",
                "value": 71000000
            },
            {
                "label": "Margin Deposit",
                "concept": "IncreaseDecreaseInMarginDepositsOutstanding",
                "unit": "usd",
                "value": 55000000
            },
            {
                "label": "Other Current Assets and Liabilities",
                "concept": "IncreaseDecreaseInOtherCurrentAssetsAndLiabilitiesNet",
                "unit": "usd",
                "value": 120000000
            },
            {
                "label": "Employee Benefit Plan Funding and Related Payments",
                "concept": "PensionAndOtherPostretirementBenefitContributions",
                "unit": "usd",
                "value": 10000000
            },
            {
                "label": "Other",
                "concept": "IncreaseDecreaseInOtherOperatingCapitalNet",
                "unit": "usd",
                "value": 20000000
            },
            {
                "label": "Net Cash Provided By (Used In) Operating Activities",
                "concept": "NetCashProvidedByUsedInOperatingActivities",
                "unit": "usd",
                "value": 1153000000
            },
            {
                "label": "Additions to Property, Plant and Equipment",
                "concept": "PaymentsToAcquirePropertyPlantAndEquipment",
                "unit": "usd",
                "value": 720000000
            },
            {
                "label": "Purchase of Emissions Allowances and RECs",
                "concept": "PaymentsToAcquireIntangibleAssets",
                "unit": "usd",
                "value": 29000000
            },
            {
                "label": "Proceeds from Sale of Available-for-Sale Securities",
                "concept": "ProceedsFromSaleOfAvailableForSaleSecurities",
                "unit": "usd",
                "value": 609000000
            },
            {
                "label": "Investments in Available-for-Sale Securities",
                "concept": "PaymentsToAcquireAvailableForSaleSecurities",
                "unit": "usd",
                "value": 619000000
            },
            {
                "label": "Other",
                "concept": "PaymentsForProceedsFromOtherInvestingActivities",
                "unit": "usd",
                "value": 35000000
            },
            {
                "label": "Net Cash Provided By (Used In) Investing Activities",
                "concept": "NetCashProvidedByUsedInInvestingActivities",
                "unit": "usd",
                "value": 724000000
            },
            {
                "label": "Net Change in Commercial Paper and Loans",
                "concept": "ProceedsFromRepaymentsOfCommercialPaper",
                "unit": "usd",
                "value": 353000000
            },
            {
                "label": "Proceeds from Short-Term Loan",
                "concept": "ProceedsFromShortTermDebt",
                "unit": "usd",
                "value": 300000000
            },
            {
                "label": "Proceeds from Issuance of Other Long-term Debt",
                "concept": "ProceedsFromIssuanceOfOtherLongTermDebt",
                "unit": "usd",
                "value": 600000000
            },
            {
                "label": "Redemption of Long-term Debt",
                "concept": "RepaymentsOfOtherLongTermDebt",
                "unit": "usd",
                "value": "N/A"
            },
            {
                "label": "Cash Dividends Paid on Common Stock",
                "concept": "PaymentsOfDividendsCommonStock",
                "unit": "usd",
                "value": 248000000
            },
            {
                "label": "Other",
                "concept": "ProceedsFromPaymentsForOtherFinancingActivities",
                "unit": "usd",
                "value": 62000000
            },
            {
                "label": "Net Cash Provided By (Used In) Financing Activities",
                "concept": "NetCashProvidedByUsedInFinancingActivities",
                "unit": "usd",
                "value": 237000000
            },
            {
                "label": "Net Increase (Decrease) In Cash, Cash Equivalents and Restricted Cash",
                "concept": "CashCashEquivalentsRestrictedCashAndRestrictedCashEquivalentsPeriodIncreaseDecreaseExcludingExchangeRateEffect",
                "unit": "usd",
                "value": 666000000
            },
            {
                "label": "Income Taxes Paid (Received)",
                "concept": "IncomeTaxesPaidNet",
                "unit": "usd",
                "value": 14000000
            },
            {
                "label": "Interest Paid, Net of Amounts Capitalized",
                "concept": "InterestPaidNet",
                "unit": "usd",
                "value": 91000000
            },
            {
                "label": "Accrued Property, Plant and Equipment Expenditures",
                "concept": "CapitalExpendituresIncurredButNotYetPaid",
                "unit": "usd",
                "value": 378000000
            }
        ],
        "ic": [
            {
                "label": "Energy Costs",
                "concept": "CostOfGoodsAndServicesSold",
                "unit": "usd",
                "value": 906000000
            },
            {
                "label": "Depreciation and Amortization",
                "concept": "CostOfGoodsAndServicesSoldDepreciationAndAmortization",
                "unit": "usd",
                "value": 324000000
            },
            {
                "label": "Total Operating Expenses",
                "concept": "CostsAndExpenses",
                "unit": "usd",
                "value": 1984000000
            },
            {
                "label": "OPERATING INCOME",
                "concept": "OperatingIncomeLoss",
                "unit": "usd",
                "value": 797000000
            },
            {
                "label": "Income from Equity Method Investments",
                "concept": "IncomeLossFromEquityMethodInvestments",
                "unit": "usd",
                "value": 3000000
            },
            {
                "label": "Other Income (Deductions)",
                "concept": "OtherNonoperatingIncomeExpense",
                "unit": "usd",
                "value": 4000000
            },
            {
                "label": "Non-Operating Pension and OPEB Credits (Costs)",
                "concept": "NetPeriodicDefinedBenefitsExpenseReversalOfExpenseExcludingServiceCostComponent",
                "unit": "usd",
                "value": 62000000
            },
            {
                "label": "Interest Expense",
                "concept": "InterestExpense",
                "unit": "usd",
                "value": 153000000
            },
            {
                "label": "Income Before Income Taxes",
                "concept": "IncomeLossFromContinuingOperationsBeforeIncomeTaxesExtraordinaryItemsNoncontrollingInterest",
                "unit": "usd",
                "value": 492000000
            },
            {
                "label": "Income Tax Benefit (Expense)",
                "concept": "IncomeTaxExpenseBenefit",
                "unit": "usd",
                "value": 44000000
            },
            {
                "label": "Net Income",
                "concept": "NetIncomeLoss",
                "unit": "usd",
                "value": 448000000
            },
            {
                "label": "BASIC (shares)",
                "concept": "WeightedAverageNumberOfSharesOutstandingBasic",
                "unit": "shares",
                "value": 504000000
            },
            {
                "label": "DILUTED (shares)",
                "concept": "WeightedAverageNumberOfDilutedSharesOutstanding",
                "unit": "shares",
                "value": 507000000
            },
            {
                "label": "BASIC (dollars per share)",
                "concept": "EarningsPerShareBasic",
                "unit": "usd/shares",
                "value": 0.89
            },
            {
                "label": "DILUTED (dollars per share)",
                "concept": "EarningsPerShareDiluted",
                "unit": "usd/shares",
                "value": 0.88
            }
        ]
    }
}