{
    "startDate": "2020-01-01",
    "endDate": "2020-03-31",
    "year": "2020",
    "quarter": "Q1",
    "symbol": "PBI",
    "data": {
        "bs": [
            {
                "label": "Cash and cash equivalents",
                "concept": "CashAndCashEquivalentsAtCarryingValue",
                "unit": "usd",
                "value": 663072000
            },
            {
                "label": "Short-term investments, reported at fair value",
                "concept": "AvailableForSaleSecuritiesDebtSecuritiesCurrent",
                "unit": "usd",
                "value": 67180000
            },
            {
                "label": "Accounts and other receivables (net of allowance of $29,444 and $17,830, respectively)",
                "concept": "AccountsReceivableNetCurrent",
                "unit": "usd",
                "value": 342823000
            },
            {
                "label": "Short-term finance receivables (net of allowance of $23,104 and $12,556, respectively)",
                "concept": "NotesAndLoansReceivableNetCurrent",
                "unit": "usd",
                "value": 597805000
            },
            {
                "label": "Inventories",
                "concept": "InventoryNet",
                "unit": "usd",
                "value": 71848000
            },
            {
                "label": "Current income taxes",
                "concept": "IncomeTaxesReceivable",
                "unit": "usd",
                "value": 16356000
            },
            {
                "label": "Other current assets and prepayments",
                "concept": "PrepaidExpenseAndOtherAssetsCurrent",
                "unit": "usd",
                "value": 111104000
            },
            {
                "label": "Assets of discontinued operations",
                "concept": "AssetsOfDisposalGroupIncludingDiscontinuedOperationCurrent",
                "unit": "usd",
                "value": "N/A"
            },
            {
                "label": "Total current assets",
                "concept": "AssetsCurrent",
                "unit": "usd",
                "value": 1870188000
            },
            {
                "label": "Property, plant and equipment, net",
                "concept": "PropertyPlantAndEquipmentNet",
                "unit": "usd",
                "value": 371464000
            },
            {
                "label": "Rental property and equipment, net",
                "concept": "pbi:RentalPropertyAndEquipmentNet",
                "unit": "usd",
                "value": 40264000
            },
            {
                "label": "Long-term finance receivables (net of allowance of $15,764 and $7,095 respectively)",
                "concept": "NotesAndLoansReceivableNetNoncurrent",
                "unit": "usd",
                "value": 601547000
            },
            {
                "label": "Goodwill",
                "concept": "Goodwill",
                "unit": "usd",
                "value": 1125035000
            },
            {
                "label": "Intangible assets, net",
                "concept": "IntangibleAssetsNetExcludingGoodwill",
                "unit": "usd",
                "value": 181624000
            },
            {
                "label": "Operating lease assets",
                "concept": "OperatingLeaseRightOfUseAsset",
                "unit": "usd",
                "value": 193635000
            },
            {
                "label": "Noncurrent income taxes",
                "concept": "IncomeTaxesReceivableNoncurrent",
                "unit": "usd",
                "value": 73186000
            },
            {
                "label": "Other assets (includes $280,083 and $232,938, respectively, reported at fair value)",
                "concept": "OtherAssetsNoncurrent",
                "unit": "usd",
                "value": 436487000
            },
            {
                "label": "Total assets",
                "concept": "Assets",
                "unit": "usd",
                "value": 4893430000
            },
            {
                "label": "Accounts payable and accrued liabilities",
                "concept": "AccountsPayableAndAccruedLiabilitiesCurrent",
                "unit": "usd",
                "value": 653539000
            },
            {
                "label": "Customer deposits at Pitney Bowes Bank",
                "concept": "pbi:ReserveAccountDepositsCurrent",
                "unit": "usd",
                "value": 590230000
            },
            {
                "label": "Current operating lease liabilities",
                "concept": "OperatingLeaseLiabilityCurrent",
                "unit": "usd",
                "value": 36085000
            },
            {
                "label": "Current portion of long-term debt",
                "concept": "LongTermDebtCurrent",
                "unit": "usd",
                "value": 62952000
            },
            {
                "label": "Advance billings",
                "concept": "DeferredRevenueCurrent",
                "unit": "usd",
                "value": 96641000
            },
            {
                "label": "Current income taxes",
                "concept": "AccruedIncomeTaxesCurrent",
                "unit": "usd",
                "value": 3070000
            },
            {
                "label": "Liabilities of discontinued operations",
                "concept": "LiabilitiesOfDisposalGroupIncludingDiscontinuedOperationCurrent",
                "unit": "usd",
                "value": "N/A"
            },
            {
                "label": "Total current liabilities",
                "concept": "LiabilitiesCurrent",
                "unit": "usd",
                "value": 1442517000
            },
            {
                "label": "Long-term debt",
                "concept": "LongTermDebtNoncurrent",
                "unit": "usd",
                "value": 2567010000
            },
            {
                "label": "Deferred taxes on income",
                "concept": "DeferredIncomeTaxLiabilitiesNet",
                "unit": "usd",
                "value": 275815000
            },
            {
                "label": "Tax uncertainties and other income tax liabilities",
                "concept": "LiabilityForUncertainTaxPositionsNoncurrent",
                "unit": "usd",
                "value": 36096000
            },
            {
                "label": "Noncurrent operating lease liabilities",
                "concept": "OperatingLeaseLiabilityNoncurrent",
                "unit": "usd",
                "value": 171079000
            },
            {
                "label": "Other noncurrent liabilities",
                "concept": "OtherLiabilitiesNoncurrent",
                "unit": "usd",
                "value": 371483000
            },
            {
                "label": "Total liabilities",
                "concept": "Liabilities",
                "unit": "usd",
                "value": 4864000000
            },
            {
                "label": "Commitments and contingencies (See Note 14)",
                "concept": "CommitmentsAndContingencies",
                "unit": "usd",
                "value": "N/A"
            },
            {
                "label": "Common stock, $1 par value (480,000,000 shares authorized; 323,337,912 shares issued)",
                "concept": "CommonStockValue",
                "unit": "usd",
                "value": 323338000
            },
            {
                "label": "Additional paid-in capital",
                "concept": "AdditionalPaidInCapital",
                "unit": "usd",
                "value": 69553000
            },
            {
                "label": "Retained earnings",
                "concept": "RetainedEarningsAccumulatedDeficit",
                "unit": "usd",
                "value": 5200024000
            },
            {
                "label": "Accumulated other comprehensive loss",
                "concept": "AccumulatedOtherComprehensiveIncomeLossNetOfTax",
                "unit": "usd",
                "value": 857874000
            },
            {
                "label": "Treasury stock, at cost (151,947,224 and 152,888,969 shares, respectively)",
                "concept": "TreasuryStockValue",
                "unit": "usd",
                "value": 4705611000
            },
            {
                "label": "Total stockholders\u2019 equity",
                "concept": "StockholdersEquity",
                "unit": "usd",
                "value": 29430000
            },
            {
                "label": "Total liabilities and stockholders\u2019 equity",
                "concept": "LiabilitiesAndStockholdersEquity",
                "unit": "usd",
                "value": 4893430000
            }
        ],
        "cf": [
            {
                "label": "(Income) loss from discontinued operations, net of tax",
                "concept": "IncomeLossFromDiscontinuedOperationsNetOfTaxAttributableToReportingEntity",
                "unit": "usd",
                "value": 10064000
            },
            {
                "label": "Restructuring payments",
                "concept": "PaymentsForRestructuring",
                "unit": "usd",
                "value": 6047000
            },
            {
                "label": "Depreciation and amortization",
                "concept": "DepreciationAndAmortization",
                "unit": "usd",
                "value": 40719000
            },
            {
                "label": "Stock-based compensation",
                "concept": "ShareBasedCompensation",
                "unit": "usd",
                "value": 1521000
            },
            {
                "label": "Allowance for credit losses",
                "concept": "ProvisionForDoubtfulAccounts",
                "unit": "usd",
                "value": 15926000
            },
            {
                "label": "Amortization of debt fees",
                "concept": "AmortizationOfDeferredLoanOriginationFeesNet",
                "unit": "usd",
                "value": 2300000
            },
            {
                "label": "Decrease in accounts receivable",
                "concept": "IncreaseDecreaseInAccountsReceivable",
                "unit": "usd",
                "value": 7182000
            },
            {
                "label": "Decrease in finance receivables",
                "concept": "IncreaseDecreaseInFinanceReceivables",
                "unit": "usd",
                "value": 18843000
            },
            {
                "label": "Increase in inventories",
                "concept": "IncreaseDecreaseInInventories",
                "unit": "usd",
                "value": 4815000
            },
            {
                "label": "Increase in other current assets and prepayments",
                "concept": "IncreaseDecreaseInPrepaidDeferredExpenseAndOtherAssets",
                "unit": "usd",
                "value": 7969000
            },
            {
                "label": "Decrease in accounts payable and accrued liabilities",
                "concept": "IncreaseDecreaseInAccountsPayableAndAccruedLiabilities",
                "unit": "usd",
                "value": 104556000
            },
            {
                "label": "Increase (decrease) in current and noncurrent income taxes",
                "concept": "IncreaseDecreaseInAccruedIncomeTaxesPayable",
                "unit": "usd",
                "value": 10797000
            },
            {
                "label": "(Decrease) increase in advance billings",
                "concept": "IncreaseDecreaseInContractWithCustomerLiability",
                "unit": "usd",
                "value": 4148000
            },
            {
                "label": "Other, net",
                "concept": "IncreaseDecreaseInOtherOperatingCapitalNet",
                "unit": "usd",
                "value": 18658000
            },
            {
                "label": "Net cash (used in) provided by operating activities - continuing operations",
                "concept": "NetCashProvidedByUsedInOperatingActivitiesContinuingOperations",
                "unit": "usd",
                "value": 28479000
            },
            {
                "label": "Net cash (used in) provided by operating activities - discontinued operations",
                "concept": "CashProvidedByUsedInOperatingActivitiesDiscontinuedOperations",
                "unit": "usd",
                "value": 37805000
            },
            {
                "label": "Net cash (used in) provided by operating activities",
                "concept": "NetCashProvidedByUsedInOperatingActivities",
                "unit": "usd",
                "value": 66284000
            },
            {
                "label": "Purchases of available-for-sale securities",
                "concept": "PaymentsToAcquireMarketableSecurities",
                "unit": "usd",
                "value": 67312000
            },
            {
                "label": "Proceeds from sales/maturities of available-for-sale securities",
                "concept": "ProceedsFromSaleAndMaturityOfAvailableForSaleSecurities",
                "unit": "usd",
                "value": 24102000
            },
            {
                "label": "Net activity from short-term and other investments",
                "concept": "PaymentsForProceedsFromShortTermInvestments",
                "unit": "usd",
                "value": 48431000
            },
            {
                "label": "Capital expenditures",
                "concept": "PaymentsToAcquirePropertyPlantAndEquipment",
                "unit": "usd",
                "value": 25778000
            },
            {
                "label": "Acquisitions, net of cash acquired",
                "concept": "PaymentsToAcquireBusinessesNetOfCashAcquired",
                "unit": "usd",
                "value": 1281000
            },
            {
                "label": "Change in customer deposits at Pitney Bowes Bank",
                "concept": "pbi:PaymentsforProceedsfromChangeinReserveAccountDepositsInvestingActivities",
                "unit": "usd",
                "value": 888000
            },
            {
                "label": "Other investing activities",
                "concept": "PaymentsForProceedsFromOtherInvestingActivities",
                "unit": "usd",
                "value": 230000
            },
            {
                "label": "Net cash used in investing activities - continuing operations",
                "concept": "NetCashProvidedByUsedInInvestingActivitiesContinuingOperations",
                "unit": "usd",
                "value": 22956000
            },
            {
                "label": "Net cash used in investing activities - discontinued operations",
                "concept": "CashProvidedByUsedInInvestingActivitiesDiscontinuedOperations",
                "unit": "usd",
                "value": 2502000
            },
            {
                "label": "Net cash used in investing activities - continuing operations",
                "concept": "NetCashProvidedByUsedInInvestingActivities",
                "unit": "usd",
                "value": 25458000
            },
            {
                "label": "Proceeds from the issuance of long-term debt",
                "concept": "ProceedsFromIssuanceOfLongTermDebt",
                "unit": "usd",
                "value": 816544000
            },
            {
                "label": "Principal payments of long-term debt",
                "concept": "RepaymentsOfOtherLongTermDebt",
                "unit": "usd",
                "value": 932600000
            },
            {
                "label": "Premiums and fees paid to extinguish debt",
                "concept": "EarlyRepaymentOfSeniorDebt",
                "unit": "usd",
                "value": 32645000
            },
            {
                "label": "Dividends paid to stockholders",
                "concept": "PaymentsOfDividendsCommonStock",
                "unit": "usd",
                "value": 8523000
            },
            {
                "label": "Common stock repurchases",
                "concept": "PaymentsForRepurchaseOfEquity",
                "unit": "usd",
                "value": "N/A"
            },
            {
                "label": "Other financing activities",
                "concept": "ProceedsFromPaymentsForOtherFinancingActivities",
                "unit": "usd",
                "value": 2372000
            },
            {
                "label": "Net cash used in financing activities",
                "concept": "NetCashProvidedByUsedInFinancingActivities",
                "unit": "usd",
                "value": 159596000
            },
            {
                "label": "Effect of exchange rate changes on cash and cash equivalents",
                "concept": "EffectOfExchangeRateOnCashCashEquivalentsRestrictedCashAndRestrictedCashEquivalents",
                "unit": "usd",
                "value": 10032000
            },
            {
                "label": "Change in cash and cash equivalents",
                "concept": "CashCashEquivalentsRestrictedCashAndRestrictedCashEquivalentsPeriodIncreaseDecreaseIncludingExchangeRateEffect",
                "unit": "usd",
                "value": 261370000
            },
            {
                "label": "Cash interest paid",
                "concept": "InterestPaidNet",
                "unit": "usd",
                "value": 44891000
            },
            {
                "label": "Cash income tax payments, net of refunds",
                "concept": "IncomeTaxesPaid",
                "unit": "usd",
                "value": 13270000
            }
        ],
        "ic": [
            {
                "label": "Revenue",
                "concept": "Revenues",
                "unit": "usd",
                "value": 796268000
            },
            {
                "label": "Selling, general and administrative",
                "concept": "SellingGeneralAndAdministrativeExpense",
                "unit": "usd",
                "value": 248633000
            },
            {
                "label": "Research and development",
                "concept": "ResearchAndDevelopmentExpense",
                "unit": "usd",
                "value": 12116000
            },
            {
                "label": "Restructuring charges",
                "concept": "RestructuringCostsAndAssetImpairmentCharges",
                "unit": "usd",
                "value": 3817000
            },
            {
                "label": "Goodwill impairment",
                "concept": "GoodwillImpairmentLoss",
                "unit": "usd",
                "value": 198169000
            },
            {
                "label": "Interest expense, net",
                "concept": "InterestExpense",
                "unit": "usd",
                "value": 25883000
            },
            {
                "label": "Other components of net pension and postretirement income",
                "concept": "NetPeriodicDefinedBenefitsExpenseReversalOfExpenseExcludingServiceCostComponent",
                "unit": "usd",
                "value": 151000
            },
            {
                "label": "Other expense, net",
                "concept": "OtherNonrecurringIncomeExpense",
                "unit": "usd",
                "value": 33487000
            },
            {
                "label": "Total costs and expenses",
                "concept": "CostsAndExpenses",
                "unit": "usd",
                "value": 1024845000
            },
            {
                "label": "(Loss) income from continuing operations before taxes",
                "concept": "IncomeLossFromContinuingOperationsBeforeIncomeTaxesExtraordinaryItemsNoncontrollingInterest",
                "unit": "usd",
                "value": 228577000
            },
            {
                "label": "(Benefit) provision for income taxes",
                "concept": "IncomeTaxExpenseBenefit",
                "unit": "usd",
                "value": 10030000
            },
            {
                "label": "Loss from continuing operations",
                "concept": "IncomeLossFromContinuingOperations",
                "unit": "usd",
                "value": 218547000
            },
            {
                "label": "Income (loss) from discontinued operations, net of tax",
                "concept": "IncomeLossFromDiscontinuedOperationsNetOfTaxAttributableToReportingEntity",
                "unit": "usd",
                "value": 10064000
            },
            {
                "label": "Net loss",
                "concept": "NetIncomeLoss",
                "unit": "usd",
                "value": 208483000
            },
            {
                "label": "Continuing operations (in dollars per share)",
                "concept": "IncomeLossFromContinuingOperationsPerBasicShare",
                "unit": "usd/shares",
                "value": 1.28
            },
            {
                "label": "Discontinued operations (in dollars per share)",
                "concept": "IncomeLossFromDiscontinuedOperationsNetOfTaxPerBasicShare",
                "unit": "usd/shares",
                "value": 0.06
            },
            {
                "label": "Net loss (in dollars per share)",
                "concept": "EarningsPerShareBasic",
                "unit": "usd/shares",
                "value": 1.22
            },
            {
                "label": "Continuing operations (in dollars per share)",
                "concept": "IncomeLossFromContinuingOperationsPerDilutedShare",
                "unit": "usd/shares",
                "value": 1.28
            },
            {
                "label": "Discontinued operations (in dollars per share)",
                "concept": "IncomeLossFromDiscontinuedOperationsNetOfTaxPerDilutedShare",
                "unit": "usd/shares",
                "value": 0.06
            },
            {
                "label": "Net loss income (in dollars per share)",
                "concept": "EarningsPerShareDiluted",
                "unit": "usd/shares",
                "value": 1.22
            }
        ]
    }
}