{
    "startDate": "2020-01-01",
    "endDate": "2020-03-31",
    "year": "2020",
    "quarter": "Q1",
    "symbol": "CSX",
    "data": {
        "bs": [
            {
                "label": "Cash and Cash Equivalents",
                "concept": "CashCashEquivalentsRestrictedCashAndRestrictedCashEquivalents",
                "unit": "usd",
                "value": 1995000000
            },
            {
                "label": "Short-term Investments",
                "concept": "ShortTermInvestments",
                "unit": "usd",
                "value": 487000000
            },
            {
                "label": "Accounts Receivable - Net",
                "concept": "AccountsReceivableNetCurrent",
                "unit": "usd",
                "value": 1008000000
            },
            {
                "label": "Receivable from Affiliates",
                "concept": "DueFromAffiliateCurrent",
                "unit": "usd",
                "value": "N/A"
            },
            {
                "label": "Materials and Supplies",
                "concept": "MaterialsSuppliesAndOther",
                "unit": "usd",
                "value": 257000000
            },
            {
                "label": "Other Current Assets",
                "concept": "OtherAssetsCurrent",
                "unit": "usd",
                "value": 74000000
            },
            {
                "label": "Total Current Assets",
                "concept": "AssetsCurrent",
                "unit": "usd",
                "value": 3821000000
            },
            {
                "label": "Properties",
                "concept": "PropertyPlantAndEquipmentGross",
                "unit": "usd",
                "value": 45065000000
            },
            {
                "label": "Accumulated Depreciation",
                "concept": "AccumulatedDepreciationDepletionAndAmortizationPropertyPlantAndEquipment",
                "unit": "usd",
                "value": 12877000000
            },
            {
                "label": "Properties - Net",
                "concept": "PropertyPlantAndEquipmentNet",
                "unit": "usd",
                "value": 32188000000
            },
            {
                "label": "Right-of-Use Lease Asset",
                "concept": "OperatingLeaseRightOfUseAsset",
                "unit": "usd",
                "value": 523000000
            },
            {
                "label": "Other Long-term Assets",
                "concept": "OtherAssetsNoncurrent",
                "unit": "usd",
                "value": 401000000
            },
            {
                "label": "Total Assets",
                "concept": "Assets",
                "unit": "usd",
                "value": 38834000000
            },
            {
                "label": "Accounts Payable",
                "concept": "AccountsPayableCurrent",
                "unit": "usd",
                "value": 1058000000
            },
            {
                "label": "Labor and Fringe Benefits Payable",
                "concept": "EmployeeRelatedLiabilitiesCurrent",
                "unit": "usd",
                "value": 345000000
            },
            {
                "label": "Payable to Affiliates",
                "concept": "DueToAffiliateCurrent",
                "unit": "usd",
                "value": "N/A"
            },
            {
                "label": "Casualty, Environmental and Other Reserves",
                "concept": "LossContingencyAccrualCarryingValueCurrent",
                "unit": "usd",
                "value": 99000000
            },
            {
                "label": "Current Maturities of Long-term Debt",
                "concept": "LongTermDebtAndCapitalLeaseObligationsCurrent",
                "unit": "usd",
                "value": 255000000
            },
            {
                "label": "Income and Other Taxes Payable",
                "concept": "TaxesPayableCurrent",
                "unit": "usd",
                "value": 269000000
            },
            {
                "label": "Other Current Liabilities",
                "concept": "OtherLiabilitiesCurrent",
                "unit": "usd",
                "value": 185000000
            },
            {
                "label": "Total Current Liabilities",
                "concept": "LiabilitiesCurrent",
                "unit": "usd",
                "value": 2211000000
            },
            {
                "label": "Casualty, Environmental and Other Reserves",
                "concept": "LossContingencyAccrualCarryingValueNoncurrent",
                "unit": "usd",
                "value": 210000000
            },
            {
                "label": "Long-term Debt",
                "concept": "LongTermDebtAndCapitalLeaseObligations",
                "unit": "usd",
                "value": 16477000000
            },
            {
                "label": "Deferred Income Taxes - Net",
                "concept": "DeferredIncomeTaxLiabilitiesNet",
                "unit": "usd",
                "value": 6991000000
            },
            {
                "label": "Long-term Lease Liability",
                "concept": "OperatingLeaseLiabilityNoncurrent",
                "unit": "usd",
                "value": 489000000
            },
            {
                "label": "Other Long-term Liabilities",
                "concept": "OtherLiabilitiesNoncurrent",
                "unit": "usd",
                "value": 568000000
            },
            {
                "label": "Total Liabilities",
                "concept": "Liabilities",
                "unit": "usd",
                "value": 26946000000
            },
            {
                "label": "Common Stock, $1 Par Value",
                "concept": "CommonStockValue",
                "unit": "usd",
                "value": 765000000
            },
            {
                "label": "Other Capital",
                "concept": "AdditionalPaidInCapitalCommonStock",
                "unit": "usd",
                "value": 366000000
            },
            {
                "label": "Retained Earnings",
                "concept": "RetainedEarningsAccumulatedDeficit",
                "unit": "usd",
                "value": 11412000000
            },
            {
                "label": "Accumulated Other Comprehensive Loss",
                "concept": "AccumulatedOtherComprehensiveIncomeLossNetOfTax",
                "unit": "usd",
                "value": 672000000
            },
            {
                "label": "Noncontrolling Interest",
                "concept": "MinorityInterest",
                "unit": "usd",
                "value": 17000000
            },
            {
                "label": "Total Shareholders' Equity",
                "concept": "StockholdersEquityIncludingPortionAttributableToNoncontrollingInterest",
                "unit": "usd",
                "value": 11888000000
            },
            {
                "label": "Total Liabilities and Shareholders' Equity",
                "concept": "LiabilitiesAndStockholdersEquity",
                "unit": "usd",
                "value": 38834000000
            }
        ],
        "cf": [
            {
                "label": "Net Cash Provided by (Used in) Operating Activities",
                "concept": "NetCashProvidedByUsedInOperatingActivities",
                "unit": "usd",
                "value": 1178000000
            },
            {
                "label": "Property Additions",
                "concept": "PaymentsToAcquirePropertyPlantAndEquipment",
                "unit": "usd",
                "value": 381000000
            },
            {
                "label": "Proceeds from Property Dispositions",
                "concept": "ProceedsFromSaleOfPropertyPlantAndEquipment",
                "unit": "usd",
                "value": 35000000
            },
            {
                "label": "Purchases of Short-term Investments",
                "concept": "PaymentsToAcquireShortTermInvestments",
                "unit": "usd",
                "value": 426000000
            },
            {
                "label": "Proceeds from Sales of Short-term Investments",
                "concept": "ProceedsFromSaleOfShortTermInvestments",
                "unit": "usd",
                "value": 936000000
            },
            {
                "label": "Other Investing Activities",
                "concept": "PaymentsForProceedsFromOtherInvestingActivities",
                "unit": "usd",
                "value": 20000000
            },
            {
                "label": "Net Cash Provided by (Used In) Investing Activities",
                "concept": "NetCashProvidedByUsedInInvestingActivities",
                "unit": "usd",
                "value": 144000000
            },
            {
                "label": "Long-term Debt Issued",
                "concept": "ProceedsFromIssuanceOfLongTermDebt",
                "unit": "usd",
                "value": 500000000
            },
            {
                "label": "Dividends Paid",
                "concept": "PaymentsOfDividendsCommonStock",
                "unit": "usd",
                "value": 201000000
            },
            {
                "label": "Shares Repurchased",
                "concept": "PaymentsForRepurchaseOfCommonStock",
                "unit": "usd",
                "value": 577000000
            },
            {
                "label": "Other Financing Activities",
                "concept": "ProceedsFromPaymentsForOtherFinancingActivities",
                "unit": "usd",
                "value": 7000000
            },
            {
                "label": "Net Cash (Used in) Provided by Financing Activities",
                "concept": "NetCashProvidedByUsedInFinancingActivities",
                "unit": "usd",
                "value": 285000000
            },
            {
                "label": "Net Increase in Cash and Cash Equivalents",
                "concept": "CashCashEquivalentsRestrictedCashAndRestrictedCashEquivalentsPeriodIncreaseDecreaseExcludingExchangeRateEffect",
                "unit": "usd",
                "value": 1037000000
            }
        ],
        "ic": [
            {
                "label": "Revenue",
                "concept": "RevenueFromContractWithCustomerExcludingAssessedTax",
                "unit": "usd",
                "value": 2855000000
            },
            {
                "label": "Expense",
                "concept": "OperatingCostsAndExpenses",
                "unit": "usd",
                "value": 1677000000
            },
            {
                "label": "Operating Income",
                "concept": "OperatingIncomeLoss",
                "unit": "usd",
                "value": 1178000000
            },
            {
                "label": "Equity in Earnings of Subsidiaries",
                "concept": "IncomeLossFromSubsidiariesBeforeTax",
                "unit": "usd",
                "value": "N/A"
            },
            {
                "label": "Interest (Expense) / Benefit",
                "concept": "InterestIncomeExpenseNet",
                "unit": "usd",
                "value": 187000000
            },
            {
                "label": "Other Income / (Expense) - Net",
                "concept": "NonoperatingIncomeExpense",
                "unit": "usd",
                "value": 22000000
            },
            {
                "label": "Earnings Before Income Taxes",
                "concept": "IncomeLossFromContinuingOperationsBeforeIncomeTaxesExtraordinaryItemsNoncontrollingInterest",
                "unit": "usd",
                "value": 1013000000
            },
            {
                "label": "Income Tax Benefit / (Expense)",
                "concept": "IncomeTaxExpenseBenefit",
                "unit": "usd",
                "value": 243000000
            },
            {
                "label": "Net Earnings",
                "concept": "NetIncomeLoss",
                "unit": "usd",
                "value": 770000000
            },
            {
                "label": "Total Comprehensive Earnings",
                "concept": "ComprehensiveIncomeNetOfTax",
                "unit": "usd",
                "value": 773000000
            }
        ]
    }
}