{
    "startDate": "2020-01-01",
    "endDate": "2020-03-31",
    "year": "2020",
    "quarter": "Q1",
    "symbol": "CDE",
    "data": {
        "bs": [
            {
                "label": "Cash and cash equivalents",
                "concept": "CashAndCashEquivalentsAtCarryingValue",
                "unit": "usd",
                "value": 52895000
            },
            {
                "label": "Receivables",
                "concept": "AccountsReceivableNetCurrent",
                "unit": "usd",
                "value": 19722000
            },
            {
                "label": "Inventory",
                "concept": "InventoryNet",
                "unit": "usd",
                "value": 51857000
            },
            {
                "label": "Ore on leach pads",
                "concept": "cde:OreOnLeachPadCurrent",
                "unit": "usd",
                "value": 83035000
            },
            {
                "label": "Prepaid expenses and other",
                "concept": "OtherAssetsCurrent",
                "unit": "usd",
                "value": 14150000
            },
            {
                "label": "Current assets",
                "concept": "AssetsCurrent",
                "unit": "usd",
                "value": 221659000
            },
            {
                "label": "Property, plant and equipment, net",
                "concept": "PropertyPlantAndEquipmentNet",
                "unit": "usd",
                "value": 242018000
            },
            {
                "label": "Mining properties, net",
                "concept": "MineralPropertiesNet",
                "unit": "usd",
                "value": 702960000
            },
            {
                "label": "Restricted assets",
                "concept": "OtherRestrictedAssetsNoncurrent",
                "unit": "usd",
                "value": 8123000
            },
            {
                "label": "Equity and debt securities",
                "concept": "AvailableForSaleSecuritiesEquitySecuritiesNoncurrent",
                "unit": "usd",
                "value": 26826000
            },
            {
                "label": "Receivables",
                "concept": "AccountsReceivableNetNoncurrent",
                "unit": "usd",
                "value": 23149000
            },
            {
                "label": "Other",
                "concept": "OtherAssetsNoncurrent",
                "unit": "usd",
                "value": 57659000
            },
            {
                "label": "TOTAL ASSETS",
                "concept": "Assets",
                "unit": "usd",
                "value": 1349097000
            },
            {
                "label": "Accounts payable",
                "concept": "AccountsPayableCurrent",
                "unit": "usd",
                "value": 61519000
            },
            {
                "label": "Accrued liabilities and other",
                "concept": "OtherLiabilitiesCurrent",
                "unit": "usd",
                "value": 49935000
            },
            {
                "label": "Debt",
                "concept": "DebtCurrent",
                "unit": "usd",
                "value": 23588000
            },
            {
                "label": "Reclamation",
                "concept": "AccruedReclamationCostsCurrent",
                "unit": "usd",
                "value": 3094000
            },
            {
                "label": "Current liabilities",
                "concept": "LiabilitiesCurrent",
                "unit": "usd",
                "value": 138136000
            },
            {
                "label": "Reclamation",
                "concept": "MineReclamationAndClosingLiabilityNoncurrent",
                "unit": "usd",
                "value": 135436000
            },
            {
                "label": "Deferred tax liabilities",
                "concept": "DeferredIncomeTaxLiabilitiesNet",
                "unit": "usd",
                "value": 36472000
            },
            {
                "label": "Other long-term liabilities",
                "concept": "OtherLiabilitiesNoncurrent",
                "unit": "usd",
                "value": 58888000
            },
            {
                "label": "Non-current liabilities",
                "concept": "LiabilitiesNoncurrent",
                "unit": "usd",
                "value": 550317000
            },
            {
                "label": "Common stock, par value $0.01 per share; authorized 300,000,000 shares, 243,586,226 issued and outstanding at March 31, 2020 and 241,529,021 at December 31, 2019",
                "concept": "CommonStockValue",
                "unit": "usd",
                "value": 2436000
            },
            {
                "label": "Additional paid-in capital",
                "concept": "AdditionalPaidInCapitalCommonStock",
                "unit": "usd",
                "value": 3603785000
            },
            {
                "label": "Accumulated deficit",
                "concept": "RetainedEarningsAccumulatedDeficit",
                "unit": "usd",
                "value": 2945647000
            },
            {
                "label": "Stockholders' equity",
                "concept": "StockholdersEquity",
                "unit": "usd",
                "value": 660644000
            },
            {
                "label": "TOTAL LIABILITIES AND STOCKHOLDERS\u2019 EQUITY",
                "concept": "LiabilitiesAndStockholdersEquity",
                "unit": "usd",
                "value": 1349097000
            }
        ],
        "cf": [
            {
                "label": "NET INCOME (LOSS)",
                "concept": "NetIncomeLoss",
                "unit": "usd",
                "value": 11900000
            },
            {
                "label": "(Income) Loss from Discontinued Operations, Net of Tax, Attributable to Parent",
                "concept": "IncomeLossFromDiscontinuedOperationsNetOfTaxAttributableToReportingEntity",
                "unit": "usd",
                "value": "N/A"
            },
            {
                "label": "Amortization",
                "concept": "DepreciationDepletionAndAmortization",
                "unit": "usd",
                "value": 36162000
            },
            {
                "label": "Accretion",
                "concept": "AccretionExpense",
                "unit": "usd",
                "value": 2847000
            },
            {
                "label": "Deferred income taxes",
                "concept": "DeferredIncomeTaxExpenseBenefit",
                "unit": "usd",
                "value": 5487000
            },
            {
                "label": "Fair value adjustments, net",
                "concept": "cde:FairValueAdjustmentsNet",
                "unit": "usd",
                "value": 8819000
            },
            {
                "label": "Stock-based compensation",
                "concept": "ShareBasedCompensation",
                "unit": "usd",
                "value": 2013000
            },
            {
                "label": "(Gain) Loss on Modification of Lease",
                "concept": "cde:GainLossonModificationofLease",
                "unit": "usd",
                "value": 4051000
            },
            {
                "label": "Inventory Write-down",
                "concept": "InventoryWriteDown",
                "unit": "usd",
                "value": 10381000
            },
            {
                "label": "Foreign exchange and other",
                "concept": "OtherNoncashIncomeExpense",
                "unit": "usd",
                "value": 1092000
            },
            {
                "label": "Receivables",
                "concept": "IncreaseDecreaseInReceivables",
                "unit": "usd",
                "value": 813000
            },
            {
                "label": "Prepaid expenses and other current assets",
                "concept": "IncreaseDecreaseInPrepaidDeferredExpenseAndOtherAssets",
                "unit": "usd",
                "value": 346000
            },
            {
                "label": "Inventories",
                "concept": "IncreaseDecreaseInInventories",
                "unit": "usd",
                "value": 21925000
            },
            {
                "label": "Accounts payable and accrued liabilities",
                "concept": "IncreaseDecreaseInAccountsPayableAndAccruedLiabilities",
                "unit": "usd",
                "value": 15051000
            },
            {
                "label": "CASH PROVIDED BY OPERATING ACTIVITIES CONTINUING OPERATIONS",
                "concept": "NetCashProvidedByUsedInOperatingActivitiesContinuingOperations",
                "unit": "usd",
                "value": 7991000
            },
            {
                "label": "Cash provided by (used in) activities of discontinued operations",
                "concept": "CashProvidedByUsedInOperatingActivitiesDiscontinuedOperations",
                "unit": "usd",
                "value": "N/A"
            },
            {
                "label": "Cash provided by (used in) operating activities",
                "concept": "NetCashProvidedByUsedInOperatingActivities",
                "unit": "usd",
                "value": 7991000
            },
            {
                "label": "Capital expenditures",
                "concept": "PaymentsToAcquireProductiveAssets",
                "unit": "usd",
                "value": 22208000
            },
            {
                "label": "Proceeds from the sale of assets",
                "concept": "ProceedsFromSaleOfPropertyPlantAndEquipment",
                "unit": "usd",
                "value": 4506000
            },
            {
                "label": "Proceeds from Collection of Notes Receivable",
                "concept": "ProceedsFromCollectionOfNotesReceivable",
                "unit": "usd",
                "value": "N/A"
            },
            {
                "label": "Other",
                "concept": "PaymentsForProceedsFromOtherInvestingActivities",
                "unit": "usd",
                "value": 17000
            },
            {
                "label": "Net Cash Provided by (Used in) Investing Activities, Continuing Operations",
                "concept": "NetCashProvidedByUsedInInvestingActivitiesContinuingOperations",
                "unit": "usd",
                "value": 17719000
            },
            {
                "label": "Cash provided by (used in) activities of discontinued operations",
                "concept": "CashProvidedByUsedInInvestingActivitiesDiscontinuedOperations",
                "unit": "usd",
                "value": "N/A"
            },
            {
                "label": "CASH PROVIDED BY (USED IN) INVESTING ACTIVITIES",
                "concept": "NetCashProvidedByUsedInInvestingActivities",
                "unit": "usd",
                "value": 17719000
            },
            {
                "label": "Issuance of notes and bank borrowings, net of issuance costs",
                "concept": "ProceedsFromIssuanceOfUnsecuredDebt",
                "unit": "usd",
                "value": 50000000
            },
            {
                "label": "Payments on long-term debt, capital leases, and associated costs",
                "concept": "RepaymentsOfLongTermDebtAndCapitalSecurities",
                "unit": "usd",
                "value": 5901000
            },
            {
                "label": "Gold production royalty payments",
                "concept": "PaymentForContingentConsiderationLiabilityFinancingActivities",
                "unit": "usd",
                "value": 18750000
            },
            {
                "label": "Other",
                "concept": "ProceedsFromPaymentsForOtherFinancingActivities",
                "unit": "usd",
                "value": 1973000
            },
            {
                "label": "Cash provided by (used in) activities of continuing operations",
                "concept": "NetCashProvidedByUsedInFinancingActivitiesContinuingOperations",
                "unit": "usd",
                "value": 23376000
            },
            {
                "label": "Cash provided by (used in) activities of discontinued operations",
                "concept": "CashProvidedByUsedInFinancingActivitiesDiscontinuedOperations",
                "unit": "usd",
                "value": "N/A"
            },
            {
                "label": "Cash provided by (used in) activities of discontinued operations",
                "concept": "NetCashProvidedByUsedInFinancingActivities",
                "unit": "usd",
                "value": 23376000
            },
            {
                "label": "Effect of exchange rate changes on cash and cash equivalents",
                "concept": "EffectOfExchangeRateOnCashAndCashEquivalents",
                "unit": "usd",
                "value": 626000
            },
            {
                "label": "INCREASE (DECREASE) IN CASH AND CASH EQUIVALENTS",
                "concept": "CashCashEquivalentsRestrictedCashAndRestrictedCashEquivalentsPeriodIncreaseDecreaseIncludingExchangeRateEffect",
                "unit": "usd",
                "value": 2960000
            },
            {
                "label": "Less net cash provided by (used in) discontinued operations",
                "concept": "NetCashProvidedByUsedInDiscontinuedOperations",
                "unit": "usd",
                "value": "N/A"
            },
            {
                "label": "NET CHANGE IN CASH, CASH EQUIVALENTS AND RESTRICTED CASH",
                "concept": "cde:CashAndCashEquivalentsPeriodIncreaseDecreaseIncludingNetCashProvidedByUsedInDiscontinuedOperationsAssetsHeldForSale",
                "unit": "usd",
                "value": 2960000
            }
        ],
        "ic": [
            {
                "label": "Revenue",
                "concept": "RevenueFromContractWithCustomerExcludingAssessedTax",
                "unit": "usd",
                "value": 173167000
            },
            {
                "label": "General and administrative",
                "concept": "GeneralAndAdministrativeExpense",
                "unit": "usd",
                "value": 8920000
            },
            {
                "label": "Pre-development, reclamation, and other",
                "concept": "cde:PreDevelopment",
                "unit": "usd",
                "value": 6555000
            },
            {
                "label": "Total costs and expenses",
                "concept": "OperatingExpenses",
                "unit": "usd",
                "value": 176940000
            },
            {
                "label": "Fair value adjustments, net, pretax",
                "concept": "GainLossOnDerivativeInstrumentsNetPretax",
                "unit": "usd",
                "value": 8819000
            },
            {
                "label": "Interest expense, net of capitalized interest",
                "concept": "InterestExpense",
                "unit": "usd",
                "value": 5128000
            },
            {
                "label": "Other, net",
                "concept": "OtherNonoperatingIncomeExpense",
                "unit": "usd",
                "value": 1881000
            },
            {
                "label": "Total other income (expense), net",
                "concept": "NonoperatingIncomeExpense",
                "unit": "usd",
                "value": 12066000
            },
            {
                "label": "Income and mining tax (expense) benefit",
                "concept": "IncomeTaxExpenseBenefit",
                "unit": "usd",
                "value": 3939000
            },
            {
                "label": "Income (loss) from continuing operations",
                "concept": "IncomeLossFromContinuingOperations",
                "unit": "usd",
                "value": 11900000
            },
            {
                "label": "Income (loss) from discontinued operations",
                "concept": "IncomeLossFromDiscontinuedOperationsNetOfTaxAttributableToReportingEntity",
                "unit": "usd",
                "value": "N/A"
            },
            {
                "label": "NET INCOME (LOSS)",
                "concept": "NetIncomeLoss",
                "unit": "usd",
                "value": 11900000
            },
            {
                "label": "Unrealized gain (loss) on hedger, net of tax",
                "concept": "OtherComprehensiveIncomeDerivativesQualifyingAsHedgesNetOfTaxPortionAttributableToParent",
                "unit": "usd",
                "value": 206000
            },
            {
                "label": "Unrealized gain (loss) on debt and equity securities",
                "concept": "OtherComprehensiveIncomeUnrealizedHoldingGainLossOnSecuritiesArisingDuringPeriodNetOfTax",
                "unit": "usd",
                "value": "N/A"
            },
            {
                "label": "Other comprehensive income (loss)",
                "concept": "OtherComprehensiveIncomeLossNetOfTaxPortionAttributableToParent",
                "unit": "usd",
                "value": 206000
            },
            {
                "label": "COMPREHENSIVE INCOME (LOSS)",
                "concept": "ComprehensiveIncomeNetOfTax",
                "unit": "usd",
                "value": 11694000
            },
            {
                "label": "Income (Loss) from Continuing Operations, Per Basic Share",
                "concept": "IncomeLossFromContinuingOperationsPerBasicShare",
                "unit": "usd/shares",
                "value": 0.05
            },
            {
                "label": "Income (Loss) from Discontinued Operations and Disposal of Discontinued Operations, Net of Tax, Per Basic Share",
                "concept": "IncomeLossFromDiscontinuedOperationsNetOfTaxPerBasicShare",
                "unit": "usd/shares",
                "value": 0.0
            },
            {
                "label": "Earnings Per Share, Basic",
                "concept": "EarningsPerShareBasic",
                "unit": "usd/shares",
                "value": 0.05
            },
            {
                "label": "Income (Loss) from Continuing Operations, Per Diluted Share",
                "concept": "IncomeLossFromContinuingOperationsPerDilutedShare",
                "unit": "usd/shares",
                "value": 0.05
            },
            {
                "label": "Income (Loss) from Discontinued Operations and Disposal of Discontinued Operations, Net of Tax, Per Diluted Share",
                "concept": "IncomeLossFromDiscontinuedOperationsNetOfTaxPerDilutedShare",
                "unit": "usd/shares",
                "value": 0.0
            },
            {
                "label": "Earnings Per Share, Diluted",
                "concept": "EarningsPerShareDiluted",
                "unit": "usd/shares",
                "value": 0.05
            }
        ]
    }
}