{
    "startDate": "2019-12-29",
    "endDate": "2020-03-28",
    "year": "2020",
    "quarter": "Q2",
    "symbol": "KLIC",
    "data": {
        "bs": [
            {
                "label": "Cash and cash equivalents",
                "concept": "CashAndCashEquivalentsAtCarryingValue",
                "unit": "usd",
                "value": 392307000
            },
            {
                "label": "Accounts and other receivable, net of allowance for doubtful accounts of $501 and $597, respectively",
                "concept": "AccountsNotesAndLoansReceivableNetCurrent",
                "unit": "usd",
                "value": 199793000
            },
            {
                "label": "Inventories, net",
                "concept": "InventoryNet",
                "unit": "usd",
                "value": 106178000
            },
            {
                "label": "Prepaid expenses and other current assets",
                "concept": "PrepaidExpenseAndOtherAssetsCurrent",
                "unit": "usd",
                "value": 24149000
            },
            {
                "label": "Total current assets",
                "concept": "AssetsCurrent",
                "unit": "usd",
                "value": 970427000
            },
            {
                "label": "Operating right-of-use assets",
                "concept": "OperatingLeaseRightOfUseAsset",
                "unit": "usd",
                "value": 22692000
            },
            {
                "label": "Goodwill",
                "concept": "Goodwill",
                "unit": "usd",
                "value": 55946000
            },
            {
                "label": "Intangible assets, net",
                "concept": "IntangibleAssetsNetExcludingGoodwill",
                "unit": "usd",
                "value": 39757000
            },
            {
                "label": "Deferred tax assets",
                "concept": "DeferredIncomeTaxAssetsNet",
                "unit": "usd",
                "value": 6975000
            },
            {
                "label": "Equity investments",
                "concept": "EquitySecuritiesFvNiAndWithoutReadilyDeterminableFairValue",
                "unit": "usd",
                "value": 7427000
            },
            {
                "label": "Other assets",
                "concept": "OtherAssetsNoncurrent",
                "unit": "usd",
                "value": 2027000
            },
            {
                "label": "TOTAL ASSETS",
                "concept": "Assets",
                "unit": "usd",
                "value": 1160898000
            },
            {
                "label": "Short-term debt",
                "concept": "ShorttermDebtFairValue",
                "unit": "usd",
                "value": 115617000
            },
            {
                "label": "Accounts payable",
                "concept": "AccountsPayableCurrent",
                "unit": "usd",
                "value": 50530000
            },
            {
                "label": "Accrued expenses and other current liabilities",
                "concept": "klic:AccruedExpensesAndOtherCurrentLiabilities",
                "unit": "usd",
                "value": 78296000
            },
            {
                "label": "Income tax payable",
                "concept": "AccruedIncomeTaxesCurrent",
                "unit": "usd",
                "value": 12358000
            },
            {
                "label": "Total current liabilities",
                "concept": "LiabilitiesCurrent",
                "unit": "usd",
                "value": 262037000
            },
            {
                "label": "Deferred tax liabilities",
                "concept": "DeferredIncomeTaxLiabilitiesNet",
                "unit": "usd",
                "value": 33690000
            },
            {
                "label": "Income tax payable",
                "concept": "AccruedIncomeTaxesNoncurrent",
                "unit": "usd",
                "value": 74469000
            },
            {
                "label": "Other liabilities",
                "concept": "OtherLiabilitiesNoncurrent",
                "unit": "usd",
                "value": 9754000
            },
            {
                "label": "TOTAL LIABILITIES",
                "concept": "Liabilities",
                "unit": "usd",
                "value": 398500000
            },
            {
                "label": "Commitments and contingent liabilities (Note 15)",
                "concept": "CommitmentsAndContingencies",
                "unit": "usd",
                "value": "N/A"
            },
            {
                "label": "Preferred stock, without par value: Authorized 5,000 shares; issued - none",
                "concept": "PreferredStockValue",
                "unit": "usd",
                "value": "N/A"
            },
            {
                "label": "Common stock, no par value: Authorized 200,000 shares; issued 85,448 and 85,364, respectively; outstanding 62,997 and 63,172 shares, respectively",
                "concept": "CommonStockValue",
                "unit": "usd",
                "value": 532912000
            },
            {
                "label": "Treasury stock, at cost, 22,451 and 22,192 shares, respectively",
                "concept": "TreasuryStockValue",
                "unit": "usd",
                "value": 365095000
            },
            {
                "label": "Retained earnings",
                "concept": "RetainedEarningsAccumulatedDeficit",
                "unit": "usd",
                "value": 604013000
            },
            {
                "label": "Accumulated other comprehensive loss",
                "concept": "AccumulatedOtherComprehensiveIncomeLossNetOfTax",
                "unit": "usd",
                "value": 9432000
            },
            {
                "label": "TOTAL SHAREHOLDERS' EQUITY",
                "concept": "StockholdersEquity",
                "unit": "usd",
                "value": 762398000
            },
            {
                "label": "TOTAL LIABILITIES AND SHAREHOLDERS' EQUITY",
                "concept": "LiabilitiesAndStockholdersEquity",
                "unit": "usd",
                "value": 1160898000
            }
        ],
        "cf": [],
        "ic": [
            {
                "label": "Cost of sales",
                "concept": "CostOfGoodsAndServicesSold",
                "unit": "usd",
                "value": 81438000
            },
            {
                "label": "Gross profit",
                "concept": "GrossProfit",
                "unit": "usd",
                "value": 69303000
            },
            {
                "label": "Selling, general and administrative",
                "concept": "SellingGeneralAndAdministrativeExpense",
                "unit": "usd",
                "value": 29160000
            },
            {
                "label": "Research and development",
                "concept": "ResearchAndDevelopmentExpense",
                "unit": "usd",
                "value": 29067000
            },
            {
                "label": "Operating expenses",
                "concept": "OperatingExpenses",
                "unit": "usd",
                "value": 58227000
            },
            {
                "label": "Income/(loss) from operations",
                "concept": "OperatingIncomeLoss",
                "unit": "usd",
                "value": 11076000
            },
            {
                "label": "Interest income",
                "concept": "InvestmentIncomeInterest",
                "unit": "usd",
                "value": 2675000
            },
            {
                "label": "Interest expense",
                "concept": "InterestExpense",
                "unit": "usd",
                "value": 661000
            },
            {
                "label": "Income before income taxes",
                "concept": "IncomeLossFromContinuingOperationsBeforeIncomeTaxesExtraordinaryItemsNoncontrollingInterest",
                "unit": "usd",
                "value": 13090000
            },
            {
                "label": "Provision for income taxes",
                "concept": "IncomeTaxExpenseBenefit",
                "unit": "usd",
                "value": 1162000
            },
            {
                "label": "Share of results of equity-method investee, net of tax",
                "concept": "IncomeLossFromEquityMethodInvestments",
                "unit": "usd",
                "value": 40000
            },
            {
                "label": "Net income/(loss)",
                "concept": "NetIncomeLoss",
                "unit": "usd",
                "value": 11888000
            },
            {
                "label": "Basic (in dollars per share)",
                "concept": "EarningsPerShareBasic",
                "unit": "usd/shares",
                "value": 0.19
            },
            {
                "label": "Diluted (in dollars per share)",
                "concept": "EarningsPerShareDiluted",
                "unit": "usd/shares",
                "value": 0.19
            },
            {
                "label": "Basic (in shares)",
                "concept": "WeightedAverageNumberOfSharesOutstandingBasic",
                "unit": "shares",
                "value": 63679000
            },
            {
                "label": "Diluted (in shares)",
                "concept": "WeightedAverageNumberOfDilutedSharesOutstanding",
                "unit": "shares",
                "value": 64219000
            }
        ]
    }
}