{
    "startDate": "2020-01-27",
    "endDate": "2020-04-26",
    "year": "2020",
    "quarter": "Q2",
    "symbol": "AMAT",
    "data": {
        "bs": [
            {
                "label": "Accounts payable",
                "concept": "AccountsPayableCurrent",
                "unit": "usd",
                "value": 1062000000
            },
            {
                "label": "Compensation and employee benefits",
                "concept": "EmployeeRelatedLiabilitiesCurrent",
                "unit": "usd",
                "value": 513000000
            },
            {
                "label": "Warranty",
                "concept": "ProductWarrantyAccrualClassifiedCurrent",
                "unit": "usd",
                "value": 199000000
            },
            {
                "label": "Dividends payable",
                "concept": "DividendsPayableCurrent",
                "unit": "usd",
                "value": 202000000
            },
            {
                "label": "Income taxes payable",
                "concept": "AccruedIncomeTaxesCurrent",
                "unit": "usd",
                "value": 159000000
            },
            {
                "label": "Other accrued taxes",
                "concept": "AccrualForTaxesOtherThanIncomeTaxesCurrent",
                "unit": "usd",
                "value": 23000000
            },
            {
                "label": "Interest payable",
                "concept": "InterestPayableCurrent",
                "unit": "usd",
                "value": 40000000
            },
            {
                "label": "Operating lease liabilities, current",
                "concept": "OperatingLeaseLiabilityCurrent",
                "unit": "usd",
                "value": 59000000
            },
            {
                "label": "Other",
                "concept": "OtherAccruedLiabilitiesCurrent",
                "unit": "usd",
                "value": 574000000
            },
            {
                "label": "Accounts payable and accrued expenses",
                "concept": "AccountsPayableAndAccruedLiabilitiesCurrent",
                "unit": "usd",
                "value": 2831000000
            }
        ],
        "cf": [],
        "ic": [
            {
                "label": "Net sales",
                "concept": "Revenues",
                "unit": "usd",
                "value": 3957000000
            },
            {
                "label": "Income from operations",
                "concept": "OperatingIncomeLoss",
                "unit": "usd",
                "value": 932000000
            }
        ]
    }
}