{
    "startDate": "2020-01-01",
    "endDate": "2020-03-31",
    "year": "2020",
    "quarter": "Q2",
    "symbol": "SIF",
    "data": {
        "bs": [
            {
                "label": "Cash and cash equivalents",
                "concept": "CashAndCashEquivalentsAtCarryingValue",
                "unit": "usd",
                "value": 345000
            },
            {
                "label": "Receivables, net of allowance for doubtful accounts of $371 and $521, respectively",
                "concept": "AccountsNotesAndLoansReceivableNetCurrent",
                "unit": "usd",
                "value": 21691000
            },
            {
                "label": "Other receivables",
                "concept": "OtherReceivablesNetCurrent",
                "unit": "usd",
                "value": 0
            },
            {
                "label": "Contract asset",
                "concept": "ContractWithCustomerAssetNetCurrent",
                "unit": "usd",
                "value": 12520000
            },
            {
                "label": "Inventories, net",
                "concept": "InventoryNet",
                "unit": "usd",
                "value": 13402000
            },
            {
                "label": "Refundable income taxes",
                "concept": "IncomeTaxesReceivable",
                "unit": "usd",
                "value": 131000
            },
            {
                "label": "Prepaid expenses and other current assets",
                "concept": "PrepaidExpenseAndOtherAssetsCurrent",
                "unit": "usd",
                "value": 1846000
            },
            {
                "label": "Total current assets",
                "concept": "AssetsCurrent",
                "unit": "usd",
                "value": 49935000
            },
            {
                "label": "Property, plant and equipment, net",
                "concept": "PropertyPlantAndEquipmentNet",
                "unit": "usd",
                "value": 41487000
            },
            {
                "label": "Operating lease right-of-use assets, net",
                "concept": "OperatingLeaseRightOfUseAsset",
                "unit": "usd",
                "value": 17699000
            },
            {
                "label": "Intangible assets, net",
                "concept": "IntangibleAssetsNetExcludingGoodwill",
                "unit": "usd",
                "value": 2517000
            },
            {
                "label": "Goodwill",
                "concept": "Goodwill",
                "unit": "usd",
                "value": 3493000
            },
            {
                "label": "Other assets",
                "concept": "OtherAssetsNoncurrent",
                "unit": "usd",
                "value": 165000
            },
            {
                "label": "Total assets",
                "concept": "Assets",
                "unit": "usd",
                "value": 115296000
            },
            {
                "label": "Current maturities of long-term debt",
                "concept": "LongTermDebtCurrent",
                "unit": "usd",
                "value": 4860000
            },
            {
                "label": "Revolver",
                "concept": "ShortTermBorrowings",
                "unit": "usd",
                "value": 17191000
            },
            {
                "label": "Short-term operating lease liabilities",
                "concept": "OperatingLeaseLiabilityCurrent",
                "unit": "usd",
                "value": 1195000
            },
            {
                "label": "Accounts payable",
                "concept": "AccountsPayableCurrent",
                "unit": "usd",
                "value": 16681000
            },
            {
                "label": "Accrued liabilities",
                "concept": "AccruedLiabilitiesCurrent",
                "unit": "usd",
                "value": 6814000
            },
            {
                "label": "Total current liabilities",
                "concept": "LiabilitiesCurrent",
                "unit": "usd",
                "value": 46741000
            },
            {
                "label": "Long-term debt, net of current maturities",
                "concept": "LongTermDebtNoncurrent",
                "unit": "usd",
                "value": 1903000
            },
            {
                "label": "Long-term operating lease liabilities, net of short-term",
                "concept": "OperatingLeaseLiabilityNoncurrent",
                "unit": "usd",
                "value": 16576000
            },
            {
                "label": "Deferred income taxes",
                "concept": "DeferredIncomeTaxLiabilitiesNet",
                "unit": "usd",
                "value": 1601000
            },
            {
                "label": "Pension liability",
                "concept": "DefinedBenefitPensionPlanLiabilitiesNoncurrent",
                "unit": "usd",
                "value": 9008000
            },
            {
                "label": "Other long-term liabilities",
                "concept": "OtherLiabilitiesNoncurrent",
                "unit": "usd",
                "value": 777000
            },
            {
                "label": "Serial preferred shares, no par value, authorized 1,000 shares",
                "concept": "PreferredStockValue",
                "unit": "usd",
                "value": 0
            },
            {
                "label": "Common shares, par value $1 per share, authorized 10,000 shares; issued and outstanding shares 5,916 at March 31, 2020 and 5,777 at September 30, 2019",
                "concept": "CommonStockValue",
                "unit": "usd",
                "value": 5916000
            },
            {
                "label": "Additional paid-in capital",
                "concept": "AdditionalPaidInCapital",
                "unit": "usd",
                "value": 10516000
            },
            {
                "label": "Retained earnings",
                "concept": "RetainedEarningsAccumulatedDeficit",
                "unit": "usd",
                "value": 35067000
            },
            {
                "label": "Accumulated other comprehensive loss",
                "concept": "AccumulatedOtherComprehensiveIncomeLossNetOfTax",
                "unit": "usd",
                "value": -12809000
            },
            {
                "label": "Total shareholders\u2019 equity",
                "concept": "StockholdersEquity",
                "unit": "usd",
                "value": 38690000
            },
            {
                "label": "Total liabilities and shareholders\u2019 equity",
                "concept": "LiabilitiesAndStockholdersEquity",
                "unit": "usd",
                "value": 115296000
            }
        ],
        "cf": [],
        "ic": [
            {
                "label": "Net sales",
                "concept": "RevenueFromContractWithCustomerExcludingAssessedTax",
                "unit": "usd",
                "value": 30537000
            },
            {
                "label": "Gross profit",
                "concept": "GrossProfit",
                "unit": "usd",
                "value": 6277000
            },
            {
                "label": "Selling, general and administrative expenses",
                "concept": "SellingGeneralAndAdministrativeExpense",
                "unit": "usd",
                "value": 3321000
            },
            {
                "label": "Amortization of intangible assets",
                "concept": "AmortizationOfIntangibleAssets",
                "unit": "usd",
                "value": 408000
            },
            {
                "label": "Loss (gain) on disposal or impairment of operating assets",
                "concept": "sif:GainLossOnDispositionOfAssetsOrImpairmentOfAssets",
                "unit": "usd",
                "value": -41000
            },
            {
                "label": "Gain on insurance proceeds received",
                "concept": "GainOnBusinessInterruptionInsuranceRecovery",
                "unit": "usd",
                "value": 1000000
            },
            {
                "label": "Operating income (loss)",
                "concept": "OperatingIncomeLoss",
                "unit": "usd",
                "value": 3507000
            },
            {
                "label": "Interest income",
                "concept": "InvestmentIncomeInterest",
                "unit": "usd",
                "value": 0
            },
            {
                "label": "Interest expense",
                "concept": "InterestExpense",
                "unit": "usd",
                "value": 262000
            },
            {
                "label": "Foreign currency exchange gain (loss), net",
                "concept": "ForeignCurrencyTransactionGainLossBeforeTax",
                "unit": "usd",
                "value": 1000
            },
            {
                "label": "Other loss (income), net",
                "concept": "OtherNonoperatingIncomeExpense",
                "unit": "usd",
                "value": -25000
            },
            {
                "label": "Income (loss) before income tax benefit",
                "concept": "IncomeLossFromContinuingOperationsBeforeIncomeTaxesMinorityInterestAndIncomeLossFromEquityMethodInvestments",
                "unit": "usd",
                "value": 3221000
            },
            {
                "label": "Income tax (benefit) expense",
                "concept": "IncomeTaxExpenseBenefit",
                "unit": "usd",
                "value": -39000
            },
            {
                "label": "Net income (loss)",
                "concept": "NetIncomeLoss",
                "unit": "usd",
                "value": 3260000
            },
            {
                "label": "Basic (in dollars per share)",
                "concept": "EarningsPerShareBasic",
                "unit": "usd/shares",
                "value": 0.57
            },
            {
                "label": "Diluted (in dollars per share)",
                "concept": "EarningsPerShareDiluted",
                "unit": "usd/shares",
                "value": 0.57
            },
            {
                "label": "Weighted-average number of common shares (basic) (in shares)",
                "concept": "WeightedAverageNumberOfSharesOutstandingBasic",
                "unit": "shares",
                "value": 5679000
            },
            {
                "label": "Weighted-average number of common shares (diluted) (in shares)",
                "concept": "WeightedAverageNumberOfDilutedSharesOutstanding",
                "unit": "shares",
                "value": 5770000
            }
        ]
    }
}