{
    "startDate": "2019-12-29",
    "endDate": "2020-03-28",
    "year": "2020",
    "quarter": "Q1",
    "symbol": "HNI",
    "data": {
        "bs": [
            {
                "label": "Cash and cash equivalents",
                "concept": "CashAndCashEquivalentsAtCarryingValue",
                "unit": "usd",
                "value": 35413000
            },
            {
                "label": "Short-term investments",
                "concept": "ShortTermInvestments",
                "unit": "usd",
                "value": 835000
            },
            {
                "label": "Receivables",
                "concept": "AccountsReceivableGross",
                "unit": "usd",
                "value": 235617000
            },
            {
                "label": "Allowance for doubtful accounts",
                "concept": "AllowanceForDoubtfulAccountsReceivable",
                "unit": "usd",
                "value": 5170000
            },
            {
                "label": "Inventories",
                "concept": "InventoryNet",
                "unit": "usd",
                "value": 170522000
            },
            {
                "label": "Prepaid expenses and other current assets",
                "concept": "PrepaidExpenseAndOtherAssetsCurrent",
                "unit": "usd",
                "value": 44170000
            },
            {
                "label": "Total Current Assets",
                "concept": "AssetsCurrent",
                "unit": "usd",
                "value": 481387000
            },
            {
                "label": "Land and land improvements",
                "concept": "LandAndLandImprovements",
                "unit": "usd",
                "value": 29776000
            },
            {
                "label": "Buildings",
                "concept": "BuildingsAndImprovementsGross",
                "unit": "usd",
                "value": 294903000
            },
            {
                "label": "Machinery and equipment",
                "concept": "MachineryAndEquipmentGross",
                "unit": "usd",
                "value": 579958000
            },
            {
                "label": "Construction in progress",
                "concept": "ConstructionInProgressGross",
                "unit": "usd",
                "value": 21284000
            },
            {
                "label": "Property plant and equipment, at cost",
                "concept": "PropertyPlantAndEquipmentGross",
                "unit": "usd",
                "value": 925921000
            },
            {
                "label": "Less accumulated depreciation",
                "concept": "AccumulatedDepreciationDepletionAndAmortizationPropertyPlantAndEquipment",
                "unit": "usd",
                "value": 551335000
            },
            {
                "label": "Net Property, Plant, and Equipment",
                "concept": "PropertyPlantAndEquipmentNet",
                "unit": "usd",
                "value": 374586000
            },
            {
                "label": "Right-of-use finance leases",
                "concept": "FinanceLeaseRightOfUseAsset",
                "unit": "usd",
                "value": 2032000
            },
            {
                "label": "Right-of-use Operating Leases",
                "concept": "OperatingLeaseRightOfUseAsset",
                "unit": "usd",
                "value": 71625000
            },
            {
                "label": "Goodwill and Other Intangible Assets",
                "concept": "IntangibleAssetsNetIncludingGoodwill",
                "unit": "usd",
                "value": 418770000
            },
            {
                "label": "Other Assets",
                "concept": "OtherAssetsNoncurrent",
                "unit": "usd",
                "value": 21499000
            },
            {
                "label": "Total Assets",
                "concept": "Assets",
                "unit": "usd",
                "value": 1369899000
            },
            {
                "label": "Accounts payable and accrued expenses",
                "concept": "AccountsPayableAndAccruedLiabilitiesCurrent",
                "unit": "usd",
                "value": 338954000
            },
            {
                "label": "Current maturities of long-term debt",
                "concept": "LongTermDebtCurrent",
                "unit": "usd",
                "value": 1830000
            },
            {
                "label": "Current maturities of other long-term obligations",
                "concept": "OtherLiabilitiesCurrent",
                "unit": "usd",
                "value": 2975000
            },
            {
                "label": "Current lease obligations - finance",
                "concept": "FinanceLeaseLiabilityCurrent",
                "unit": "usd",
                "value": 577000
            },
            {
                "label": "Current lease obligations - operating",
                "concept": "OperatingLeaseLiabilityCurrent",
                "unit": "usd",
                "value": 21279000
            },
            {
                "label": "Total Current Liabilities",
                "concept": "LiabilitiesCurrent",
                "unit": "usd",
                "value": 365615000
            },
            {
                "label": "Long-Term Debt",
                "concept": "LongTermDebtNoncurrent",
                "unit": "usd",
                "value": 228460000
            },
            {
                "label": "Long-term lease obligations - finance",
                "concept": "FinanceLeaseLiabilityNoncurrent",
                "unit": "usd",
                "value": 1479000
            },
            {
                "label": "Long-Term Lease Obligations - Operating",
                "concept": "OperatingLeaseLiabilityNoncurrent",
                "unit": "usd",
                "value": 57585000
            },
            {
                "label": "Other Long-Term Liabilities",
                "concept": "OtherLiabilitiesNoncurrent",
                "unit": "usd",
                "value": 66397000
            },
            {
                "label": "Deferred Income Taxes",
                "concept": "DeferredIncomeTaxLiabilitiesNet",
                "unit": "usd",
                "value": 98708000
            },
            {
                "label": "Preferred stock - $1 par value, authorized 2,000 shares, no shares outstanding",
                "concept": "PreferredStockValueOutstanding",
                "unit": "usd",
                "value": "N/A"
            },
            {
                "label": "Common stock - $1 par value, authorized 200,000 shares, outstanding XXX shares at March 28, 2020 and 42,595 shares at December 28, 2019",
                "concept": "CommonStockValue",
                "unit": "usd",
                "value": 42647000
            },
            {
                "label": "Additional paid-in capital",
                "concept": "AdditionalPaidInCapitalCommonStock",
                "unit": "usd",
                "value": 28086000
            },
            {
                "label": "Retained earnings",
                "concept": "RetainedEarningsAccumulatedDeficit",
                "unit": "usd",
                "value": 491429000
            },
            {
                "label": "Accumulated other comprehensive income (loss)",
                "concept": "AccumulatedOtherComprehensiveIncomeLossNetOfTax",
                "unit": "usd",
                "value": 10830000
            },
            {
                "label": "Total HNI Corporation shareholders' equity",
                "concept": "StockholdersEquity",
                "unit": "usd",
                "value": 551332000
            },
            {
                "label": "Non-controlling interest",
                "concept": "MinorityInterest",
                "unit": "usd",
                "value": 323000
            },
            {
                "label": "Total Equity",
                "concept": "StockholdersEquityIncludingPortionAttributableToNoncontrollingInterest",
                "unit": "usd",
                "value": 551655000
            },
            {
                "label": "Total Liabilities and Equity",
                "concept": "LiabilitiesAndStockholdersEquity",
                "unit": "usd",
                "value": 1369899000
            }
        ],
        "cf": [
            {
                "label": "Net income",
                "concept": "ProfitLoss",
                "unit": "usd",
                "value": 23896000
            },
            {
                "label": "Depreciation and amortization",
                "concept": "DepreciationDepletionAndAmortization",
                "unit": "usd",
                "value": 19487000
            },
            {
                "label": "Other post-retirement and post-employment benefits",
                "concept": "PensionAndOtherPostretirementBenefitExpense",
                "unit": "usd",
                "value": 364000
            },
            {
                "label": "Stock-based compensation",
                "concept": "ShareBasedCompensation",
                "unit": "usd",
                "value": 4358000
            },
            {
                "label": "Reduction in carrying amount of right-of-use assets",
                "concept": "hni:OperatingAndFinanceLeaseInterestExpenseAndAmortization",
                "unit": "usd",
                "value": 5599000
            },
            {
                "label": "Deferred income taxes",
                "concept": "DeferredIncomeTaxesAndTaxCredits",
                "unit": "usd",
                "value": 12258000
            },
            {
                "label": "Impairment of goodwill and intangible assets",
                "concept": "GoodwillAndIntangibleAssetImpairment",
                "unit": "usd",
                "value": 32661000
            },
            {
                "label": "Other \u2013 net",
                "concept": "OtherNoncashIncomeExpense",
                "unit": "usd",
                "value": 2252000
            },
            {
                "label": "Net increase (decrease) in operating assets and liabilities, net of divestitures",
                "concept": "IncreaseDecreaseInOperatingCapital",
                "unit": "usd",
                "value": 81573000
            },
            {
                "label": "Increase (decrease) in other liabilities",
                "concept": "hni:IncreaseDecreaseInOtherNonoperatingLiabilities",
                "unit": "usd",
                "value": 312000
            },
            {
                "label": "Net cash flows from (to) operating activities",
                "concept": "NetCashProvidedByUsedInOperatingActivities",
                "unit": "usd",
                "value": 33306000
            },
            {
                "label": "Capital expenditures",
                "concept": "hni:PaymentstoAcquireProductiveAssetsExcludingSoftware",
                "unit": "usd",
                "value": 8488000
            },
            {
                "label": "Proceeds from sale of property, plant, and equipment",
                "concept": "ProceedsFromSaleOfProductiveAssets",
                "unit": "usd",
                "value": 49000
            },
            {
                "label": "Capitalized software",
                "concept": "PaymentsToAcquireSoftware",
                "unit": "usd",
                "value": 4671000
            },
            {
                "label": "Acquisition spending, net of cash acquired",
                "concept": "PaymentsToAcquireBusinessesNetOfCashAcquired",
                "unit": "usd",
                "value": 9321000
            },
            {
                "label": "Purchase of investments",
                "concept": "PaymentsToAcquireInvestments",
                "unit": "usd",
                "value": 1456000
            },
            {
                "label": "Sales or maturities of investments",
                "concept": "ProceedsFromSaleAndMaturityOfOtherInvestments",
                "unit": "usd",
                "value": 996000
            },
            {
                "label": "Net cash flows from (to) investing activities",
                "concept": "NetCashProvidedByUsedInInvestingActivities",
                "unit": "usd",
                "value": 22891000
            },
            {
                "label": "Payments of long-term debt",
                "concept": "RepaymentsOfLongTermDebtAndCapitalSecurities",
                "unit": "usd",
                "value": 15000000
            },
            {
                "label": "Proceeds from long-term debt",
                "concept": "ProceedsFromIssuanceOfLongTermDebt",
                "unit": "usd",
                "value": 70129000
            },
            {
                "label": "Dividends paid",
                "concept": "PaymentsOfDividends",
                "unit": "usd",
                "value": 13033000
            },
            {
                "label": "Purchase of HNI Corporation common stock",
                "concept": "PaymentsForRepurchaseOfCommonStock",
                "unit": "usd",
                "value": 5839000
            },
            {
                "label": "Proceeds from sales of HNI Corporation common stock",
                "concept": "ProceedsFromIssuanceOfCommonStock",
                "unit": "usd",
                "value": 722000
            },
            {
                "label": "Other \u2013 net",
                "concept": "ProceedsFromPaymentsForOtherFinancingActivities",
                "unit": "usd",
                "value": 2558000
            },
            {
                "label": "Net cash flows from (to) financing activities",
                "concept": "NetCashProvidedByUsedInFinancingActivities",
                "unit": "usd",
                "value": 39537000
            },
            {
                "label": "Net increase (decrease) in cash and cash equivalents",
                "concept": "CashCashEquivalentsRestrictedCashAndRestrictedCashEquivalentsPeriodIncreaseDecreaseIncludingExchangeRateEffect",
                "unit": "usd",
                "value": 16660000
            }
        ],
        "ic": [
            {
                "label": "Net sales",
                "concept": "RevenueFromContractWithCustomerExcludingAssessedTax",
                "unit": "usd",
                "value": 468704000
            },
            {
                "label": "Cost of sales",
                "concept": "CostOfGoodsAndServicesSold",
                "unit": "usd",
                "value": 292686000
            },
            {
                "label": "Gross profit",
                "concept": "GrossProfit",
                "unit": "usd",
                "value": 176018000
            },
            {
                "label": "Selling and administrative expenses",
                "concept": "SellingGeneralAndAdministrativeExpense",
                "unit": "usd",
                "value": 167085000
            },
            {
                "label": "Operating income (loss)",
                "concept": "OperatingIncomeLoss",
                "unit": "usd",
                "value": 23728000
            },
            {
                "label": "Interest expense, net",
                "concept": "InterestIncomeExpenseNonoperatingNet",
                "unit": "usd",
                "value": 1811000
            },
            {
                "label": "Income (loss) before income taxes",
                "concept": "IncomeLossFromContinuingOperationsBeforeIncomeTaxesMinorityInterestAndIncomeLossFromEquityMethodInvestments",
                "unit": "usd",
                "value": 25539000
            },
            {
                "label": "Income taxes",
                "concept": "IncomeTaxExpenseBenefit",
                "unit": "usd",
                "value": 1643000
            },
            {
                "label": "Net income (loss)",
                "concept": "ProfitLoss",
                "unit": "usd",
                "value": 23896000
            },
            {
                "label": "Less: Net income (loss) attributable to non-controlling interest",
                "concept": "NetIncomeLossAttributableToNoncontrollingInterest",
                "unit": "usd",
                "value": 1000
            },
            {
                "label": "Net income (loss) attributable to HNI Corporation",
                "concept": "NetIncomeLoss",
                "unit": "usd",
                "value": 23895000
            },
            {
                "label": "Average number of common shares outstanding \u2013 basic (in shares)",
                "concept": "WeightedAverageNumberOfSharesOutstandingBasic",
                "unit": "shares",
                "value": 42628000
            },
            {
                "label": "Net income attributable to HNI Corporation per common share \u2013 basic (in dollars per share)",
                "concept": "EarningsPerShareBasic",
                "unit": "usd/shares",
                "value": 0.56
            },
            {
                "label": "Average number of common shares outstanding \u2013 diluted (in shares)",
                "concept": "WeightedAverageNumberOfDilutedSharesOutstanding",
                "unit": "shares",
                "value": 42628000
            },
            {
                "label": "Net income attributable to HNI Corporation per common share \u2013 diluted (in dollars per share)",
                "concept": "EarningsPerShareDiluted",
                "unit": "usd/shares",
                "value": 0.56
            },
            {
                "label": "Foreign currency translation adjustments",
                "concept": "OtherComprehensiveIncomeLossForeignCurrencyTransactionAndTranslationAdjustmentNetOfTax",
                "unit": "usd",
                "value": 600000
            },
            {
                "label": "Change in unrealized gains (losses) on marketable securities, net of tax",
                "concept": "OtherComprehensiveIncomeUnrealizedHoldingGainLossOnSecuritiesArisingDuringPeriodNetOfTax",
                "unit": "usd",
                "value": 59000
            },
            {
                "label": "Change in pension and post-retirement liability, net of tax",
                "concept": "OtherComprehensiveIncomeLossPensionAndOtherPostretirementBenefitPlansAdjustmentNetOfTax",
                "unit": "usd",
                "value": "N/A"
            },
            {
                "label": "Change in derivative financial instruments, net of tax",
                "concept": "OtherComprehensiveIncomeLossCashFlowHedgeGainLossAfterReclassificationAndTaxParent",
                "unit": "usd",
                "value": 2216000
            },
            {
                "label": "Other comprehensive income (loss), net of tax",
                "concept": "AociIncludingPortionAttributableToNoncontrollingInterestPeriodIncreaseDecrease",
                "unit": "usd",
                "value": 2757000
            },
            {
                "label": "Comprehensive income (loss)",
                "concept": "ComprehensiveIncomeNetOfTaxIncludingPortionAttributableToNoncontrollingInterest",
                "unit": "usd",
                "value": 26653000
            },
            {
                "label": "Less: Comprehensive loss attributable to non-controlling interest",
                "concept": "ComprehensiveIncomeNetOfTaxAttributableToNoncontrollingInterest",
                "unit": "usd",
                "value": 1000
            },
            {
                "label": "Comprehensive income (loss) attributable to HNI Corporation",
                "concept": "ComprehensiveIncomeNetOfTax",
                "unit": "usd",
                "value": 26652000
            }
        ]
    }
}