{
    "startDate": "2020-01-01",
    "endDate": "2020-03-31",
    "year": "2020",
    "quarter": "Q1",
    "symbol": "AJRD",
    "data": {
        "bs": [
            {
                "label": "Cash and cash equivalents",
                "concept": "CashAndCashEquivalentsAtCarryingValue",
                "unit": "usd",
                "value": 902600000.0
            },
            {
                "label": "Restricted cash",
                "concept": "RestrictedCashCurrent",
                "unit": "usd",
                "value": 3000000.0
            },
            {
                "label": "Accounts receivable, net",
                "concept": "AccountsReceivableNetCurrent",
                "unit": "usd",
                "value": 151700000.0
            },
            {
                "label": "Contract assets",
                "concept": "ContractWithCustomerAssetNetCurrent",
                "unit": "usd",
                "value": 278900000.0
            },
            {
                "label": "Other current assets, net",
                "concept": "OtherAssetsCurrent",
                "unit": "usd",
                "value": 137400000.0
            },
            {
                "label": "Total Current Assets",
                "concept": "AssetsCurrent",
                "unit": "usd",
                "value": 1473600000.0
            },
            {
                "label": "Right-of-use assets",
                "concept": "OperatingLeaseRightOfUseAsset",
                "unit": "usd",
                "value": 53500000.0
            },
            {
                "label": "Property, plant and equipment, net",
                "concept": "PropertyPlantAndEquipmentNet",
                "unit": "usd",
                "value": 403200000.0
            },
            {
                "label": "Recoverable environmental remediation costs",
                "concept": "ajrd:RecoverableEnvironmentalRemediationCostsNoncurrent",
                "unit": "usd",
                "value": 228100000.0
            },
            {
                "label": "Deferred income taxes",
                "concept": "DeferredIncomeTaxAssetsNet",
                "unit": "usd",
                "value": 114500000.0
            },
            {
                "label": "Intangible assets",
                "concept": "IntangibleAssetsNetExcludingGoodwill",
                "unit": "usd",
                "value": 54700000.0
            },
            {
                "label": "Other noncurrent assets, net",
                "concept": "OtherAssetsNoncurrent",
                "unit": "usd",
                "value": 251500000.0
            },
            {
                "label": "Total Noncurrent Assets",
                "concept": "AssetsNoncurrent",
                "unit": "usd",
                "value": 1266900000.0
            },
            {
                "label": "Total Assets",
                "concept": "Assets",
                "unit": "usd",
                "value": 2740500000.0
            },
            {
                "label": "Accounts payable",
                "concept": "AccountsPayableCurrent",
                "unit": "usd",
                "value": 128400000.0
            },
            {
                "label": "Reserves for environmental remediation costs",
                "concept": "AccruedEnvironmentalLossContingenciesCurrent",
                "unit": "usd",
                "value": 41700000.0
            },
            {
                "label": "Contract liabilities",
                "concept": "ContractWithCustomerLiabilityCurrent",
                "unit": "usd",
                "value": 288600000.0
            },
            {
                "label": "Other current liabilities",
                "concept": "OtherLiabilitiesCurrent",
                "unit": "usd",
                "value": 134400000.0
            },
            {
                "label": "Total Current Liabilities",
                "concept": "LiabilitiesCurrent",
                "unit": "usd",
                "value": 882100000.0
            },
            {
                "label": "Long-term debt",
                "concept": "LongTermDebtAndCapitalLeaseObligations",
                "unit": "usd",
                "value": 345300000.0
            },
            {
                "label": "Reserves for environmental remediation costs",
                "concept": "AccruedEnvironmentalLossContingenciesNoncurrent",
                "unit": "usd",
                "value": 260899999.99999997
            },
            {
                "label": "Pension benefits",
                "concept": "DefinedBenefitPensionPlanLiabilitiesNoncurrent",
                "unit": "usd",
                "value": 394300000.0
            },
            {
                "label": "Operating lease liabilities",
                "concept": "OperatingLeaseLiabilityNoncurrent",
                "unit": "usd",
                "value": 43900000.0
            },
            {
                "label": "Other noncurrent liabilities",
                "concept": "OtherLiabilitiesNoncurrent",
                "unit": "usd",
                "value": 197200000.0
            },
            {
                "label": "Total Noncurrent Liabilities",
                "concept": "LiabilitiesNoncurrent",
                "unit": "usd",
                "value": 1241600000.0
            },
            {
                "label": "Total Liabilities",
                "concept": "Liabilities",
                "unit": "usd",
                "value": 2123699999.9999998
            },
            {
                "label": "Commitments and contingencies (Note 8)",
                "concept": "CommitmentsAndContingencies",
                "unit": "usd",
                "value": "N/A"
            },
            {
                "label": "Preferred stock, par value of $1.00; 15.0 million shares authorized; none issued or outstanding",
                "concept": "PreferredStockValue",
                "unit": "usd",
                "value": "N/A"
            },
            {
                "label": "Common stock, par value of $0.10; 150.0 million shares authorized; 77.6 million shares issued and outstanding as of March 31, 2020; 77.3 million shares issued and outstanding as of December 31, 2019",
                "concept": "CommonStockValue",
                "unit": "usd",
                "value": 7700000.0
            },
            {
                "label": "Other capital",
                "concept": "AdditionalPaidInCapitalCommonStock",
                "unit": "usd",
                "value": 572300000.0
            },
            {
                "label": "Treasury stock at cost, 0.8 million shares as of March 31, 2020 and December 31, 2019",
                "concept": "TreasuryStockValue",
                "unit": "usd",
                "value": 13200000.0
            },
            {
                "label": "Retained earnings",
                "concept": "RetainedEarningsAccumulatedDeficit",
                "unit": "usd",
                "value": 276300000.0
            },
            {
                "label": "Accumulated other comprehensive loss, net of income taxes",
                "concept": "AccumulatedOtherComprehensiveIncomeLossNetOfTax",
                "unit": "usd",
                "value": 226300000.0
            },
            {
                "label": "Total Stockholders\u2019 Equity",
                "concept": "StockholdersEquity",
                "unit": "usd",
                "value": 616800000.0
            },
            {
                "label": "Total Liabilities and Stockholders\u2019 Equity",
                "concept": "LiabilitiesAndStockholdersEquity",
                "unit": "usd",
                "value": 2740500000.0
            }
        ],
        "cf": [
            {
                "label": "Net income",
                "concept": "NetIncomeLoss",
                "unit": "usd",
                "value": 31400000.0
            },
            {
                "label": "Amortization of debt discount and deferred financing costs",
                "concept": "AmortizationOfFinancingCostsAndDiscounts",
                "unit": "usd",
                "value": 2400000.0
            },
            {
                "label": "Stock-based compensation",
                "concept": "ShareBasedCompensation",
                "unit": "usd",
                "value": 2400000.0
            },
            {
                "label": "Retirement benefits, net",
                "concept": "PensionAndOtherPostretirementBenefitsExpenseReversalOfExpenseNoncash",
                "unit": "usd",
                "value": 7900000.0
            },
            {
                "label": "Other, net",
                "concept": "OtherNoncashIncomeExpense",
                "unit": "usd",
                "value": 400000.0
            },
            {
                "label": "Accounts receivable, net",
                "concept": "IncreaseDecreaseInAccountsReceivable",
                "unit": "usd",
                "value": 39200000.0
            },
            {
                "label": "Contract assets",
                "concept": "IncreaseDecreaseInContractWithCustomerAsset",
                "unit": "usd",
                "value": 54800000.0
            },
            {
                "label": "Other current assets, net",
                "concept": "ajrd:IncreaseDecreaseinOtherCurrentAssetsAndIncomeTaxesReceivable",
                "unit": "usd",
                "value": 8400000.0
            },
            {
                "label": "Recoverable environmental remediation costs",
                "concept": "ajrd:IncreaseDecreaseInRecoverableFromGovernmentAndOtherThirdPartiesForEnvironmentalRemediationCostsAndOther",
                "unit": "usd",
                "value": 6700000.0
            },
            {
                "label": "Other noncurrent assets, net",
                "concept": "IncreaseDecreaseInOtherNoncurrentAssets",
                "unit": "usd",
                "value": 4600000.0
            },
            {
                "label": "Accounts payable",
                "concept": "IncreaseDecreaseInAccountsPayable",
                "unit": "usd",
                "value": 3300000.0
            },
            {
                "label": "Contract liabilities",
                "concept": "IncreaseDecreaseInContractWithCustomerLiability",
                "unit": "usd",
                "value": 26300000.0
            },
            {
                "label": "Other current liabilities",
                "concept": "IncreaseDecreaseInOtherCurrentLiabilities",
                "unit": "usd",
                "value": 20300000.0
            },
            {
                "label": "Deferred income taxes",
                "concept": "IncreaseDecreaseInDeferredIncomeTaxes",
                "unit": "usd",
                "value": 4099999.9999999995
            },
            {
                "label": "Reserves for environmental remediation costs",
                "concept": "ajrd:IncreaseDecreaseInReservesForEnvironmentalRemediationCosts",
                "unit": "usd",
                "value": 6600000.0
            },
            {
                "label": "Other noncurrent liabilities and other",
                "concept": "IncreaseDecreaseInOtherNoncurrentLiabilities",
                "unit": "usd",
                "value": 4700000.0
            },
            {
                "label": "Net Cash Used in Operating Activities",
                "concept": "NetCashProvidedByUsedInOperatingActivities",
                "unit": "usd",
                "value": 17100000.0
            },
            {
                "label": "Capital expenditures",
                "concept": "PaymentsToAcquireProductiveAssets",
                "unit": "usd",
                "value": 3000000.0
            },
            {
                "label": "Net Cash Used in Investing Activities",
                "concept": "NetCashProvidedByUsedInInvestingActivities",
                "unit": "usd",
                "value": 3000000.0
            },
            {
                "label": "Debt repayments",
                "concept": "RepaymentsOfLongTermDebtAndCapitalSecurities",
                "unit": "usd",
                "value": 4900000.0
            },
            {
                "label": "Repurchase of shares for withholding taxes and option costs under equity plans",
                "concept": "PaymentsRelatedToTaxWithholdingForShareBasedCompensation",
                "unit": "usd",
                "value": 7900000.0
            },
            {
                "label": "Proceeds from shares issued under equity plans",
                "concept": "ProceedsFromIssuanceOfCommonStock",
                "unit": "usd",
                "value": 3400000.0
            },
            {
                "label": "Purchase of treasury stock",
                "concept": "PaymentsForRepurchaseOfCommonStock",
                "unit": "usd",
                "value": 500000.0
            },
            {
                "label": "Net Cash Used in Financing Activities",
                "concept": "NetCashProvidedByUsedInFinancingActivities",
                "unit": "usd",
                "value": 9900000.0
            },
            {
                "label": "Net Decrease in Cash, Cash Equivalents and Restricted Cash",
                "concept": "CashCashEquivalentsRestrictedCashAndRestrictedCashEquivalentsPeriodIncreaseDecreaseIncludingExchangeRateEffect",
                "unit": "usd",
                "value": 30000000.0
            },
            {
                "label": "Cash paid for interest",
                "concept": "InterestPaidNet",
                "unit": "usd",
                "value": 4099999.9999999995
            }
        ],
        "ic": [
            {
                "label": "Net sales",
                "concept": "RevenueFromContractWithCustomerExcludingAssessedTax",
                "unit": "usd",
                "value": 476100000.0
            },
            {
                "label": "Cost of sales (exclusive of items shown separately below)",
                "concept": "CostOfGoodsAndServicesSold",
                "unit": "usd",
                "value": 394900000.0
            },
            {
                "label": "Selling, general and administrative expense",
                "concept": "SellingGeneralAndAdministrativeExpense",
                "unit": "usd",
                "value": 9100000.0
            },
            {
                "label": "Depreciation and amortization",
                "concept": "DepreciationAndAmortization",
                "unit": "usd",
                "value": 17200000.0
            },
            {
                "label": "Other (income) expense, net",
                "concept": "OtherOperatingIncomeExpenseNet",
                "unit": "usd",
                "value": 2200000.0
            },
            {
                "label": "Total operating costs and expenses",
                "concept": "CostsAndExpenses",
                "unit": "usd",
                "value": 419000000.0
            },
            {
                "label": "Operating income",
                "concept": "OperatingIncomeLoss",
                "unit": "usd",
                "value": 57100000.0
            },
            {
                "label": "Retirement benefits expense",
                "concept": "PensionAndOtherPostretirementBenefitExpense",
                "unit": "usd",
                "value": 9200000.0
            },
            {
                "label": "Interest income",
                "concept": "InvestmentIncomeInterest",
                "unit": "usd",
                "value": 3200000.0
            },
            {
                "label": "Interest expense",
                "concept": "InterestExpense",
                "unit": "usd",
                "value": 8400000.0
            },
            {
                "label": "Total non-operating expense, net",
                "concept": "NonoperatingIncomeExpense",
                "unit": "usd",
                "value": 14400000.0
            },
            {
                "label": "Income before income taxes",
                "concept": "IncomeLossFromContinuingOperationsBeforeIncomeTaxesMinorityInterestAndIncomeLossFromEquityMethodInvestments",
                "unit": "usd",
                "value": 42700000.0
            },
            {
                "label": "Net income",
                "concept": "NetIncomeLoss",
                "unit": "usd",
                "value": 31400000.0
            },
            {
                "label": "Basic earnings per share (in dollars per share)",
                "concept": "EarningsPerShareBasic",
                "unit": "usd/shares",
                "value": 0.4
            },
            {
                "label": "Diluted earnings per share (in dollars per share)",
                "concept": "EarningsPerShareDiluted",
                "unit": "usd/shares",
                "value": 0.37
            },
            {
                "label": "Weighted average shares of common stock outstanding, basic (in shares)",
                "concept": "WeightedAverageNumberOfSharesOutstandingBasic",
                "unit": "shares",
                "value": 77500000.0
            },
            {
                "label": "Weighted average shares of common stock outstanding, diluted (in shares)",
                "concept": "WeightedAverageNumberOfDilutedSharesOutstanding",
                "unit": "shares",
                "value": 83100000.0
            }
        ]
    }
}