{
    "startDate": "2020-02-01",
    "endDate": "2020-04-30",
    "year": "2020",
    "quarter": "Q3",
    "symbol": "DCI",
    "data": {
        "bs": [
            {
                "label": "Cash and cash equivalents",
                "concept": "CashAndCashEquivalentsAtCarryingValue",
                "unit": "usd",
                "value": 326500000.0
            },
            {
                "label": "Accounts receivable, less allowance of $5.3 and $4.8, respectively",
                "concept": "AccountsReceivableNetCurrent",
                "unit": "usd",
                "value": 460500000.0
            },
            {
                "label": "Inventories, net",
                "concept": "InventoryNet",
                "unit": "usd",
                "value": 346500000.0
            },
            {
                "label": "Prepaid expenses and other current assets",
                "concept": "PrepaidExpenseAndOtherAssetsCurrent",
                "unit": "usd",
                "value": 87000000.0
            },
            {
                "label": "Total current assets",
                "concept": "AssetsCurrent",
                "unit": "usd",
                "value": 1220500000.0
            },
            {
                "label": "Property, plant and equipment, net",
                "concept": "PropertyPlantAndEquipmentNet",
                "unit": "usd",
                "value": 614300000.0
            },
            {
                "label": "Right-of-use lease assets",
                "concept": "OperatingLeaseRightOfUseAsset",
                "unit": "usd",
                "value": 71400000.0
            },
            {
                "label": "Goodwill",
                "concept": "Goodwill",
                "unit": "usd",
                "value": 303800000.0
            },
            {
                "label": "Intangible assets, net",
                "concept": "IntangibleAssetsNetExcludingGoodwill",
                "unit": "usd",
                "value": 65300000.0
            },
            {
                "label": "Deferred income taxes",
                "concept": "DeferredIncomeTaxAssetsNet",
                "unit": "usd",
                "value": 15400000.0
            },
            {
                "label": "Other Assets, Noncurrent",
                "concept": "OtherAssetsNoncurrent",
                "unit": "usd",
                "value": 47800000.0
            },
            {
                "label": "Total assets",
                "concept": "Assets",
                "unit": "usd",
                "value": 2338500000.0
            },
            {
                "label": "Short-term borrowings",
                "concept": "ShortTermBorrowings",
                "unit": "usd",
                "value": 8100000.0
            },
            {
                "label": "Current maturities of long-term debt",
                "concept": "LongTermDebtAndCapitalLeaseObligationsCurrent",
                "unit": "usd",
                "value": 50000000.0
            },
            {
                "label": "Trade accounts payable",
                "concept": "AccountsPayableCurrent",
                "unit": "usd",
                "value": 202700000.0
            },
            {
                "label": "Current lease liabilities",
                "concept": "OperatingLeaseLiabilityCurrent",
                "unit": "usd",
                "value": 24000000.0
            },
            {
                "label": "Other current liabilities",
                "concept": "OtherLiabilitiesCurrent",
                "unit": "usd",
                "value": 148000000.0
            },
            {
                "label": "Total current liabilities",
                "concept": "LiabilitiesCurrent",
                "unit": "usd",
                "value": 432800000.0
            },
            {
                "label": "Long-term debt",
                "concept": "LongTermDebtAndCapitalLeaseObligations",
                "unit": "usd",
                "value": 735100000.0
            },
            {
                "label": "Non-current income taxes payable",
                "concept": "AccruedIncomeTaxesNoncurrent",
                "unit": "usd",
                "value": 104000000.0
            },
            {
                "label": "Deferred income taxes",
                "concept": "DeferredIncomeTaxLiabilitiesNet",
                "unit": "usd",
                "value": 18600000.0
            },
            {
                "label": "Long-term lease liabilities",
                "concept": "OperatingLeaseLiabilityNoncurrent",
                "unit": "usd",
                "value": 47400000.0
            },
            {
                "label": "Other long-term liabilities",
                "concept": "OtherLiabilitiesNoncurrent",
                "unit": "usd",
                "value": 45800000.0
            },
            {
                "label": "Total liabilities",
                "concept": "Liabilities",
                "unit": "usd",
                "value": 1383700000.0
            },
            {
                "label": "Commitments and contingencies (Note 15)",
                "concept": "CommitmentsAndContingencies",
                "unit": "usd",
                "value": "N/A"
            },
            {
                "label": "Redeemable non-controlling interest",
                "concept": "RedeemableNoncontrollingInterestEquityCarryingAmount",
                "unit": "usd",
                "value": 10300000.0
            },
            {
                "label": "Preferred stock, $1.00 par value, 1,000,000 shares authorized, none issued",
                "concept": "PreferredStockValue",
                "unit": "usd",
                "value": "N/A"
            },
            {
                "label": "Common stock, $5.00 par value, 240,000,000 shares authorized, 151,643,194 shares issued",
                "concept": "CommonStockValue",
                "unit": "usd",
                "value": 758200000.0
            },
            {
                "label": "Retained earnings",
                "concept": "RetainedEarningsAccumulatedDeficit",
                "unit": "usd",
                "value": 1418800000.0
            },
            {
                "label": "Non-controlling interest",
                "concept": "MinorityInterestInJointVentures",
                "unit": "usd",
                "value": 5700000.0
            },
            {
                "label": "Stock-compensation plans",
                "concept": "dci:StockholdersEquityShareBasedCompensation",
                "unit": "usd",
                "value": 14000000.0
            },
            {
                "label": "Accumulated other comprehensive loss",
                "concept": "AccumulatedOtherComprehensiveIncomeLossNetOfTax",
                "unit": "usd",
                "value": 212100000.0
            },
            {
                "label": "Treasury stock, 25,480,083 and 24,324,483 shares, respectively, at cost",
                "concept": "TreasuryStockValue",
                "unit": "usd",
                "value": 1040099999.9999999
            },
            {
                "label": "Total shareholders\u2019 equity",
                "concept": "StockholdersEquityIncludingPortionAttributableToNoncontrollingInterest",
                "unit": "usd",
                "value": 944500000.0
            },
            {
                "label": "Total liabilities and shareholders\u2019 equity",
                "concept": "LiabilitiesAndStockholdersEquity",
                "unit": "usd",
                "value": 2338500000.0
            }
        ],
        "cf": [],
        "ic": [
            {
                "label": "Net earnings",
                "concept": "NetIncomeLoss",
                "unit": "usd",
                "value": 63400000.0
            },
            {
                "label": "Foreign currency translation loss",
                "concept": "OtherComprehensiveIncomeLossForeignCurrencyTransactionAndTranslationAdjustmentNetOfTax",
                "unit": "usd",
                "value": 35300000.0
            },
            {
                "label": "Pension liability adjustment, net of deferred taxes of $0.7, $(0.5), $0.4, and $(1.1), respectively",
                "concept": "OtherComprehensiveIncomeLossPensionAndOtherPostretirementBenefitPlansAdjustmentNetOfTax",
                "unit": "usd",
                "value": 2000000.0
            },
            {
                "label": "Gain (loss) on hedging derivatives, net of deferred taxes of $(0.9), $0.0, $(0.2) and $(0.3), respectively",
                "concept": "OtherComprehensiveIncomeLossCashFlowHedgeGainLossBeforeReclassificationAfterTax",
                "unit": "usd",
                "value": 1400000.0
            },
            {
                "label": "Reclassifications of losses on hedging derivatives to net earnings, net of taxes of $(1.2), $0.1, $(1.9), and $0.2, respectively",
                "concept": "OtherComprehensiveIncomeLossCashFlowHedgeGainLossReclassificationAfterTax",
                "unit": "usd",
                "value": 2100000.0
            },
            {
                "label": "Total derivatives",
                "concept": "OtherComprehensiveIncomeLossCashFlowHedgeGainLossAfterReclassificationAndTaxParent",
                "unit": "usd",
                "value": 3500000.0
            },
            {
                "label": "Net other comprehensive loss",
                "concept": "OtherComprehensiveIncomeLossNetOfTaxPortionAttributableToParent",
                "unit": "usd",
                "value": 33800000.0
            },
            {
                "label": "Comprehensive income",
                "concept": "ComprehensiveIncomeNetOfTax",
                "unit": "usd",
                "value": 29600000.0
            }
        ]
    }
}