{
    "startDate": "2020-01-01",
    "endDate": "2020-03-31",
    "year": "2020",
    "quarter": "Q2",
    "symbol": "EMR",
    "data": {
        "bs": [
            {
                "label": "Total equity",
                "concept": "StockholdersEquityIncludingPortionAttributableToNoncontrollingInterest",
                "unit": "usd",
                "value": 7563000000
            },
            {
                "label": "Common stockholders\u2019 equity",
                "concept": "StockholdersEquity",
                "unit": "usd",
                "value": 7517000000
            },
            {
                "label": "Total equity",
                "concept": "StockholdersEquityIncludingPortionAttributableToNoncontrollingInterest",
                "unit": "usd",
                "value": 7563000000
            }
        ],
        "cf": [],
        "ic": [
            {
                "label": "Net earnings",
                "concept": "ProfitLoss",
                "unit": "usd",
                "value": 524000000
            },
            {
                "label": "Foreign currency translation",
                "concept": "OtherComprehensiveIncomeLossForeignCurrencyTransactionAndTranslationAdjustmentNetOfTax",
                "unit": "usd",
                "value": 281000000
            },
            {
                "label": "Pension and postretirement",
                "concept": "emr:OtherComprehensiveIncomeLossPensionandOtherPostretirementBenefitPlansAdjustmentIncludingDivestituresNetofTax",
                "unit": "usd",
                "value": 30000000
            },
            {
                "label": "Cash flow hedges",
                "concept": "OtherComprehensiveIncomeLossDerivativesQualifyingAsHedgesNetOfTax",
                "unit": "usd",
                "value": 75000000
            },
            {
                "label": "Total other comprehensive income (loss)",
                "concept": "OtherComprehensiveIncomeLossNetOfTax",
                "unit": "usd",
                "value": 326000000
            },
            {
                "label": "Comprehensive income",
                "concept": "ComprehensiveIncomeNetOfTaxIncludingPortionAttributableToNoncontrollingInterest",
                "unit": "usd",
                "value": 198000000
            },
            {
                "label": "Less: Noncontrolling interests in comprehensive income of subsidiaries",
                "concept": "ComprehensiveIncomeNetOfTaxAttributableToNoncontrollingInterest",
                "unit": "usd",
                "value": 8000000
            },
            {
                "label": "Comprehensive income common stockholders",
                "concept": "ComprehensiveIncomeNetOfTax",
                "unit": "usd",
                "value": 190000000
            }
        ]
    }
}