{
    "startDate": "2020-01-01",
    "endDate": "2020-03-31",
    "year": "2020",
    "quarter": "Q1",
    "symbol": "UDR",
    "data": {
        "bs": [
            {
                "label": "Cash, Cash Equivalents, Restricted Cash and Restricted Cash Equivalents",
                "concept": "CashCashEquivalentsRestrictedCashAndRestrictedCashEquivalents",
                "unit": "usd",
                "value": 22929000
            },
            {
                "label": "Cash, Cash Equivalents, Restricted Cash and Restricted Cash Equivalents",
                "concept": "CashCashEquivalentsRestrictedCashAndRestrictedCashEquivalents",
                "unit": "usd",
                "value": 22929000
            },
            {
                "label": "Dividends Payable",
                "concept": "DividendsPayableCurrentAndNoncurrent",
                "unit": "usd",
                "value": 115259000
            }
        ],
        "cf": [
            {
                "label": "Net Income (Loss), Including Portion Attributable to Noncontrolling Interest",
                "concept": "ProfitLoss",
                "unit": "usd",
                "value": 5540000
            },
            {
                "label": "Depreciation, Depletion and Amortization",
                "concept": "DepreciationDepletionAndAmortization",
                "unit": "usd",
                "value": 157501000
            },
            {
                "label": "Income (Loss) from Equity Method Investments",
                "concept": "IncomeLossFromEquityMethodInvestments",
                "unit": "usd",
                "value": 3367000
            },
            {
                "label": "Other Operating Activities, Cash Flow Statement",
                "concept": "OtherOperatingActivitiesCashFlowStatement",
                "unit": "usd",
                "value": 1215000
            },
            {
                "label": "Increase (Decrease) in Operating Assets",
                "concept": "IncreaseDecreaseInOperatingAssets",
                "unit": "usd",
                "value": 114000
            },
            {
                "label": "Increase (Decrease) in Operating Liabilities",
                "concept": "IncreaseDecreaseInOperatingLiabilities",
                "unit": "usd",
                "value": 31666000
            },
            {
                "label": "Net Cash Provided by (Used in) Operating Activities",
                "concept": "NetCashProvidedByUsedInOperatingActivities",
                "unit": "usd",
                "value": 135456000
            },
            {
                "label": "Payments to Acquire Buildings",
                "concept": "PaymentsToAcquireBuildings",
                "unit": "usd",
                "value": 141727000
            },
            {
                "label": "Payments for Capital Improvements",
                "concept": "PaymentsForCapitalImprovements",
                "unit": "usd",
                "value": 32983000
            },
            {
                "label": "Proceeds from Equity Method Investment, Dividends or Distributions",
                "concept": "ProceedsFromEquityMethodInvestmentDividendsOrDistributionsReturnOfCapital",
                "unit": "usd",
                "value": 3271000
            },
            {
                "label": "Net Cash Provided by (Used in) Investing Activities",
                "concept": "NetCashProvidedByUsedInInvestingActivities",
                "unit": "usd",
                "value": 214044000
            },
            {
                "label": "Repayments of Secured Debt",
                "concept": "RepaymentsOfSecuredDebt",
                "unit": "usd",
                "value": 2781000
            },
            {
                "label": "Proceeds from (Payments for) Other Financing Activities",
                "concept": "ProceedsFromPaymentsForOtherFinancingActivities",
                "unit": "usd",
                "value": 3964000
            },
            {
                "label": "Net Cash Provided by (Used in) Financing Activities",
                "concept": "NetCashProvidedByUsedInFinancingActivities",
                "unit": "usd",
                "value": 68226000
            },
            {
                "label": "Cash, Cash Equivalents, Restricted Cash and Restricted Cash Equivalents, Period Increase (Decrease), Excluding Exchange Rate Effect",
                "concept": "CashCashEquivalentsRestrictedCashAndRestrictedCashEquivalentsPeriodIncreaseDecreaseExcludingExchangeRateEffect",
                "unit": "usd",
                "value": 10362000
            },
            {
                "label": "Capital Expenditures Incurred but Not yet Paid",
                "concept": "CapitalExpendituresIncurredButNotYetPaid",
                "unit": "usd",
                "value": 25568000
            }
        ],
        "ic": [
            {
                "label": "Operating Leases, Income Statement, Lease Revenue",
                "concept": "OperatingLeaseLeaseIncome",
                "unit": "usd",
                "value": 320093000
            },
            {
                "label": "Direct Costs of Leased and Rented Property or Equipment",
                "concept": "DirectCostsOfLeasedAndRentedPropertyOrEquipment",
                "unit": "usd",
                "value": 49483000
            },
            {
                "label": "Real Estate Taxes and Insurance",
                "concept": "RealEstateTaxesAndInsurance",
                "unit": "usd",
                "value": 45145000
            },
            {
                "label": "The operating costs related to management of owned property.",
                "concept": "udr:PropertyManagementCostsOperating",
                "unit": "usd",
                "value": 9203000
            },
            {
                "label": "Other Cost and Expense, Operating",
                "concept": "OtherCostAndExpenseOperating",
                "unit": "usd",
                "value": 4966000
            },
            {
                "label": "Depreciation, Nonproduction",
                "concept": "DepreciationNonproduction",
                "unit": "usd",
                "value": 155476000
            },
            {
                "label": "General and Administrative Expense.",
                "concept": "GeneralAndAdministrativeExpense",
                "unit": "usd",
                "value": 14978000
            },
            {
                "label": "Casualty-Related (Recoveries)/Charges, net",
                "concept": "udr:CasualtyRelatedRecoveriesChargesNet",
                "unit": "usd",
                "value": 1251000
            },
            {
                "label": "Costs and Expenses",
                "concept": "CostsAndExpenses",
                "unit": "usd",
                "value": 282527000
            },
            {
                "label": "Operating Income (Loss)",
                "concept": "OperatingIncomeLoss",
                "unit": "usd",
                "value": 38954000
            },
            {
                "label": "Income (Loss) from Equity Method Investments",
                "concept": "IncomeLossFromEquityMethodInvestments",
                "unit": "usd",
                "value": 3367000
            },
            {
                "label": "Interest Expense, Debt.",
                "concept": "InterestExpenseDebt",
                "unit": "usd",
                "value": 39317000
            },
            {
                "label": "Net Income (Loss), Including Portion Attributable to Noncontrolling Interest",
                "concept": "ProfitLoss",
                "unit": "usd",
                "value": 5540000
            }
        ]
    }
}