{
    "startDate": "2020-01-01",
    "endDate": "2020-03-31",
    "year": "2020",
    "quarter": "Q1",
    "symbol": "FLS",
    "data": {
        "bs": [
            {
                "label": "Cash and cash equivalents",
                "concept": "CashCashEquivalentsRestrictedCashAndRestrictedCashEquivalents",
                "unit": "usd",
                "value": 622299000
            },
            {
                "label": "Accounts receivable, net of allowance for expected credit losses of $66,252 and $53,412, respectively",
                "concept": "AccountsReceivableNetCurrent",
                "unit": "usd",
                "value": 732879000
            },
            {
                "label": "Contract assets, net of allowance for expected credit losses of $2,681 at March 31, 2020",
                "concept": "ContractWithCustomerAssetNet",
                "unit": "usd",
                "value": 275927000
            },
            {
                "label": "Inventories, net",
                "concept": "InventoryNet",
                "unit": "usd",
                "value": 684113000
            },
            {
                "label": "Prepaid expenses and other",
                "concept": "PrepaidExpenseAndOtherAssetsCurrent",
                "unit": "usd",
                "value": 110296000
            },
            {
                "label": "Total current assets",
                "concept": "AssetsCurrent",
                "unit": "usd",
                "value": 2425514000
            },
            {
                "label": "Property, plant and equipment, net of accumulated depreciation of $1,007,261 and $1,013,207, respectively",
                "concept": "PropertyPlantAndEquipmentNet",
                "unit": "usd",
                "value": 550853000
            },
            {
                "label": "Operating lease right-of-use assets, net",
                "concept": "OperatingLeaseRightOfUseAsset",
                "unit": "usd",
                "value": 182464000
            },
            {
                "label": "Goodwill",
                "concept": "Goodwill",
                "unit": "usd",
                "value": 1180264000
            },
            {
                "label": "Deferred taxes",
                "concept": "DeferredIncomeTaxAssetsNet",
                "unit": "usd",
                "value": 31517000
            },
            {
                "label": "Other intangible assets, net",
                "concept": "IntangibleAssetsNetExcludingGoodwill",
                "unit": "usd",
                "value": 174538000
            },
            {
                "label": "Other assets, net of allowance for expected credit losses of $100,887 and $101,439, respectively",
                "concept": "OtherAssetsNoncurrent",
                "unit": "usd",
                "value": 216924000
            },
            {
                "label": "Total assets",
                "concept": "Assets",
                "unit": "usd",
                "value": 4762074000
            },
            {
                "label": "Accounts payable",
                "concept": "AccountsPayableCurrent",
                "unit": "usd",
                "value": 425795000
            },
            {
                "label": "Accrued liabilities",
                "concept": "AccruedLiabilitiesCurrent",
                "unit": "usd",
                "value": 410783000
            },
            {
                "label": "Contract liabilities",
                "concept": "ContractWithCustomerLiabilityCurrent",
                "unit": "usd",
                "value": 223632000
            },
            {
                "label": "Debt due within one year",
                "concept": "LongTermDebtCurrent",
                "unit": "usd",
                "value": 8980000
            },
            {
                "label": "Operating lease liabilities",
                "concept": "OperatingLeaseLiabilityCurrent",
                "unit": "usd",
                "value": 36841000
            },
            {
                "label": "Total current liabilities",
                "concept": "LiabilitiesCurrent",
                "unit": "usd",
                "value": 1106031000
            },
            {
                "label": "Long-term debt due after one year",
                "concept": "LongTermDebtNoncurrent",
                "unit": "usd",
                "value": 1357108000
            },
            {
                "label": "Operating lease liabilities",
                "concept": "OperatingLeaseLiabilityNoncurrent",
                "unit": "usd",
                "value": 147031000
            },
            {
                "label": "Retirement obligations and other liabilities",
                "concept": "fls:RetirementObligationsAndOtherLiabilities",
                "unit": "usd",
                "value": 466479000
            },
            {
                "label": "Common shares, $1.25 par value, Shares authorized - 305,000, Shares issued - 176,793",
                "concept": "CommonStockValue",
                "unit": "usd",
                "value": 220991000
            },
            {
                "label": "Capital in excess of par value",
                "concept": "AdditionalPaidInCapitalCommonStock",
                "unit": "usd",
                "value": 497721000
            },
            {
                "label": "Retained earnings",
                "concept": "RetainedEarningsAccumulatedDeficit",
                "unit": "usd",
                "value": 3661579000
            },
            {
                "label": "Treasury shares, at cost \u2013 47,002 and 46,262 shares, respectively",
                "concept": "TreasuryStockValue",
                "unit": "usd",
                "value": 2069063000
            },
            {
                "label": "Deferred compensation obligation",
                "concept": "CompensationAndBenefitsTrust",
                "unit": "usd",
                "value": 8324000
            },
            {
                "label": "Accumulated other comprehensive loss",
                "concept": "AccumulatedOtherComprehensiveIncomeLossNetOfTax",
                "unit": "usd",
                "value": 660122000
            },
            {
                "label": "Total Flowserve Corporation shareholders\u2019 equity",
                "concept": "StockholdersEquity",
                "unit": "usd",
                "value": 1659430000
            },
            {
                "label": "Noncontrolling interests",
                "concept": "MinorityInterest",
                "unit": "usd",
                "value": 25995000
            },
            {
                "label": "Total equity",
                "concept": "StockholdersEquityIncludingPortionAttributableToNoncontrollingInterest",
                "unit": "usd",
                "value": 1685425000
            },
            {
                "label": "Total liabilities and equity",
                "concept": "LiabilitiesAndStockholdersEquity",
                "unit": "usd",
                "value": 4762074000
            }
        ],
        "cf": [
            {
                "label": "Net earnings, including noncontrolling interests",
                "concept": "ProfitLoss",
                "unit": "usd",
                "value": 1490000
            },
            {
                "label": "Depreciation",
                "concept": "Depreciation",
                "unit": "usd",
                "value": 22166000
            },
            {
                "label": "Amortization of intangible and other assets",
                "concept": "AmortizationOfIntangibleAssets",
                "unit": "usd",
                "value": 3121000
            },
            {
                "label": "Stock-based compensation",
                "concept": "ShareBasedCompensation",
                "unit": "usd",
                "value": 14311000
            },
            {
                "label": "Foreign currency, asset write downs and other non-cash adjustments",
                "concept": "ForeignCurrencyTransactionGainLossBeforeTax",
                "unit": "usd",
                "value": 23065000
            },
            {
                "label": "Accounts receivable, net",
                "concept": "IncreaseDecreaseInAccountsReceivable",
                "unit": "usd",
                "value": 19137000
            },
            {
                "label": "Inventories, net",
                "concept": "IncreaseDecreaseInInventories",
                "unit": "usd",
                "value": 43226000
            },
            {
                "label": "Contract assets, net",
                "concept": "ContractWithCustomerAssetReclassifiedToReceivable",
                "unit": "usd",
                "value": 14462000
            },
            {
                "label": "Prepaid expenses and other assets, net",
                "concept": "IncreaseDecreaseInPrepaidDeferredExpenseAndOtherAssets",
                "unit": "usd",
                "value": 2493000
            },
            {
                "label": "Accounts payable",
                "concept": "IncreaseDecreaseInAccountsPayable",
                "unit": "usd",
                "value": 7873000
            },
            {
                "label": "Contract liabilities",
                "concept": "ContractWithCustomerLiabilityRevenueRecognized",
                "unit": "usd",
                "value": 15705000
            },
            {
                "label": "Accrued liabilities and income taxes payable",
                "concept": "fls:IncreaseDecreaseinContractliabilitiesaccruedLiabilitiesandIncomeTaxesPayable",
                "unit": "usd",
                "value": 12204000
            },
            {
                "label": "Retirement obligations and other",
                "concept": "fls:IncreaseDecreaseInRetirementObligationsAndOtherLiabilities",
                "unit": "usd",
                "value": 9738000
            },
            {
                "label": "Net deferred taxes",
                "concept": "IncreaseDecreaseInDeferredIncomeTaxes",
                "unit": "usd",
                "value": 5581000
            },
            {
                "label": "Net cash flows provided (used) by operating activities",
                "concept": "NetCashProvidedByUsedInOperatingActivities",
                "unit": "usd",
                "value": 47302000
            },
            {
                "label": "Capital expenditures",
                "concept": "PaymentsToAcquireProductiveAssets",
                "unit": "usd",
                "value": 17310000
            },
            {
                "label": "Proceeds from disposal of assets and other",
                "concept": "ProceedsFromSaleOfPropertyPlantAndEquipment",
                "unit": "usd",
                "value": 10737000
            },
            {
                "label": "Net cash flows provided (used) by investing activities",
                "concept": "NetCashProvidedByUsedInInvestingActivities",
                "unit": "usd",
                "value": 6573000
            },
            {
                "label": "Payments on long-term debt",
                "concept": "RepaymentsOfLongTermDebt",
                "unit": "usd",
                "value": "N/A"
            },
            {
                "label": "Proceeds under other financing arrangements",
                "concept": "ProceedsFromOtherDebt",
                "unit": "usd",
                "value": 3250000
            },
            {
                "label": "Payments under other financing arrangements",
                "concept": "fls:PaymentsforOtherFinancingArrangements",
                "unit": "usd",
                "value": 3356000
            },
            {
                "label": "Repurchases of common shares",
                "concept": "PaymentsForRepurchaseOfCommonStock",
                "unit": "usd",
                "value": 32112000
            },
            {
                "label": "Payments related to tax withholding for stock-based compensation",
                "concept": "ExcessTaxBenefitFromShareBasedCompensationFinancingActivities",
                "unit": "usd",
                "value": 3137000
            },
            {
                "label": "Payments of dividends",
                "concept": "PaymentsOfDividends",
                "unit": "usd",
                "value": 26023000
            },
            {
                "label": "Other",
                "concept": "ProceedsFromPaymentsForOtherFinancingActivities",
                "unit": "usd",
                "value": 2547000
            },
            {
                "label": "Net cash flows provided (used) by financing activities",
                "concept": "NetCashProvidedByUsedInFinancingActivities",
                "unit": "usd",
                "value": 63925000
            },
            {
                "label": "Effect of exchange rate changes on cash",
                "concept": "EffectOfExchangeRateOnCashCashEquivalentsRestrictedCashAndRestrictedCashEquivalents",
                "unit": "usd",
                "value": 25485000
            },
            {
                "label": "Net change in cash and cash equivalents",
                "concept": "CashCashEquivalentsRestrictedCashAndRestrictedCashEquivalentsPeriodIncreaseDecreaseIncludingExchangeRateEffect",
                "unit": "usd",
                "value": 48681000
            }
        ],
        "ic": [
            {
                "label": "Net earnings, including noncontrolling interests",
                "concept": "ProfitLoss",
                "unit": "usd",
                "value": 1490000
            },
            {
                "label": "Foreign currency translation adjustments, net of taxes",
                "concept": "OtherComprehensiveIncomeLossForeignCurrencyTransactionAndTranslationAdjustmentNetOfTax",
                "unit": "usd",
                "value": 81353000
            },
            {
                "label": "Pension and other postretirement effects, net of taxes",
                "concept": "OtherComprehensiveIncomeLossPensionAndOtherPostretirementBenefitPlansAdjustmentNetOfTax",
                "unit": "usd",
                "value": 6309000
            },
            {
                "label": "Cash flow hedging activity, net of taxes",
                "concept": "OtherComprehensiveIncomeLossDerivativesQualifyingAsHedgesNetOfTax",
                "unit": "usd",
                "value": 54000
            },
            {
                "label": "Other comprehensive income (loss)",
                "concept": "OtherComprehensiveIncomeLossNetOfTax",
                "unit": "usd",
                "value": 74990000
            },
            {
                "label": "Comprehensive income (loss), including noncontrolling interests",
                "concept": "ComprehensiveIncomeNetOfTaxIncludingPortionAttributableToNoncontrollingInterest",
                "unit": "usd",
                "value": 73500000
            },
            {
                "label": "Comprehensive income (loss) attributable to noncontrolling interests",
                "concept": "ComprehensiveIncomeNetOfTaxAttributableToNoncontrollingInterest",
                "unit": "usd",
                "value": 2939000
            },
            {
                "label": "Comprehensive income (loss) attributable to Flowserve Corporation",
                "concept": "ComprehensiveIncomeNetOfTax",
                "unit": "usd",
                "value": 76439000
            }
        ]
    }
}