{
    "startDate": "2019-04-01",
    "endDate": "2020-03-31",
    "year": "2020",
    "quarter": "FY",
    "symbol": "NVEC",
    "data": {
        "bs": [],
        "cf": [
            {
                "label": "Net income",
                "concept": "NetIncomeLoss",
                "unit": "usd",
                "value": 14526642
            },
            {
                "label": "Depreciation and amortization",
                "concept": "DepreciationDepletionAndAmortization",
                "unit": "usd",
                "value": 549969
            },
            {
                "label": "us-gaap_ShareBasedCompensation",
                "concept": "ShareBasedCompensation",
                "unit": "usd",
                "value": 48360
            },
            {
                "label": "Deferred income taxes",
                "concept": "DeferredIncomeTaxExpenseBenefit",
                "unit": "usd",
                "value": 77779
            },
            {
                "label": "us-gaap_IncreaseDecreaseInAccountsReceivable",
                "concept": "IncreaseDecreaseInAccountsReceivable",
                "unit": "usd",
                "value": -301620
            },
            {
                "label": "us-gaap_IncreaseDecreaseInInventories",
                "concept": "IncreaseDecreaseInInventories",
                "unit": "usd",
                "value": -380426
            },
            {
                "label": "us-gaap_IncreaseDecreaseInPrepaidDeferredExpenseAndOtherAssets",
                "concept": "IncreaseDecreaseInPrepaidDeferredExpenseAndOtherAssets",
                "unit": "usd",
                "value": 394504
            },
            {
                "label": "Accounts payable and accrued expenses",
                "concept": "IncreaseDecreaseInAccountsPayableAndAccruedLiabilities",
                "unit": "usd",
                "value": 405481
            },
            {
                "label": "us-gaap_NetCashProvidedByUsedInOperatingActivities",
                "concept": "NetCashProvidedByUsedInOperatingActivities",
                "unit": "usd",
                "value": 15895773
            },
            {
                "label": "us-gaap_PaymentsToAcquirePropertyPlantAndEquipment",
                "concept": "PaymentsToAcquirePropertyPlantAndEquipment",
                "unit": "usd",
                "value": 52041
            },
            {
                "label": "us-gaap_PaymentsToAcquireMarketableSecurities",
                "concept": "PaymentsToAcquireMarketableSecurities",
                "unit": "usd",
                "value": 7196330
            },
            {
                "label": "Proceeds from maturities and sales of marketable securities",
                "concept": "ProceedsFromSaleAndMaturityOfMarketableSecurities",
                "unit": "usd",
                "value": 12500000
            },
            {
                "label": "us-gaap_NetCashProvidedByUsedInInvestingActivities",
                "concept": "NetCashProvidedByUsedInInvestingActivities",
                "unit": "usd",
                "value": 5251629
            },
            {
                "label": "Proceeds from exercise of stock options",
                "concept": "ProceedsFromStockOptionsExercised",
                "unit": "usd",
                "value": 112360
            },
            {
                "label": "us-gaap_PaymentsForRepurchaseOfCommonStock",
                "concept": "PaymentsForRepurchaseOfCommonStock",
                "unit": "usd",
                "value": 687432
            },
            {
                "label": "us-gaap_PaymentsOfDividendsCommonStock",
                "concept": "PaymentsOfDividendsCommonStock",
                "unit": "usd",
                "value": 19384040
            },
            {
                "label": "us-gaap_NetCashProvidedByUsedInFinancingActivities",
                "concept": "NetCashProvidedByUsedInFinancingActivities",
                "unit": "usd",
                "value": -19959112
            },
            {
                "label": "us-gaap_CashAndCashEquivalentsPeriodIncreaseDecrease",
                "concept": "CashAndCashEquivalentsPeriodIncreaseDecrease",
                "unit": "usd",
                "value": 1188290
            },
            {
                "label": "Cash paid during the year for income taxes",
                "concept": "IncomeTaxesPaid",
                "unit": "usd",
                "value": 2586661
            }
        ],
        "ic": [
            {
                "label": "us-gaap_Revenues",
                "concept": "Revenues",
                "unit": "usd",
                "value": 25412163
            },
            {
                "label": "Cost of sales",
                "concept": "CostOfRevenue",
                "unit": "usd",
                "value": 4889295
            },
            {
                "label": "us-gaap_GrossProfit",
                "concept": "GrossProfit",
                "unit": "usd",
                "value": 20522868
            },
            {
                "label": "Research and development",
                "concept": "ResearchAndDevelopmentExpense",
                "unit": "usd",
                "value": 3690539
            },
            {
                "label": "Selling, general, and administrative",
                "concept": "SellingGeneralAndAdministrativeExpense",
                "unit": "usd",
                "value": 1317543
            },
            {
                "label": "us-gaap_OperatingExpenses",
                "concept": "OperatingExpenses",
                "unit": "usd",
                "value": 5008082
            },
            {
                "label": "us-gaap_OperatingIncomeLoss",
                "concept": "OperatingIncomeLoss",
                "unit": "usd",
                "value": 15514786
            },
            {
                "label": "Interest income",
                "concept": "InvestmentIncomeInterest",
                "unit": "usd",
                "value": 1787117
            },
            {
                "label": "us-gaap_IncomeLossFromContinuingOperationsBeforeIncomeTaxesMinorityInterestAndIncomeLossFromEquityMethodInvestments",
                "concept": "IncomeLossFromContinuingOperationsBeforeIncomeTaxesMinorityInterestAndIncomeLossFromEquityMethodInvestments",
                "unit": "usd",
                "value": 17301903
            },
            {
                "label": "Provision for income taxes",
                "concept": "IncomeTaxExpenseBenefit",
                "unit": "usd",
                "value": 2775261
            },
            {
                "label": "Net income",
                "concept": "NetIncomeLoss",
                "unit": "usd",
                "value": 14526642
            },
            {
                "label": "Net income per share \u2013 basic (in dollars per share)",
                "concept": "EarningsPerShareBasic",
                "unit": "usd/shares",
                "value": 3
            },
            {
                "label": "Net income per share \u2013 diluted (in dollars per share)",
                "concept": "EarningsPerShareDiluted",
                "unit": "usd/shares",
                "value": 3
            },
            {
                "label": "Cash dividends declared per common share (in dollars per share)",
                "concept": "CommonStockDividendsPerShareDeclared",
                "unit": "usd/shares",
                "value": 4
            },
            {
                "label": "Weighted average common shares outstanding \u2013 basic (in shares)",
                "concept": "WeightedAverageNumberOfSharesOutstandingBasic",
                "unit": "shares",
                "value": 4845627
            },
            {
                "label": "Diluted (in shares)",
                "concept": "WeightedAverageNumberOfDilutedSharesOutstanding",
                "unit": "shares",
                "value": 4847294
            }
        ]
    }
}