{
    "startDate": "2020-01-01",
    "endDate": "2020-03-31",
    "year": "2020",
    "quarter": "Q1",
    "symbol": "HSC",
    "data": {
        "bs": [
            {
                "label": "Cash and cash equivalents (including restricted cash of $4)",
                "concept": "CashCashEquivalentsRestrictedCashAndRestrictedCashEquivalents",
                "unit": "usd",
                "value": 250000000
            },
            {
                "label": "Accounts receivable (net of allowance for doubtful accounts of $4 and $3, respectively)",
                "concept": "AccountsReceivableNet",
                "unit": "usd",
                "value": 451000000
            },
            {
                "label": "Finished and in-process goods",
                "concept": "InventoryFinishedGoodsAndWorkInProcessNetOfReserves",
                "unit": "usd",
                "value": 212000000
            },
            {
                "label": "Raw materials and supplies",
                "concept": "InventoryRawMaterialsAndSuppliesNetOfReserves",
                "unit": "usd",
                "value": 104000000
            },
            {
                "label": "Other current assets",
                "concept": "OtherAssetsCurrent",
                "unit": "usd",
                "value": 51000000
            },
            {
                "label": "Total current assets",
                "concept": "AssetsCurrent",
                "unit": "usd",
                "value": 1068000000
            },
            {
                "label": "Investment in unconsolidated entities",
                "concept": "InvestmentsInAffiliatesSubsidiariesAssociatesAndJointVentures",
                "unit": "usd",
                "value": 17000000
            },
            {
                "label": "Deferred Tax Assets, Net",
                "concept": "DeferredTaxAssetsLiabilitiesNet",
                "unit": "usd",
                "value": 6000000
            },
            {
                "label": "Other assets, net",
                "concept": "OtherAssetsNoncurrent",
                "unit": "usd",
                "value": 56000000
            },
            {
                "label": "Land",
                "concept": "Land",
                "unit": "usd",
                "value": 109000000
            },
            {
                "label": "Buildings",
                "concept": "BuildingsAndImprovementsGross",
                "unit": "usd",
                "value": 174000000
            },
            {
                "label": "Machinery and equipment",
                "concept": "MachineryAndEquipmentGross",
                "unit": "usd",
                "value": 1351000000
            },
            {
                "label": "Property, plant and equipment, gross",
                "concept": "PropertyPlantAndEquipmentGross",
                "unit": "usd",
                "value": 1634000000
            },
            {
                "label": "Less accumulated depreciation",
                "concept": "AccumulatedDepreciationDepletionAndAmortizationPropertyPlantAndEquipment",
                "unit": "usd",
                "value": 139000000
            },
            {
                "label": "Property, plant and equipment, net",
                "concept": "PropertyPlantAndEquipmentNet",
                "unit": "usd",
                "value": 1495000000
            },
            {
                "label": "Operating Lease, Right-of-Use Asset",
                "concept": "OperatingLeaseRightOfUseAsset",
                "unit": "usd",
                "value": 118000000
            },
            {
                "label": "Goodwill",
                "concept": "Goodwill",
                "unit": "usd",
                "value": 178000000
            },
            {
                "label": "Other intangible assets, net",
                "concept": "IntangibleAssetsNetExcludingGoodwill",
                "unit": "usd",
                "value": 1159000000
            },
            {
                "label": "Total assets",
                "concept": "Assets",
                "unit": "usd",
                "value": 4097000000
            },
            {
                "label": "Accounts payable",
                "concept": "AccountsPayableCurrent",
                "unit": "usd",
                "value": 315000000
            },
            {
                "label": "Debt payable within one year",
                "concept": "DebtCurrent",
                "unit": "usd",
                "value": 80000000
            },
            {
                "label": "Interest payable",
                "concept": "InterestPayableCurrent",
                "unit": "usd",
                "value": 24000000
            },
            {
                "label": "Income taxes payable",
                "concept": "TaxesPayableCurrent",
                "unit": "usd",
                "value": 22000000
            },
            {
                "label": "Accrued payroll and incentive compensation",
                "concept": "EmployeeRelatedLiabilitiesCurrent",
                "unit": "usd",
                "value": 44000000
            },
            {
                "label": "Operating Lease, Liability, Current",
                "concept": "OperatingLeaseLiabilityCurrent",
                "unit": "usd",
                "value": 21000000
            },
            {
                "label": "Other current liabilities",
                "concept": "OtherLiabilitiesCurrent",
                "unit": "usd",
                "value": 114000000
            },
            {
                "label": "Total current liabilities",
                "concept": "LiabilitiesCurrent",
                "unit": "usd",
                "value": 620000000
            },
            {
                "label": "Long-term pension and post employment benefit obligations",
                "concept": "PensionAndOtherPostretirementDefinedBenefitPlansLiabilitiesNoncurrent",
                "unit": "usd",
                "value": 244000000
            },
            {
                "label": "Deferred income taxes",
                "concept": "DeferredTaxLiabilitiesNoncurrent",
                "unit": "usd",
                "value": 155000000
            },
            {
                "label": "Operating Lease, Liability, Noncurrent",
                "concept": "OperatingLeaseLiabilityNoncurrent",
                "unit": "usd",
                "value": 83000000
            },
            {
                "label": "Other long-term liabilities",
                "concept": "OtherLiabilitiesNoncurrent",
                "unit": "usd",
                "value": 207000000
            },
            {
                "label": "Total liabilities",
                "concept": "Liabilities",
                "unit": "usd",
                "value": 3143000000
            },
            {
                "label": "Common stock \u2014$0.01 par value; 100 shares authorized, issued and outstanding",
                "concept": "CommonStockValueOutstanding",
                "unit": "usd",
                "value": 0
            },
            {
                "label": "Paid-in capital",
                "concept": "AdditionalPaidInCapital",
                "unit": "usd",
                "value": 1170000000
            },
            {
                "label": "Loan receivable from parent",
                "concept": "DueFromOfficersOrStockholdersNoncurrent",
                "unit": "usd",
                "value": -10000000
            },
            {
                "label": "Accumulated other comprehensive loss",
                "concept": "AccumulatedOtherComprehensiveIncomeLossNetOfTax",
                "unit": "usd",
                "value": -58000000
            },
            {
                "label": "Accumulated deficit",
                "concept": "RetainedEarningsAccumulatedDeficit",
                "unit": "usd",
                "value": -148000000
            },
            {
                "label": "Total Hexion Inc. shareholders\u2019 equity",
                "concept": "StockholdersEquity",
                "unit": "usd",
                "value": 954000000
            },
            {
                "label": "Noncontrolling interest",
                "concept": "MinorityInterest",
                "unit": "usd",
                "value": 0
            },
            {
                "label": "Total deficit",
                "concept": "StockholdersEquityIncludingPortionAttributableToNoncontrollingInterest",
                "unit": "usd",
                "value": 954000000
            },
            {
                "label": "Total liabilities and deficit",
                "concept": "LiabilitiesAndStockholdersEquity",
                "unit": "usd",
                "value": 4097000000
            }
        ],
        "cf": [
            {
                "label": "Depreciation and amortization",
                "concept": "DepreciationAmortizationAndAccretionNet",
                "unit": "usd",
                "value": 58000000
            },
            {
                "label": "Non-cash asset impairments",
                "concept": "hsc:NonCashAssetImpairmentsAndAcceleratedDepreciation",
                "unit": "usd",
                "value": 16000000
            },
            {
                "label": "Deferred Income Tax Expense (Benefit)",
                "concept": "DeferredIncomeTaxExpenseBenefit",
                "unit": "usd",
                "value": -2000000
            },
            {
                "label": "Unrealized foreign currency losses",
                "concept": "ForeignCurrencyTransactionGainLossUnrealized",
                "unit": "usd",
                "value": 5000000
            },
            {
                "label": "Restricted Stock or Unit Expense",
                "concept": "RestrictedStockExpense",
                "unit": "usd",
                "value": 5000000
            },
            {
                "label": "Other non-cash adjustments",
                "concept": "AdjustmentsNoncashItemsToReconcileNetIncomeLossToCashProvidedByUsedInOperatingActivities",
                "unit": "usd",
                "value": 3000000
            },
            {
                "label": "Accounts receivable",
                "concept": "IncreaseDecreaseInAccountsReceivable",
                "unit": "usd",
                "value": -104000000
            },
            {
                "label": "Inventories",
                "concept": "IncreaseDecreaseInInventories",
                "unit": "usd",
                "value": 7000000
            },
            {
                "label": "Accounts payable",
                "concept": "IncreaseDecreaseInAccountsPayable",
                "unit": "usd",
                "value": -8000000
            },
            {
                "label": "Income taxes payable",
                "concept": "IncreaseDecreaseInAccruedIncomeTaxesPayable",
                "unit": "usd",
                "value": 3000000
            },
            {
                "label": "Other assets, current and non-current",
                "concept": "IncreaseDecreaseInOtherOperatingAssets",
                "unit": "usd",
                "value": -8000000
            },
            {
                "label": "Other liabilities, current and long-term",
                "concept": "IncreaseDecreaseInOtherOperatingLiabilities",
                "unit": "usd",
                "value": -18000000
            },
            {
                "label": "Net cash used in operating activities",
                "concept": "NetCashProvidedByUsedInOperatingActivities",
                "unit": "usd",
                "value": -102000000
            },
            {
                "label": "Capital expenditures",
                "concept": "PaymentsToAcquirePropertyPlantAndEquipment",
                "unit": "usd",
                "value": -32000000
            },
            {
                "label": "Net cash (used in) provided by investing activities",
                "concept": "NetCashProvidedByUsedInInvestingActivities",
                "unit": "usd",
                "value": -32000000
            },
            {
                "label": "Net short-term debt borrowings",
                "concept": "ProceedsFromRepaymentsOfShortTermDebt",
                "unit": "usd",
                "value": -10000000
            },
            {
                "label": "Borrowings of long-term debt",
                "concept": "ProceedsFromIssuanceOfLongTermDebt",
                "unit": "usd",
                "value": 181000000
            },
            {
                "label": "Repayments of long-term debt",
                "concept": "RepaymentsOfLongTermDebt",
                "unit": "usd",
                "value": -25000000
            },
            {
                "label": "Net cash provided by financing activities",
                "concept": "NetCashProvidedByUsedInFinancingActivities",
                "unit": "usd",
                "value": 136000000
            },
            {
                "label": "Effect of exchange rates on cash and cash equivalents, including restricted cash",
                "concept": "EffectOfExchangeRateOnCashCashEquivalentsRestrictedCashAndRestrictedCashEquivalents",
                "unit": "usd",
                "value": -6000000
            },
            {
                "label": "Change in cash and cash equivalents, including restricted cash",
                "concept": "CashCashEquivalentsRestrictedCashAndRestrictedCashEquivalentsPeriodIncreaseDecreaseIncludingExchangeRateEffect",
                "unit": "usd",
                "value": -4000000
            },
            {
                "label": "Interest, net",
                "concept": "InterestPaidNet",
                "unit": "usd",
                "value": 36000000
            },
            {
                "label": "Income taxes, net of cash refunds",
                "concept": "IncomeTaxesPaidNet",
                "unit": "usd",
                "value": 2000000
            }
        ],
        "ic": [
            {
                "label": "Business realignment costs",
                "concept": "hsc:BusinessRealignmentCosts",
                "unit": "usd",
                "value": 21000000
            },
            {
                "label": "Other operating expense, net",
                "concept": "OtherOperatingIncomeExpenseNet",
                "unit": "usd",
                "value": 7000000
            },
            {
                "label": "Operating (loss) income",
                "concept": "OperatingIncomeLoss",
                "unit": "usd",
                "value": -31000000
            },
            {
                "label": "Interest expense, net",
                "concept": "InterestIncomeExpenseNet",
                "unit": "usd",
                "value": 26000000
            },
            {
                "label": "Other non-operating income, net",
                "concept": "OtherNonoperatingIncomeExpense",
                "unit": "usd",
                "value": 0
            },
            {
                "label": "Loss before income tax and earnings from unconsolidated entities",
                "concept": "IncomeLossFromContinuingOperationsBeforeIncomeTaxesMinorityInterestAndIncomeLossFromEquityMethodInvestments",
                "unit": "usd",
                "value": -57000000
            },
            {
                "label": "Loss before earnings from unconsolidated entities",
                "concept": "IncomeLossFromContinuingOperationsIncludingPortionAttributableToNoncontrollingInterest",
                "unit": "usd",
                "value": -60000000
            },
            {
                "label": "Earnings from unconsolidated entities, net of taxes",
                "concept": "IncomeLossFromEquityMethodInvestments",
                "unit": "usd",
                "value": 1000000
            },
            {
                "label": "Net loss",
                "concept": "ProfitLoss",
                "unit": "usd",
                "value": -59000000
            }
        ]
    }
}