{
    "startDate": "2020-01-01",
    "endDate": "2020-03-31",
    "year": "2020",
    "quarter": "Q1",
    "symbol": "PDCE",
    "data": {
        "bs": [],
        "cf": [
            {
                "label": "",
                "concept": "ProfitLoss",
                "unit": "usd",
                "value": 465015000
            },
            {
                "label": "",
                "concept": "UnrealizedGainLossOnDerivativesAndCommodityContracts",
                "unit": "usd",
                "value": 388875000
            },
            {
                "label": "",
                "concept": "DepreciationDepletionAndAmortization",
                "unit": "usd",
                "value": 176157000
            },
            {
                "label": "",
                "concept": "OtherAssetImpairmentCharges",
                "unit": "usd",
                "value": 881074000
            },
            {
                "label": "",
                "concept": "AssetRetirementObligationAccretionExpense",
                "unit": "usd",
                "value": 2620000
            },
            {
                "label": "",
                "concept": "ShareBasedCompensation",
                "unit": "usd",
                "value": 5672000
            },
            {
                "label": "",
                "concept": "GainLossOnSaleOfPropertyPlantEquipment",
                "unit": "usd",
                "value": 179000
            },
            {
                "label": "",
                "concept": "AmortizationOfFinancingCostsAndDiscounts",
                "unit": "usd",
                "value": 3640000
            },
            {
                "label": "",
                "concept": "DeferredIncomeTaxExpenseBenefit",
                "unit": "usd",
                "value": 6331000
            },
            {
                "label": "",
                "concept": "OtherOperatingActivitiesCashFlowStatement",
                "unit": "usd",
                "value": 1011000
            },
            {
                "label": "",
                "concept": "IncreaseDecreaseInOperatingCapital",
                "unit": "usd",
                "value": 56507000
            },
            {
                "label": "",
                "concept": "NetCashProvidedByUsedInOperatingActivities",
                "unit": "usd",
                "value": 266281000
            },
            {
                "label": "",
                "concept": "PaymentsToExploreAndDevelopOilAndGasProperties",
                "unit": "usd",
                "value": 190768000
            },
            {
                "label": "",
                "concept": "PaymentsForCapitalImprovements",
                "unit": "usd",
                "value": 455000
            },
            {
                "label": "",
                "concept": "PaymentsToAcquireOilAndGasEquipment",
                "unit": "usd",
                "value": 139812000
            },
            {
                "label": "",
                "concept": "ProceedsFromSaleOfPropertyPlantAndEquipment",
                "unit": "usd",
                "value": 793000
            },
            {
                "label": "",
                "concept": "ProceedsFromDivestitureOfBusinesses",
                "unit": "usd",
                "value": 62000
            },
            {
                "label": "",
                "concept": "NetCashProvidedByUsedInInvestingActivities",
                "unit": "usd",
                "value": 330180000
            },
            {
                "label": "",
                "concept": "ProceedsFromLongTermLinesOfCredit",
                "unit": "usd",
                "value": 917000000
            },
            {
                "label": "",
                "concept": "RepaymentsOfLinesOfCredit",
                "unit": "usd",
                "value": 304000000
            },
            {
                "label": "",
                "concept": "PaymentsOfDebtIssuanceCosts",
                "unit": "usd",
                "value": 4666000
            },
            {
                "label": "",
                "concept": "ProceedsFromRepurchaseOfEquity",
                "unit": "usd",
                "value": 23819000
            },
            {
                "label": "",
                "concept": "PaymentsForRepurchaseOfCommonStock",
                "unit": "usd",
                "value": 7693000
            },
            {
                "label": "",
                "concept": "EarlyRepaymentOfSeniorDebt",
                "unit": "usd",
                "value": 452153000
            },
            {
                "label": "",
                "concept": "FinanceLeasePrincipalPayments",
                "unit": "usd",
                "value": 489000
            },
            {
                "label": "",
                "concept": "ProceedsFromPaymentsForOtherFinancingActivities",
                "unit": "usd",
                "value": "N/A"
            },
            {
                "label": "",
                "concept": "NetCashProvidedByUsedInFinancingActivities",
                "unit": "usd",
                "value": 124180000
            },
            {
                "label": "",
                "concept": "CashCashEquivalentsRestrictedCashAndRestrictedCashEquivalentsPeriodIncreaseDecreaseIncludingExchangeRateEffect",
                "unit": "usd",
                "value": 60281000
            },
            {
                "label": "",
                "concept": "InterestPaidNet",
                "unit": "usd",
                "value": 16915000
            },
            {
                "label": "",
                "concept": "IncomeTaxesPaidNet",
                "unit": "usd",
                "value": 204000
            },
            {
                "label": "",
                "concept": "CapitalExpendituresIncurredButNotYetPaid",
                "unit": "usd",
                "value": 70026000
            },
            {
                "label": "",
                "concept": "IncreaseDecreaseInAssetRetirementObligations",
                "unit": "usd",
                "value": 42126000
            }
        ],
        "ic": [
            {
                "label": "",
                "concept": "ResultsOfOperationsRevenueFromOilAndGasProducingActivities",
                "unit": "usd",
                "value": 320315000
            },
            {
                "label": "",
                "concept": "DerivativeGainLossOnDerivativeNet",
                "unit": "usd",
                "value": 434698000
            },
            {
                "label": "",
                "concept": "OtherOperatingIncome",
                "unit": "usd",
                "value": 2017000
            },
            {
                "label": "",
                "concept": "Revenues",
                "unit": "usd",
                "value": 757030000
            },
            {
                "label": "",
                "concept": "ResultsOfOperationsProductionOrLiftingCosts",
                "unit": "usd",
                "value": 49534000
            },
            {
                "label": "",
                "concept": "ProductionTaxExpense",
                "unit": "usd",
                "value": 18470000
            },
            {
                "label": "",
                "concept": "ResultsOfOperationsTransportationCosts",
                "unit": "usd",
                "value": 13496000
            },
            {
                "label": "",
                "concept": "ExplorationExpense",
                "unit": "usd",
                "value": 136000
            },
            {
                "label": "",
                "concept": "ResultsOfOperationsImpairmentOfOilAndGasProperties",
                "unit": "usd",
                "value": 881074000
            },
            {
                "label": "",
                "concept": "GeneralAndAdministrativeExpense",
                "unit": "usd",
                "value": 62165000
            },
            {
                "label": "",
                "concept": "DepreciationDepletionAndAmortization",
                "unit": "usd",
                "value": 176157000
            },
            {
                "label": "",
                "concept": "AssetRetirementObligationAccretionExpense",
                "unit": "usd",
                "value": 2620000
            },
            {
                "label": "",
                "concept": "GainLossOnSaleOfOilAndGasProperty",
                "unit": "usd",
                "value": 179000
            },
            {
                "label": "",
                "concept": "OtherExpenses",
                "unit": "usd",
                "value": 2144000
            },
            {
                "label": "",
                "concept": "CostsAndExpenses",
                "unit": "usd",
                "value": 1205617000
            },
            {
                "label": "",
                "concept": "OperatingIncomeLoss",
                "unit": "usd",
                "value": 448587000
            },
            {
                "label": "",
                "concept": "InterestExpense",
                "unit": "usd",
                "value": 24173000
            },
            {
                "label": "",
                "concept": "IncomeLossFromContinuingOperationsBeforeIncomeTaxesMinorityInterestAndIncomeLossFromEquityMethodInvestments",
                "unit": "usd",
                "value": 472760000
            },
            {
                "label": "",
                "concept": "IncomeTaxExpenseBenefit",
                "unit": "usd",
                "value": 7745000
            },
            {
                "label": "",
                "concept": "NetIncomeLoss",
                "unit": "usd",
                "value": 465015000
            },
            {
                "label": "",
                "concept": "EarningsPerShareBasic",
                "unit": "usd/shares",
                "value": 4.94
            },
            {
                "label": "",
                "concept": "EarningsPerShareDiluted",
                "unit": "usd/shares",
                "value": 4.94
            },
            {
                "label": "",
                "concept": "WeightedAverageNumberOfSharesOutstandingBasic",
                "unit": "shares",
                "value": 94077000
            },
            {
                "label": "",
                "concept": "ProFormaWeightedAverageSharesOutstandingDiluted",
                "unit": "shares",
                "value": 94077000
            }
        ]
    }
}