{
    "startDate": "2020-02-01",
    "endDate": "2020-04-30",
    "year": "2020",
    "quarter": "Q3",
    "symbol": "BRC",
    "data": {
        "bs": [
            {
                "label": "Cash and cash equivalents",
                "concept": "CashAndCashEquivalentsAtCarryingValue",
                "unit": "usd",
                "value": 238880000
            },
            {
                "label": "Accounts receivable\u2014net",
                "concept": "AccountsReceivableNetCurrent",
                "unit": "usd",
                "value": 145133000
            },
            {
                "label": "Inventories",
                "concept": "InventoryNet",
                "unit": "usd",
                "value": 124575000
            },
            {
                "label": "Prepaid expenses and other current assets",
                "concept": "PrepaidExpenseAndOtherAssetsCurrent",
                "unit": "usd",
                "value": 22502000
            },
            {
                "label": "Total current assets",
                "concept": "AssetsCurrent",
                "unit": "usd",
                "value": 531090000
            },
            {
                "label": "Property, plant and equipment\u2014net",
                "concept": "PropertyPlantAndEquipmentNet",
                "unit": "usd",
                "value": 111383000
            },
            {
                "label": "Goodwill",
                "concept": "Goodwill",
                "unit": "usd",
                "value": 404039000
            },
            {
                "label": "Other intangible assets",
                "concept": "IntangibleAssetsNetExcludingGoodwill",
                "unit": "usd",
                "value": 23444000
            },
            {
                "label": "Deferred Income Tax Assets, Net",
                "concept": "DeferredIncomeTaxAssetsNet",
                "unit": "usd",
                "value": 7006000
            },
            {
                "label": "Operating Lease, Right-of-Use Asset",
                "concept": "OperatingLeaseRightOfUseAsset",
                "unit": "usd",
                "value": 41553000
            },
            {
                "label": "Other assets",
                "concept": "OtherAssetsNoncurrent",
                "unit": "usd",
                "value": 21827000
            },
            {
                "label": "Total",
                "concept": "Assets",
                "unit": "usd",
                "value": 1140342000
            },
            {
                "label": "Accounts payable",
                "concept": "AccountsPayableCurrent",
                "unit": "usd",
                "value": 58819000
            },
            {
                "label": "Accrued compensation and benefits",
                "concept": "EmployeeRelatedLiabilitiesCurrent",
                "unit": "usd",
                "value": 41591000
            },
            {
                "label": "Taxes, other than income taxes",
                "concept": "AccrualForTaxesOtherThanIncomeTaxesCurrent",
                "unit": "usd",
                "value": 7667000
            },
            {
                "label": "Accrued income taxes",
                "concept": "AccruedIncomeTaxesCurrent",
                "unit": "usd",
                "value": 8101000
            },
            {
                "label": "Operating Lease, Liability, Current",
                "concept": "OperatingLeaseLiabilityCurrent",
                "unit": "usd",
                "value": 14381000
            },
            {
                "label": "Other current liabilities",
                "concept": "OtherLiabilitiesCurrent",
                "unit": "usd",
                "value": 48473000
            },
            {
                "label": "Total current liabilities",
                "concept": "LiabilitiesCurrent",
                "unit": "usd",
                "value": 227959000
            },
            {
                "label": "Operating Lease, Liability, Noncurrent",
                "concept": "OperatingLeaseLiabilityNoncurrent",
                "unit": "usd",
                "value": 32348000
            },
            {
                "label": "Long-term Debt, Current Maturities",
                "concept": "LongTermDebtCurrent",
                "unit": "usd",
                "value": 48927000
            },
            {
                "label": "Other liabilities",
                "concept": "OtherLiabilitiesNoncurrent",
                "unit": "usd",
                "value": 59433000
            },
            {
                "label": "Total liabilities",
                "concept": "Liabilities",
                "unit": "usd",
                "value": 319740000
            },
            {
                "label": "Class\u00a0A nonvoting common stock\u2014Issued 51,261,487 shares, and outstanding 48,431,617 and 49,458,841 shares, respectively",
                "concept": "brc:ClassANonvotingCommonStockValueIssued",
                "unit": "usd",
                "value": 513000
            },
            {
                "label": "Class B voting common stock\u2014Issued and outstanding, 3,538,628 shares",
                "concept": "brc:ClassBVotingCommonStockValueIssued",
                "unit": "usd",
                "value": 35000
            },
            {
                "label": "Additional paid-in capital",
                "concept": "AdditionalPaidInCapitalCommonStock",
                "unit": "usd",
                "value": 330968000
            },
            {
                "label": "Retained earnings",
                "concept": "RetainedEarningsAccumulatedDeficit",
                "unit": "usd",
                "value": 688079000
            },
            {
                "label": "Treasury stock\u20142,829,870 and 1,802,646 shares, respectively, of Class\u00a0A nonvoting common stock, at cost",
                "concept": "TreasuryStockValue",
                "unit": "usd",
                "value": 106751000
            },
            {
                "label": "Accumulated other comprehensive loss",
                "concept": "AccumulatedOtherComprehensiveIncomeLossNetOfTax",
                "unit": "usd",
                "value": 92242000
            },
            {
                "label": "Total stockholders\u2019 equity",
                "concept": "StockholdersEquity",
                "unit": "usd",
                "value": 820602000
            },
            {
                "label": "Total",
                "concept": "LiabilitiesAndStockholdersEquity",
                "unit": "usd",
                "value": 1140342000
            }
        ],
        "cf": [],
        "ic": [
            {
                "label": "Net income",
                "concept": "NetIncomeLoss",
                "unit": "usd",
                "value": 13633000
            },
            {
                "label": "Foreign currency translation adjustments",
                "concept": "OtherComprehensiveIncomeForeignCurrencyTransactionAndTranslationGainLossBeforeReclassificationAndTax",
                "unit": "usd",
                "value": 17424000
            },
            {
                "label": "Reclassification adjustment for gains included in net income",
                "concept": "OtherComprehensiveIncomeLossReclassificationAdjustmentFromAOCIOnDerivativesBeforeTax",
                "unit": "usd",
                "value": 293000
            },
            {
                "label": "Total cash flow hedges",
                "concept": "OtherComprehensiveIncomeLossDerivativesQualifyingAsHedgesBeforeTax",
                "unit": "usd",
                "value": 2044000
            },
            {
                "label": "Net loss recognized in other comprehensive loss",
                "concept": "brc:OtherComprehensiveIncomeAmortizationOfDefinedBenefitPlanActuarialLossGainRecognizedInNetPeriodicBenefitCostBeforeTax",
                "unit": "usd",
                "value": 105000
            },
            {
                "label": "Actuarial gain amortization",
                "concept": "OtherComprehensiveIncomeLossReclassificationAdjustmentFromAOCIPensionAndOtherPostretirementBenefitPlansForNetGainLossBeforeTax",
                "unit": "usd",
                "value": "N/A"
            },
            {
                "label": "Total pension and other post-retirement benefits",
                "concept": "OtherComprehensiveIncomeLossReclassificationAdjustmentFromAOCIPensionAndOtherPostretirementBenefitPlansBeforeTax",
                "unit": "usd",
                "value": 105000
            },
            {
                "label": "Other comprehensive loss, before tax",
                "concept": "OtherComprehensiveIncomeLossBeforeTax",
                "unit": "usd",
                "value": 19573000
            },
            {
                "label": "Income tax expense related to items of other comprehensive loss",
                "concept": "OtherComprehensiveIncomeLossTax",
                "unit": "usd",
                "value": 179000
            },
            {
                "label": "Other comprehensive loss, net of tax",
                "concept": "OtherComprehensiveIncomeLossNetOfTax",
                "unit": "usd",
                "value": 19752000
            }
        ]
    }
}