{
    "startDate": "2020-01-01",
    "endDate": "2020-03-31",
    "year": "2020",
    "quarter": "Q1",
    "symbol": "RNST",
    "data": {
        "bs": [
            {
                "label": "Cash and due from banks",
                "concept": "CashAndDueFromBanks",
                "unit": "usd",
                "value": 234583000
            },
            {
                "label": "Interest-bearing balances with banks",
                "concept": "InterestBearingDepositsInBanks",
                "unit": "usd",
                "value": 403189000
            },
            {
                "label": "Cash and cash equivalents",
                "concept": "CashAndCashEquivalentsAtCarryingValue",
                "unit": "usd",
                "value": 637772000
            },
            {
                "label": "Loans held for sale, at fair value",
                "concept": "LoansReceivableHeldForSaleNetNotPartOfDisposalGroup",
                "unit": "usd",
                "value": 448797000
            },
            {
                "label": "Total loans, net of unearned income",
                "concept": "LoansAndLeasesReceivableNetOfDeferredIncome",
                "unit": "usd",
                "value": 9769377000
            },
            {
                "label": "Premises and equipment, net",
                "concept": "PropertyPlantAndEquipmentNet",
                "unit": "usd",
                "value": 306720000
            },
            {
                "label": "Total other real estate owned, net",
                "concept": "OtherRealEstateAndForeclosedAssets",
                "unit": "usd",
                "value": 8671000
            },
            {
                "label": "Other intangible assets, net",
                "concept": "IntangibleAssetsNetExcludingGoodwill",
                "unit": "usd",
                "value": 35365000
            },
            {
                "label": "Bank-owned life insurance",
                "concept": "BankOwnedLifeInsurance",
                "unit": "usd",
                "value": 227271000
            },
            {
                "label": "Mortgage servicing rights",
                "concept": "ServicingAsset",
                "unit": "usd",
                "value": 46365000
            },
            {
                "label": "Other assets",
                "concept": "OtherAssets",
                "unit": "usd",
                "value": 241585000
            },
            {
                "label": "Total assets",
                "concept": "Assets",
                "unit": "usd",
                "value": 13900550000
            },
            {
                "label": "Noninterest-bearing",
                "concept": "NoninterestBearingDepositLiabilities",
                "unit": "usd",
                "value": 2642059000
            },
            {
                "label": "Interest-bearing",
                "concept": "InterestBearingDepositLiabilities",
                "unit": "usd",
                "value": 7770367000
            },
            {
                "label": "Total deposits",
                "concept": "Deposits",
                "unit": "usd",
                "value": 10412426000
            },
            {
                "label": "Short-term borrowings",
                "concept": "ShortTermBorrowings",
                "unit": "usd",
                "value": 803037000
            },
            {
                "label": "Long-term debt",
                "concept": "LongTermDebt",
                "unit": "usd",
                "value": 376594000
            },
            {
                "label": "Other liabilities",
                "concept": "OtherLiabilities",
                "unit": "usd",
                "value": 237981000
            },
            {
                "label": "Total liabilities",
                "concept": "Liabilities",
                "unit": "usd",
                "value": 11830038000
            },
            {
                "label": "Preferred stock, $.01 par value \u2013 5,000,000 shares authorized; no shares issued and outstanding",
                "concept": "PreferredStockValue",
                "unit": "usd",
                "value": "N/A"
            },
            {
                "label": "Common stock, $5.00 par value \u2013 150,000,000 shares authorized; 59,296,725 shares issued; 56,141,018 and 56,855,002 shares outstanding, respectively",
                "concept": "CommonStockValue",
                "unit": "usd",
                "value": 296483000
            },
            {
                "label": "Treasury stock, at cost \u2013 3,155,707 and 2,441,723 shares, respectively",
                "concept": "TreasuryStockValue",
                "unit": "usd",
                "value": 103620000
            },
            {
                "label": "Additional paid-in capital",
                "concept": "AdditionalPaidInCapital",
                "unit": "usd",
                "value": 1291439000
            },
            {
                "label": "Retained earnings",
                "concept": "RetainedEarningsAccumulatedDeficit",
                "unit": "usd",
                "value": 571709000
            },
            {
                "label": "Accumulated other comprehensive income, net of taxes",
                "concept": "AccumulatedOtherComprehensiveIncomeLossNetOfTax",
                "unit": "usd",
                "value": 14501000
            },
            {
                "label": "Total shareholders\u2019 equity",
                "concept": "StockholdersEquity",
                "unit": "usd",
                "value": 2070512000
            },
            {
                "label": "Total liabilities and shareholders\u2019 equity",
                "concept": "LiabilitiesAndStockholdersEquity",
                "unit": "usd",
                "value": 13900550000
            }
        ],
        "cf": [
            {
                "label": "Depreciation, amortization and accretion",
                "concept": "DepreciationDepletionAndAmortization",
                "unit": "usd",
                "value": 4937000
            },
            {
                "label": "Deferred income tax (benefit) expense",
                "concept": "DeferredIncomeTaxExpenseBenefit",
                "unit": "usd",
                "value": 2791000
            },
            {
                "label": "Funding of mortgage loans held for sale",
                "concept": "PaymentsForOriginationOfMortgageLoansHeldForSale",
                "unit": "usd",
                "value": 715760000
            },
            {
                "label": "Proceeds from sales of mortgage loans held for sale",
                "concept": "ProceedsFromSaleOfMortgageLoansHeldForSale",
                "unit": "usd",
                "value": 607017000
            },
            {
                "label": "Gains on sales of mortgage loans held for sale",
                "concept": "GainLossOnSaleOfMortgageLoans",
                "unit": "usd",
                "value": 21782000
            },
            {
                "label": "Valuation adjustment to mortgage servicing rights",
                "concept": "MortgageServicingRightsMSRImpairmentRecovery",
                "unit": "usd",
                "value": 9571000
            },
            {
                "label": "Gains on sales of securities",
                "concept": "DebtAndEquitySecuritiesGainLoss",
                "unit": "usd",
                "value": "N/A"
            },
            {
                "label": "Gains on sales of premises and equipment",
                "concept": "GainLossOnSaleOfPropertyPlantEquipment",
                "unit": "usd",
                "value": "N/A"
            },
            {
                "label": "Stock-based compensation expense",
                "concept": "ShareBasedCompensation",
                "unit": "usd",
                "value": 2750000
            },
            {
                "label": "Net change in other loans held for sale",
                "concept": "ProceedsFromSaleOfOtherLoansHeldForSale",
                "unit": "usd",
                "value": "N/A"
            },
            {
                "label": "(Decrease) increase in other assets",
                "concept": "IncreaseDecreaseInOtherOperatingAssets",
                "unit": "usd",
                "value": 70631000
            },
            {
                "label": "Increase (decrease) in other liabilities",
                "concept": "IncreaseDecreaseInOtherOperatingLiabilities",
                "unit": "usd",
                "value": 35331000
            },
            {
                "label": "Net cash (used in) provided by operating activities",
                "concept": "NetCashProvidedByUsedInOperatingActivities",
                "unit": "usd",
                "value": 123000000
            },
            {
                "label": "Purchases of securities available for sale",
                "concept": "PaymentsToAcquireAvailableForSaleSecuritiesDebt",
                "unit": "usd",
                "value": 123670000
            },
            {
                "label": "Proceeds from sales of securities available for sale",
                "concept": "ProceedsFromSaleOfAvailableForSaleSecuritiesDebt",
                "unit": "usd",
                "value": "N/A"
            },
            {
                "label": "Proceeds from call/maturities of securities available for sale",
                "concept": "ProceedsFromMaturitiesPrepaymentsAndCallsOfAvailableForSaleSecurities",
                "unit": "usd",
                "value": 76269000
            },
            {
                "label": "Net increase in loans",
                "concept": "PaymentsForProceedsFromLoansReceivable",
                "unit": "usd",
                "value": 69337000
            },
            {
                "label": "Purchases of premises and equipment",
                "concept": "PaymentsToAcquirePropertyPlantAndEquipment",
                "unit": "usd",
                "value": 1941000
            },
            {
                "label": "Proceeds from sales of premises and equipment",
                "concept": "ProceedsFromSaleOfPropertyPlantAndEquipment",
                "unit": "usd",
                "value": "N/A"
            },
            {
                "label": "Net change in FHLB stock",
                "concept": "PaymentsForProceedsFromFederalHomeLoanBankStock",
                "unit": "usd",
                "value": 12432000
            },
            {
                "label": "Proceeds from sales of other assets",
                "concept": "ProceedsFromSaleOfOtherAssetsInvestingActivities",
                "unit": "usd",
                "value": 770000
            },
            {
                "label": "Other, net",
                "concept": "PaymentsForProceedsFromOtherInvestingActivities",
                "unit": "usd",
                "value": "N/A"
            },
            {
                "label": "Net cash (used in) provided by investing activities",
                "concept": "NetCashProvidedByUsedInInvestingActivities",
                "unit": "usd",
                "value": 130341000
            },
            {
                "label": "Net increase in noninterest-bearing deposits",
                "concept": "NetChangeNoninterestBearingDepositsDomestic",
                "unit": "usd",
                "value": 90289000
            },
            {
                "label": "Net increase in interest-bearing deposits",
                "concept": "NetChangeInterestBearingDepositsDomestic",
                "unit": "usd",
                "value": 109115000
            },
            {
                "label": "Net increase (decrease) in short-term borrowings",
                "concept": "ProceedsFromRepaymentsOfShortTermDebt",
                "unit": "usd",
                "value": 313946000
            },
            {
                "label": "Repayment of long-term debt",
                "concept": "RepaymentsOfLongTermDebt",
                "unit": "usd",
                "value": 43000
            },
            {
                "label": "Cash paid for dividends",
                "concept": "PaymentsOfDividends",
                "unit": "usd",
                "value": 12555000
            },
            {
                "label": "Repurchase of shares in connection with stock repurchase program",
                "concept": "PaymentsForRepurchaseOfCommonStock",
                "unit": "usd",
                "value": 24569000
            },
            {
                "label": "Net cash provided by (used in) financing activities",
                "concept": "NetCashProvidedByUsedInFinancingActivities",
                "unit": "usd",
                "value": 476183000
            },
            {
                "label": "Net increase (decrease) in cash and cash equivalents",
                "concept": "CashCashEquivalentsRestrictedCashAndRestrictedCashEquivalentsPeriodIncreaseDecreaseExcludingExchangeRateEffect",
                "unit": "usd",
                "value": 222842000
            },
            {
                "label": "Cash paid for interest",
                "concept": "InterestPaid",
                "unit": "usd",
                "value": 26264000
            },
            {
                "label": "Cash paid for income taxes",
                "concept": "IncomeTaxesPaid",
                "unit": "usd",
                "value": 4176000
            },
            {
                "label": "Transfers of loans to other real estate owned",
                "concept": "TransferToOtherRealEstate",
                "unit": "usd",
                "value": 1641000
            },
            {
                "label": "Financed sales of other real estate owned",
                "concept": "rnst:RealEstateOwnedFinancedSalesofOtherRealEstate",
                "unit": "usd",
                "value": 159000
            },
            {
                "label": "Recognition of operating right-of-use assets",
                "concept": "rnst:RecognitionofOperatingRightofUseAsset",
                "unit": "usd",
                "value": 1968000
            },
            {
                "label": "Recognition of operating lease liabilities",
                "concept": "rnst:RecognitionofOperatingRightofUseLiabilities",
                "unit": "usd",
                "value": 2034000
            }
        ],
        "ic": [
            {
                "label": "Loans",
                "concept": "InterestAndFeeIncomeLoansAndLeases",
                "unit": "usd",
                "value": 120606000
            },
            {
                "label": "Taxable",
                "concept": "InterestIncomeSecuritiesTaxable",
                "unit": "usd",
                "value": 7302000
            },
            {
                "label": "Tax-exempt",
                "concept": "InterestIncomeSecuritiesTaxExempt",
                "unit": "usd",
                "value": 1454000
            },
            {
                "label": "Other",
                "concept": "OtherInterestAndDividendIncome",
                "unit": "usd",
                "value": 811000
            },
            {
                "label": "Total interest income",
                "concept": "InterestAndDividendIncomeOperating",
                "unit": "usd",
                "value": 130173000
            },
            {
                "label": "Deposits",
                "concept": "InterestExpenseDeposits",
                "unit": "usd",
                "value": 18494000
            },
            {
                "label": "Borrowings",
                "concept": "InterestExpenseBorrowings",
                "unit": "usd",
                "value": 5077000
            },
            {
                "label": "Total interest expense",
                "concept": "InterestExpense",
                "unit": "usd",
                "value": 23571000
            },
            {
                "label": "Net interest income",
                "concept": "InterestIncomeExpenseNet",
                "unit": "usd",
                "value": 106602000
            },
            {
                "label": "Provision for credit losses on loans",
                "concept": "ProvisionForLoanLossesExpensed",
                "unit": "usd",
                "value": 26350000
            },
            {
                "label": "Net interest income after provision for credit losses on loans",
                "concept": "InterestIncomeExpenseAfterProvisionForLoanLoss",
                "unit": "usd",
                "value": 80252000
            },
            {
                "label": "Service charges on deposit accounts",
                "concept": "rnst:FeesandCommissionsDepositorAccounts1",
                "unit": "usd",
                "value": 9070000
            },
            {
                "label": "Fees and commissions",
                "concept": "rnst:FeesandCommissions1",
                "unit": "usd",
                "value": 3054000
            },
            {
                "label": "Insurance commissions",
                "concept": "InsuranceCommissionsAndFees",
                "unit": "usd",
                "value": 1991000
            },
            {
                "label": "Wealth management revenue",
                "concept": "rnst:FeesandCommissionsFiduciaryandTrustActivities1",
                "unit": "usd",
                "value": 4002000
            },
            {
                "label": "Mortgage banking income",
                "concept": "rnst:FeesandCommissionsMortgageBanking1",
                "unit": "usd",
                "value": 15535000
            },
            {
                "label": "Net gain on sales of securities",
                "concept": "DebtAndEquitySecuritiesGainLoss",
                "unit": "usd",
                "value": "N/A"
            },
            {
                "label": "BOLI income",
                "concept": "BankOwnedLifeInsuranceIncome",
                "unit": "usd",
                "value": 1163000
            },
            {
                "label": "Other",
                "concept": "NoninterestIncomeOtherOperatingIncome",
                "unit": "usd",
                "value": 2755000
            },
            {
                "label": "Total noninterest income",
                "concept": "NoninterestIncome",
                "unit": "usd",
                "value": 37570000
            },
            {
                "label": "Salaries and employee benefits",
                "concept": "LaborAndRelatedExpense",
                "unit": "usd",
                "value": 73189000
            },
            {
                "label": "Data processing",
                "concept": "InformationTechnologyAndDataProcessing",
                "unit": "usd",
                "value": 5006000
            },
            {
                "label": "Net occupancy and equipment",
                "concept": "OccupancyNet",
                "unit": "usd",
                "value": 14120000
            },
            {
                "label": "Other real estate owned",
                "concept": "ForeclosedRealEstateExpense",
                "unit": "usd",
                "value": 418000
            },
            {
                "label": "Professional fees",
                "concept": "ProfessionalFees",
                "unit": "usd",
                "value": 2641000
            },
            {
                "label": "Advertising and public relations",
                "concept": "AdvertisingExpense",
                "unit": "usd",
                "value": 3400000
            },
            {
                "label": "Intangible amortization",
                "concept": "AmortizationOfIntangibleAssets",
                "unit": "usd",
                "value": 1895000
            },
            {
                "label": "Communications",
                "concept": "Communication",
                "unit": "usd",
                "value": 2198000
            },
            {
                "label": "Other",
                "concept": "OtherNoninterestExpense",
                "unit": "usd",
                "value": 12174000
            },
            {
                "label": "Total noninterest expense",
                "concept": "NoninterestExpense",
                "unit": "usd",
                "value": 115041000
            },
            {
                "label": "Income (loss) before income taxes",
                "concept": "IncomeLossFromContinuingOperationsBeforeIncomeTaxesMinorityInterestAndIncomeLossFromEquityMethodInvestments",
                "unit": "usd",
                "value": 2781000
            },
            {
                "label": "Income taxes",
                "concept": "IncomeTaxExpenseBenefit",
                "unit": "usd",
                "value": 773000
            },
            {
                "label": "Net income (loss)",
                "concept": "NetIncomeLoss",
                "unit": "usd",
                "value": 2008000
            },
            {
                "label": "Basic earnings per share (usd per share)",
                "concept": "EarningsPerShareBasic",
                "unit": "usd/shares",
                "value": 0.04
            },
            {
                "label": "Diluted earnings per share (usd per share)",
                "concept": "EarningsPerShareDiluted",
                "unit": "usd/shares",
                "value": 0.04
            },
            {
                "label": "Cash dividends per common share (usd per share)",
                "concept": "CommonStockDividendsPerShareCashPaid",
                "unit": "usd/shares",
                "value": 0.22
            }
        ]
    }
}