{
    "startDate": "2020-01-01",
    "endDate": "2020-03-31",
    "year": "2020",
    "quarter": "Q1",
    "symbol": "OMC",
    "data": {
        "bs": [
            {
                "label": "Cash and cash equivalents",
                "concept": "CashAndCashEquivalentsAtCarryingValue",
                "unit": "usd",
                "value": 2692500000.0
            },
            {
                "label": "Short-term investments, at cost",
                "concept": "ShortTermInvestments",
                "unit": "usd",
                "value": 1600000.0
            },
            {
                "label": "Accounts receivable, net of allowance for doubtful accounts of $21.6 and $21.5",
                "concept": "AccountsReceivableNetCurrent",
                "unit": "usd",
                "value": 6690500000.0
            },
            {
                "label": "Work in process",
                "concept": "ContractWithCustomerAssetGrossCurrent",
                "unit": "usd",
                "value": 1313200000.0
            },
            {
                "label": "Other current assets",
                "concept": "OtherAssetsCurrent",
                "unit": "usd",
                "value": 1152300000.0
            },
            {
                "label": "Total Current Assets",
                "concept": "AssetsCurrent",
                "unit": "usd",
                "value": 11850100000.0
            },
            {
                "label": "Property and Equipment at cost, less accumulated depreciation of $1,130.6 and $1,142.8",
                "concept": "PropertyPlantAndEquipmentNet",
                "unit": "usd",
                "value": 632500000.0
            },
            {
                "label": "Operating Lease Right-Of-Use Assets",
                "concept": "OperatingLeaseRightOfUseAsset",
                "unit": "usd",
                "value": 1355100000.0
            },
            {
                "label": "Equity Method Investments",
                "concept": "EquityMethodInvestments",
                "unit": "usd",
                "value": 92700000.0
            },
            {
                "label": "Goodwill",
                "concept": "Goodwill",
                "unit": "usd",
                "value": 9198600000.0
            },
            {
                "label": "Intangible Assets, net of accumulated amortization of $749.4 and $759.2",
                "concept": "IntangibleAssetsNetExcludingGoodwill",
                "unit": "usd",
                "value": 315800000.0
            },
            {
                "label": "Other Assets",
                "concept": "OtherAssetsNoncurrent",
                "unit": "usd",
                "value": 231100000.0
            },
            {
                "label": "TOTAL ASSETS",
                "concept": "Assets",
                "unit": "usd",
                "value": 23675900000.0
            },
            {
                "label": "Accounts payable",
                "concept": "AccountsPayableCurrent",
                "unit": "usd",
                "value": 9387200000.0
            },
            {
                "label": "Customer advances",
                "concept": "ContractWithCustomerLiabilityCurrent",
                "unit": "usd",
                "value": 1075700000.0
            },
            {
                "label": "Current portion of debt",
                "concept": "NotesPayableCurrent",
                "unit": "usd",
                "value": "N/A"
            },
            {
                "label": "Short-term debt",
                "concept": "ShortTermBorrowings",
                "unit": "usd",
                "value": 10900000.0
            },
            {
                "label": "Taxes payable",
                "concept": "TaxesPayableCurrent",
                "unit": "usd",
                "value": 268399999.99999997
            },
            {
                "label": "Other current liabilities",
                "concept": "OtherLiabilitiesCurrent",
                "unit": "usd",
                "value": 2114800000.0000002
            },
            {
                "label": "Total Current Liabilities",
                "concept": "LiabilitiesCurrent",
                "unit": "usd",
                "value": 12857000000.0
            },
            {
                "label": "Long-Term Liabilities",
                "concept": "OtherLiabilitiesNoncurrent",
                "unit": "usd",
                "value": 966700000.0
            },
            {
                "label": "Long-Term Liability - Operating Leases",
                "concept": "OperatingLeaseLiabilityNoncurrent",
                "unit": "usd",
                "value": 1228400000.0
            },
            {
                "label": "Long-Term Debt",
                "concept": "LongTermNotesPayable",
                "unit": "usd",
                "value": 5093400000.0
            },
            {
                "label": "Deferred Tax Liabilities",
                "concept": "DeferredIncomeTaxLiabilitiesNet",
                "unit": "usd",
                "value": 401600000.0
            },
            {
                "label": "Commitments and Contingent Liabilities (Note 12)",
                "concept": "CommitmentsAndContingencies",
                "unit": "usd",
                "value": "N/A"
            },
            {
                "label": "Temporary Equity - Redeemable Noncontrolling Interests",
                "concept": "RedeemableNoncontrollingInterestEquityFairValue",
                "unit": "usd",
                "value": 204200000.0
            },
            {
                "label": "Preferred stock",
                "concept": "PreferredStockValue",
                "unit": "usd",
                "value": "N/A"
            },
            {
                "label": "Common stock",
                "concept": "CommonStockValue",
                "unit": "usd",
                "value": 44600000.0
            },
            {
                "label": "Additional paid-in capital",
                "concept": "AdditionalPaidInCapitalCommonStock",
                "unit": "usd",
                "value": 755800000.0
            },
            {
                "label": "Retained earnings",
                "concept": "RetainedEarningsAccumulatedDeficit",
                "unit": "usd",
                "value": 7924500000.0
            },
            {
                "label": "Accumulated other comprehensive income (loss)",
                "concept": "AccumulatedOtherComprehensiveIncomeLossNetOfTax",
                "unit": "usd",
                "value": 1528300000.0
            },
            {
                "label": "Treasury stock, at cost",
                "concept": "TreasuryStockValue",
                "unit": "usd",
                "value": 4749000000.0
            },
            {
                "label": "Total Shareholders\u2019 Equity",
                "concept": "StockholdersEquity",
                "unit": "usd",
                "value": 2447600000.0
            },
            {
                "label": "Noncontrolling interests",
                "concept": "MinorityInterest",
                "unit": "usd",
                "value": 477000000.0
            },
            {
                "label": "Total Equity",
                "concept": "StockholdersEquityIncludingPortionAttributableToNoncontrollingInterest",
                "unit": "usd",
                "value": 2924600000.0
            },
            {
                "label": "TOTAL LIABILITIES AND EQUITY",
                "concept": "LiabilitiesAndStockholdersEquity",
                "unit": "usd",
                "value": 23675900000.0
            }
        ],
        "cf": [
            {
                "label": "Net Income",
                "concept": "ProfitLoss",
                "unit": "usd",
                "value": 271700000.0
            },
            {
                "label": "Depreciation and amortization of right-of-use assets",
                "concept": "Depreciation",
                "unit": "usd",
                "value": 36200000.0
            },
            {
                "label": "Amortization of intangible assets",
                "concept": "AmortizationOfIntangibleAssets",
                "unit": "usd",
                "value": 20800000.0
            },
            {
                "label": "Amortization of net deferred gain on interest rate swaps",
                "concept": "AmortizationOfDeferredHedgeGains",
                "unit": "usd",
                "value": 4099999.9999999995
            },
            {
                "label": "Share-based compensation",
                "concept": "ShareBasedCompensation",
                "unit": "usd",
                "value": 18700000.0
            },
            {
                "label": "Other, net",
                "concept": "OtherOperatingActivitiesCashFlowStatement",
                "unit": "usd",
                "value": 18700000.0
            },
            {
                "label": "Use of operating capital",
                "concept": "IncreaseDecreaseInOperatingCapital",
                "unit": "usd",
                "value": 1349200000.0
            },
            {
                "label": "Net Cash Used In Operating Activities",
                "concept": "NetCashProvidedByUsedInOperatingActivities",
                "unit": "usd",
                "value": 987200000.0
            },
            {
                "label": "Capital expenditures",
                "concept": "PaymentsToAcquirePropertyPlantAndEquipment",
                "unit": "usd",
                "value": 26400000.0
            },
            {
                "label": "Acquisition of businesses and interests in affiliates, net of cash acquired",
                "concept": "PaymentsToAcquireBusinessesAndInterestInAffiliates",
                "unit": "usd",
                "value": "N/A"
            },
            {
                "label": "Proceeds from disposition of subsidiaries and sale of investments",
                "concept": "ProceedsFromDivestitureOfBusinessesAndInterestsInAffiliates",
                "unit": "usd",
                "value": 2100000.0
            },
            {
                "label": "Net Cash (Used In) Provided By Investing Activities",
                "concept": "NetCashProvidedByUsedInInvestingActivities",
                "unit": "usd",
                "value": 24300000.0
            },
            {
                "label": "Proceeds from borrowings",
                "concept": "ProceedsFromIssuanceOfLongTermDebt",
                "unit": "usd",
                "value": 594000000.0
            },
            {
                "label": "Repayment of debt",
                "concept": "RepaymentsOfLongTermDebt",
                "unit": "usd",
                "value": 600000000.0
            },
            {
                "label": "Change in short-term debt",
                "concept": "ProceedsFromRepaymentsOfShortTermDebt",
                "unit": "usd",
                "value": 1700000.0
            },
            {
                "label": "Dividends paid to common shareholders",
                "concept": "PaymentsOfDividendsCommonStock",
                "unit": "usd",
                "value": 141700000.0
            },
            {
                "label": "Repurchases of common stock",
                "concept": "PaymentsForRepurchaseOfCommonStock",
                "unit": "usd",
                "value": 200000000.0
            },
            {
                "label": "Proceeds from stock plans",
                "concept": "ProceedsFromStockPlans",
                "unit": "usd",
                "value": 1400000.0
            },
            {
                "label": "Acquisition of additional noncontrolling interests",
                "concept": "PaymentsToMinorityShareholders",
                "unit": "usd",
                "value": 10400000.0
            },
            {
                "label": "Dividends paid to noncontrolling interest shareholders",
                "concept": "PaymentsOfDividendsMinorityInterest",
                "unit": "usd",
                "value": 10400000.0
            },
            {
                "label": "Payment of contingent purchase price obligations",
                "concept": "PaymentForContingentConsiderationLiabilityFinancingActivities",
                "unit": "usd",
                "value": 1400000.0
            },
            {
                "label": "Other, net",
                "concept": "ProceedsFromPaymentsForOtherFinancingActivities",
                "unit": "usd",
                "value": 24400000.0
            },
            {
                "label": "Net Cash (Used In) Provided By Financing Activities",
                "concept": "NetCashProvidedByUsedInFinancingActivities",
                "unit": "usd",
                "value": 391200000.0
            },
            {
                "label": "Effect of foreign exchange rate changes on cash and cash equivalents",
                "concept": "EffectOfExchangeRateOnCashAndCashEquivalents",
                "unit": "usd",
                "value": 210500000.0
            },
            {
                "label": "Net Decrease in Cash and Cash Equivalents",
                "concept": "CashCashEquivalentsRestrictedCashAndRestrictedCashEquivalentsPeriodIncreaseDecreaseIncludingExchangeRateEffect",
                "unit": "usd",
                "value": 1613200000.0
            }
        ],
        "ic": [
            {
                "label": "Net Income",
                "concept": "ProfitLoss",
                "unit": "usd",
                "value": 271700000.0
            },
            {
                "label": "Amortization of loss included in interest expense",
                "concept": "OtherComprehensiveIncomeLossReclassificationAdjustmentFromAOCIOnDerivativesBeforeTax",
                "unit": "usd",
                "value": 1300000.0
            },
            {
                "label": "Income tax effect",
                "concept": "OtherComprehensiveIncomeLossReclassificationAdjustmentFromAOCIOnDerivativesTax",
                "unit": "usd",
                "value": 400000.0
            },
            {
                "label": "Other comprehensive income (loss), Cash flow hedge",
                "concept": "OtherComprehensiveIncomeLossReclassificationAdjustmentFromAOCIOnDerivativesNetOfTax",
                "unit": "usd",
                "value": 900000.0
            },
            {
                "label": "Amortization of prior service cost",
                "concept": "OtherComprehensiveIncomeLossAmortizationAdjustmentFromAOCIPensionAndOtherPostretirementBenefitPlansForNetPriorServiceCostCreditBeforeTax",
                "unit": "usd",
                "value": 1300000.0
            },
            {
                "label": "Amortization of actuarial losses",
                "concept": "OtherComprehensiveIncomeLossReclassificationAdjustmentFromAOCIPensionAndOtherPostretirementBenefitPlansForNetGainLossBeforeTax",
                "unit": "usd",
                "value": 1900000.0
            },
            {
                "label": "Income tax effect",
                "concept": "OtherComprehensiveIncomeLossPensionAndOtherPostretirementBenefitPlansTax",
                "unit": "usd",
                "value": 1000000.0
            },
            {
                "label": "Other comprehensive income (loss), Defined benefit pension plans and postemployment arrangements",
                "concept": "OtherComprehensiveIncomeLossPensionAndOtherPostretirementBenefitPlansAdjustmentNetOfTax",
                "unit": "usd",
                "value": 2200000.0
            },
            {
                "label": "Foreign currency translation adjustment",
                "concept": "OtherComprehensiveIncomeLossForeignCurrencyTransactionAndTranslationAdjustmentNetOfTax",
                "unit": "usd",
                "value": 371100000.0
            },
            {
                "label": "Other Comprehensive Income (Loss)",
                "concept": "OtherComprehensiveIncomeLossNetOfTax",
                "unit": "usd",
                "value": 368000000.0
            },
            {
                "label": "Comprehensive Income (Loss)",
                "concept": "ComprehensiveIncomeNetOfTaxIncludingPortionAttributableToNoncontrollingInterest",
                "unit": "usd",
                "value": 96300000.0
            },
            {
                "label": "Comprehensive Income (Loss) Attributed To Noncontrolling Interests",
                "concept": "ComprehensiveIncomeNetOfTaxAttributableToNoncontrollingInterest",
                "unit": "usd",
                "value": 23700000.0
            },
            {
                "label": "Comprehensive Income (Loss) - Omnicom Group Inc.",
                "concept": "ComprehensiveIncomeNetOfTax",
                "unit": "usd",
                "value": 72600000.0
            }
        ]
    }
}