{
    "startDate": "2020-01-04",
    "endDate": "2020-04-03",
    "year": "2020",
    "quarter": "Q1",
    "symbol": "AXE",
    "data": {
        "bs": [
            {
                "label": "Cash and cash equivalents",
                "concept": "CashAndCashEquivalentsAtCarryingValue",
                "unit": "usd",
                "value": 282000000.0
            },
            {
                "label": "Accounts receivable, net",
                "concept": "AccountsReceivableNetCurrent",
                "unit": "usd",
                "value": 1533000000.0
            },
            {
                "label": "Inventories",
                "concept": "InventoryNet",
                "unit": "usd",
                "value": 1365200000.0
            },
            {
                "label": "Other current assets",
                "concept": "OtherAssetsCurrent",
                "unit": "usd",
                "value": 52300000.0
            },
            {
                "label": "Total current assets",
                "concept": "AssetsCurrent",
                "unit": "usd",
                "value": 3232500000.0
            },
            {
                "label": "Property and equipment, at cost",
                "concept": "PropertyPlantAndEquipmentGross",
                "unit": "usd",
                "value": 436500000.0
            },
            {
                "label": "Accumulated depreciation",
                "concept": "AccumulatedDepreciationDepletionAndAmortizationPropertyPlantAndEquipment",
                "unit": "usd",
                "value": 261700000.0
            },
            {
                "label": "Property and equipment, net",
                "concept": "PropertyPlantAndEquipmentNet",
                "unit": "usd",
                "value": 174800000.0
            },
            {
                "label": "Operating leases",
                "concept": "OperatingLeaseRightOfUseAsset",
                "unit": "usd",
                "value": 263500000.0
            },
            {
                "label": "Goodwill",
                "concept": "Goodwill",
                "unit": "usd",
                "value": 810000000.0
            },
            {
                "label": "Intangible assets, net",
                "concept": "IntangibleAssetsNetExcludingGoodwill",
                "unit": "usd",
                "value": 342900000.0
            },
            {
                "label": "Other assets",
                "concept": "OtherAssetsNoncurrent",
                "unit": "usd",
                "value": 126800000.0
            },
            {
                "label": "Total assets",
                "concept": "Assets",
                "unit": "usd",
                "value": 4950500000.0
            },
            {
                "label": "Accounts payable",
                "concept": "AccountsPayableCurrent",
                "unit": "usd",
                "value": 1104800000.0
            },
            {
                "label": "Accrued expenses",
                "concept": "AccruedLiabilitiesCurrent",
                "unit": "usd",
                "value": 253000000.0
            },
            {
                "label": "Current operating lease obligations",
                "concept": "OperatingLeaseLiabilityCurrent",
                "unit": "usd",
                "value": 63100000.0
            },
            {
                "label": "Total current liabilities",
                "concept": "LiabilitiesCurrent",
                "unit": "usd",
                "value": 1420900000.0
            },
            {
                "label": "Long-term debt",
                "concept": "LongTermDebt",
                "unit": "usd",
                "value": 1316800000.0
            },
            {
                "label": "Operating lease obligations",
                "concept": "OperatingLeaseLiabilityNoncurrent",
                "unit": "usd",
                "value": 209200000.0
            },
            {
                "label": "Other liabilities",
                "concept": "OtherLiabilitiesNoncurrent",
                "unit": "usd",
                "value": 170300000.0
            },
            {
                "label": "Total liabilities",
                "concept": "Liabilities",
                "unit": "usd",
                "value": 3117200000.0
            },
            {
                "label": "Common Stock",
                "concept": "CommonStockValue",
                "unit": "usd",
                "value": 34400000.0
            },
            {
                "label": "Capital surplus",
                "concept": "AdditionalPaidInCapitalCommonStock",
                "unit": "usd",
                "value": 311100000.0
            },
            {
                "label": "Retained earnings",
                "concept": "RetainedEarningsAccumulatedDeficit",
                "unit": "usd",
                "value": 1819500000.0
            },
            {
                "label": "Foreign currency translation",
                "concept": "AccumulatedOtherComprehensiveIncomeLossForeignCurrencyTranslationAdjustmentNetOfTax",
                "unit": "usd",
                "value": 211000000.0
            },
            {
                "label": "Unrecognized pension liability, net",
                "concept": "AccumulatedOtherComprehensiveIncomeLossDefinedBenefitPensionAndOtherPostretirementPlansNetOfTax",
                "unit": "usd",
                "value": 120700000.0
            },
            {
                "label": "Total accumulated other comprehensive loss",
                "concept": "AccumulatedOtherComprehensiveIncomeLossNetOfTax",
                "unit": "usd",
                "value": 331700000.0
            },
            {
                "label": "Total stockholders\u2019 equity",
                "concept": "StockholdersEquity",
                "unit": "usd",
                "value": 1833300000.0
            },
            {
                "label": "Total liabilities and stockholders\u2019 equity",
                "concept": "LiabilitiesAndStockholdersEquity",
                "unit": "usd",
                "value": 4950500000.0
            }
        ],
        "cf": [
            {
                "label": "Net Income",
                "concept": "NetIncomeLoss",
                "unit": "usd",
                "value": 35700000.0
            },
            {
                "label": "Depreciation",
                "concept": "Depreciation",
                "unit": "usd",
                "value": 8500000.0
            },
            {
                "label": "Amortization of intangible assets",
                "concept": "AmortizationOfIntangibleAssets",
                "unit": "usd",
                "value": 8600000.0
            },
            {
                "label": "Stock-based compensation",
                "concept": "ShareBasedCompensation",
                "unit": "usd",
                "value": 4600000.0
            },
            {
                "label": "Deferred income taxes",
                "concept": "IncreaseDecreaseInDeferredIncomeTaxes",
                "unit": "usd",
                "value": 500000.0
            },
            {
                "label": "Pension plan contributions",
                "concept": "PensionContributions",
                "unit": "usd",
                "value": 2500000.0
            },
            {
                "label": "Pension plan expenses",
                "concept": "DefinedBenefitPlanNetPeriodicBenefitCost",
                "unit": "usd",
                "value": 1300000.0
            },
            {
                "label": "Changes in current assets and liabilities, net",
                "concept": "IncreaseDecreaseInOperatingCapital",
                "unit": "usd",
                "value": 115100000.0
            },
            {
                "label": "Other, net",
                "concept": "PaymentsForOtherOperatingActivities",
                "unit": "usd",
                "value": 7500000.0
            },
            {
                "label": "Net cash used in operating activities",
                "concept": "NetCashProvidedByUsedInOperatingActivities",
                "unit": "usd",
                "value": 50900000.0
            },
            {
                "label": "Capital expenditures, net",
                "concept": "PaymentsForProceedsFromProductiveAssets",
                "unit": "usd",
                "value": 6900000.0
            },
            {
                "label": "Net cash used in investing activities",
                "concept": "NetCashProvidedByUsedInInvestingActivities",
                "unit": "usd",
                "value": 6900000.0
            },
            {
                "label": "Proceeds from borrowings",
                "concept": "ProceedsFromLinesOfCredit",
                "unit": "usd",
                "value": 648700000.0
            },
            {
                "label": "Repayments of borrowings",
                "concept": "RepaymentsOfLinesOfCredit",
                "unit": "usd",
                "value": 393600000.0
            },
            {
                "label": "Proceeds from stock options exercised",
                "concept": "ProceedsFromStockOptionsExercised",
                "unit": "usd",
                "value": "N/A"
            },
            {
                "label": "Other, net",
                "concept": "ProceedsFromPaymentsForOtherFinancingActivities",
                "unit": "usd",
                "value": 600000.0
            },
            {
                "label": "Net cash provided by financing activities",
                "concept": "NetCashProvidedByUsedInFinancingActivities",
                "unit": "usd",
                "value": 254500000.0
            },
            {
                "label": "Increase (decrease) in cash and cash equivalents",
                "concept": "CashCashEquivalentsRestrictedCashAndRestrictedCashEquivalentsPeriodIncreaseDecreaseExcludingExchangeRateEffect",
                "unit": "usd",
                "value": 196700000.0
            },
            {
                "label": "Effect of exchange rate changes on cash balances",
                "concept": "EffectOfExchangeRateOnCashAndCashEquivalents",
                "unit": "usd",
                "value": 5700000.0
            }
        ],
        "ic": [
            {
                "label": "Net sales",
                "concept": "Revenues",
                "unit": "usd",
                "value": 2071699999.9999998
            },
            {
                "label": "Cost of goods sold",
                "concept": "CostOfGoodsAndServicesSold",
                "unit": "usd",
                "value": 1655300000.0
            },
            {
                "label": "Gross profit",
                "concept": "GrossProfit",
                "unit": "usd",
                "value": 416400000.0
            },
            {
                "label": "Operating expenses",
                "concept": "OperatingExpenses",
                "unit": "usd",
                "value": 345000000.0
            },
            {
                "label": "Operating income",
                "concept": "OperatingIncomeLoss",
                "unit": "usd",
                "value": 71400000.0
            },
            {
                "label": "Interest expense",
                "concept": "InterestExpense",
                "unit": "usd",
                "value": 16800000.0
            },
            {
                "label": "Other, net",
                "concept": "OtherNonoperatingIncomeExpense",
                "unit": "usd",
                "value": 6600000.0
            },
            {
                "label": "Income before income taxes",
                "concept": "IncomeLossFromContinuingOperationsBeforeIncomeTaxesExtraordinaryItemsNoncontrollingInterest",
                "unit": "usd",
                "value": 48000000.0
            },
            {
                "label": "Income tax expense",
                "concept": "IncomeTaxExpenseBenefit",
                "unit": "usd",
                "value": 12300000.0
            },
            {
                "label": "Net Income",
                "concept": "NetIncomeLoss",
                "unit": "usd",
                "value": 35700000.0
            },
            {
                "label": "Basic",
                "concept": "EarningsPerShareBasic",
                "unit": "usd/shares",
                "value": 1.04
            },
            {
                "label": "Diluted",
                "concept": "EarningsPerShareDiluted",
                "unit": "usd/shares",
                "value": 1.03
            },
            {
                "label": "Basic weighted-average common shares outstanding",
                "concept": "WeightedAverageNumberOfSharesOutstandingBasic",
                "unit": "shares",
                "value": 34300000.0
            },
            {
                "label": "Stock options and units",
                "concept": "IncrementalCommonSharesAttributableToShareBasedPaymentArrangements",
                "unit": "shares",
                "value": 300000.0
            },
            {
                "label": "Diluted weighted-average common shares outstanding",
                "concept": "WeightedAverageNumberOfDilutedSharesOutstanding",
                "unit": "shares",
                "value": 34600000.0
            },
            {
                "label": "Foreign currency translation",
                "concept": "OtherComprehensiveIncomeLossForeignCurrencyTransactionAndTranslationAdjustmentNetOfTax",
                "unit": "usd",
                "value": 65500000.0
            },
            {
                "label": "Changes in unrealized pension cost, net of tax",
                "concept": "OtherComprehensiveIncomeLossPensionAndOtherPostretirementBenefitPlansAdjustmentNetOfTax",
                "unit": "usd",
                "value": 1100000.0
            },
            {
                "label": "Other comprehensive income (loss)",
                "concept": "OtherComprehensiveIncomeLossNetOfTaxPortionAttributableToParent",
                "unit": "usd",
                "value": 64400000.00000001
            },
            {
                "label": "Comprehensive (loss) income",
                "concept": "ComprehensiveIncomeNetOfTax",
                "unit": "usd",
                "value": 28700000.0
            }
        ]
    }
}