{
    "startDate": "2020-01-01",
    "endDate": "2020-03-31",
    "year": "2020",
    "quarter": "Q1",
    "symbol": "TEP",
    "data": {
        "bs": [
            {
                "label": "",
                "concept": "tep:PublicUtilitiesPropertyPlantandEquipmentGenerationTransmissionandDistribution",
                "unit": "usd",
                "value": 6813518000
            },
            {
                "label": "",
                "concept": "tep:FinanceLeaseRightOfUseAssetGross",
                "unit": "usd",
                "value": 151467000
            },
            {
                "label": "",
                "concept": "PublicUtilitiesPropertyPlantAndEquipmentConstructionWorkInProgress",
                "unit": "usd",
                "value": 490975000
            },
            {
                "label": "",
                "concept": "PropertyPlantAndEquipmentGross",
                "unit": "usd",
                "value": 7455960000
            },
            {
                "label": "",
                "concept": "PublicUtilitiesPropertyPlantAndEquipmentAccumulatedDepreciation",
                "unit": "usd",
                "value": 2537262000
            },
            {
                "label": "",
                "concept": "tep:FinanceLeasesLesseeBalanceSheetAssetsbyMajorClassAccumulatedDepreciation",
                "unit": "usd",
                "value": 79722000
            },
            {
                "label": "",
                "concept": "PublicUtilitiesPropertyPlantAndEquipmentNet",
                "unit": "usd",
                "value": 4838976000
            },
            {
                "label": "",
                "concept": "tep:OtherLongtermInvestment",
                "unit": "usd",
                "value": 54210000
            },
            {
                "label": "",
                "concept": "CashAndCashEquivalentsAtCarryingValue",
                "unit": "usd",
                "value": 12234000
            },
            {
                "label": "",
                "concept": "AccountsReceivableNetCurrent",
                "unit": "usd",
                "value": 124738000
            },
            {
                "label": "",
                "concept": "OtherInventorySupplies",
                "unit": "usd",
                "value": 25831000
            },
            {
                "label": "",
                "concept": "EnergyRelatedInventory",
                "unit": "usd",
                "value": 112414000
            },
            {
                "label": "",
                "concept": "RegulatoryAssetsCurrent",
                "unit": "usd",
                "value": 137126000
            },
            {
                "label": "",
                "concept": "DerivativeAssetsCurrent",
                "unit": "usd",
                "value": 4139000
            },
            {
                "label": "",
                "concept": "OtherAssetsCurrent",
                "unit": "usd",
                "value": 26514000
            },
            {
                "label": "",
                "concept": "AssetsCurrent",
                "unit": "usd",
                "value": 442996000
            },
            {
                "label": "",
                "concept": "RegulatoryAssetsNoncurrent",
                "unit": "usd",
                "value": 324526000
            },
            {
                "label": "",
                "concept": "DerivativeAssetsNoncurrent",
                "unit": "usd",
                "value": 5934000
            },
            {
                "label": "",
                "concept": "OtherAssetsNoncurrent",
                "unit": "usd",
                "value": 86929000
            },
            {
                "label": "",
                "concept": "tep:RegulatoryandOtherAssetsNoncurrent",
                "unit": "usd",
                "value": 417389000
            },
            {
                "label": "",
                "concept": "Assets",
                "unit": "usd",
                "value": 5753571000
            },
            {
                "label": "",
                "concept": "CommonStockValue",
                "unit": "usd",
                "value": 1546539000
            },
            {
                "label": "",
                "concept": "tep:CapitalStockExpense",
                "unit": "usd",
                "value": 6357000
            },
            {
                "label": "",
                "concept": "RetainedEarningsAccumulatedDeficit",
                "unit": "usd",
                "value": 603710000
            },
            {
                "label": "",
                "concept": "AccumulatedOtherComprehensiveIncomeLossNetOfTax",
                "unit": "usd",
                "value": 7636000
            },
            {
                "label": "",
                "concept": "StockholdersEquity",
                "unit": "usd",
                "value": 2136256000
            },
            {
                "label": "",
                "concept": "PreferredStockValue",
                "unit": "usd",
                "value": "N/A"
            },
            {
                "label": "",
                "concept": "FinanceLeaseLiabilityNoncurrent",
                "unit": "usd",
                "value": "N/A"
            },
            {
                "label": "",
                "concept": "LongTermDebt",
                "unit": "usd",
                "value": 1522326000
            },
            {
                "label": "",
                "concept": "CapitalizationLongtermDebtAndEquity",
                "unit": "usd",
                "value": 3658582000
            },
            {
                "label": "",
                "concept": "tep:LongtermDebtCurrentMaturitiesExcludingNotesandBonds",
                "unit": "usd",
                "value": 80356000
            },
            {
                "label": "",
                "concept": "LinesOfCreditCurrent",
                "unit": "usd",
                "value": 309913000
            },
            {
                "label": "",
                "concept": "FinanceLeaseLiabilityCurrent",
                "unit": "usd",
                "value": 72868000
            },
            {
                "label": "",
                "concept": "AccountsPayableCurrent",
                "unit": "usd",
                "value": 99268000
            },
            {
                "label": "",
                "concept": "AccrualForTaxesOtherThanIncomeTaxesCurrent",
                "unit": "usd",
                "value": 54783000
            },
            {
                "label": "",
                "concept": "EmployeeRelatedLiabilitiesCurrent",
                "unit": "usd",
                "value": 20637000
            },
            {
                "label": "",
                "concept": "InterestPayableCurrent",
                "unit": "usd",
                "value": 17067000
            },
            {
                "label": "",
                "concept": "RegulatoryLiabilityCurrent",
                "unit": "usd",
                "value": 99593000
            },
            {
                "label": "",
                "concept": "ContractWithCustomerLiabilityCurrent",
                "unit": "usd",
                "value": 22512000
            },
            {
                "label": "",
                "concept": "DerivativeLiabilitiesCurrent",
                "unit": "usd",
                "value": 21264000
            },
            {
                "label": "",
                "concept": "OtherLiabilitiesCurrent",
                "unit": "usd",
                "value": 24583000
            },
            {
                "label": "",
                "concept": "LiabilitiesCurrent",
                "unit": "usd",
                "value": 822844000
            },
            {
                "label": "",
                "concept": "DeferredIncomeTaxLiabilitiesNet",
                "unit": "usd",
                "value": 444080000
            },
            {
                "label": "",
                "concept": "RegulatoryLiabilityNoncurrent",
                "unit": "usd",
                "value": 475232000
            },
            {
                "label": "",
                "concept": "PensionAndOtherPostretirementDefinedBenefitPlansLiabilitiesNoncurrent",
                "unit": "usd",
                "value": 133937000
            },
            {
                "label": "",
                "concept": "DerivativeLiabilitiesNoncurrent",
                "unit": "usd",
                "value": 51100000
            },
            {
                "label": "",
                "concept": "OtherLiabilitiesNoncurrent",
                "unit": "usd",
                "value": 167796000
            },
            {
                "label": "",
                "concept": "LiabilitiesNoncurrent",
                "unit": "usd",
                "value": 1272145000
            },
            {
                "label": "",
                "concept": "CommitmentsAndContingencies",
                "unit": "usd",
                "value": "N/A"
            },
            {
                "label": "",
                "concept": "LiabilitiesAndStockholdersEquity",
                "unit": "usd",
                "value": 5753571000
            }
        ],
        "cf": [
            {
                "label": "",
                "concept": "NetIncomeLossAvailableToCommonStockholdersBasic",
                "unit": "usd",
                "value": 7918000
            },
            {
                "label": "",
                "concept": "Depreciation",
                "unit": "usd",
                "value": 46499000
            },
            {
                "label": "",
                "concept": "tep:AmortizationExcludingAmortizationofDebtIssuanceandDiscounts",
                "unit": "usd",
                "value": 6956000
            },
            {
                "label": "",
                "concept": "AmortizationOfFinancingCostsAndDiscounts",
                "unit": "usd",
                "value": 612000
            },
            {
                "label": "",
                "concept": "OtherDepreciationAndAmortization",
                "unit": "usd",
                "value": 10773000
            },
            {
                "label": "",
                "concept": "DeferredIncomeTaxesAndTaxCredits",
                "unit": "usd",
                "value": 10567000
            },
            {
                "label": "",
                "concept": "PensionAndOtherPostretirementBenefitExpense",
                "unit": "usd",
                "value": 3721000
            },
            {
                "label": "",
                "concept": "PensionAndOtherPostretirementBenefitContributions",
                "unit": "usd",
                "value": 1310000
            },
            {
                "label": "",
                "concept": "PublicUtilitiesAllowanceForFundsUsedDuringConstructionCapitalizedCostOfEquity",
                "unit": "usd",
                "value": 3034000
            },
            {
                "label": "",
                "concept": "tep:RegulatoryDeferralAccountRefundOrder",
                "unit": "usd",
                "value": 4259000
            },
            {
                "label": "",
                "concept": "IncreaseDecreaseInAccountsReceivable",
                "unit": "usd",
                "value": 29646000
            },
            {
                "label": "",
                "concept": "IncreaseDecreaseInInventories",
                "unit": "usd",
                "value": 7028000
            },
            {
                "label": "",
                "concept": "IncreaseDecreaseInOtherRegulatoryAssets",
                "unit": "usd",
                "value": 6399000
            },
            {
                "label": "",
                "concept": "IncreaseDecreaseInOtherCurrentAssets",
                "unit": "usd",
                "value": 2079000
            },
            {
                "label": "",
                "concept": "IncreaseDecreaseInAccountsPayableAndAccruedLiabilities",
                "unit": "usd",
                "value": 31905000
            },
            {
                "label": "",
                "concept": "IncreaseDecreaseInIncomeTaxesReceivable",
                "unit": "usd",
                "value": 7185000
            },
            {
                "label": "",
                "concept": "IncreaseDecreaseInRegulatoryLiabilities",
                "unit": "usd",
                "value": 3338000
            },
            {
                "label": "",
                "concept": "OtherOperatingActivitiesCashFlowStatement",
                "unit": "usd",
                "value": 7463000
            },
            {
                "label": "",
                "concept": "NetCashProvidedByUsedInOperatingActivities",
                "unit": "usd",
                "value": 91026000
            },
            {
                "label": "",
                "concept": "PaymentsToAcquirePropertyPlantAndEquipment",
                "unit": "usd",
                "value": 364012000
            },
            {
                "label": "",
                "concept": "PaymentsToAcquireIntangibleAssets",
                "unit": "usd",
                "value": 10625000
            },
            {
                "label": "",
                "concept": "ProceedsFromContributionInAidOfConstruction",
                "unit": "usd",
                "value": 1592000
            },
            {
                "label": "",
                "concept": "NetCashProvidedByUsedInInvestingActivities",
                "unit": "usd",
                "value": 373045000
            },
            {
                "label": "",
                "concept": "ProceedsFromLongTermLinesOfCredit",
                "unit": "usd",
                "value": 105000000
            },
            {
                "label": "",
                "concept": "RepaymentsOfLinesOfCredit",
                "unit": "usd",
                "value": 20000000
            },
            {
                "label": "",
                "concept": "ProceedsFromLinesOfCredit",
                "unit": "usd",
                "value": 60000000
            },
            {
                "label": "",
                "concept": "FinanceLeasePrincipalPayments",
                "unit": "usd",
                "value": 11535000
            },
            {
                "label": "",
                "concept": "ProceedsFromContributionsFromParent",
                "unit": "usd",
                "value": 150000000
            },
            {
                "label": "",
                "concept": "ProceedsFromPaymentsForOtherFinancingActivities",
                "unit": "usd",
                "value": 599000
            },
            {
                "label": "",
                "concept": "NetCashProvidedByUsedInFinancingActivities",
                "unit": "usd",
                "value": 284064000
            },
            {
                "label": "",
                "concept": "CashCashEquivalentsRestrictedCashAndRestrictedCashEquivalentsPeriodIncreaseDecreaseIncludingExchangeRateEffect",
                "unit": "usd",
                "value": 2045000
            }
        ],
        "ic": []
    }
}