{
    "startDate": "2020-01-01",
    "endDate": "2020-03-31",
    "year": "2020",
    "quarter": "Q1",
    "symbol": "DBD",
    "data": {
        "bs": [
            {
                "label": "",
                "concept": "CashCashEquivalentsRestrictedCashAndRestrictedCashEquivalents",
                "unit": "usd",
                "value": 512100000.0
            },
            {
                "label": "",
                "concept": "AvailableForSaleSecuritiesCurrent",
                "unit": "usd",
                "value": 13500000.0
            },
            {
                "label": "",
                "concept": "ReceivablesNetCurrent",
                "unit": "usd",
                "value": 594500000.0
            },
            {
                "label": "",
                "concept": "InventoryNet",
                "unit": "usd",
                "value": 475500000.0
            },
            {
                "label": "",
                "concept": "PrepaidExpenseCurrent",
                "unit": "usd",
                "value": 44100000.0
            },
            {
                "label": "",
                "concept": "AssetsHeldForSaleNotPartOfDisposalGroupCurrent",
                "unit": "usd",
                "value": 152600000.0
            },
            {
                "label": "",
                "concept": "OtherAssetsCurrent",
                "unit": "usd",
                "value": 253100000.0
            },
            {
                "label": "",
                "concept": "AssetsCurrent",
                "unit": "usd",
                "value": 2045400000.0
            },
            {
                "label": "",
                "concept": "LongTermInvestments",
                "unit": "usd",
                "value": 18100000.0
            },
            {
                "label": "",
                "concept": "PropertyPlantAndEquipmentNet",
                "unit": "usd",
                "value": 216100000.0
            },
            {
                "label": "",
                "concept": "Goodwill",
                "unit": "usd",
                "value": 736200000.0
            },
            {
                "label": "",
                "concept": "DeferredIncomeTaxAssetsNet",
                "unit": "usd",
                "value": 118900000.0
            },
            {
                "label": "",
                "concept": "IntangibleAssetsNetExcludingGoodwill",
                "unit": "usd",
                "value": 467500000.0
            },
            {
                "label": "",
                "concept": "OtherAssetsNoncurrent",
                "unit": "usd",
                "value": 285600000.0
            },
            {
                "label": "",
                "concept": "Assets",
                "unit": "usd",
                "value": 3838800000.0
            },
            {
                "label": "",
                "concept": "NotesPayableCurrent",
                "unit": "usd",
                "value": 103400000.0
            },
            {
                "label": "",
                "concept": "AccountsPayableCurrent",
                "unit": "usd",
                "value": 499200000.0
            },
            {
                "label": "",
                "concept": "DeferredRevenueCurrent",
                "unit": "usd",
                "value": 371400000.0
            },
            {
                "label": "",
                "concept": "EmployeeRelatedLiabilitiesCurrent",
                "unit": "usd",
                "value": 170300000.0
            },
            {
                "label": "",
                "concept": "OtherLiabilitiesCurrent",
                "unit": "usd",
                "value": 501400000.0
            },
            {
                "label": "",
                "concept": "LiabilitiesCurrent",
                "unit": "usd",
                "value": 1645700000.0
            },
            {
                "label": "",
                "concept": "LongTermDebtAndCapitalLeaseObligations",
                "unit": "usd",
                "value": 2353400000.0
            },
            {
                "label": "",
                "concept": "PensionAndOtherPostretirementDefinedBenefitPlansLiabilitiesNoncurrent",
                "unit": "usd",
                "value": 221400000.0
            },
            {
                "label": "",
                "concept": "DeferredIncomeTaxLiabilitiesNet",
                "unit": "usd",
                "value": 114600000.0
            },
            {
                "label": "",
                "concept": "OtherLiabilitiesNoncurrent",
                "unit": "usd",
                "value": 193700000.0
            },
            {
                "label": "",
                "concept": "CommitmentsAndContingencies",
                "unit": "usd",
                "value": "N/A"
            },
            {
                "label": "",
                "concept": "RedeemableNoncontrollingInterestEquityCarryingAmount",
                "unit": "usd",
                "value": 20600000.0
            },
            {
                "label": "",
                "concept": "PreferredStockValue",
                "unit": "usd",
                "value": "N/A"
            },
            {
                "label": "",
                "concept": "CommonStockValue",
                "unit": "usd",
                "value": 116700000.0
            },
            {
                "label": "",
                "concept": "AdditionalPaidInCapitalCommonStock",
                "unit": "usd",
                "value": 776500000.0
            },
            {
                "label": "",
                "concept": "RetainedEarningsAccumulatedDeficit",
                "unit": "usd",
                "value": 565100000.0
            },
            {
                "label": "",
                "concept": "TreasuryStockValue",
                "unit": "usd",
                "value": 576500000.0
            },
            {
                "label": "",
                "concept": "AccumulatedOtherComprehensiveIncomeLossNetOfTax",
                "unit": "usd",
                "value": 479500000.0
            },
            {
                "label": "",
                "concept": "StockholdersEquity",
                "unit": "usd",
                "value": 727900000.0
            },
            {
                "label": "",
                "concept": "MinorityInterest",
                "unit": "usd",
                "value": 17300000.0
            },
            {
                "label": "",
                "concept": "StockholdersEquityIncludingPortionAttributableToNoncontrollingInterest",
                "unit": "usd",
                "value": 710600000.0
            },
            {
                "label": "",
                "concept": "LiabilitiesAndStockholdersEquity",
                "unit": "usd",
                "value": 3838800000.0
            }
        ],
        "cf": [
            {
                "label": "",
                "concept": "ProfitLoss",
                "unit": "usd",
                "value": 93400000.0
            },
            {
                "label": "",
                "concept": "DepreciationDepletionAndAmortization",
                "unit": "usd",
                "value": 53500000.0
            },
            {
                "label": "",
                "concept": "ShareBasedCompensation",
                "unit": "usd",
                "value": 4000000.0
            },
            {
                "label": "",
                "concept": "GainLossOnSaleOfPropertyPlantEquipment",
                "unit": "usd",
                "value": 1800000.0
            },
            {
                "label": "",
                "concept": "IncreaseDecreaseInDeferredIncomeTaxes",
                "unit": "usd",
                "value": 14100000.0
            },
            {
                "label": "",
                "concept": "OtherNoncashIncomeExpense",
                "unit": "usd",
                "value": "N/A"
            },
            {
                "label": "",
                "concept": "IncreaseDecreaseInAccountsReceivable",
                "unit": "usd",
                "value": 8000000.0
            },
            {
                "label": "",
                "concept": "IncreaseDecreaseInInventories",
                "unit": "usd",
                "value": 33900000.0
            },
            {
                "label": "",
                "concept": "IncreaseDecreaseInAccountsPayable",
                "unit": "usd",
                "value": 47300000.0
            },
            {
                "label": "",
                "concept": "IncreaseDecreaseInDeferredRevenue",
                "unit": "usd",
                "value": 66400000.00000001
            },
            {
                "label": "",
                "concept": "dbd:IncreaseDecreaseInSalesTaxAndNetValueAddedTax",
                "unit": "usd",
                "value": 20400000.0
            },
            {
                "label": "",
                "concept": "IncreaseDecreaseInIncomeTaxesReceivable",
                "unit": "usd",
                "value": 31800000.0
            },
            {
                "label": "",
                "concept": "IncreaseDecreaseInAccruedSalaries",
                "unit": "usd",
                "value": 46400000.0
            },
            {
                "label": "",
                "concept": "IncreaseDecreaseInRestructuringReserve",
                "unit": "usd",
                "value": 4800000.0
            },
            {
                "label": "",
                "concept": "dbd:IncreaseDecreaseInWarrantyReserve",
                "unit": "usd",
                "value": 3600000.0
            },
            {
                "label": "",
                "concept": "dbd:Increasedecreaseinliabilitiesheldforsale",
                "unit": "usd",
                "value": 13100000.0
            },
            {
                "label": "",
                "concept": "IncreaseDecreaseInPensionAndPostretirementObligations",
                "unit": "usd",
                "value": 11000000.0
            },
            {
                "label": "",
                "concept": "IncreaseDecreaseInOtherOperatingCapitalNet",
                "unit": "usd",
                "value": 32400000.0
            },
            {
                "label": "",
                "concept": "NetCashProvidedByUsedInOperatingActivities",
                "unit": "usd",
                "value": 79900000.0
            },
            {
                "label": "",
                "concept": "PaymentsToAcquireProductiveAssets",
                "unit": "usd",
                "value": 5400000.0
            },
            {
                "label": "",
                "concept": "ProceedsFromDivestitureOfBusinessesNetOfCashDivested",
                "unit": "usd",
                "value": 38500000.0
            },
            {
                "label": "",
                "concept": "ProceedsFromMaturitiesPrepaymentsAndCallsOfAvailableForSaleSecurities",
                "unit": "usd",
                "value": 40100000.0
            },
            {
                "label": "",
                "concept": "PaymentsToAcquireAvailableForSaleSecurities",
                "unit": "usd",
                "value": 44500000.0
            },
            {
                "label": "",
                "concept": "PaymentsForProceedsFromOtherInvestingActivities",
                "unit": "usd",
                "value": 3400000.0
            },
            {
                "label": "",
                "concept": "NetCashProvidedByUsedInInvestingActivities",
                "unit": "usd",
                "value": 51700000.0
            },
            {
                "label": "",
                "concept": "PaymentsOfDebtIssuanceCosts",
                "unit": "usd",
                "value": 3800000.0
            },
            {
                "label": "",
                "concept": "ProceedsFromRepaymentsOfLinesOfCredit",
                "unit": "usd",
                "value": 385900000.0
            },
            {
                "label": "",
                "concept": "ProceedsFromOtherDebt",
                "unit": "usd",
                "value": 20000000.0
            },
            {
                "label": "",
                "concept": "RepaymentsOfOtherDebt",
                "unit": "usd",
                "value": 83100000.0
            },
            {
                "label": "",
                "concept": "PaymentsOfDividendsMinorityInterest",
                "unit": "usd",
                "value": "N/A"
            },
            {
                "label": "",
                "concept": "PaymentsForRepurchaseOfCommonStock",
                "unit": "usd",
                "value": 5000000.0
            },
            {
                "label": "",
                "concept": "NetCashProvidedByUsedInFinancingActivities",
                "unit": "usd",
                "value": 314000000.0
            },
            {
                "label": "",
                "concept": "EffectOfExchangeRateOnCashAndCashEquivalents",
                "unit": "usd",
                "value": 15600000.0
            },
            {
                "label": "",
                "concept": "CashCashEquivalentsRestrictedCashAndRestrictedCashEquivalentsPeriodIncreaseDecreaseIncludingExchangeRateEffect",
                "unit": "usd",
                "value": 166800000.0
            }
        ],
        "ic": [
            {
                "label": "",
                "concept": "RestructuringCharges",
                "unit": "usd",
                "value": 10000000.0
            }
        ]
    }
}