{
    "startDate": "2020-01-01",
    "endDate": "2020-03-31",
    "year": "2020",
    "quarter": "Q1",
    "symbol": "CAT",
    "data": {
        "bs": [
            {
                "label": "Receivables - trade and other",
                "concept": "AccountsReceivableNetCurrent",
                "unit": "usd",
                "value": 7834000000
            },
            {
                "label": "Receivables - finance",
                "concept": "NotesAndLoansReceivableNetCurrent",
                "unit": "usd",
                "value": 9120000000
            },
            {
                "label": "Prepaid expenses and other current assets",
                "concept": "PrepaidExpenseAndOtherAssetsCurrent",
                "unit": "usd",
                "value": 1761000000
            },
            {
                "label": "Inventories",
                "concept": "InventoryNet",
                "unit": "usd",
                "value": 11748000000
            },
            {
                "label": "Total current assets",
                "concept": "AssetsCurrent",
                "unit": "usd",
                "value": 37586000000
            },
            {
                "label": "Property, plant and equipment - net",
                "concept": "PropertyPlantAndEquipmentNet",
                "unit": "usd",
                "value": 12488000000
            },
            {
                "label": "Long-term receivables - trade and other",
                "concept": "AccountsReceivableNetNoncurrent",
                "unit": "usd",
                "value": 1196000000
            },
            {
                "label": "Long-term receivables - finance",
                "concept": "NotesAndLoansReceivableNetNoncurrent",
                "unit": "usd",
                "value": 12021000000
            },
            {
                "label": "Noncurrent deferred and refundable income taxes",
                "concept": "cat:NoncurrentDeferredAndRefundableIncomeTaxes",
                "unit": "usd",
                "value": 1426000000
            },
            {
                "label": "Intangible assets",
                "concept": "IntangibleAssetsNetExcludingGoodwill",
                "unit": "usd",
                "value": 1478000000
            },
            {
                "label": "Goodwill",
                "concept": "Goodwill",
                "unit": "usd",
                "value": 6140000000
            },
            {
                "label": "Other assets",
                "concept": "OtherAssetsNoncurrent",
                "unit": "usd",
                "value": 3559000000
            },
            {
                "label": "Total assets",
                "concept": "Assets",
                "unit": "usd",
                "value": 75894000000
            },
            {
                "label": "Machinery, Energy & Transportation",
                "concept": "cat:ShorttermBorrowingsMachineryEnergyTransportation",
                "unit": "usd",
                "value": "N/A"
            },
            {
                "label": "Financial Products",
                "concept": "cat:ShortTermBorrowingsFinancialProducts",
                "unit": "usd",
                "value": 4789000000
            },
            {
                "label": "Accounts payable",
                "concept": "AccountsPayableCurrent",
                "unit": "usd",
                "value": 5769000000
            },
            {
                "label": "Accrued expenses",
                "concept": "AccruedLiabilitiesCurrent",
                "unit": "usd",
                "value": 3776000000
            },
            {
                "label": "Accrued wages, salaries and employee benefits",
                "concept": "EmployeeRelatedLiabilitiesCurrent",
                "unit": "usd",
                "value": 878000000
            },
            {
                "label": "Customer advances",
                "concept": "ContractWithCustomerLiabilityCurrent",
                "unit": "usd",
                "value": 1295000000
            },
            {
                "label": "Dividends payable",
                "concept": "DividendsPayableCurrent",
                "unit": "usd",
                "value": "N/A"
            },
            {
                "label": "Other current liabilities",
                "concept": "OtherLiabilitiesCurrent",
                "unit": "usd",
                "value": 2074000000
            },
            {
                "label": "Machinery, Energy & Transportation",
                "concept": "cat:LongtermDebtDuewithinOneYearMachineryEnergyTransportation",
                "unit": "usd",
                "value": 143000000
            },
            {
                "label": "Financial Products",
                "concept": "cat:LongTermDebtDueWithinOneYearFinancialProducts",
                "unit": "usd",
                "value": 7792000000
            },
            {
                "label": "Total current liabilities",
                "concept": "LiabilitiesCurrent",
                "unit": "usd",
                "value": 26516000000
            },
            {
                "label": "Machinery, Energy & Transportation",
                "concept": "cat:LongtermDebtDueafterOneYearMachineryEnergyTransportationNoncurrent",
                "unit": "usd",
                "value": 8998000000
            },
            {
                "label": "Financial Products",
                "concept": "cat:LongTermDebtDueAfterOneYearFinancialProducts",
                "unit": "usd",
                "value": 15371000000
            },
            {
                "label": "Liability for postemployment benefits",
                "concept": "PensionAndOtherPostretirementAndPostemploymentBenefitPlansLiabilitiesNoncurrent",
                "unit": "usd",
                "value": 6333000000
            },
            {
                "label": "Other liabilities",
                "concept": "OtherLiabilitiesNoncurrent",
                "unit": "usd",
                "value": 4437000000
            },
            {
                "label": "Total liabilities",
                "concept": "Liabilities",
                "unit": "usd",
                "value": 61655000000
            },
            {
                "label": "Commitments and contingencies (Notes 11 and 14)",
                "concept": "CommitmentsAndContingencies",
                "unit": "usd",
                "value": "N/A"
            },
            {
                "label": "Common stock of $1.00 par value: Authorized shares: 2,000,000,000 Issued shares: (3/31/2020 and 12/31/19 \u2013 814,894,624) at paid-in amount",
                "concept": "CommonStocksIncludingAdditionalPaidInCapital",
                "unit": "usd",
                "value": 6046000000
            },
            {
                "label": "Treasury stock (3/31/20 \u2013 272,943,115 shares; 12/31/19 \u2013 264,812,014 shares) at cost",
                "concept": "TreasuryStockValue",
                "unit": "usd",
                "value": 25341000000
            },
            {
                "label": "Profit employed in the business",
                "concept": "RetainedEarningsAccumulatedDeficit",
                "unit": "usd",
                "value": 35504000000
            },
            {
                "label": "Accumulated other comprehensive income (loss)",
                "concept": "AccumulatedOtherComprehensiveIncomeLossNetOfTax",
                "unit": "usd",
                "value": 2012000000
            },
            {
                "label": "Noncontrolling interests",
                "concept": "MinorityInterest",
                "unit": "usd",
                "value": 42000000
            },
            {
                "label": "Total shareholders' equity",
                "concept": "StockholdersEquityIncludingPortionAttributableToNoncontrollingInterest",
                "unit": "usd",
                "value": 14239000000
            },
            {
                "label": "Total liabilities and shareholders' equity",
                "concept": "LiabilitiesAndStockholdersEquity",
                "unit": "usd",
                "value": 75894000000
            }
        ],
        "cf": [
            {
                "label": "Depreciation and amortization",
                "concept": "DepreciationDepletionAndAmortization",
                "unit": "usd",
                "value": 614000000
            },
            {
                "label": "Gain on remeasurement of a non-U.S. pension obligation",
                "concept": "DefinedBenefitPlanActuarialGainLoss",
                "unit": "usd",
                "value": 254000000
            },
            {
                "label": "Provision (benefit) for deferred income taxes",
                "concept": "DeferredIncomeTaxExpenseBenefit",
                "unit": "usd",
                "value": 20000000
            },
            {
                "label": "Other",
                "concept": "OtherNoncashIncomeExpense",
                "unit": "usd",
                "value": 534000000
            },
            {
                "label": "Receivables - trade and other",
                "concept": "IncreaseDecreaseInReceivables",
                "unit": "usd",
                "value": 500000000
            },
            {
                "label": "Inventories",
                "concept": "IncreaseDecreaseInInventories",
                "unit": "usd",
                "value": 541000000
            },
            {
                "label": "Accounts payable",
                "concept": "IncreaseDecreaseInAccountsPayable",
                "unit": "usd",
                "value": 90000000
            },
            {
                "label": "Accrued expenses",
                "concept": "IncreaseDecreaseInAccruedLiabilities",
                "unit": "usd",
                "value": 97000000
            },
            {
                "label": "Accrued wages, salaries and employee benefits",
                "concept": "IncreaseDecreaseInEmployeeRelatedLiabilities",
                "unit": "usd",
                "value": 722000000
            },
            {
                "label": "Customer advances",
                "concept": "IncreaseDecreaseInContractWithCustomerLiability",
                "unit": "usd",
                "value": 116000000
            },
            {
                "label": "Other assets - net",
                "concept": "IncreaseDecreaseInOtherOperatingAssets",
                "unit": "usd",
                "value": 50000000
            },
            {
                "label": "Other liabilities - net",
                "concept": "IncreaseDecreaseInOtherOperatingLiabilities",
                "unit": "usd",
                "value": 173000000
            },
            {
                "label": "Net cash provided by (used for) operating activities",
                "concept": "NetCashProvidedByUsedInOperatingActivities",
                "unit": "usd",
                "value": 1130000000
            },
            {
                "label": "Capital expenditures \u2013 excluding equipment leased to others",
                "concept": "PaymentsToAcquirePropertyPlantAndEquipment",
                "unit": "usd",
                "value": 305000000
            },
            {
                "label": "Expenditures for equipment leased to others",
                "concept": "PaymentsToAcquireEquipmentOnLease",
                "unit": "usd",
                "value": 243000000
            },
            {
                "label": "Proceeds from disposals of leased assets and property, plant and equipment",
                "concept": "ProceedsFromSaleOfPropertyPlantAndEquipment",
                "unit": "usd",
                "value": 216000000
            },
            {
                "label": "Additions to finance receivables",
                "concept": "PaymentsToAcquireFinanceReceivables",
                "unit": "usd",
                "value": 2953000000
            },
            {
                "label": "Collections of finance receivables",
                "concept": "ProceedsFromCollectionOfFinanceReceivables",
                "unit": "usd",
                "value": 3153000000
            },
            {
                "label": "Proceeds from sale of finance receivables",
                "concept": "ProceedsFromSaleOfFinanceReceivables",
                "unit": "usd",
                "value": 31000000
            },
            {
                "label": "Investments and acquisitions (net of cash acquired)",
                "concept": "PaymentsToAcquireBusinessesNetOfCashAcquired",
                "unit": "usd",
                "value": 35000000
            },
            {
                "label": "Proceeds from sale of securities",
                "concept": "ProceedsFromSaleAndMaturityOfMarketableSecurities",
                "unit": "usd",
                "value": 68000000
            },
            {
                "label": "Investments in securities",
                "concept": "PaymentsToAcquireMarketableSecurities",
                "unit": "usd",
                "value": 180000000
            },
            {
                "label": "Other - net",
                "concept": "PaymentsForProceedsFromOtherInvestingActivities",
                "unit": "usd",
                "value": 35000000
            },
            {
                "label": "Net Cash Provided by (Used in) Investing Activities",
                "concept": "NetCashProvidedByUsedInInvestingActivities",
                "unit": "usd",
                "value": 213000000
            },
            {
                "label": "Dividends paid",
                "concept": "PaymentsOfDividendsCommonStock",
                "unit": "usd",
                "value": 567000000
            },
            {
                "label": "Common stock issued, including treasury shares reissued",
                "concept": "ProceedsFromIssuanceOrSaleOfEquity",
                "unit": "usd",
                "value": 23000000
            },
            {
                "label": "Common shares repurchased",
                "concept": "PaymentsForRepurchaseOfCommonStock",
                "unit": "usd",
                "value": 1043000000
            },
            {
                "label": "Machinery, Energy & Transportation",
                "concept": "cat:ProceedsfromMachineryEnergyTransportation",
                "unit": "usd",
                "value": 15000000
            },
            {
                "label": "Financial Products",
                "concept": "cat:ProceedsfromFinancialProducts",
                "unit": "usd",
                "value": 2126000000
            },
            {
                "label": "Machinery, Energy & Transportation",
                "concept": "cat:PaymentsMachineryEnergyTransportation",
                "unit": "usd",
                "value": 6000000
            },
            {
                "label": "Financial Products",
                "concept": "cat:PaymentsFinancialProducts",
                "unit": "usd",
                "value": 2460000000
            },
            {
                "label": "Short-term borrowings - net (original maturities three months or less)",
                "concept": "ProceedsFromRepaymentsOfShortTermDebtMaturingInThreeMonthsOrLess",
                "unit": "usd",
                "value": 40000000
            },
            {
                "label": "Other - net",
                "concept": "ProceedsFromPaymentsForOtherFinancingActivities",
                "unit": "usd",
                "value": 1000000
            },
            {
                "label": "Net cash provided by (used for) financing activities",
                "concept": "NetCashProvidedByUsedInFinancingActivities",
                "unit": "usd",
                "value": 1999000000
            },
            {
                "label": "Effect of exchange rate changes on cash",
                "concept": "EffectOfExchangeRateOnCashCashEquivalentsRestrictedCashAndRestrictedCashEquivalents",
                "unit": "usd",
                "value": 80000000
            },
            {
                "label": "Increase (decrease) in cash and short-term investments and restricted cash",
                "concept": "CashCashEquivalentsRestrictedCashAndRestrictedCashEquivalentsPeriodIncreaseDecreaseIncludingExchangeRateEffect",
                "unit": "usd",
                "value": 1162000000
            }
        ],
        "ic": [
            {
                "label": "Sales and revenues",
                "concept": "Revenues",
                "unit": "usd",
                "value": 10635000000
            },
            {
                "label": "Cost of goods sold",
                "concept": "CostOfRevenue",
                "unit": "usd",
                "value": 7266000000
            },
            {
                "label": "Selling, general and administrative expenses",
                "concept": "SellingGeneralAndAdministrativeExpense",
                "unit": "usd",
                "value": 1121000000
            },
            {
                "label": "Research and development expenses",
                "concept": "ResearchAndDevelopmentExpense",
                "unit": "usd",
                "value": 356000000
            },
            {
                "label": "Interest expense of Financial Products",
                "concept": "cat:InterestExpenseOfFinancialProducts",
                "unit": "usd",
                "value": 175000000
            },
            {
                "label": "Other operating (income) expenses",
                "concept": "OtherOperatingIncomeExpenseNet",
                "unit": "usd",
                "value": 313000000
            },
            {
                "label": "Total operating costs",
                "concept": "CostsAndExpenses",
                "unit": "usd",
                "value": 9231000000
            },
            {
                "label": "Operating profit",
                "concept": "OperatingIncomeLoss",
                "unit": "usd",
                "value": 1404000000
            },
            {
                "label": "Interest Expense Excluding Financial Products",
                "concept": "cat:InterestExpenseExcludingFinancialProducts",
                "unit": "usd",
                "value": 113000000
            },
            {
                "label": "Other income (expense)",
                "concept": "OtherNonoperatingIncomeExpense",
                "unit": "usd",
                "value": 222000000
            },
            {
                "label": "Consolidated profit before taxes",
                "concept": "IncomeLossFromContinuingOperationsBeforeIncomeTaxesMinorityInterestAndIncomeLossFromEquityMethodInvestments",
                "unit": "usd",
                "value": 1513000000
            },
            {
                "label": "Provision (benefit) for income taxes",
                "concept": "IncomeTaxExpenseBenefit",
                "unit": "usd",
                "value": 425000000
            },
            {
                "label": "Profit of consolidated companies",
                "concept": "cat:ProfitOfConsolidatedCompanies",
                "unit": "usd",
                "value": 1088000000
            },
            {
                "label": "Equity in profit (loss) of unconsolidated affiliated companies",
                "concept": "IncomeLossFromEquityMethodInvestments",
                "unit": "usd",
                "value": 5000000
            },
            {
                "label": "Profit of consolidated and affiliated companies",
                "concept": "ProfitLoss",
                "unit": "usd",
                "value": 1093000000
            },
            {
                "label": "Less: Profit (loss) attributable to the noncontrolling interests",
                "concept": "NetIncomeLossAttributableToNoncontrollingInterest",
                "unit": "usd",
                "value": 1000000
            },
            {
                "label": "Profit",
                "concept": "NetIncomeLossAvailableToCommonStockholdersBasic",
                "unit": "usd",
                "value": 1092000000
            },
            {
                "label": "Profit per common share (in dollars per share)",
                "concept": "EarningsPerShareBasic",
                "unit": "usd/shares",
                "value": 2.0
            },
            {
                "label": "Profit per common share - diluted (in dollars per share)",
                "concept": "EarningsPerShareDiluted",
                "unit": "usd/shares",
                "value": 1.98
            },
            {
                "label": "Basic (in shares)",
                "concept": "WeightedAverageNumberOfSharesOutstandingBasic",
                "unit": "shares",
                "value": 546800000.0
            },
            {
                "label": "Diluted (in shares)",
                "concept": "WeightedAverageNumberOfDilutedSharesOutstanding",
                "unit": "shares",
                "value": 551100000.0
            }
        ]
    }
}