{
    "startDate": "2020-01-01",
    "endDate": "2020-03-31",
    "year": "2020",
    "quarter": "Q1",
    "symbol": "CLGX",
    "data": {
        "bs": [
            {
                "label": "Accounts receivable (less allowance for credit losses of $7,236 and $7,161 as of March 31, 2020 and December 31, 2019, respectively)",
                "concept": "AccountsReceivableNetCurrent",
                "unit": "usd",
                "value": 285528000
            },
            {
                "label": "Prepaid expenses and other current assets",
                "concept": "PrepaidExpenseAndOtherAssetsCurrent",
                "unit": "usd",
                "value": 54453000
            },
            {
                "label": "Total current assets",
                "concept": "AssetsCurrent",
                "unit": "usd",
                "value": 492803000
            },
            {
                "label": "Property and equipment, net",
                "concept": "PropertyPlantAndEquipmentNet",
                "unit": "usd",
                "value": 443998000
            },
            {
                "label": "Operating lease assets",
                "concept": "OperatingLeaseRightOfUseAsset",
                "unit": "usd",
                "value": 61754000
            },
            {
                "label": "Goodwill, net",
                "concept": "Goodwill",
                "unit": "usd",
                "value": 2381309000
            },
            {
                "label": "Other intangible assets, net",
                "concept": "FiniteLivedIntangibleAssetsNet",
                "unit": "usd",
                "value": 364425000
            },
            {
                "label": "Capitalized data and database costs, net",
                "concept": "CapitalizedContractCostNetNoncurrent",
                "unit": "usd",
                "value": 320226000
            },
            {
                "label": "Investment in affiliates, net",
                "concept": "EquityMethodInvestments",
                "unit": "usd",
                "value": 11339000
            },
            {
                "label": "Other assets",
                "concept": "OtherAssetsNoncurrent",
                "unit": "usd",
                "value": 71753000
            },
            {
                "label": "Total assets",
                "concept": "Assets",
                "unit": "usd",
                "value": 4147607000
            },
            {
                "label": "Accounts payable and other accrued expenses",
                "concept": "AccountsPayableAndAccruedLiabilitiesCurrent",
                "unit": "usd",
                "value": 174007000
            },
            {
                "label": "Accrued salaries and benefits",
                "concept": "EmployeeRelatedLiabilitiesCurrent",
                "unit": "usd",
                "value": 66643000
            },
            {
                "label": "Contract liabilities, current",
                "concept": "ContractWithCustomerLiabilityCurrent",
                "unit": "usd",
                "value": 341068000
            },
            {
                "label": "Current portion of long-term debt",
                "concept": "LongTermDebtCurrent",
                "unit": "usd",
                "value": 77724000
            },
            {
                "label": "Operating lease liabilities, current",
                "concept": "OperatingLeaseLiabilityCurrent",
                "unit": "usd",
                "value": 17532000
            },
            {
                "label": "Total current liabilities",
                "concept": "LiabilitiesCurrent",
                "unit": "usd",
                "value": 676974000
            },
            {
                "label": "Long-term debt, net of current",
                "concept": "LongTermDebtNoncurrent",
                "unit": "usd",
                "value": 1589507000
            },
            {
                "label": "Contract liabilities, net of current",
                "concept": "ContractWithCustomerLiabilityNoncurrent",
                "unit": "usd",
                "value": 568964000
            },
            {
                "label": "Deferred income tax liabilities",
                "concept": "DeferredIncomeTaxLiabilitiesNet",
                "unit": "usd",
                "value": 85008000
            },
            {
                "label": "Operating lease liabilities, net of current",
                "concept": "OperatingLeaseLiabilityNoncurrent",
                "unit": "usd",
                "value": 80301000
            },
            {
                "label": "Other liabilities",
                "concept": "OtherLiabilitiesNoncurrent",
                "unit": "usd",
                "value": 219855000
            },
            {
                "label": "Total liabilities",
                "concept": "Liabilities",
                "unit": "usd",
                "value": 3220609000
            },
            {
                "label": "Preferred stock, $0.00001 par value; 500 shares authorized, no shares issued or outstanding",
                "concept": "PreferredStockValue",
                "unit": "usd",
                "value": "N/A"
            },
            {
                "label": "Common stock, $0.00001 par value; 180,000 shares authorized; 79,411 and 78,972 shares issued and outstanding as of March 31, 2020 and December 31, 2019, respectively",
                "concept": "CommonStockValue",
                "unit": "usd",
                "value": 1000
            },
            {
                "label": "Additional paid-in capital",
                "concept": "AdditionalPaidInCapital",
                "unit": "usd",
                "value": 111481000
            },
            {
                "label": "Retained earnings",
                "concept": "RetainedEarningsAccumulatedDeficit",
                "unit": "usd",
                "value": 1057692000
            },
            {
                "label": "Accumulated other comprehensive loss",
                "concept": "AccumulatedOtherComprehensiveIncomeLossNetOfTax",
                "unit": "usd",
                "value": 242176000
            },
            {
                "label": "Total stockholders' equity",
                "concept": "StockholdersEquity",
                "unit": "usd",
                "value": 926998000
            },
            {
                "label": "Total liabilities and equity",
                "concept": "LiabilitiesAndStockholdersEquity",
                "unit": "usd",
                "value": 4147607000
            }
        ],
        "cf": [
            {
                "label": "Less: Income/(loss) from discontinued operations, net of tax",
                "concept": "IncomeLossFromDiscontinuedOperationsNetOfTax",
                "unit": "usd",
                "value": 13000
            },
            {
                "label": "Net income from continuing operations",
                "concept": "IncomeLossFromContinuingOperationsIncludingPortionAttributableToNoncontrollingInterest",
                "unit": "usd",
                "value": 33806000
            },
            {
                "label": "Depreciation and amortization",
                "concept": "DepreciationAndAmortization",
                "unit": "usd",
                "value": 46843000
            },
            {
                "label": "Amortization of operating lease assets",
                "concept": "clgx:OperatingLeaseRightofUseAssetAmortization",
                "unit": "usd",
                "value": 3656000
            },
            {
                "label": "Provision for bad debt and claim losses",
                "concept": "ProvisionForDoubtfulAccounts",
                "unit": "usd",
                "value": 3362000
            },
            {
                "label": "Share-based compensation",
                "concept": "ShareBasedCompensation",
                "unit": "usd",
                "value": 8085000
            },
            {
                "label": "Equity in (earnings)/losses of affiliates, net of taxes",
                "concept": "IncomeLossFromEquityMethodInvestments",
                "unit": "usd",
                "value": 512000
            },
            {
                "label": "Deferred income tax",
                "concept": "DeferredIncomeTaxExpenseBenefit",
                "unit": "usd",
                "value": 2092000
            },
            {
                "label": "Loss/(gain) on investments and other, net",
                "concept": "clgx:GainLossonInvestmentsandOtherNet",
                "unit": "usd",
                "value": 3047000
            },
            {
                "label": "Accounts receivable",
                "concept": "IncreaseDecreaseInAccountsReceivable",
                "unit": "usd",
                "value": 4011000
            },
            {
                "label": "Prepaid expenses and other current assets",
                "concept": "IncreaseDecreaseInPrepaidDeferredExpenseAndOtherAssets",
                "unit": "usd",
                "value": 3677000
            },
            {
                "label": "Accounts payable and other accrued expenses",
                "concept": "IncreaseDecreaseInAccountsPayableAndAccruedLiabilities",
                "unit": "usd",
                "value": 8112000
            },
            {
                "label": "Contract liabilities",
                "concept": "IncreaseDecreaseInContractWithCustomerLiability",
                "unit": "usd",
                "value": 24372000
            },
            {
                "label": "Income taxes",
                "concept": "IncreaseDecreaseInAccruedIncomeTaxesPayable",
                "unit": "usd",
                "value": 4930000
            },
            {
                "label": "Dividends received from investments in affiliates",
                "concept": "ProceedsFromDividendsReceived",
                "unit": "usd",
                "value": 185000
            },
            {
                "label": "Other assets and other liabilities",
                "concept": "IncreaseDecreaseInOtherOperatingCapitalNet",
                "unit": "usd",
                "value": 9808000
            },
            {
                "label": "Net cash provided by operating activities - continuing operations",
                "concept": "NetCashProvidedByUsedInOperatingActivitiesContinuingOperations",
                "unit": "usd",
                "value": 112847000
            },
            {
                "label": "Net cash provided by operating activities - discontinued operations",
                "concept": "CashProvidedByUsedInOperatingActivitiesDiscontinuedOperations",
                "unit": "usd",
                "value": 18000
            },
            {
                "label": "Total cash provided by operating activities",
                "concept": "NetCashProvidedByUsedInOperatingActivities",
                "unit": "usd",
                "value": 112865000
            },
            {
                "label": "Purchases of property and equipment",
                "concept": "PaymentsToAcquirePropertyPlantAndEquipment",
                "unit": "usd",
                "value": 14312000
            },
            {
                "label": "Purchases of capitalized data and other intangible assets",
                "concept": "PaymentsToAcquireIntangibleAssets",
                "unit": "usd",
                "value": 9464000
            },
            {
                "label": "Cash paid for acquisitions, net of cash acquired",
                "concept": "PaymentsToAcquireBusinessesNetOfCashAcquired",
                "unit": "usd",
                "value": 11760000
            },
            {
                "label": "Purchases of investments",
                "concept": "PaymentsToAcquireInvestments",
                "unit": "usd",
                "value": 631000
            },
            {
                "label": "Cash received from sale of business-lines",
                "concept": "clgx:CashReceivedFromSaleOfSubsidiary",
                "unit": "usd",
                "value": "N/A"
            },
            {
                "label": "Proceeds from investments and other",
                "concept": "ProceedsFromSaleMaturityAndCollectionsOfInvestments",
                "unit": "usd",
                "value": 651000
            },
            {
                "label": "Net cash used in investing activities - continuing operations",
                "concept": "NetCashProvidedByUsedInInvestingActivitiesContinuingOperations",
                "unit": "usd",
                "value": 35516000
            },
            {
                "label": "Net cash provided by investing activities - discontinued operations",
                "concept": "CashProvidedByUsedInInvestingActivitiesDiscontinuedOperations",
                "unit": "usd",
                "value": "N/A"
            },
            {
                "label": "Total cash used in investing activities",
                "concept": "NetCashProvidedByUsedInInvestingActivities",
                "unit": "usd",
                "value": 35516000
            },
            {
                "label": "Repayment of long-term debt",
                "concept": "RepaymentsOfLongTermDebt",
                "unit": "usd",
                "value": 723000
            },
            {
                "label": "Proceeds from issuance of shares in connection with share-based compensation",
                "concept": "ProceedsFromIssuanceOfSharesUnderIncentiveAndShareBasedCompensationPlansIncludingStockOptions",
                "unit": "usd",
                "value": 2932000
            },
            {
                "label": "Payment of tax withholdings related to net share settlements",
                "concept": "PaymentsRelatedToTaxWithholdingForShareBasedCompensation",
                "unit": "usd",
                "value": 8051000
            },
            {
                "label": "Shares repurchased and retired",
                "concept": "PaymentsForRepurchaseOfCommonStock",
                "unit": "usd",
                "value": 2431000
            },
            {
                "label": "Dividends paid",
                "concept": "PaymentsOfDividendsCommonStock",
                "unit": "usd",
                "value": 17374000
            },
            {
                "label": "Contingent consideration payments subsequent to acquisitions",
                "concept": "PaymentForContingentConsiderationLiabilityFinancingActivities",
                "unit": "usd",
                "value": "N/A"
            },
            {
                "label": "Net cash used in financing activities - continuing operations",
                "concept": "NetCashProvidedByUsedInFinancingActivitiesContinuingOperations",
                "unit": "usd",
                "value": 25647000
            },
            {
                "label": "Net cash provided by financing activities - discontinued operations",
                "concept": "CashProvidedByUsedInFinancingActivitiesDiscontinuedOperations",
                "unit": "usd",
                "value": "N/A"
            },
            {
                "label": "Total cash used in financing activities",
                "concept": "NetCashProvidedByUsedInFinancingActivities",
                "unit": "usd",
                "value": 25647000
            },
            {
                "label": "Effect of exchange rate on cash, cash equivalents, and restricted cash",
                "concept": "EffectOfExchangeRateOnCashCashEquivalentsRestrictedCashAndRestrictedCashEquivalents",
                "unit": "usd",
                "value": 4690000
            },
            {
                "label": "Net change in cash, cash equivalents, and restricted cash",
                "concept": "CashCashEquivalentsRestrictedCashAndRestrictedCashEquivalentsPeriodIncreaseDecreaseIncludingExchangeRateEffect",
                "unit": "usd",
                "value": 47012000
            },
            {
                "label": "Less: Change in cash, cash equivalents, and restricted cash - discontinued operations",
                "concept": "NetCashProvidedByUsedInDiscontinuedOperations",
                "unit": "usd",
                "value": 18000
            },
            {
                "label": "Plus: Cash swept from discontinued operations",
                "concept": "clgx:CashSweptFromDiscontinuedOperations",
                "unit": "usd",
                "value": 18000
            },
            {
                "label": "Cash paid for interest",
                "concept": "InterestPaidNet",
                "unit": "usd",
                "value": 16391000
            },
            {
                "label": "Cash paid for income taxes",
                "concept": "IncomeTaxesPaid",
                "unit": "usd",
                "value": 2512000
            },
            {
                "label": "Cash refunds from income taxes",
                "concept": "ProceedsFromIncomeTaxRefunds",
                "unit": "usd",
                "value": 371000
            },
            {
                "label": "Capital expenditures included in accounts payable and other accrued expenses",
                "concept": "CapitalExpendituresIncurredButNotYetPaid",
                "unit": "usd",
                "value": 11980000
            }
        ],
        "ic": [
            {
                "label": "Cost of services (excluding depreciation and amortization shown below)",
                "concept": "clgx:CostOfServicesExcludingDepreciationAndAmortization",
                "unit": "usd",
                "value": 215565000
            },
            {
                "label": "Selling, general and administrative expenses",
                "concept": "SellingGeneralAndAdministrativeExpense",
                "unit": "usd",
                "value": 114406000
            },
            {
                "label": "Total operating expenses",
                "concept": "OperatingExpenses",
                "unit": "usd",
                "value": 376814000
            },
            {
                "label": "Operating income",
                "concept": "OperatingIncomeLoss",
                "unit": "usd",
                "value": 67071000
            },
            {
                "label": "Interest income",
                "concept": "InvestmentIncomeInterest",
                "unit": "usd",
                "value": 414000
            },
            {
                "label": "Interest expense",
                "concept": "InterestExpenseDebt",
                "unit": "usd",
                "value": 18193000
            },
            {
                "label": "Total interest expense, net",
                "concept": "InterestIncomeExpenseNet",
                "unit": "usd",
                "value": 17779000
            },
            {
                "label": "(Loss)/gain on investments and other, net",
                "concept": "GainLossOnInvestments",
                "unit": "usd",
                "value": 3047000
            },
            {
                "label": "Income from continuing operations before equity in earnings/(losses) of affiliates and income taxes",
                "concept": "IncomeLossFromContinuingOperationsBeforeIncomeTaxesMinorityInterestAndIncomeLossFromEquityMethodInvestments",
                "unit": "usd",
                "value": 46245000
            },
            {
                "label": "Provision for income taxes",
                "concept": "IncomeTaxExpenseBenefit",
                "unit": "usd",
                "value": 12951000
            },
            {
                "label": "Income from continuing operations before equity in earnings/(losses) of affiliates",
                "concept": "clgx:IncomeLossFromContinuingOperationsBeforeIncomeLossFromEquityMethodInvestments",
                "unit": "usd",
                "value": 33294000
            },
            {
                "label": "Income/(loss) from discontinued operations, net of tax",
                "concept": "IncomeLossFromDiscontinuedOperationsNetOfTax",
                "unit": "usd",
                "value": 13000
            },
            {
                "label": "Net income",
                "concept": "NetIncomeLoss",
                "unit": "usd",
                "value": 33819000
            },
            {
                "label": "Net income from continuing operations (usd per share)",
                "concept": "IncomeLossFromContinuingOperationsPerBasicShare",
                "unit": "usd/shares",
                "value": 0.43
            },
            {
                "label": "Basic (in shares)",
                "concept": "WeightedAverageNumberOfSharesOutstandingBasic",
                "unit": "shares",
                "value": 79028000
            },
            {
                "label": "Diluted (in shares)",
                "concept": "WeightedAverageNumberOfDilutedSharesOutstanding",
                "unit": "shares",
                "value": 80525000
            }
        ]
    }
}