{
    "startDate": "2019-11-25",
    "endDate": "2020-02-23",
    "year": "2020",
    "quarter": "Q1",
    "symbol": "LVIS",
    "data": {
        "bs": [
            {
                "label": "Cash and cash equivalents",
                "concept": "CashAndCashEquivalentsAtCarryingValue",
                "unit": "usd",
                "value": 873564000
            },
            {
                "label": "Short-term investments",
                "concept": "ShortTermInvestments",
                "unit": "usd",
                "value": 83978000
            },
            {
                "label": "Trade receivables, net of allowance for doubtful accounts of $5,835 and $6,172",
                "concept": "AccountsReceivableNetCurrent",
                "unit": "usd",
                "value": 709989000
            },
            {
                "label": "Raw materials",
                "concept": "InventoryRawMaterials",
                "unit": "usd",
                "value": 5152000
            },
            {
                "label": "Work-in-process",
                "concept": "InventoryWorkInProcess",
                "unit": "usd",
                "value": 3683000
            },
            {
                "label": "Finished goods",
                "concept": "InventoryFinishedGoods",
                "unit": "usd",
                "value": 845866000
            },
            {
                "label": "Total inventories",
                "concept": "InventoryNet",
                "unit": "usd",
                "value": 854701000
            },
            {
                "label": "Other current assets",
                "concept": "PrepaidExpenseAndOtherAssetsCurrent",
                "unit": "usd",
                "value": 222767000
            },
            {
                "label": "Total current assets",
                "concept": "AssetsCurrent",
                "unit": "usd",
                "value": 2744999000
            },
            {
                "label": "Property, plant and equipment, net of accumulated depreciation of $1,073,020 and $1,054,267",
                "concept": "PropertyPlantAndEquipmentNet",
                "unit": "usd",
                "value": 460679000
            },
            {
                "label": "Goodwill",
                "concept": "Goodwill",
                "unit": "usd",
                "value": 259534000
            },
            {
                "label": "Other intangible assets, net",
                "concept": "IntangibleAssetsNetExcludingGoodwill",
                "unit": "usd",
                "value": 50761000
            },
            {
                "label": "Deferred tax assets, net",
                "concept": "DeferredIncomeTaxAssetsNet",
                "unit": "usd",
                "value": 416390000
            },
            {
                "label": "Operating lease right-of-use assets, net (Note 1)",
                "concept": "OperatingLeaseRightOfUseAsset",
                "unit": "usd",
                "value": 1026486000
            },
            {
                "label": "Other non-current assets",
                "concept": "OtherAssetsNoncurrent",
                "unit": "usd",
                "value": 156394000
            },
            {
                "label": "Total assets",
                "concept": "Assets",
                "unit": "usd",
                "value": 5115243000
            },
            {
                "label": "Accounts payable",
                "concept": "AccountsPayableCurrent",
                "unit": "usd",
                "value": 304207000
            },
            {
                "label": "Accrued salaries, wages and employee benefits",
                "concept": "EmployeeRelatedLiabilitiesCurrent",
                "unit": "usd",
                "value": 186233000
            },
            {
                "label": "Accrued interest payable",
                "concept": "InterestPayableCurrent",
                "unit": "usd",
                "value": 15911000
            },
            {
                "label": "Accrued income taxes",
                "concept": "AccruedIncomeTaxesCurrent",
                "unit": "usd",
                "value": 32994000
            },
            {
                "label": "Accrued sales returns and allowances",
                "concept": "lvis:AccruedSalesReturnsandAllowances",
                "unit": "usd",
                "value": 185830000
            },
            {
                "label": "Short-term operating lease liability (Note 1)",
                "concept": "OperatingLeaseLiabilityCurrent",
                "unit": "usd",
                "value": 212504000
            },
            {
                "label": "Other accrued liabilities",
                "concept": "OtherAccruedLiabilitiesCurrent",
                "unit": "usd",
                "value": 334491000
            },
            {
                "label": "Total current liabilities",
                "concept": "LiabilitiesCurrent",
                "unit": "usd",
                "value": 1291511000
            },
            {
                "label": "Long-term debt",
                "concept": "LongTermDebt",
                "unit": "usd",
                "value": 994392000
            },
            {
                "label": "Postretirement medical benefits",
                "concept": "OtherPostretirementDefinedBenefitPlanLiabilitiesNoncurrent",
                "unit": "usd",
                "value": 62178000
            },
            {
                "label": "Pension liability",
                "concept": "DefinedBenefitPensionPlanLiabilitiesNoncurrent",
                "unit": "usd",
                "value": 179965000
            },
            {
                "label": "Long-term employee related benefits",
                "concept": "lvis:EmployeeRelatedLiabilitiesNoncurrent",
                "unit": "usd",
                "value": 94597000
            },
            {
                "label": "Long-term income tax liabilities",
                "concept": "AccruedIncomeTaxesNoncurrent",
                "unit": "usd",
                "value": 10823000
            },
            {
                "label": "Long-term operating lease liability (Note 1)",
                "concept": "OperatingLeaseLiabilityNoncurrent",
                "unit": "usd",
                "value": 850429000
            },
            {
                "label": "Other long-term liabilities",
                "concept": "OtherLiabilitiesNoncurrent",
                "unit": "usd",
                "value": 36519000
            },
            {
                "label": "Total liabilities",
                "concept": "Liabilities",
                "unit": "usd",
                "value": 3520414000
            },
            {
                "label": "Commitments and contingencies",
                "concept": "CommitmentsAndContingencies",
                "unit": "usd",
                "value": "N/A"
            },
            {
                "label": "Common stock \u2014 $.001 par value; 1,200,000,000 Class A shares authorized, 63,991,842 shares and 53,079,235 shares issued and outstanding as of February 23, 2020 and November 24, 2019, respectively; and 422,000,000 Class B shares authorized, 335,136,502 shares and 340,674,741 shares issued and outstanding, as of February 23, 2020 and November 24, 2019, respectively",
                "concept": "CommonStockValue",
                "unit": "usd",
                "value": 399000
            },
            {
                "label": "Additional paid-in capital",
                "concept": "AdditionalPaidInCapitalCommonStock",
                "unit": "usd",
                "value": 601976000
            },
            {
                "label": "Accumulated other comprehensive loss",
                "concept": "lvis:AccumulatedOtherComprehensiveIncomeLossNetOfTaxAttributableToParent",
                "unit": "usd",
                "value": -452734000
            },
            {
                "label": "Retained earnings",
                "concept": "RetainedEarningsAccumulatedDeficit",
                "unit": "usd",
                "value": 1445188000
            },
            {
                "label": "Total Levi Strauss & Co. stockholders\u2019 equity",
                "concept": "StockholdersEquity",
                "unit": "usd",
                "value": 1594829000
            },
            {
                "label": "Noncontrolling interest",
                "concept": "MinorityInterest",
                "unit": "usd",
                "value": 0
            },
            {
                "label": "Total stockholders\u2019 equity",
                "concept": "StockholdersEquityIncludingPortionAttributableToNoncontrollingInterest",
                "unit": "usd",
                "value": 1594829000
            },
            {
                "label": "Total liabilities and stockholders\u2019 equity",
                "concept": "LiabilitiesAndStockholdersEquity",
                "unit": "usd",
                "value": 5115243000
            }
        ],
        "cf": [
            {
                "label": "Depreciation and amortization",
                "concept": "DepreciationDepletionAndAmortization",
                "unit": "usd",
                "value": 35974000
            },
            {
                "label": "Unrealized foreign exchange (gains) losses",
                "concept": "ForeignCurrencyTransactionGainLossUnrealized",
                "unit": "usd",
                "value": 2629000
            },
            {
                "label": "Realized loss (gain) on settlement of forward foreign exchange contracts not designated for hedge accounting",
                "concept": "lvis:RealizedLossGainOnSettlementOfForwardForeignExchangeContractsNotDesignatedForHedgeAccounting",
                "unit": "usd",
                "value": 1988000
            },
            {
                "label": "Employee benefit plans\u2019 amortization from accumulated other comprehensive loss and settlement loss",
                "concept": "lvis:EmployeeBenefitPlansAmortizationFromAccumulatedOtherComprehensiveLoss",
                "unit": "usd",
                "value": 3591000
            },
            {
                "label": "Stock-based compensation",
                "concept": "ShareBasedCompensation",
                "unit": "usd",
                "value": 17535000
            },
            {
                "label": "Other, net",
                "concept": "OtherOperatingActivitiesCashFlowStatement",
                "unit": "usd",
                "value": 2320000
            },
            {
                "label": "(Benefit from) provision for deferred income taxes",
                "concept": "DeferredIncomeTaxExpenseBenefit",
                "unit": "usd",
                "value": -15818000
            },
            {
                "label": "Trade receivables",
                "concept": "IncreaseDecreaseInAccountsReceivable",
                "unit": "usd",
                "value": -67767000
            },
            {
                "label": "Inventories",
                "concept": "IncreaseDecreaseInInventories",
                "unit": "usd",
                "value": -41247000
            },
            {
                "label": "Other current assets",
                "concept": "IncreaseDecreaseInOtherCurrentAssets",
                "unit": "usd",
                "value": 9688000
            },
            {
                "label": "Other non-current assets",
                "concept": "IncreaseDecreaseInOtherNoncurrentAssets",
                "unit": "usd",
                "value": 9108000
            },
            {
                "label": "Accounts payable, accrued liabilities, and operating leases, net of right-of-use assets",
                "concept": "IncreaseDecreaseInAccountsPayableAndAccruedLiabilities",
                "unit": "usd",
                "value": -51290000
            },
            {
                "label": "Income tax liabilities",
                "concept": "IncreaseDecreaseInAccruedIncomeTaxesPayable",
                "unit": "usd",
                "value": 9115000
            },
            {
                "label": "Accrued salaries, wages and employee benefits and long-term employee related benefits",
                "concept": "IncreaseDecreaseInEmployeeRelatedLiabilities",
                "unit": "usd",
                "value": -40527000
            },
            {
                "label": "Other long-term liabilities",
                "concept": "IncreaseDecreaseInOtherNoncurrentLiabilities",
                "unit": "usd",
                "value": -5283000
            },
            {
                "label": "Net cash provided by operating activities",
                "concept": "NetCashProvidedByUsedInOperatingActivities",
                "unit": "usd",
                "value": 197883000
            },
            {
                "label": "Purchases of property, plant and equipment",
                "concept": "PaymentsToAcquirePropertyPlantAndEquipment",
                "unit": "usd",
                "value": 44424000
            },
            {
                "label": "Payments for business acquisition",
                "concept": "PaymentsToAcquireBusinessesGross",
                "unit": "usd",
                "value": 52201000
            },
            {
                "label": "(Payments) proceeds on settlement of forward foreign exchange contracts not designated for hedge accounting",
                "concept": "PaymentsForProceedsFromDerivativeInstrumentInvestingActivities",
                "unit": "usd",
                "value": 19326000
            },
            {
                "label": "Payments to acquire short-term investments",
                "concept": "PaymentsToAcquireShortTermInvestments",
                "unit": "usd",
                "value": 30121000
            },
            {
                "label": "Proceeds from sale, maturity and collection of short-term investments",
                "concept": "ProceedsFromSaleMaturityAndCollectionOfShorttermInvestments",
                "unit": "usd",
                "value": 26791000
            },
            {
                "label": "Net cash used for investing activities",
                "concept": "NetCashProvidedByUsedInInvestingActivities",
                "unit": "usd",
                "value": -119281000
            },
            {
                "label": "Proceeds from short-term credit facilities",
                "concept": "ProceedsFromShortTermDebt",
                "unit": "usd",
                "value": 3419000
            },
            {
                "label": "Repayments of short-term credit facilities",
                "concept": "RepaymentsOfShortTermDebt",
                "unit": "usd",
                "value": 3878000
            },
            {
                "label": "Other short-term borrowings, net",
                "concept": "lvis:ProceedsfromRepaymentsofofOtherShorttermDebt",
                "unit": "usd",
                "value": 12480000
            },
            {
                "label": "Proceeds from employee stock purchase plan",
                "concept": "ProceedsFromStockPlans",
                "unit": "usd",
                "value": 2030000
            },
            {
                "label": "Repurchase of common stock",
                "concept": "PaymentsForRepurchaseOfCommonStock",
                "unit": "usd",
                "value": 30074000
            },
            {
                "label": "Repurchase of shares surrendered for tax withholdings on equity award exercises",
                "concept": "PaymentsRelatedToTaxWithholdingForShareBasedCompensation",
                "unit": "usd",
                "value": 75242000
            },
            {
                "label": "Payments to noncontrolling interests",
                "concept": "PaymentsToMinorityShareholders",
                "unit": "usd",
                "value": 14825000
            },
            {
                "label": "Dividend to stockholders",
                "concept": "PaymentsOfDividends",
                "unit": "usd",
                "value": 31930000
            },
            {
                "label": "Other financing, net",
                "concept": "ProceedsFromPaymentsForOtherFinancingActivities",
                "unit": "usd",
                "value": 0
            },
            {
                "label": "Net cash used for financing activities",
                "concept": "NetCashProvidedByUsedInFinancingActivities",
                "unit": "usd",
                "value": -138020000
            },
            {
                "label": "Effect of exchange rate changes on cash and cash equivalents and restricted cash",
                "concept": "EffectOfExchangeRateOnCashCashEquivalentsRestrictedCashAndRestrictedCashEquivalents",
                "unit": "usd",
                "value": -1270000
            },
            {
                "label": "Net decrease in cash and cash equivalents and restricted cash",
                "concept": "CashCashEquivalentsRestrictedCashAndRestrictedCashEquivalentsPeriodIncreaseDecreaseIncludingExchangeRateEffect",
                "unit": "usd",
                "value": -60688000
            },
            {
                "label": "Property, plant and equipment acquired and not yet paid at end of period",
                "concept": "CapitalExpendituresIncurredButNotYetPaid",
                "unit": "usd",
                "value": 12089000
            },
            {
                "label": "Property, plant and equipment additions due to build-to-suit lease transactions",
                "concept": "lvis:CapitalExpenditureAdditionsDuetoBuildtoSuitLeaseTransactions",
                "unit": "usd",
                "value": 0
            },
            {
                "label": "Realized (gain) loss on foreign currency contracts not yet settled at end of period",
                "concept": "ForeignCurrencyTransactionGainLossRealized",
                "unit": "usd",
                "value": -17338000
            },
            {
                "label": "Repurchase of common stock not yet settled at end of period",
                "concept": "lvis:RepurchaseofCommonStockNotYetSettledatPeriodEnd",
                "unit": "usd",
                "value": 6997000
            },
            {
                "label": "Cash paid for interest during the period",
                "concept": "InterestPaidNet",
                "unit": "usd",
                "value": 818000
            },
            {
                "label": "Cash paid for income taxes during the period, net of refunds",
                "concept": "IncomeTaxesPaidNet",
                "unit": "usd",
                "value": 19636000
            }
        ],
        "ic": [
            {
                "label": "Net revenues",
                "concept": "RevenueFromContractWithCustomerExcludingAssessedTax",
                "unit": "usd",
                "value": 1506126000
            },
            {
                "label": "Cost of goods sold",
                "concept": "CostOfGoodsAndServicesSold",
                "unit": "usd",
                "value": 666799000
            },
            {
                "label": "Gross profit",
                "concept": "GrossProfit",
                "unit": "usd",
                "value": 839327000
            },
            {
                "label": "Selling, general and administrative expenses",
                "concept": "SellingGeneralAndAdministrativeExpense",
                "unit": "usd",
                "value": 660545000
            },
            {
                "label": "Operating income",
                "concept": "OperatingIncomeLoss",
                "unit": "usd",
                "value": 178782000
            },
            {
                "label": "Interest expense",
                "concept": "InterestExpense",
                "unit": "usd",
                "value": 16654000
            },
            {
                "label": "Other income (expense), net",
                "concept": "OtherNonoperatingIncomeExpense",
                "unit": "usd",
                "value": 2700000
            },
            {
                "label": "Income before income taxes",
                "concept": "IncomeLossFromContinuingOperationsBeforeIncomeTaxesExtraordinaryItemsNoncontrollingInterest",
                "unit": "usd",
                "value": 164828000
            },
            {
                "label": "Income tax expense",
                "concept": "IncomeTaxExpenseBenefit",
                "unit": "usd",
                "value": 12139000
            },
            {
                "label": "Net income",
                "concept": "ProfitLoss",
                "unit": "usd",
                "value": 152689000
            },
            {
                "label": "Net loss attributable to noncontrolling interest",
                "concept": "NetIncomeLossAttributableToNoncontrollingInterest",
                "unit": "usd",
                "value": 0
            },
            {
                "label": "Net income attributable to Levi Strauss & Co.",
                "concept": "NetIncomeLoss",
                "unit": "usd",
                "value": 152689000
            },
            {
                "label": "Basic (usd per share)",
                "concept": "EarningsPerShareBasic",
                "unit": "usd/shares",
                "value": 0.39
            },
            {
                "label": "Diluted (usd per share)",
                "concept": "EarningsPerShareDiluted",
                "unit": "usd/shares",
                "value": 0.37
            },
            {
                "label": "Basic (in shares)",
                "concept": "WeightedAverageNumberOfSharesOutstandingBasic",
                "unit": "shares",
                "value": 396216057
            },
            {
                "label": "Diluted (in shares)",
                "concept": "WeightedAverageNumberOfDilutedSharesOutstanding",
                "unit": "shares",
                "value": 410068373
            }
        ]
    }
}