{
    "startDate": "2020-01-01",
    "endDate": "2020-03-31",
    "year": "2020",
    "quarter": "Q1",
    "symbol": "MRK",
    "data": {
        "bs": [
            {
                "label": "Cash and cash equivalents",
                "concept": "CashAndCashEquivalentsAtCarryingValue",
                "unit": "usd",
                "value": 7425000000
            },
            {
                "label": "Short-term investments",
                "concept": "MarketableSecuritiesCurrent",
                "unit": "usd",
                "value": 7000000
            },
            {
                "label": "Accounts receivable (net of allowance for doubtful accounts of $89 in 2020 and $86 in 2019)",
                "concept": "AccountsReceivableNetCurrent",
                "unit": "usd",
                "value": 8182000000
            },
            {
                "label": "Inventories (excludes inventories of $1,630 in 2020 and $1,480 in 2019 classified in Other assets - see Note 6)",
                "concept": "InventoryNet",
                "unit": "usd",
                "value": 5846000000
            },
            {
                "label": "Other current assets",
                "concept": "DeferredIncomeTaxesAndOtherAssetsCurrent",
                "unit": "usd",
                "value": 4714000000
            },
            {
                "label": "Total current assets",
                "concept": "AssetsCurrent",
                "unit": "usd",
                "value": 26174000000
            },
            {
                "label": "Investments",
                "concept": "MarketableSecuritiesNoncurrent",
                "unit": "usd",
                "value": 555000000
            },
            {
                "label": "Property, Plant and Equipment, at cost, net of accumulated depreciation of $17,706 in 2020 and $17,686 in 2019",
                "concept": "PropertyPlantAndEquipmentNet",
                "unit": "usd",
                "value": 15269000000
            },
            {
                "label": "Goodwill",
                "concept": "Goodwill",
                "unit": "usd",
                "value": 19767000000
            },
            {
                "label": "Other Intangibles, Net",
                "concept": "IntangibleAssetsNetExcludingGoodwill",
                "unit": "usd",
                "value": 16096000000
            },
            {
                "label": "Other Assets",
                "concept": "DeferredIncomeTaxesAndOtherAssetsNoncurrent",
                "unit": "usd",
                "value": 7052000000
            },
            {
                "label": "Total Assets",
                "concept": "Assets",
                "unit": "usd",
                "value": 84913000000
            },
            {
                "label": "Loans payable and current portion of long-term debt",
                "concept": "DebtCurrent",
                "unit": "usd",
                "value": 6361000000
            },
            {
                "label": "Trade accounts payable",
                "concept": "AccountsPayableCurrent",
                "unit": "usd",
                "value": 3572000000
            },
            {
                "label": "Accrued and other current liabilities",
                "concept": "OtherLiabilitiesCurrent",
                "unit": "usd",
                "value": 10932000000
            },
            {
                "label": "Income taxes payable",
                "concept": "AccruedIncomeTaxesCurrent",
                "unit": "usd",
                "value": 1033000000
            },
            {
                "label": "Dividends payable",
                "concept": "DividendsPayableCurrent",
                "unit": "usd",
                "value": 1585000000
            },
            {
                "label": "Total current liabilities",
                "concept": "LiabilitiesCurrent",
                "unit": "usd",
                "value": 23483000000
            },
            {
                "label": "Long-Term Debt",
                "concept": "LongTermDebtNoncurrent",
                "unit": "usd",
                "value": 21637000000
            },
            {
                "label": "Deferred Income Taxes",
                "concept": "DeferredIncomeTaxLiabilitiesNet",
                "unit": "usd",
                "value": 1943000000
            },
            {
                "label": "Other Noncurrent Liabilities",
                "concept": "OtherLiabilitiesNoncurrent",
                "unit": "usd",
                "value": 11550000000
            },
            {
                "label": "Common stock, $0.50 par value Authorized - 6,500,000,000 shares Issued - 3,577,103,522 shares in 2020 and 2019",
                "concept": "CommonStockValue",
                "unit": "usd",
                "value": 1788000000
            },
            {
                "label": "Other paid-in capital",
                "concept": "AdditionalPaidInCapitalCommonStock",
                "unit": "usd",
                "value": 39697000000
            },
            {
                "label": "Retained earnings",
                "concept": "RetainedEarningsAccumulatedDeficit",
                "unit": "usd",
                "value": 48272000000
            },
            {
                "label": "Accumulated other comprehensive loss",
                "concept": "AccumulatedOtherComprehensiveIncomeLossNetOfTax",
                "unit": "usd",
                "value": 6391000000
            },
            {
                "label": "Stockholders' equity before deduction for treasury stock",
                "concept": "StockholdersEquityBeforeTreasuryStock",
                "unit": "usd",
                "value": 83366000000
            },
            {
                "label": "Less treasury stock, at cost: 1,053,090,194 shares in 2020 and 1,038,087,496 shares in 2019",
                "concept": "TreasuryStockValue",
                "unit": "usd",
                "value": 57161000000
            },
            {
                "label": "Total Merck & Co., Inc. stockholders\u2019 equity",
                "concept": "StockholdersEquity",
                "unit": "usd",
                "value": 26205000000
            },
            {
                "label": "Noncontrolling Interests",
                "concept": "MinorityInterest",
                "unit": "usd",
                "value": 95000000
            },
            {
                "label": "Total equity",
                "concept": "StockholdersEquityIncludingPortionAttributableToNoncontrollingInterest",
                "unit": "usd",
                "value": 26300000000
            },
            {
                "label": "Liabilities and Equity",
                "concept": "LiabilitiesAndStockholdersEquity",
                "unit": "usd",
                "value": 84913000000
            }
        ],
        "cf": [
            {
                "label": "Net income",
                "concept": "ProfitLoss",
                "unit": "usd",
                "value": 3219000000
            },
            {
                "label": "Depreciation and amortization",
                "concept": "DepreciationDepletionAndAmortization",
                "unit": "usd",
                "value": 821000000
            },
            {
                "label": "Intangible asset impairment charges",
                "concept": "GoodwillAndIntangibleAssetImpairment",
                "unit": "usd",
                "value": "N/A"
            },
            {
                "label": "Deferred income taxes",
                "concept": "DeferredIncomeTaxExpenseBenefit",
                "unit": "usd",
                "value": 82000000
            },
            {
                "label": "Share-based compensation",
                "concept": "ShareBasedCompensation",
                "unit": "usd",
                "value": 108000000
            },
            {
                "label": "Other",
                "concept": "OtherNoncashIncomeExpense",
                "unit": "usd",
                "value": 143000000
            },
            {
                "label": "Net changes in assets and liabilities",
                "concept": "IncreaseDecreaseInOperatingCapital",
                "unit": "usd",
                "value": 3666000000
            },
            {
                "label": "Net Cash Provided by Operating Activities",
                "concept": "NetCashProvidedByUsedInOperatingActivities",
                "unit": "usd",
                "value": 707000000
            },
            {
                "label": "Capital expenditures",
                "concept": "PaymentsToAcquireProductiveAssets",
                "unit": "usd",
                "value": 986000000
            },
            {
                "label": "Purchases of securities and other investments",
                "concept": "PaymentsToAcquireMarketableSecurities",
                "unit": "usd",
                "value": 49000000
            },
            {
                "label": "Proceeds from sales of securities and other investments",
                "concept": "ProceedsFromSaleMaturityAndCollectionsOfInvestments",
                "unit": "usd",
                "value": 1816000000
            },
            {
                "label": "Acquisition of ArQule, Inc., net of cash acquired",
                "concept": "PaymentsToAcquireBusinessesNetOfCashAcquired",
                "unit": "usd",
                "value": 2545000000
            },
            {
                "label": "Other",
                "concept": "PaymentsForProceedsFromOtherInvestingActivities",
                "unit": "usd",
                "value": 136000000
            },
            {
                "label": "Net Cash (Used in) Provided by Investing Activities",
                "concept": "NetCashProvidedByUsedInInvestingActivities",
                "unit": "usd",
                "value": 1628000000
            },
            {
                "label": "Net change in short-term borrowings",
                "concept": "ProceedsFromRepaymentsOfShortTermDebt",
                "unit": "usd",
                "value": 3583000000
            },
            {
                "label": "Payments on debt",
                "concept": "RepaymentsOfLongTermDebt",
                "unit": "usd",
                "value": 1951000000
            },
            {
                "label": "Proceeds from issuance of debt",
                "concept": "ProceedsFromIssuanceOfLongTermDebt",
                "unit": "usd",
                "value": "N/A"
            },
            {
                "label": "Purchases of treasury stock",
                "concept": "PaymentsForRepurchaseOfCommonStock",
                "unit": "usd",
                "value": 1281000000
            },
            {
                "label": "Dividends paid to stockholders",
                "concept": "PaymentsOfDividendsCommonStock",
                "unit": "usd",
                "value": 1551000000
            },
            {
                "label": "Proceeds from exercise of stock options",
                "concept": "ProceedsFromStockOptionsExercised",
                "unit": "usd",
                "value": 26000000
            },
            {
                "label": "Other",
                "concept": "ProceedsFromPaymentsForOtherFinancingActivities",
                "unit": "usd",
                "value": 316000000
            },
            {
                "label": "Net Cash Used in Financing Activities",
                "concept": "NetCashProvidedByUsedInFinancingActivities",
                "unit": "usd",
                "value": 1490000000
            },
            {
                "label": "Effect of Exchange Rate Changes on Cash, Cash Equivalents and Restricted Cash",
                "concept": "EffectOfExchangeRateOnCashCashEquivalentsRestrictedCashAndRestrictedCashEquivalents",
                "unit": "usd",
                "value": 63000000
            },
            {
                "label": "Net (Decrease) Increase in Cash, Cash Equivalents and Restricted Cash",
                "concept": "CashCashEquivalentsRestrictedCashAndRestrictedCashEquivalentsPeriodIncreaseDecreaseIncludingExchangeRateEffect",
                "unit": "usd",
                "value": 2474000000
            }
        ],
        "ic": [
            {
                "label": "Restructuring costs",
                "concept": "RestructuringCharges",
                "unit": "usd",
                "value": 72000000
            },
            {
                "label": "Total Costs, Expenses and Other",
                "concept": "mrk:CostsExpensesAndOther",
                "unit": "usd",
                "value": 8219000000
            },
            {
                "label": "Income Before Taxes",
                "concept": "IncomeLossFromContinuingOperationsBeforeIncomeTaxesExtraordinaryItemsNoncontrollingInterest",
                "unit": "usd",
                "value": 3838000000
            },
            {
                "label": "Taxes on Income",
                "concept": "IncomeTaxExpenseBenefit",
                "unit": "usd",
                "value": 619000000
            },
            {
                "label": "Net Income",
                "concept": "ProfitLoss",
                "unit": "usd",
                "value": 3219000000
            },
            {
                "label": "Less: Net Loss Attributable to Noncontrolling Interests",
                "concept": "NetIncomeLossAttributableToNoncontrollingInterest",
                "unit": "usd",
                "value": "N/A"
            },
            {
                "label": "Net Income Attributable to Merck & Co., Inc.",
                "concept": "NetIncomeLoss",
                "unit": "usd",
                "value": 3219000000
            },
            {
                "label": "Basic Earnings per Common Share Attributable to Merck & Co., Inc. Common Shareholders (in dollars per share)",
                "concept": "EarningsPerShareBasic",
                "unit": "usd/shares",
                "value": 1.27
            },
            {
                "label": "Earnings per Common Share Assuming Dilution Attributable to Merck & Co., Inc. Common Shareholders (in dollars per share)",
                "concept": "EarningsPerShareDiluted",
                "unit": "usd/shares",
                "value": 1.26
            }
        ]
    }
}