{
    "startDate": "2020-03-01",
    "endDate": "2020-05-31",
    "year": "2020",
    "quarter": "Q2",
    "symbol": "MKC",
    "data": {
        "bs": [
            {
                "label": "Cash and cash equivalents",
                "concept": "CashAndCashEquivalentsAtCarryingValue",
                "unit": "usd",
                "value": 185000000.0
            },
            {
                "label": "Trade accounts receivable, net",
                "concept": "AccountsReceivableNetCurrent",
                "unit": "usd",
                "value": 494300000.0
            },
            {
                "label": "Finished products",
                "concept": "InventoryFinishedGoods",
                "unit": "usd",
                "value": 381900000.0
            },
            {
                "label": "Raw materials and work-in-process",
                "concept": "InventoryWorkInProcessAndRawMaterials",
                "unit": "usd",
                "value": 449400000.0
            },
            {
                "label": "Total inventory",
                "concept": "InventoryGross",
                "unit": "usd",
                "value": 831300000.0
            },
            {
                "label": "Prepaid expenses and other current assets",
                "concept": "PrepaidExpenseAndOtherAssetsCurrent",
                "unit": "usd",
                "value": 105100000.0
            },
            {
                "label": "Total current assets",
                "concept": "AssetsCurrent",
                "unit": "usd",
                "value": 1615700000.0
            },
            {
                "label": "Property, plant and equipment, net",
                "concept": "PropertyPlantAndEquipmentNet",
                "unit": "usd",
                "value": 927000000.0
            },
            {
                "label": "Goodwill",
                "concept": "Goodwill",
                "unit": "usd",
                "value": 4484400000.0
            },
            {
                "label": "Intangible assets, net",
                "concept": "IntangibleAssetsNetExcludingGoodwill",
                "unit": "usd",
                "value": 2833900000.0
            },
            {
                "label": "Other long-term assets",
                "concept": "InvestmentsAndOtherNoncurrentAssets",
                "unit": "usd",
                "value": 715100000.0
            },
            {
                "label": "Total assets",
                "concept": "Assets",
                "unit": "usd",
                "value": 10576100000.0
            },
            {
                "label": "Short-term borrowings",
                "concept": "ShortTermBorrowings",
                "unit": "usd",
                "value": 84500000.0
            },
            {
                "label": "Current portion of long-term debt",
                "concept": "LongTermDebtCurrent",
                "unit": "usd",
                "value": 88900000.0
            },
            {
                "label": "Trade accounts payable",
                "concept": "AccountsPayableTradeCurrent",
                "unit": "usd",
                "value": 857200000.0
            },
            {
                "label": "Other accrued liabilities",
                "concept": "OtherAccruedLiabilitiesCurrent",
                "unit": "usd",
                "value": 551700000.0
            },
            {
                "label": "Total current liabilities",
                "concept": "LiabilitiesCurrent",
                "unit": "usd",
                "value": 1582300000.0
            },
            {
                "label": "Long-term debt",
                "concept": "LongTermDebtNoncurrent",
                "unit": "usd",
                "value": 4113600000.0000005
            },
            {
                "label": "Deferred taxes",
                "concept": "DeferredIncomeTaxLiabilitiesNet",
                "unit": "usd",
                "value": 701300000.0
            },
            {
                "label": "Other long-term liabilities",
                "concept": "OtherLiabilitiesNoncurrent",
                "unit": "usd",
                "value": 516600000.0
            },
            {
                "label": "Total liabilities",
                "concept": "Liabilities",
                "unit": "usd",
                "value": 6913800000.0
            },
            {
                "label": "Retained earnings",
                "concept": "RetainedEarningsAccumulatedDeficit",
                "unit": "usd",
                "value": 2288700000.0
            },
            {
                "label": "Accumulated other comprehensive loss",
                "concept": "AccumulatedOtherComprehensiveIncomeLossNetOfTax",
                "unit": "usd",
                "value": 577700000.0
            },
            {
                "label": "Non-controlling interests",
                "concept": "MinorityInterest",
                "unit": "usd",
                "value": 12400000.0
            },
            {
                "label": "Total shareholders\u2019 equity",
                "concept": "StockholdersEquityIncludingPortionAttributableToNoncontrollingInterest",
                "unit": "usd",
                "value": 3662300000.0
            },
            {
                "label": "Total liabilities and shareholders\u2019 equity",
                "concept": "LiabilitiesAndStockholdersEquity",
                "unit": "usd",
                "value": 10576100000.0
            },
            {
                "label": "Stockholders' Equity Attributable to Parent",
                "concept": "StockholdersEquity",
                "unit": "usd",
                "value": 3649900000.0
            }
        ],
        "cf": [],
        "ic": [
            {
                "label": "Net income",
                "concept": "NetIncomeLoss",
                "unit": "usd",
                "value": 195900000.0
            },
            {
                "label": "Net income attributable to non-controlling interest",
                "concept": "NetIncomeLossAttributableToNoncontrollingInterest",
                "unit": "usd",
                "value": 600000.0
            },
            {
                "label": "Unrealized components of pension and postretirement plans",
                "concept": "OtherComprehensiveIncomeLossPensionAndOtherPostretirementBenefitPlansAdjustmentBeforeTax",
                "unit": "usd",
                "value": 3300000.0
            },
            {
                "label": "Currency translation adjustments",
                "concept": "OtherComprehensiveIncomeLossForeignCurrencyTransactionAndTranslationAdjustmentNetOfTax",
                "unit": "usd",
                "value": 60900000.0
            },
            {
                "label": "Change in derivative financial instruments",
                "concept": "OtherComprehensiveIncomeLossDerivativesQualifyingAsHedgesBeforeTax",
                "unit": "usd",
                "value": 1600000.0
            },
            {
                "label": "Deferred taxes",
                "concept": "OtherComprehensiveIncomeLossTaxPortionAttributableToParent1",
                "unit": "usd",
                "value": 3100000.0
            },
            {
                "label": "Comprehensive income",
                "concept": "OtherComprehensiveIncomeLossNetOfTax",
                "unit": "usd",
                "value": 59100000.0
            },
            {
                "label": "Comprehensive Income (Loss), Net of Tax, Attributable to Parent",
                "concept": "ComprehensiveIncomeNetOfTax",
                "unit": "usd",
                "value": 137400000.0
            }
        ]
    }
}