{
    "startDate": "2019-12-28",
    "endDate": "2020-03-27",
    "year": "2020",
    "quarter": "Q1",
    "symbol": "SWKS",
    "data": {
        "bs": [
            {
                "label": "Stockholders' Equity Attributable to Parent",
                "concept": "StockholdersEquity",
                "unit": "usd",
                "value": 4142800000.0
            }
        ],
        "cf": [],
        "ic": [
            {
                "label": "Net revenue",
                "concept": "RevenueFromContractWithCustomerExcludingAssessedTax",
                "unit": "usd",
                "value": 766100000.0
            },
            {
                "label": "Cost of goods sold",
                "concept": "CostOfRevenue",
                "unit": "usd",
                "value": 390500000.0
            },
            {
                "label": "Gross profit",
                "concept": "GrossProfit",
                "unit": "usd",
                "value": 375600000.0
            },
            {
                "label": "Research and development",
                "concept": "ResearchAndDevelopmentExpense",
                "unit": "usd",
                "value": 113200000.0
            },
            {
                "label": "Selling, general and administrative",
                "concept": "SellingGeneralAndAdministrativeExpense",
                "unit": "usd",
                "value": 58600000.0
            },
            {
                "label": "Amortization of intangibles",
                "concept": "AmortizationOfIntangibleAssets",
                "unit": "usd",
                "value": 3100000.0
            },
            {
                "label": "Restructuring and other charges",
                "concept": "RestructuringCharges",
                "unit": "usd",
                "value": 1200000.0
            },
            {
                "label": "Total operating expenses",
                "concept": "OperatingExpenses",
                "unit": "usd",
                "value": 176100000.0
            },
            {
                "label": "Operating income",
                "concept": "OperatingIncomeLoss",
                "unit": "usd",
                "value": 199500000.0
            },
            {
                "label": "Other income, net",
                "concept": "OtherNonoperatingIncomeExpense",
                "unit": "usd",
                "value": 3500000.0
            },
            {
                "label": "Income before income taxes",
                "concept": "IncomeLossFromContinuingOperationsBeforeIncomeTaxesMinorityInterestAndIncomeLossFromEquityMethodInvestments",
                "unit": "usd",
                "value": 203000000.0
            },
            {
                "label": "Provision for income taxes",
                "concept": "IncomeTaxExpenseBenefit",
                "unit": "usd",
                "value": 21900000.0
            },
            {
                "label": "Net income",
                "concept": "NetIncomeLoss",
                "unit": "usd",
                "value": 181100000.0
            },
            {
                "label": "Basic (in dollars per share)",
                "concept": "EarningsPerShareBasic",
                "unit": "usd/shares",
                "value": 1.07
            },
            {
                "label": "Diluted (in dollars per share)",
                "concept": "EarningsPerShareDiluted",
                "unit": "usd/shares",
                "value": 1.06
            },
            {
                "label": "Basic (in shares)",
                "concept": "WeightedAverageNumberOfSharesOutstandingBasic",
                "unit": "shares",
                "value": 170000000.0
            },
            {
                "label": "Diluted (in shares)",
                "concept": "WeightedAverageNumberOfDilutedSharesOutstanding",
                "unit": "shares",
                "value": 171100000.0
            },
            {
                "label": "Common Stock, Dividends, Per Share, Declared",
                "concept": "CommonStockDividendsPerShareDeclared",
                "unit": "usd/shares",
                "value": 0.44
            }
        ]
    }
}