{
    "startDate": "2020-01-01",
    "endDate": "2020-03-31",
    "year": "2020",
    "quarter": "Q1",
    "symbol": "NR",
    "data": {
        "bs": [
            {
                "label": "Cash and cash equivalents",
                "concept": "CashAndCashEquivalentsAtCarryingValue",
                "unit": "usd",
                "value": 49064000
            },
            {
                "label": "Receivables, net",
                "concept": "ReceivablesNetCurrent",
                "unit": "usd",
                "value": 197440000
            },
            {
                "label": "Inventories",
                "concept": "InventoryNet",
                "unit": "usd",
                "value": 187979000
            },
            {
                "label": "Prepaid expenses and other current assets",
                "concept": "PrepaidExpenseAndOtherAssetsCurrent",
                "unit": "usd",
                "value": 16241000
            },
            {
                "label": "Total current assets",
                "concept": "AssetsCurrent",
                "unit": "usd",
                "value": 450724000
            },
            {
                "label": "Property, plant and equipment, net",
                "concept": "PropertyPlantAndEquipmentNet",
                "unit": "usd",
                "value": 305732000
            },
            {
                "label": "Operating lease assets",
                "concept": "OperatingLeaseRightOfUseAsset",
                "unit": "usd",
                "value": 32049000
            },
            {
                "label": "Goodwill",
                "concept": "Goodwill",
                "unit": "usd",
                "value": 42108000
            },
            {
                "label": "Other intangible assets, net",
                "concept": "OtherIntangibleAssetsNet",
                "unit": "usd",
                "value": 28032000
            },
            {
                "label": "Deferred tax assets",
                "concept": "DeferredIncomeTaxAssetsNet",
                "unit": "usd",
                "value": 5077000
            },
            {
                "label": "Other assets",
                "concept": "OtherAssetsNoncurrent",
                "unit": "usd",
                "value": 3110000
            },
            {
                "label": "Total assets",
                "concept": "Assets",
                "unit": "usd",
                "value": 866832000
            },
            {
                "label": "Current debt",
                "concept": "ShortTermBorrowings",
                "unit": "usd",
                "value": 6981000
            },
            {
                "label": "Accounts payable",
                "concept": "AccountsPayableCurrent",
                "unit": "usd",
                "value": 69940000
            },
            {
                "label": "Accrued liabilities",
                "concept": "AccruedLiabilitiesCurrent",
                "unit": "usd",
                "value": 36335000
            },
            {
                "label": "Total current liabilities",
                "concept": "LiabilitiesCurrent",
                "unit": "usd",
                "value": 113256000
            },
            {
                "label": "Long-term debt, less current portion",
                "concept": "LongTermDebtNoncurrent",
                "unit": "usd",
                "value": 155965000
            },
            {
                "label": "Noncurrent operating lease liabilities",
                "concept": "OperatingLeaseLiabilityNoncurrent",
                "unit": "usd",
                "value": 26546000
            },
            {
                "label": "Deferred tax liabilities",
                "concept": "DeferredIncomeTaxLiabilitiesNet",
                "unit": "usd",
                "value": 32614000
            },
            {
                "label": "Other noncurrent liabilities",
                "concept": "OtherLiabilitiesNoncurrent",
                "unit": "usd",
                "value": 8092000
            },
            {
                "label": "Total liabilities",
                "concept": "Liabilities",
                "unit": "usd",
                "value": 336473000
            },
            {
                "label": "Commitments and contingencies (Note 8)",
                "concept": "CommitmentsAndContingencies",
                "unit": "usd",
                "value": "N/A"
            },
            {
                "label": "Common stock, $0.01 par value (200,000,000 shares authorized and 106,696,719 and 106,696,719 shares issued, respectively)",
                "concept": "CommonStockValue",
                "unit": "usd",
                "value": 1067000
            },
            {
                "label": "Paid-in capital",
                "concept": "AdditionalPaidInCapitalCommonStock",
                "unit": "usd",
                "value": 622115000
            },
            {
                "label": "Accumulated other comprehensive loss",
                "concept": "AccumulatedOtherComprehensiveIncomeLossNetOfTax",
                "unit": "usd",
                "value": 75440000
            },
            {
                "label": "Retained earnings",
                "concept": "RetainedEarningsAccumulatedDeficit",
                "unit": "usd",
                "value": 120501000
            },
            {
                "label": "Treasury stock, at cost (16,797,666 and 16,958,418 shares, respectively)",
                "concept": "TreasuryStockValue",
                "unit": "usd",
                "value": 137884000
            },
            {
                "label": "Total stockholders\u2019 equity",
                "concept": "StockholdersEquity",
                "unit": "usd",
                "value": 530359000
            },
            {
                "label": "Total liabilities and stockholders\u2019 equity",
                "concept": "LiabilitiesAndStockholdersEquity",
                "unit": "usd",
                "value": 866832000
            }
        ],
        "cf": [
            {
                "label": "Net income (loss)",
                "concept": "NetIncomeLoss",
                "unit": "usd",
                "value": 12148000
            },
            {
                "label": "Depreciation and amortization",
                "concept": "DepreciationDepletionAndAmortization",
                "unit": "usd",
                "value": 11453000
            },
            {
                "label": "Stock-based compensation expense",
                "concept": "ShareBasedCompensation",
                "unit": "usd",
                "value": 1592000
            },
            {
                "label": "Provision for deferred income taxes",
                "concept": "IncreaseDecreaseInDeferredIncomeTaxes",
                "unit": "usd",
                "value": 2801000
            },
            {
                "label": "Credit loss expense",
                "concept": "ProvisionForDoubtfulAccounts",
                "unit": "usd",
                "value": 20000
            },
            {
                "label": "Gain on sale of assets",
                "concept": "GainLossOnDispositionOfAssets",
                "unit": "usd",
                "value": 1033000
            },
            {
                "label": "Loss on extinguishment of debt",
                "concept": "GainsLossesOnExtinguishmentOfDebt",
                "unit": "usd",
                "value": 915000
            },
            {
                "label": "Amortization of original issue discount and debt issuance costs",
                "concept": "AmortizationOfFinancingCostsAndDiscounts",
                "unit": "usd",
                "value": 1573000
            },
            {
                "label": "Decrease in receivables",
                "concept": "IncreaseDecreaseInReceivables",
                "unit": "usd",
                "value": 10652000
            },
            {
                "label": "Decrease in inventories",
                "concept": "IncreaseDecreaseInInventories",
                "unit": "usd",
                "value": 5466000
            },
            {
                "label": "Increase in other assets",
                "concept": "IncreaseDecreaseInOtherOperatingAssets",
                "unit": "usd",
                "value": 644000
            },
            {
                "label": "Decrease in accounts payable",
                "concept": "IncreaseDecreaseInAccountsPayable",
                "unit": "usd",
                "value": 9842000
            },
            {
                "label": "Decrease in accrued liabilities and other",
                "concept": "IncreaseDecreaseInAccruedLiabilities",
                "unit": "usd",
                "value": 815000
            },
            {
                "label": "Net cash provided by operating activities",
                "concept": "NetCashProvidedByUsedInOperatingActivities",
                "unit": "usd",
                "value": 4388000
            },
            {
                "label": "Capital expenditures",
                "concept": "PaymentsToAcquirePropertyPlantAndEquipment",
                "unit": "usd",
                "value": 6649000
            },
            {
                "label": "Proceeds from sale of property, plant and equipment",
                "concept": "ProceedsFromSaleOfPropertyPlantAndEquipment",
                "unit": "usd",
                "value": 3673000
            },
            {
                "label": "Net cash used in investing activities",
                "concept": "NetCashProvidedByUsedInInvestingActivities",
                "unit": "usd",
                "value": 2976000
            },
            {
                "label": "Borrowings on lines of credit",
                "concept": "ProceedsFromLinesOfCredit",
                "unit": "usd",
                "value": 74909000
            },
            {
                "label": "Payments on lines of credit",
                "concept": "RepaymentsOfLinesOfCredit",
                "unit": "usd",
                "value": 58948000
            },
            {
                "label": "Repayments of Convertible Debt",
                "concept": "RepaymentsOfConvertibleDebt",
                "unit": "usd",
                "value": 13775000
            },
            {
                "label": "Debt issuance costs",
                "concept": "PaymentsOfDebtIssuanceCosts",
                "unit": "usd",
                "value": "N/A"
            },
            {
                "label": "Proceeds from employee stock plans",
                "concept": "ProceedsFromIssuanceOfSharesUnderIncentiveAndShareBasedCompensationPlansIncludingStockOptions",
                "unit": "usd",
                "value": "N/A"
            },
            {
                "label": "Purchases of treasury stock",
                "concept": "PaymentsForRepurchaseOfCommonStock",
                "unit": "usd",
                "value": 32000
            },
            {
                "label": "Other financing activities",
                "concept": "ProceedsFromPaymentsForOtherFinancingActivities",
                "unit": "usd",
                "value": 1218000
            },
            {
                "label": "Net cash provided by financing activities",
                "concept": "NetCashProvidedByUsedInFinancingActivities",
                "unit": "usd",
                "value": 936000
            },
            {
                "label": "Effect of exchange rate changes on cash",
                "concept": "EffectOfExchangeRateOnCashCashEquivalentsRestrictedCashAndRestrictedCashEquivalents",
                "unit": "usd",
                "value": 2576000
            },
            {
                "label": "Net decrease in cash, cash equivalents, and restricted cash",
                "concept": "CashCashEquivalentsRestrictedCashAndRestrictedCashEquivalentsPeriodIncreaseDecreaseIncludingExchangeRateEffect",
                "unit": "usd",
                "value": 228000
            }
        ],
        "ic": [
            {
                "label": "Net income (loss)",
                "concept": "NetIncomeLoss",
                "unit": "usd",
                "value": 12148000
            },
            {
                "label": "Foreign currency translation adjustments (net of tax benefit of $272 and $70)",
                "concept": "OtherComprehensiveIncomeForeignCurrencyTransactionAndTranslationAdjustmentNetOfTaxPortionAttributableToParent",
                "unit": "usd",
                "value": 7493000
            },
            {
                "label": "Comprehensive loss",
                "concept": "ComprehensiveIncomeNetOfTax",
                "unit": "usd",
                "value": 19641000
            }
        ]
    }
}