{
    "startDate": "2020-01-01",
    "endDate": "2020-03-31",
    "year": "2020",
    "quarter": "Q1",
    "symbol": "SJI",
    "data": {
        "bs": [
            {
                "label": "Utility Plant, at original cost",
                "concept": "PublicUtilitiesPropertyPlantAndEquipmentPlantInService",
                "unit": "usd",
                "value": 5000554000
            },
            {
                "label": "Accumulated Depreciation",
                "concept": "PublicUtilitiesPropertyPlantAndEquipmentAccumulatedDepreciation",
                "unit": "usd",
                "value": 860010000
            },
            {
                "label": "Nonutility Property and Equipment, at cost",
                "concept": "PropertyPlantAndEquipmentGross",
                "unit": "usd",
                "value": 26571000
            },
            {
                "label": "Accumulated Depreciation",
                "concept": "AccumulatedDepreciationDepletionAndAmortizationPropertyPlantAndEquipment",
                "unit": "usd",
                "value": 14202000
            },
            {
                "label": "Property, Plant and Equipment - Net",
                "concept": "sji:PublicUtilitiesAndOtherPropertyPlantAndEquipmentNet",
                "unit": "usd",
                "value": 4152913000
            },
            {
                "label": "Available-for-Sale Securities",
                "concept": "AvailableForSaleSecuritiesDebtSecurities",
                "unit": "usd",
                "value": 40000
            },
            {
                "label": "Restricted",
                "concept": "sji:InvestmentsRestricted",
                "unit": "usd",
                "value": 21694000
            },
            {
                "label": "Investment in Affiliates",
                "concept": "EquityMethodInvestments",
                "unit": "usd",
                "value": 89952000
            },
            {
                "label": "Total Investments",
                "concept": "Investments",
                "unit": "usd",
                "value": 111686000
            },
            {
                "label": "Cash and Cash Equivalents",
                "concept": "CashAndCashEquivalentsAtCarryingValue",
                "unit": "usd",
                "value": 10339000
            },
            {
                "label": "Accounts Receivable",
                "concept": "AccountsReceivableGrossCurrent",
                "unit": "usd",
                "value": 262850000
            },
            {
                "label": "Unbilled Revenues",
                "concept": "sji:UnbilledRevenues",
                "unit": "usd",
                "value": 51973000
            },
            {
                "label": "Provision for Uncollectibles",
                "concept": "AllowanceForDoubtfulAccountsReceivableCurrent",
                "unit": "usd",
                "value": 23533000
            },
            {
                "label": "Notes Receivable - Affiliate",
                "concept": "NotesReceivableRelatedPartiesCurrent",
                "unit": "usd",
                "value": 2799000
            },
            {
                "label": "Natural Gas in Storage, average cost",
                "concept": "EnergyRelatedInventoryNaturalGasInStorage",
                "unit": "usd",
                "value": 31068000
            },
            {
                "label": "Materials and Supplies, average cost",
                "concept": "InventoryRawMaterialsAndSupplies",
                "unit": "usd",
                "value": 1146000
            },
            {
                "label": "Prepaid Taxes",
                "concept": "PrepaidTaxes",
                "unit": "usd",
                "value": 15857000
            },
            {
                "label": "Derivatives - Energy Related Assets",
                "concept": "EnergyMarketingContractsAssetsCurrent",
                "unit": "usd",
                "value": 31120000
            },
            {
                "label": "Assets Held For Sale",
                "concept": "AssetsOfDisposalGroupIncludingDiscontinuedOperationCurrent",
                "unit": "usd",
                "value": 39829000
            },
            {
                "label": "Other Prepayments and Current Assets",
                "concept": "OtherAssetsCurrent",
                "unit": "usd",
                "value": 38848000
            },
            {
                "label": "Total Current Assets",
                "concept": "AssetsCurrent",
                "unit": "usd",
                "value": 462296000
            },
            {
                "label": "Regulatory Assets",
                "concept": "RegulatoryAssetsNoncurrent",
                "unit": "usd",
                "value": 699426000
            },
            {
                "label": "Derivatives - Energy Related Assets",
                "concept": "EnergyMarketingContractsAssetsNoncurrent",
                "unit": "usd",
                "value": 13522000
            },
            {
                "label": "Notes Receivable - Affiliate",
                "concept": "NotesReceivableRelatedPartiesNoncurrent",
                "unit": "usd",
                "value": 12720000
            },
            {
                "label": "Contract Receivables",
                "concept": "sji:ContractReceivables",
                "unit": "usd",
                "value": 33363000
            },
            {
                "label": "Goodwill",
                "concept": "Goodwill",
                "unit": "usd",
                "value": 702070000
            },
            {
                "label": "Other",
                "concept": "OtherAssetsNoncurrent",
                "unit": "usd",
                "value": 106494000
            },
            {
                "label": "Total Regulatory and Other Noncurrent Assets",
                "concept": "AssetsNoncurrentOtherThanNoncurrentInvestmentsAndPropertyPlantAndEquipment",
                "unit": "usd",
                "value": 1567595000
            },
            {
                "label": "Total Assets",
                "concept": "Assets",
                "unit": "usd",
                "value": 6294490000
            },
            {
                "label": "Common Stock",
                "concept": "CommonStockValue",
                "unit": "usd",
                "value": 115555000
            },
            {
                "label": "Premium on Common Stock",
                "concept": "AdditionalPaidInCapitalCommonStock",
                "unit": "usd",
                "value": 1027550000
            },
            {
                "label": "Treasury Stock (at par)",
                "concept": "TreasuryStockValue",
                "unit": "usd",
                "value": 274000
            },
            {
                "label": "Accumulated Other Comprehensive Loss",
                "concept": "AccumulatedOtherComprehensiveIncomeLossNetOfTax",
                "unit": "usd",
                "value": 32550000
            },
            {
                "label": "Retained Earnings",
                "concept": "RetainedEarningsAccumulatedDeficit",
                "unit": "usd",
                "value": 387002000
            },
            {
                "label": "Total Equity",
                "concept": "StockholdersEquityIncludingPortionAttributableToNoncontrollingInterest",
                "unit": "usd",
                "value": 1497283000
            },
            {
                "label": "Long-Term Debt",
                "concept": "LongTermDebtNoncurrent",
                "unit": "usd",
                "value": 2067146000
            },
            {
                "label": "Total Capitalization",
                "concept": "CapitalizationLongtermDebtAndEquity",
                "unit": "usd",
                "value": 3564429000
            },
            {
                "label": "Notes Payable",
                "concept": "ShortTermBankLoansAndNotesPayable",
                "unit": "usd",
                "value": 697300000
            },
            {
                "label": "Current Portion of Long-Term Debt",
                "concept": "LongTermDebtCurrent",
                "unit": "usd",
                "value": 470409000
            },
            {
                "label": "Accounts Payable",
                "concept": "AccountsPayableCurrent",
                "unit": "usd",
                "value": 187647000
            },
            {
                "label": "Customer Deposits and Credit Balances",
                "concept": "sji:CustomerDepositsAndCreditBalances",
                "unit": "usd",
                "value": 26604000
            },
            {
                "label": "Environmental Remediation Costs",
                "concept": "AccruedEnvironmentalLossContingenciesCurrent",
                "unit": "usd",
                "value": 55446000
            },
            {
                "label": "Taxes Accrued",
                "concept": "TaxesPayableCurrent",
                "unit": "usd",
                "value": 9311000
            },
            {
                "label": "Derivatives - Energy Related Liabilities",
                "concept": "EnergyMarketingContractLiabilitiesCurrent",
                "unit": "usd",
                "value": 30710000
            },
            {
                "label": "Deferred Contract Revenues",
                "concept": "ContractWithCustomerLiabilityCurrent",
                "unit": "usd",
                "value": 186000
            },
            {
                "label": "Derivatives - Other Current",
                "concept": "DerivativeLiabilitiesCurrent",
                "unit": "usd",
                "value": 1736000
            },
            {
                "label": "Liabilities Held for Sale",
                "concept": "LiabilitiesOfDisposalGroupIncludingDiscontinuedOperationCurrent",
                "unit": "usd",
                "value": 5804000
            },
            {
                "label": "Dividends Payable",
                "concept": "DividendsPayableCurrent",
                "unit": "usd",
                "value": 27271000
            },
            {
                "label": "Interest Accrued",
                "concept": "InterestPayableCurrent",
                "unit": "usd",
                "value": 19305000
            },
            {
                "label": "Pension Benefits",
                "concept": "PensionAndOtherPostretirementDefinedBenefitPlansCurrentLiabilities",
                "unit": "usd",
                "value": 3727000
            },
            {
                "label": "Other Current Liabilities",
                "concept": "OtherLiabilitiesCurrent",
                "unit": "usd",
                "value": 30223000
            },
            {
                "label": "Total Current Liabilities",
                "concept": "LiabilitiesCurrent",
                "unit": "usd",
                "value": 1565679000
            },
            {
                "label": "Deferred Income Taxes - Net",
                "concept": "DeferredIncomeTaxLiabilitiesNet",
                "unit": "usd",
                "value": 133452000
            },
            {
                "label": "Pension and Other Postretirement Benefits",
                "concept": "PensionAndOtherPostretirementDefinedBenefitPlansLiabilitiesNoncurrent",
                "unit": "usd",
                "value": 114101000
            },
            {
                "label": "Environmental Remediation Costs",
                "concept": "AccruedEnvironmentalLossContingenciesNoncurrent",
                "unit": "usd",
                "value": 184000000
            },
            {
                "label": "Asset Retirement Obligations",
                "concept": "AssetRetirementObligationsNoncurrent",
                "unit": "usd",
                "value": 264511000
            },
            {
                "label": "Derivatives - Energy Related Liabilities",
                "concept": "sji:DerivativesEnergyRelatedLiabilitiesNoncurrent",
                "unit": "usd",
                "value": 5284000
            },
            {
                "label": "Derivatives - Other Noncurrent",
                "concept": "DerivativeLiabilitiesNoncurrent",
                "unit": "usd",
                "value": 18489000
            },
            {
                "label": "Regulatory Liabilities",
                "concept": "RegulatoryLiabilityNoncurrent",
                "unit": "usd",
                "value": 430498000
            },
            {
                "label": "Other",
                "concept": "OtherLiabilitiesNoncurrent",
                "unit": "usd",
                "value": 14047000
            },
            {
                "label": "Total Deferred Credits and Other Noncurrent Liabilities",
                "concept": "LiabilitiesNoncurrent",
                "unit": "usd",
                "value": 1164382000
            },
            {
                "label": "Commitments and Contingencies\u00a0\u00a0(Note 11)",
                "concept": "CommitmentsAndContingencies",
                "unit": "usd",
                "value": "N/A"
            },
            {
                "label": "Total Capitalization and Liabilities",
                "concept": "LiabilitiesAndStockholdersEquity",
                "unit": "usd",
                "value": 6294490000
            }
        ],
        "cf": [
            {
                "label": "Net Cash Provided by Operating Activities",
                "concept": "NetCashProvidedByUsedInOperatingActivities",
                "unit": "usd",
                "value": 165898000
            },
            {
                "label": "Capital Expenditures",
                "concept": "PaymentsToAcquireProductiveAssets",
                "unit": "usd",
                "value": 113671000
            },
            {
                "label": "Proceeds from Sale of Property, Plant & Equipment",
                "concept": "ProceedsFromSaleOfPropertyPlantAndEquipment",
                "unit": "usd",
                "value": 104275000
            },
            {
                "label": "Investment in Long-Term Receivables",
                "concept": "sji:InvestmentInLongTermReceivables",
                "unit": "usd",
                "value": 7402000
            },
            {
                "label": "Proceeds from Long-Term Receivables",
                "concept": "ProceedsFromCollectionOfNotesReceivable",
                "unit": "usd",
                "value": 4665000
            },
            {
                "label": "Investment in Affiliates",
                "concept": "PaymentsToAcquireInterestInSubsidiariesAndAffiliates",
                "unit": "usd",
                "value": 502000
            },
            {
                "label": "Advances to Affiliates",
                "concept": "PaymentsForAdvanceToAffiliate",
                "unit": "usd",
                "value": "N/A"
            },
            {
                "label": "Net Repayment of Notes Receivable - Affiliates",
                "concept": "ProceedsFromCollectionOfAdvanceToAffiliate",
                "unit": "usd",
                "value": 2580000
            },
            {
                "label": "Net Cash Used in Investing Activities",
                "concept": "NetCashProvidedByUsedInInvestingActivities",
                "unit": "usd",
                "value": 10055000
            },
            {
                "label": "Net (Repayments of) Borrowings from Short-Term Credit Facilities",
                "concept": "sji:NetRepaymentsOfBorrowingsFromLinesOfCredit",
                "unit": "usd",
                "value": 151400000
            },
            {
                "label": "Proceeds from Issuance of Long-Term Debt",
                "concept": "ProceedsFromIssuanceOfLongTermDebt",
                "unit": "usd",
                "value": "N/A"
            },
            {
                "label": "Principal Repayments of Long-Term Debt",
                "concept": "RepaymentsOfLongTermDebt",
                "unit": "usd",
                "value": "N/A"
            },
            {
                "label": "Payments for Issuance of Long-Term Debt",
                "concept": "PaymentsOfDebtIssuanceCosts",
                "unit": "usd",
                "value": 791000
            },
            {
                "label": "Proceeds from Sale of Common Stock",
                "concept": "ProceedsFromIssuanceOfCommonStock",
                "unit": "usd",
                "value": "N/A"
            },
            {
                "label": "Net Cash Used in Financing Activities",
                "concept": "NetCashProvidedByUsedInFinancingActivities",
                "unit": "usd",
                "value": 152191000
            },
            {
                "label": "Net Increase (Decrease) in Cash, Cash Equivalents and Restricted Cash",
                "concept": "CashCashEquivalentsRestrictedCashAndRestrictedCashEquivalentsPeriodIncreaseDecreaseIncludingExchangeRateEffect",
                "unit": "usd",
                "value": 3652000
            }
        ],
        "ic": [
            {
                "label": "Net Income",
                "concept": "ProfitLoss",
                "unit": "usd",
                "value": 101041000
            },
            {
                "label": "Reclassification of Unrealized Gain on Derivatives - Other to Net Income, net of tax",
                "concept": "OtherComprehensiveIncomeLossCashFlowHedgeGainLossAfterReclassificationAndTax",
                "unit": "usd",
                "value": 8000
            },
            {
                "label": "Other Comprehensive Income - Net of Tax*",
                "concept": "OtherComprehensiveIncomeLossNetOfTax",
                "unit": "usd",
                "value": 8000
            },
            {
                "label": "Comprehensive Income",
                "concept": "ComprehensiveIncomeNetOfTaxIncludingPortionAttributableToNoncontrollingInterest",
                "unit": "usd",
                "value": 101049000
            },
            {
                "label": "Reclassification of Unrealized Gain on Derivatives - Other to Net Income, tax",
                "concept": "OtherComprehensiveIncomeLossCashFlowHedgeGainLossAfterReclassificationTax",
                "unit": "usd",
                "value": 4000
            }
        ]
    }
}