{
    "startDate": "2020-01-01",
    "endDate": "2020-03-31",
    "year": "2020",
    "quarter": "Q1",
    "symbol": "TREC",
    "data": {
        "bs": [
            {
                "label": "Operating",
                "concept": "OperatingLeaseRightOfUseAsset",
                "unit": "usd",
                "value": 12711000
            },
            {
                "label": "Finance",
                "concept": "FinanceLeaseRightOfUseAsset",
                "unit": "usd",
                "value": 0
            },
            {
                "label": "Total leased assets",
                "concept": "trec:LeasesRightOfUseAsset",
                "unit": "usd",
                "value": 12711000
            },
            {
                "label": "Current portion of operating lease liabilities",
                "concept": "OperatingLeaseLiabilityCurrent",
                "unit": "usd",
                "value": 3153000
            },
            {
                "label": "Operating lease liabilities",
                "concept": "OperatingLeaseLiabilityNoncurrent",
                "unit": "usd",
                "value": 9558000
            },
            {
                "label": "Total lease liabilities",
                "concept": "OperatingLeaseLiability",
                "unit": "usd",
                "value": 12711000
            }
        ],
        "cf": [
            {
                "label": "Income (Loss) from Discontinued Operations",
                "concept": "IncomeLossFromDiscontinuedOperationsNetOfTaxAttributableToReportingEntity",
                "unit": "usd",
                "value": 4857000
            },
            {
                "label": "Income from Continuing Operations",
                "concept": "IncomeLossFromContinuingOperations",
                "unit": "usd",
                "value": 5863000
            },
            {
                "label": "Depreciation and Amortization",
                "concept": "Depreciation",
                "unit": "usd",
                "value": 3492000
            },
            {
                "label": "Amortization of Intangible Assets",
                "concept": "AmortizationOfIntangibleAssets",
                "unit": "usd",
                "value": 500000
            },
            {
                "label": "Stock-based Compensation",
                "concept": "ShareBasedCompensation",
                "unit": "usd",
                "value": 400000
            },
            {
                "label": "Deferred Income Taxes",
                "concept": "DeferredIncomeTaxExpenseBenefit",
                "unit": "usd",
                "value": 10385000
            },
            {
                "label": "Postretirement Obligation",
                "concept": "OtherPostretirementBenefitExpense",
                "unit": "usd",
                "value": 10000
            },
            {
                "label": "Amortization of Loan Fees",
                "concept": "AmortizationOfFinancingCosts",
                "unit": "usd",
                "value": 45000
            },
            {
                "label": "Loss on Disposal of Assets",
                "concept": "GainLossOnDispositionOfAssets1",
                "unit": "usd",
                "value": -18000
            },
            {
                "label": "Decrease (Increase) in Trade Receivables",
                "concept": "IncreaseDecreaseInAccountsReceivable",
                "unit": "usd",
                "value": 2077000
            },
            {
                "label": "Decrease in Insurance Receivables",
                "concept": "IncreaseDecreaseInInsuranceSettlementsReceivable",
                "unit": "usd",
                "value": -274000
            },
            {
                "label": "Increase in Taxes Receivable",
                "concept": "IncreaseDecreaseInIncomeTaxesReceivable",
                "unit": "usd",
                "value": 16144000
            },
            {
                "label": "Decrease (Increase) in Inventories",
                "concept": "IncreaseDecreaseInInventories",
                "unit": "usd",
                "value": -5263000
            },
            {
                "label": "Decrease (Increase) in Prepaid Expenses and Other Assets",
                "concept": "IncreaseDecreaseInPrepaidDeferredExpenseAndOtherAssets",
                "unit": "usd",
                "value": -185000
            },
            {
                "label": "Decrease in Accounts Payable and Accrued Liabilities",
                "concept": "IncreaseDecreaseInAccountsPayableAndAccruedLiabilities",
                "unit": "usd",
                "value": -3739000
            },
            {
                "label": "Decrease in Other Liabilities",
                "concept": "IncreaseDecreaseInOtherOperatingLiabilities",
                "unit": "usd",
                "value": -72000
            },
            {
                "label": "Net Cash Provided by Operating Activities - Continuing Operations",
                "concept": "NetCashProvidedByUsedInOperatingActivitiesContinuingOperations",
                "unit": "usd",
                "value": 4354000
            },
            {
                "label": "Net Cash Used in Operating Activities - Discontinued Operations",
                "concept": "CashProvidedByUsedInOperatingActivitiesDiscontinuedOperations",
                "unit": "usd",
                "value": -53000
            },
            {
                "label": "Net Cash Provided by Operating Activities",
                "concept": "NetCashProvidedByUsedInOperatingActivities",
                "unit": "usd",
                "value": 4301000
            },
            {
                "label": "Additions to Plant, Pipeline and Equipment",
                "concept": "PaymentsToAcquirePropertyPlantAndEquipment",
                "unit": "usd",
                "value": 2065000
            },
            {
                "label": "Proceeds from PEVM",
                "concept": "trec:ProceedsFromInterestInJointVenture",
                "unit": "usd",
                "value": 0
            },
            {
                "label": "Net Cash Used in Investing Activities - Continuing Operations",
                "concept": "NetCashProvidedByUsedInInvestingActivitiesContinuingOperations",
                "unit": "usd",
                "value": -2065000
            },
            {
                "label": "Net Cash Provided by Investing Activities - Discontinued Operations",
                "concept": "CashProvidedByUsedInInvestingActivitiesDiscontinuedOperations",
                "unit": "usd",
                "value": 10163000
            },
            {
                "label": "Net Cash Provided by (Used in) Investing Activities",
                "concept": "NetCashProvidedByUsedInInvestingActivities",
                "unit": "usd",
                "value": 8098000
            },
            {
                "label": "Net Cash Paid Related to Stock-Based Compensation",
                "concept": "trec:ProceedsFromPaymentsForTransactionsRelatedToStockBasedCompensation",
                "unit": "usd",
                "value": 0
            },
            {
                "label": "Additions to Long-Term Debt",
                "concept": "ProceedsFromIssuanceOfLongTermDebt",
                "unit": "usd",
                "value": 20000000
            },
            {
                "label": "Repayments of Long-Term Debt",
                "concept": "RepaymentsOfLongTermDebt",
                "unit": "usd",
                "value": 1094000
            },
            {
                "label": "Net Cash Provided by Financing Activities - Continuing Operations",
                "concept": "NetCashProvidedByUsedInFinancingActivities",
                "unit": "usd",
                "value": 18906000
            },
            {
                "label": "NET INCREASE IN CASH",
                "concept": "CashCashEquivalentsRestrictedCashAndRestrictedCashEquivalentsPeriodIncreaseDecreaseIncludingExchangeRateEffect",
                "unit": "usd",
                "value": 31305000
            },
            {
                "label": "Cash payments for interest",
                "concept": "InterestPaidNet",
                "unit": "usd",
                "value": 870000
            },
            {
                "label": "Cash payments for taxes, net of refunds",
                "concept": "IncomeTaxesPaidNet",
                "unit": "usd",
                "value": 0
            },
            {
                "label": "Capital expansion amortized to depreciation expense",
                "concept": "trec:CapitalExpansionAmortizedToDepreciationExpense",
                "unit": "usd",
                "value": 262000
            },
            {
                "label": "Foreign taxes paid by AMAK",
                "concept": "trec:TaxesPaidByEquityMethodInvestee",
                "unit": "usd",
                "value": 0
            }
        ],
        "ic": [
            {
                "label": "REVENUES",
                "concept": "RevenueFromContractWithCustomerIncludingAssessedTax",
                "unit": "usd",
                "value": 62067000
            },
            {
                "label": "Cost of sales and processing (including depreciation and amortization of $3,952 and $4,229, respectively)",
                "concept": "CostOfGoodsAndServicesSold",
                "unit": "usd",
                "value": 53989000
            },
            {
                "label": "GROSS PROFIT",
                "concept": "GrossProfit",
                "unit": "usd",
                "value": 8078000
            },
            {
                "label": "General and administrative",
                "concept": "GeneralAndAdministrativeExpense",
                "unit": "usd",
                "value": 6674000
            },
            {
                "label": "Depreciation",
                "concept": "DepreciationNonproduction",
                "unit": "usd",
                "value": 216000
            },
            {
                "label": "GENERAL AND ADMINISTRATIVE EXPENSES",
                "concept": "trec:GeneralAndAdministrativeExpenseIncludingDepreciation",
                "unit": "usd",
                "value": 6890000
            },
            {
                "label": "OPERATING INCOME",
                "concept": "OperatingIncomeLoss",
                "unit": "usd",
                "value": 1188000
            },
            {
                "label": "Interest income",
                "concept": "InterestIncomeOther",
                "unit": "usd",
                "value": 0
            },
            {
                "label": "Interest expense",
                "concept": "InterestExpense",
                "unit": "usd",
                "value": 916000
            },
            {
                "label": "Miscellaneous income (expense), net",
                "concept": "OtherNonoperatingIncomeExpense",
                "unit": "usd",
                "value": -62000
            },
            {
                "label": "OTHER INCOME (EXPENSE)",
                "concept": "NonoperatingIncomeExpense",
                "unit": "usd",
                "value": -978000
            },
            {
                "label": "INCOME FROM CONTINUING OPERATIONS BEFORE INCOME TAXES",
                "concept": "IncomeLossFromContinuingOperationsBeforeIncomeTaxesExtraordinaryItemsNoncontrollingInterest",
                "unit": "usd",
                "value": 210000
            },
            {
                "label": "INCOME TAX EXPENSE (BENEFIT)",
                "concept": "IncomeTaxExpenseBenefit",
                "unit": "usd",
                "value": -5653000
            },
            {
                "label": "INCOME FROM CONTINUING OPERATIONS",
                "concept": "IncomeLossFromContinuingOperations",
                "unit": "usd",
                "value": 5863000
            },
            {
                "label": "INCOME (LOSS) FROM DISCONTINUED OPERATIONS, NET OF TAX",
                "concept": "IncomeLossFromDiscontinuedOperationsNetOfTaxAttributableToReportingEntity",
                "unit": "usd",
                "value": 4857000
            },
            {
                "label": "NET INCOME",
                "concept": "NetIncomeLoss",
                "unit": "usd",
                "value": 10720000
            },
            {
                "label": "Net income from continuing operations (in dollars per share)",
                "concept": "IncomeLossFromContinuingOperationsPerBasicShare",
                "unit": "usd/shares",
                "value": 0.24
            },
            {
                "label": "Net income from discontinued operations, net of tax (in dollars per share)",
                "concept": "DiscontinuedOperationIncomeLossFromDiscontinuedOperationNetOfTaxPerBasicShare",
                "unit": "usd/shares",
                "value": 0.2
            },
            {
                "label": "Net income (in dollars per share)",
                "concept": "EarningsPerShareBasic",
                "unit": "usd/shares",
                "value": 0.44
            },
            {
                "label": "Basic weighted average number of common shares outstanding (in shares)",
                "concept": "WeightedAverageNumberOfSharesOutstandingBasic",
                "unit": "shares",
                "value": 24765000
            },
            {
                "label": "Net income from continuing operations (in dollars per share)",
                "concept": "IncomeLossFromContinuingOperationsPerDilutedShare",
                "unit": "usd/shares",
                "value": 0.23
            },
            {
                "label": "Net income from discontinued operations, net of tax (in dollars per share)",
                "concept": "DiscontinuedOperationIncomeLossFromDiscontinuedOperationNetOfTaxPerDilutedShare",
                "unit": "usd/shares",
                "value": 0.19
            },
            {
                "label": "Net income (in dollars per share)",
                "concept": "EarningsPerShareDiluted",
                "unit": "usd/shares",
                "value": 0.42
            },
            {
                "label": "Diluted weighted average number of common shares outstanding (in shares)",
                "concept": "WeightedAverageNumberOfDilutedSharesOutstanding",
                "unit": "shares",
                "value": 25276000
            }
        ]
    }
}