{
    "startDate": "2019-01-01",
    "endDate": "2019-03-31",
    "year": "2019",
    "quarter": "Q1",
    "symbol": "SBSI",
    "data": {
        "bs": [
            {
                "label": "Unsettled Issuances of Brokered CDs",
                "concept": "sbsi:UnsettledIssuancesofBrokeredCDs",
                "unit": "usd",
                "value": 0
            }
        ],
        "cf": [
            {
                "label": "Net income",
                "concept": "ProfitLoss",
                "unit": "usd",
                "value": 18817000
            },
            {
                "label": "Depreciation and net amortization",
                "concept": "DepreciationDepletionAndAmortization",
                "unit": "usd",
                "value": 3023000
            },
            {
                "label": "Securities premium amortization (discount accretion), net",
                "concept": "AccretionAmortizationOfDiscountsAndPremiumsInvestments",
                "unit": "usd",
                "value": -3448000
            },
            {
                "label": "Loan (discount accretion) premium amortization, net",
                "concept": "InvestmentIncomeNetAmortizationOfDiscountAndPremium",
                "unit": "usd",
                "value": 438000
            },
            {
                "label": "Stock compensation expense",
                "concept": "ShareBasedCompensation",
                "unit": "usd",
                "value": 661000
            },
            {
                "label": "Deferred tax expense (benefit)",
                "concept": "DeferredIncomeTaxExpenseBenefit",
                "unit": "usd",
                "value": 126000
            },
            {
                "label": "Net (gain) loss on sale of securities available for sale",
                "concept": "AvailableforsaleSecuritiesGrossRealizedGainLossExcludingOtherThanTemporaryImpairments",
                "unit": "usd",
                "value": 256000
            },
            {
                "label": "Net loss on premises and equipment",
                "concept": "GainLossOnDispositionOfAssets",
                "unit": "usd",
                "value": -5000
            },
            {
                "label": "Gross proceeds from sales of loans held for sale",
                "concept": "ProceedsFromSaleOfMortgageLoansHeldForSale",
                "unit": "usd",
                "value": 4244000
            },
            {
                "label": "Gross originations of loans held for sale",
                "concept": "PaymentsForOriginationAndPurchasesOfLoansHeldForSale",
                "unit": "usd",
                "value": 4027000
            },
            {
                "label": "Net (gain) loss on other real estate owned",
                "concept": "GainsLossesOnSalesOfOtherRealEstate",
                "unit": "usd",
                "value": 92000
            },
            {
                "label": "Interest receivable",
                "concept": "IncreaseDecreaseInAccruedInterestReceivableNet",
                "unit": "usd",
                "value": -7270000
            },
            {
                "label": "Other assets",
                "concept": "IncreaseDecreaseInOtherOperatingAssets",
                "unit": "usd",
                "value": -3305000
            },
            {
                "label": "Interest payable",
                "concept": "IncreaseDecreaseInInterestPayableNet",
                "unit": "usd",
                "value": -321000
            },
            {
                "label": "Other liabilities",
                "concept": "IncreaseDecreaseInOtherOperatingLiabilities",
                "unit": "usd",
                "value": -14373000
            },
            {
                "label": "Net cash provided by operating activities",
                "concept": "NetCashProvidedByUsedInOperatingActivities",
                "unit": "usd",
                "value": 20474000
            },
            {
                "label": "Purchases",
                "concept": "PaymentsToAcquireAvailableForSaleSecurities",
                "unit": "usd",
                "value": 372465000
            },
            {
                "label": "Sales",
                "concept": "ProceedsFromSaleOfAvailableForSaleSecurities",
                "unit": "usd",
                "value": 436182000
            },
            {
                "label": "Maturities, calls and principal repayments",
                "concept": "ProceedsFromMaturitiesPrepaymentsAndCallsOfAvailableForSaleSecurities",
                "unit": "usd",
                "value": 30077000
            },
            {
                "label": "Maturities, calls and principal repayments",
                "concept": "ProceedsFromMaturitiesPrepaymentsAndCallsOfHeldToMaturitySecurities",
                "unit": "usd",
                "value": 15405000
            },
            {
                "label": "Proceeds from redemption of FHLB stock and other investments",
                "concept": "ProceedsFromSaleOfFederalReserveStock",
                "unit": "usd",
                "value": 8788000
            },
            {
                "label": "Purchases of FHLB stock and other investments",
                "concept": "PaymentsToAcquireFederalReserveStock",
                "unit": "usd",
                "value": 11551000
            },
            {
                "label": "Net loan paydowns (originations)",
                "concept": "PaymentsForProceedsFromLoansAndLeases",
                "unit": "usd",
                "value": -5868000
            },
            {
                "label": "Purchases of premises and equipment",
                "concept": "PaymentsToAcquirePropertyPlantAndEquipment",
                "unit": "usd",
                "value": 4040000
            },
            {
                "label": "Proceeds from sales of premises and equipment",
                "concept": "ProceedsFromSaleOfPropertyPlantAndEquipment",
                "unit": "usd",
                "value": 2000
            },
            {
                "label": "Proceeds from sales of other real estate owned",
                "concept": "ProceedsFromSaleOfWhollyOwnedRealEstateAndRealEstateAcquiredInSettlementOfLoans",
                "unit": "usd",
                "value": 470000
            },
            {
                "label": "Proceeds from sales of repossessed assets",
                "concept": "ProceedsFromSaleOfForeclosedAssets",
                "unit": "usd",
                "value": 137000
            },
            {
                "label": "Net cash provided by investing activities",
                "concept": "NetCashProvidedByUsedInInvestingActivities",
                "unit": "usd",
                "value": 108873000
            },
            {
                "label": "Net change in deposits",
                "concept": "NetChangeInterestAndNoninterestBearingDepositsDomestic",
                "unit": "usd",
                "value": 157991000
            },
            {
                "label": "Net decrease in federal funds purchased and repurchase agreements",
                "concept": "IncreaseDecreaseInFederalFundsPurchasedAndSecuritiesSoldUnderAgreementsToRepurchaseNet",
                "unit": "usd",
                "value": -28173000
            },
            {
                "label": "Proceeds from FHLB borrowings",
                "concept": "ProceedsFromFederalHomeLoanBankBorrowings",
                "unit": "usd",
                "value": 1556293000
            },
            {
                "label": "Repayment of FHLB borrowings",
                "concept": "RepaymentsOfFederalHomeLoanBankBorrowings",
                "unit": "usd",
                "value": 1655495000
            },
            {
                "label": "Proceeds from stock option exercises",
                "concept": "ProceedsFromStockOptionsExercised",
                "unit": "usd",
                "value": 412000
            },
            {
                "label": "Cash paid to tax authority related to tax withholding on share-based awards",
                "concept": "PaymentsRelatedToTaxWithholdingForShareBasedCompensation",
                "unit": "usd",
                "value": 74000
            },
            {
                "label": "Purchase of common stock",
                "concept": "PaymentsForRepurchaseOfCommonStock",
                "unit": "usd",
                "value": 1325000
            },
            {
                "label": "Proceeds from the issuance of common stock for dividend reinvestment plan",
                "concept": "ProceedsFromIssuanceOfCommonStockDividendReinvestmentPlan",
                "unit": "usd",
                "value": 355000
            },
            {
                "label": "Cash dividends paid",
                "concept": "PaymentsOfDividendsCommonStock",
                "unit": "usd",
                "value": 10107000
            },
            {
                "label": "Net cash provided by (used in) financing activities",
                "concept": "NetCashProvidedByUsedInFinancingActivities",
                "unit": "usd",
                "value": 19877000
            },
            {
                "label": "Net increase in cash and cash equivalents",
                "concept": "CashAndCashEquivalentsPeriodIncreaseDecrease",
                "unit": "usd",
                "value": 149224000
            },
            {
                "label": "Interest paid",
                "concept": "InterestPaid",
                "unit": "usd",
                "value": 18224000
            },
            {
                "label": "Income taxes paid",
                "concept": "IncomeTaxesPaid",
                "unit": "usd",
                "value": 0
            },
            {
                "label": "Loans transferred to other repossessed assets and real estate through foreclosure",
                "concept": "sbsi:LoansTransferredToOtherRepossessedAssetsAndRealEstateThroughForeclosure",
                "unit": "usd",
                "value": 336000
            },
            {
                "label": "Transfer of held to maturity securities to available for sale securities",
                "concept": "DebtSecuritiesHeldToMaturityTransferAmount",
                "unit": "usd",
                "value": 0
            },
            {
                "label": "Adjustment to pension liability",
                "concept": "sbsi:AdjustmentToPensionLiability",
                "unit": "usd",
                "value": 541000
            }
        ],
        "ic": []
    }
}