{
    "startDate": "2019-01-01",
    "endDate": "2019-03-31",
    "year": "2019",
    "quarter": "Q1",
    "symbol": "CAR",
    "data": {
        "bs": [],
        "cf": [
            {
                "label": "",
                "concept": "NetCashProvidedByUsedInOperatingActivities",
                "unit": "usd",
                "value": 440000000
            },
            {
                "label": "",
                "concept": "car:PropertyAndEquipmentAdditions",
                "unit": "usd",
                "value": 57000000
            },
            {
                "label": "",
                "concept": "ProceedsFromSaleOfProductiveAssets",
                "unit": "usd",
                "value": 2000000
            },
            {
                "label": "",
                "concept": "PaymentsToAcquireRestrictedInvestments",
                "unit": "usd",
                "value": 5000000
            },
            {
                "label": "",
                "concept": "PaymentsForProceedsFromOtherInvestingActivities",
                "unit": "usd",
                "value": 3000000
            },
            {
                "label": "",
                "concept": "car:NetCashUsedInInvestingActivitiesExclusiveOfVehiclePrograms",
                "unit": "usd",
                "value": -63000000
            },
            {
                "label": "",
                "concept": "car:InvestmentInVehicles",
                "unit": "usd",
                "value": 4376000000
            },
            {
                "label": "",
                "concept": "car:ProceedsReceivedOnDispositionOfVehicles",
                "unit": "usd",
                "value": 3083000000
            },
            {
                "label": "",
                "concept": "RepaymentsOfRelatedPartyDebt",
                "unit": "usd",
                "value": 78000000
            },
            {
                "label": "",
                "concept": "car:NetCashUsedInInvestingActivitiesOfVehiclePrograms",
                "unit": "usd",
                "value": 1371000000
            },
            {
                "label": "",
                "concept": "NetCashProvidedByUsedInInvestingActivities",
                "unit": "usd",
                "value": -1434000000
            },
            {
                "label": "",
                "concept": "car:ProceedsFromLongTermBorrowings",
                "unit": "usd",
                "value": 0
            },
            {
                "label": "",
                "concept": "car:PrincipalPaymentsOnLongTermBorrowings",
                "unit": "usd",
                "value": 5000000
            },
            {
                "label": "",
                "concept": "ProceedsFromRepaymentsOfShortTermDebt",
                "unit": "usd",
                "value": 0
            },
            {
                "label": "",
                "concept": "PaymentsForRepurchaseOfCommonStock",
                "unit": "usd",
                "value": 4000000
            },
            {
                "label": "",
                "concept": "PaymentsOfFinancingCosts",
                "unit": "usd",
                "value": 0
            },
            {
                "label": "",
                "concept": "ProceedsFromPaymentsForOtherFinancingActivities",
                "unit": "usd",
                "value": 0
            },
            {
                "label": "",
                "concept": "car:NetCashProvidedByUsedInFinancingActivitiesExclusiveOfVehiclePrograms",
                "unit": "usd",
                "value": -9000000
            },
            {
                "label": "",
                "concept": "car:ProceedsFromBorrowingsFromFinancingActivitiesWithinVehiclePrograms",
                "unit": "usd",
                "value": 5989000000
            },
            {
                "label": "",
                "concept": "car:PrincipalPaymentsOnBorrowingsFromFinancingActivitiesWithinVehiclePrograms",
                "unit": "usd",
                "value": 5038000000
            },
            {
                "label": "",
                "concept": "car:VehicleProgramsPaymentsOfFinancingCosts",
                "unit": "usd",
                "value": 5000000
            },
            {
                "label": "",
                "concept": "car:NetCashProvidedByUsedInFinancingActivitiesOfVehiclePrograms",
                "unit": "usd",
                "value": 946000000
            },
            {
                "label": "",
                "concept": "NetCashProvidedByUsedInFinancingActivities",
                "unit": "usd",
                "value": 937000000
            },
            {
                "label": "",
                "concept": "EffectOfExchangeRateOnCashAndCashEquivalents",
                "unit": "usd",
                "value": -2000000
            },
            {
                "label": "",
                "concept": "CashCashEquivalentsRestrictedCashAndRestrictedCashEquivalentsPeriodIncreaseDecreaseIncludingExchangeRateEffect",
                "unit": "usd",
                "value": -59000000
            }
        ],
        "ic": [
            {
                "label": "",
                "concept": "Revenues",
                "unit": "usd",
                "value": 1920000000
            },
            {
                "label": "",
                "concept": "OperatingCostsAndExpenses",
                "unit": "usd",
                "value": 1071000000
            },
            {
                "label": "",
                "concept": "CostOfGoodsAndServicesSoldDepreciation",
                "unit": "usd",
                "value": 485000000
            },
            {
                "label": "",
                "concept": "SellingGeneralAndAdministrativeExpense",
                "unit": "usd",
                "value": 284000000
            },
            {
                "label": "",
                "concept": "car:VehicleInterestNet",
                "unit": "usd",
                "value": 81000000
            },
            {
                "label": "",
                "concept": "car:NonVehicleRelatedDepreciationAndAmortization",
                "unit": "usd",
                "value": 67000000
            },
            {
                "label": "",
                "concept": "InterestExpense",
                "unit": "usd",
                "value": 42000000
            },
            {
                "label": "",
                "concept": "car:IntercompanyInterestExpenseIncome",
                "unit": "usd",
                "value": 0
            },
            {
                "label": "",
                "concept": "GainsLossesOnExtinguishmentOfDebt",
                "unit": "usd",
                "value": 0
            },
            {
                "label": "",
                "concept": "RestructuringCharges",
                "unit": "usd",
                "value": 21000000
            },
            {
                "label": "",
                "concept": "car:Transactionrelatedcostsnet",
                "unit": "usd",
                "value": 5000000
            },
            {
                "label": "",
                "concept": "CostsAndExpenses",
                "unit": "usd",
                "value": 2056000000
            },
            {
                "label": "",
                "concept": "IncomeLossFromContinuingOperationsBeforeIncomeTaxesMinorityInterestAndIncomeLossFromEquityMethodInvestments",
                "unit": "usd",
                "value": -136000000
            },
            {
                "label": "",
                "concept": "IncomeTaxExpenseBenefit",
                "unit": "usd",
                "value": -45000000
            },
            {
                "label": "",
                "concept": "IncomeLossFromEquityMethodInvestments",
                "unit": "usd",
                "value": 0
            },
            {
                "label": "",
                "concept": "NetIncomeLoss",
                "unit": "usd",
                "value": -91000000
            },
            {
                "label": "",
                "concept": "ComprehensiveIncomeNetOfTax",
                "unit": "usd",
                "value": -96000000
            }
        ]
    }
}