{
    "startDate": "2019-01-01",
    "endDate": "2019-03-31",
    "year": "2019",
    "quarter": "Q1",
    "symbol": "HAL",
    "data": {
        "bs": [
            {
                "label": "Operating lease right-of-use assets",
                "concept": "OperatingLeaseRightOfUseAsset",
                "unit": "usd",
                "value": 1019000000
            },
            {
                "label": "Current portion of operating lease liabilities",
                "concept": "OperatingLeaseLiabilityCurrent",
                "unit": "usd",
                "value": 255000000
            },
            {
                "label": "Operating lease liabilities",
                "concept": "OperatingLeaseLiabilityNoncurrent",
                "unit": "usd",
                "value": 758000000
            }
        ],
        "cf": [
            {
                "label": "Net income (loss)",
                "concept": "ProfitLoss",
                "unit": "usd",
                "value": 152000000
            },
            {
                "label": "Depreciation, depletion and amortization",
                "concept": "DepreciationDepletionAndAmortization",
                "unit": "usd",
                "value": 416000000
            },
            {
                "label": "Impairments and other charges",
                "concept": "RestructuringCharges",
                "unit": "usd",
                "value": 61000000
            },
            {
                "label": "Receivables",
                "concept": "IncreaseDecreaseInAccountsReceivable",
                "unit": "usd",
                "value": 339000000
            },
            {
                "label": "Inventories",
                "concept": "IncreaseDecreaseInInventories",
                "unit": "usd",
                "value": 236000000
            },
            {
                "label": "Accounts payable",
                "concept": "IncreaseDecreaseInAccountsPayable",
                "unit": "usd",
                "value": 60000000
            },
            {
                "label": "Other",
                "concept": "OtherNoncashIncomeExpense",
                "unit": "usd",
                "value": 158000000
            },
            {
                "label": "Total cash flows provided by operating activities",
                "concept": "NetCashProvidedByUsedInOperatingActivities",
                "unit": "usd",
                "value": 44000000
            },
            {
                "label": "Capital expenditures",
                "concept": "PaymentsToAcquireProductiveAssets",
                "unit": "usd",
                "value": 437000000
            },
            {
                "label": "Proceeds from sales of property, plant and equipment",
                "concept": "ProceedsFromSaleOfPropertyPlantAndEquipment",
                "unit": "usd",
                "value": 43000000
            },
            {
                "label": "Other investing activities",
                "concept": "PaymentsForProceedsFromOtherInvestingActivities",
                "unit": "usd",
                "value": 17000000
            },
            {
                "label": "Total cash flows used in investing activities",
                "concept": "NetCashProvidedByUsedInInvestingActivities",
                "unit": "usd",
                "value": 411000000
            },
            {
                "label": "Dividends to shareholders",
                "concept": "PaymentsOfDividendsCommonStock",
                "unit": "usd",
                "value": 157000000
            },
            {
                "label": "Other financing activities",
                "concept": "ProceedsFromPaymentsForOtherFinancingActivities",
                "unit": "usd",
                "value": 2000000
            },
            {
                "label": "Total cash flows used in financing activities",
                "concept": "NetCashProvidedByUsedInFinancingActivities",
                "unit": "usd",
                "value": 155000000
            },
            {
                "label": "Effect of exchange rate changes on cash",
                "concept": "EffectOfExchangeRateOnCashAndCashEquivalents",
                "unit": "usd",
                "value": 18000000
            },
            {
                "label": "Decrease in cash and equivalents",
                "concept": "CashAndCashEquivalentsPeriodIncreaseDecrease",
                "unit": "usd",
                "value": 628000000
            },
            {
                "label": "Interest",
                "concept": "InterestPaidNet",
                "unit": "usd",
                "value": 128000000
            },
            {
                "label": "Income taxes",
                "concept": "IncomeTaxesPaidNet",
                "unit": "usd",
                "value": 81000000
            }
        ],
        "ic": [
            {
                "label": "General and administrative",
                "concept": "GeneralAndAdministrativeExpense",
                "unit": "usd",
                "value": 59000000
            },
            {
                "label": "Total operating costs and expenses",
                "concept": "CostsAndExpenses",
                "unit": "usd",
                "value": 5372000000
            },
            {
                "label": "Operating income",
                "concept": "OperatingIncomeLoss",
                "unit": "usd",
                "value": 365000000
            },
            {
                "label": "Income (loss) from continuing operations before income taxes",
                "concept": "IncomeLossFromContinuingOperationsBeforeIncomeTaxesExtraordinaryItemsNoncontrollingInterest",
                "unit": "usd",
                "value": 192000000
            },
            {
                "label": "Income tax (provision) benefit",
                "concept": "IncomeTaxExpenseBenefit",
                "unit": "usd",
                "value": 40000000
            },
            {
                "label": "Net income (loss)",
                "concept": "ProfitLoss",
                "unit": "usd",
                "value": 152000000
            },
            {
                "label": "Net income attributable to noncontrolling interest",
                "concept": "NetIncomeLossAttributableToNoncontrollingInterest",
                "unit": "usd",
                "value": "N/A"
            },
            {
                "label": "Net income (loss) attributable to company",
                "concept": "NetIncomeLoss",
                "unit": "usd",
                "value": 152000000
            },
            {
                "label": "Basic and diluted net income per share",
                "concept": "EarningsPerShareBasicAndDiluted",
                "unit": "usd/shares",
                "value": 0.17
            },
            {
                "label": "Diluted weighted average common shares outstanding (in shares)",
                "concept": "WeightedAverageNumberOfDilutedSharesOutstanding",
                "unit": "shares",
                "value": 873000000
            }
        ]
    }
}