{
    "startDate": "2018-12-30",
    "endDate": "2019-03-30",
    "year": "2019",
    "quarter": "Q3",
    "symbol": "KTCC",
    "data": {
        "bs": [
            {
                "label": "Cash and cash equivalents",
                "concept": "CashAndCashEquivalentsAtCarryingValue",
                "unit": "usd",
                "value": 165000
            },
            {
                "label": "Trade receivables, net of allowance for doubtful accounts of $58 and $0",
                "concept": "ReceivablesNetCurrent",
                "unit": "usd",
                "value": 55903000
            },
            {
                "label": "Other",
                "concept": "OtherAssetsCurrent",
                "unit": "usd",
                "value": 16590000
            },
            {
                "label": "Total current assets",
                "concept": "AssetsCurrent",
                "unit": "usd",
                "value": 188192000
            },
            {
                "label": "Property, plant and equipment, net",
                "concept": "PropertyPlantAndEquipmentNet",
                "unit": "usd",
                "value": 28533000
            },
            {
                "label": "Other intangible assets, net",
                "concept": "IntangibleAssetsNetExcludingGoodwill",
                "unit": "usd",
                "value": 733000
            },
            {
                "label": "Other",
                "concept": "OtherAssetsNoncurrent",
                "unit": "usd",
                "value": 2868000
            },
            {
                "label": "Total other assets",
                "concept": "AssetsNoncurrent",
                "unit": "usd",
                "value": 11427000
            },
            {
                "label": "Total assets",
                "concept": "Assets",
                "unit": "usd",
                "value": 228152000
            },
            {
                "label": "Accounts payable",
                "concept": "AccountsPayableCurrent",
                "unit": "usd",
                "value": 68759000
            },
            {
                "label": "Accrued compensation and vacation",
                "concept": "EmployeeRelatedLiabilitiesCurrent",
                "unit": "usd",
                "value": 6336000
            },
            {
                "label": "Current portion of debt, net",
                "concept": "LongTermDebtCurrent",
                "unit": "usd",
                "value": 5841000
            },
            {
                "label": "Other",
                "concept": "OtherLiabilitiesCurrent",
                "unit": "usd",
                "value": 6879000
            },
            {
                "label": "Total current liabilities",
                "concept": "LiabilitiesCurrent",
                "unit": "usd",
                "value": 87815000
            },
            {
                "label": "Notes and Loans, Noncurrent",
                "concept": "LongTermNotesAndLoans",
                "unit": "usd",
                "value": 8551000
            },
            {
                "label": "Revolving loan",
                "concept": "LongTermLineOfCredit",
                "unit": "usd",
                "value": 18126000
            },
            {
                "label": "Other long-term obligations",
                "concept": "OtherLiabilitiesNoncurrent",
                "unit": "usd",
                "value": 476000
            },
            {
                "label": "Total long-term liabilities",
                "concept": "LiabilitiesNoncurrent",
                "unit": "usd",
                "value": 27153000
            },
            {
                "label": "Total liabilities",
                "concept": "Liabilities",
                "unit": "usd",
                "value": 114968000
            },
            {
                "label": "Commitments and contingencies (Note 9)",
                "concept": "CommitmentsAndContingencies",
                "unit": "usd",
                "value": "N/A"
            },
            {
                "label": "Common stock, no par value\u2014shares authorized 25,000; issued and outstanding 10,760 and 10,760 shares, respectively",
                "concept": "CommonStockValue",
                "unit": "usd",
                "value": 46598000
            },
            {
                "label": "Accumulated other comprehensive gain (loss)",
                "concept": "AccumulatedOtherComprehensiveIncomeLossNetOfTax",
                "unit": "usd",
                "value": 2050000
            },
            {
                "label": "Total shareholders\u2019 equity",
                "concept": "StockholdersEquity",
                "unit": "usd",
                "value": 113184000
            },
            {
                "label": "Total liabilities and shareholders\u2019 equity",
                "concept": "LiabilitiesAndStockholdersEquity",
                "unit": "usd",
                "value": 228152000
            }
        ],
        "cf": [],
        "ic": [
            {
                "label": "Gross profit",
                "concept": "GrossProfit",
                "unit": "usd",
                "value": 6807000
            },
            {
                "label": "Research, development and engineering expenses",
                "concept": "ResearchAndDevelopmentExpense",
                "unit": "usd",
                "value": 1398000
            },
            {
                "label": "Selling, general and administrative expenses",
                "concept": "SellingGeneralAndAdministrativeExpense",
                "unit": "usd",
                "value": 5497000
            },
            {
                "label": "Total operating expenses",
                "concept": "OperatingExpenses",
                "unit": "usd",
                "value": 19343000
            },
            {
                "label": "Operating income (loss)",
                "concept": "OperatingIncomeLoss",
                "unit": "usd",
                "value": -12536000
            },
            {
                "label": "Interest expense, net",
                "concept": "InterestExpense",
                "unit": "usd",
                "value": 720000
            },
            {
                "label": "Income (loss) before income taxes",
                "concept": "IncomeLossFromContinuingOperationsBeforeIncomeTaxesMinorityInterestAndIncomeLossFromEquityMethodInvestments",
                "unit": "usd",
                "value": -13256000
            },
            {
                "label": "Income tax provision (benefit)",
                "concept": "IncomeTaxExpenseBenefit",
                "unit": "usd",
                "value": -1275000
            },
            {
                "label": "Net income (loss)",
                "concept": "NetIncomeLoss",
                "unit": "usd",
                "value": -11981000
            },
            {
                "label": "Net income (loss) per share \u2014 Basic",
                "concept": "EarningsPerShareBasic",
                "unit": "usd/shares",
                "value": -1.11
            },
            {
                "label": "Weighted average shares outstanding \u2014 Basic",
                "concept": "WeightedAverageNumberOfSharesOutstandingBasic",
                "unit": "shares",
                "value": 10760000
            },
            {
                "label": "Net income (loss) per share \u2014 Diluted",
                "concept": "EarningsPerShareDiluted",
                "unit": "usd/shares",
                "value": -1.11
            },
            {
                "label": "Weighted average shares outstanding \u2014 Diluted",
                "concept": "WeightedAverageNumberOfDilutedSharesOutstanding",
                "unit": "shares",
                "value": 10760000
            }
        ]
    }
}