{
    "startDate": "2019-01-01",
    "endDate": "2019-03-31",
    "year": "2019",
    "quarter": "Q1",
    "symbol": "QDEL",
    "data": {
        "bs": [
            {
                "label": "Balance",
                "concept": "StockholdersEquity",
                "unit": "usd",
                "value": 460698000
            },
            {
                "label": "Balance",
                "concept": "StockholdersEquity",
                "unit": "usd",
                "value": 460698000
            }
        ],
        "cf": [
            {
                "label": "Net income",
                "concept": "NetIncomeLoss",
                "unit": "usd",
                "value": 24844000
            },
            {
                "label": "Depreciation, amortization and other",
                "concept": "DepreciationDepletionAndAmortization",
                "unit": "usd",
                "value": 11971000
            },
            {
                "label": "Amortization of debt discount and deferred issuance costs",
                "concept": "ShareBasedCompensation",
                "unit": "usd",
                "value": 3588000
            },
            {
                "label": "Amortization of debt discount and deferred issuance costs",
                "concept": "AmortizationOfFinancingCostsAndDiscounts",
                "unit": "usd",
                "value": 602000
            },
            {
                "label": "Amortization of inventory step-up to fair value",
                "concept": "qdel:AmortizationofInventoryStepUpToFairValue",
                "unit": "usd",
                "value": 0
            },
            {
                "label": "Loss on extinguishment of debt",
                "concept": "GainsLossesOnExtinguishmentOfDebt",
                "unit": "usd",
                "value": 0
            },
            {
                "label": "Accounts receivable",
                "concept": "IncreaseDecreaseInAccountsReceivable",
                "unit": "usd",
                "value": 10682000
            },
            {
                "label": "Inventories",
                "concept": "IncreaseDecreaseInInventories",
                "unit": "usd",
                "value": -682000
            },
            {
                "label": "Prepaid expenses and other current and non-current assets",
                "concept": "IncreaseDecreaseInPrepaidExpensesOther",
                "unit": "usd",
                "value": -3995000
            },
            {
                "label": "Accounts payable",
                "concept": "IncreaseDecreaseInAccountsPayable",
                "unit": "usd",
                "value": 1802000
            },
            {
                "label": "Accrued payroll and related expenses",
                "concept": "IncreaseDecreaseInEmployeeRelatedLiabilities",
                "unit": "usd",
                "value": -6969000
            },
            {
                "label": "Other current and non-current liabilities",
                "concept": "IncreaseDecreaseInOtherOperatingLiabilities",
                "unit": "usd",
                "value": 721000
            },
            {
                "label": "Net cash provided by operating activities:",
                "concept": "NetCashProvidedByUsedInOperatingActivities",
                "unit": "usd",
                "value": 32897000
            },
            {
                "label": "Acquisitions of property and equipment",
                "concept": "PaymentsToAcquirePropertyPlantAndEquipment",
                "unit": "usd",
                "value": 4993000
            },
            {
                "label": "Proceeds from sale of Summers Ridge Property",
                "concept": "SaleLeasebackTransactionGrossProceedsInvestingActivities",
                "unit": "usd",
                "value": 0
            },
            {
                "label": "Net cash (used for) provided by investing activities:",
                "concept": "NetCashProvidedByUsedInInvestingActivities",
                "unit": "usd",
                "value": -4993000
            },
            {
                "label": "Proceeds from issuance of common stock",
                "concept": "ProceedsFromIssuanceOfCommonStock",
                "unit": "usd",
                "value": 6847000
            },
            {
                "label": "Payments on Revolving Credit Facility",
                "concept": "RepaymentsOfLinesOfCredit",
                "unit": "usd",
                "value": 20000000
            },
            {
                "label": "Finance Lease, Principal Payments",
                "concept": "FinanceLeasePrincipalPayments",
                "unit": "usd",
                "value": 38000
            },
            {
                "label": "Repurchases of common stock",
                "concept": "PaymentsForRepurchaseOfCommonStock",
                "unit": "usd",
                "value": 1476000
            },
            {
                "label": "Payment for Contingent Consideration Liability, Financing Activities",
                "concept": "PaymentForContingentConsiderationLiabilityFinancingActivities",
                "unit": "usd",
                "value": 12000
            },
            {
                "label": "Payments of Term Loan",
                "concept": "RepaymentsOfDebt",
                "unit": "usd",
                "value": 0
            },
            {
                "label": "Transaction costs related to debt exchange",
                "concept": "PaymentsOfDebtExtinguishmentCosts",
                "unit": "usd",
                "value": 0
            },
            {
                "label": "Net cash used for financing activities:",
                "concept": "NetCashProvidedByUsedInFinancingActivities",
                "unit": "usd",
                "value": -14679000
            },
            {
                "label": "Effect of exchange rates on cash",
                "concept": "EffectOfExchangeRateOnCash",
                "unit": "usd",
                "value": 18000
            },
            {
                "label": "Net increase in cash and cash equivalents",
                "concept": "CashAndCashEquivalentsPeriodIncreaseDecrease",
                "unit": "usd",
                "value": 13243000
            },
            {
                "label": "Purchase of property and equipment by incurring current liabilities",
                "concept": "NoncashOrPartNoncashAcquisitionFixedAssetsAcquired1",
                "unit": "usd",
                "value": 1728000
            },
            {
                "label": "Extinguishment of Convertible Senior Notes through issuance of common stock",
                "concept": "DebtConversionConvertedInstrumentAmount1",
                "unit": "usd",
                "value": 0
            }
        ],
        "ic": [
            {
                "label": "Total revenues",
                "concept": "RevenueFromContractWithCustomerExcludingAssessedTax",
                "unit": "usd",
                "value": 147968000
            },
            {
                "label": "Cost of sales",
                "concept": "CostOfGoodsAndServicesSold",
                "unit": "usd",
                "value": 57041000
            },
            {
                "label": "Gross profit",
                "concept": "GrossProfit",
                "unit": "usd",
                "value": 90927000
            },
            {
                "label": "Research and development",
                "concept": "ResearchAndDevelopmentExpense",
                "unit": "usd",
                "value": 13930000
            },
            {
                "label": "Sales and marketing",
                "concept": "SellingAndMarketingExpense",
                "unit": "usd",
                "value": 29589000
            },
            {
                "label": "General and administrative",
                "concept": "GeneralAndAdministrativeExpense",
                "unit": "usd",
                "value": 13431000
            },
            {
                "label": "Acquisition and integration costs",
                "concept": "BusinessCombinationAcquisitionRelatedCosts",
                "unit": "usd",
                "value": 2824000
            },
            {
                "label": "Total operating expenses",
                "concept": "CostsAndExpenses",
                "unit": "usd",
                "value": 59774000
            },
            {
                "label": "Operating income",
                "concept": "OperatingIncomeLoss",
                "unit": "usd",
                "value": 31153000
            },
            {
                "label": "Interest expense, net",
                "concept": "InterestIncomeExpenseNet",
                "unit": "usd",
                "value": -4582000
            },
            {
                "label": "Loss on extinguishment of debt",
                "concept": "GainsLossesOnExtinguishmentOfDebt",
                "unit": "usd",
                "value": 0
            },
            {
                "label": "Total other expense, net",
                "concept": "OtherNonoperatingIncomeExpense",
                "unit": "usd",
                "value": -4582000
            },
            {
                "label": "Income before income taxes",
                "concept": "IncomeLossFromContinuingOperationsBeforeIncomeTaxesMinorityInterestAndIncomeLossFromEquityMethodInvestments",
                "unit": "usd",
                "value": 26571000
            },
            {
                "label": "Provision for income taxes",
                "concept": "IncomeTaxExpenseBenefit",
                "unit": "usd",
                "value": 1727000
            },
            {
                "label": "Net income",
                "concept": "NetIncomeLoss",
                "unit": "usd",
                "value": 24844000
            },
            {
                "label": "Basic (loss) earnings per share (in usd per share)",
                "concept": "EarningsPerShareBasicAndDiluted",
                "unit": "usd/shares",
                "value": 0.63
            },
            {
                "label": "Diluted (loss) earnings per share (in usd per share)",
                "concept": "EarningsPerShareDiluted",
                "unit": "usd/shares",
                "value": 0.6
            },
            {
                "label": "Shares used in basic per share calculation (in shares)",
                "concept": "WeightedAverageNumberOfShareOutstandingBasicAndDiluted",
                "unit": "shares",
                "value": 39704000
            },
            {
                "label": "Shares used in diluted per share calculation (in shares)",
                "concept": "WeightedAverageNumberOfDilutedSharesOutstanding",
                "unit": "shares",
                "value": 42907000
            }
        ]
    }
}