{
    "startDate": "2019-01-01",
    "endDate": "2019-03-31",
    "year": "2019",
    "quarter": "Q1",
    "symbol": "TAP",
    "data": {
        "bs": [
            {
                "label": "Cash and cash equivalents",
                "concept": "CashAndCashEquivalentsAtCarryingValue",
                "unit": "usd",
                "value": 234400000
            },
            {
                "label": "Accounts receivable, net",
                "concept": "AccountsReceivableNetCurrent",
                "unit": "usd",
                "value": 909500000
            },
            {
                "label": "Other receivables, net",
                "concept": "OtherReceivables",
                "unit": "usd",
                "value": 141600000
            },
            {
                "label": "Total inventories, net",
                "concept": "InventoryNet",
                "unit": "usd",
                "value": 687900000
            },
            {
                "label": "Other current assets, net",
                "concept": "OtherAssetsCurrent",
                "unit": "usd",
                "value": 364600000
            },
            {
                "label": "Total current assets",
                "concept": "AssetsCurrent",
                "unit": "usd",
                "value": 2338000000
            },
            {
                "label": "Properties, net",
                "concept": "PropertyPlantAndEquipmentNet",
                "unit": "usd",
                "value": 4553300000
            },
            {
                "label": "Goodwill",
                "concept": "Goodwill",
                "unit": "usd",
                "value": 8279400000
            },
            {
                "label": "Other intangibles, net",
                "concept": "IntangibleAssetsNetExcludingGoodwill",
                "unit": "usd",
                "value": 13749600000
            },
            {
                "label": "Other assets",
                "concept": "OtherAssetsNoncurrent",
                "unit": "usd",
                "value": 903300000
            },
            {
                "label": "Total assets",
                "concept": "Assets",
                "unit": "usd",
                "value": 29823600000
            },
            {
                "label": "Accounts payable and other current liabilities",
                "concept": "AccountsPayableAndOtherAccruedLiabilitiesCurrent",
                "unit": "usd",
                "value": 2561300000
            },
            {
                "label": "Current portion of long-term debt and short-term borrowings",
                "concept": "DebtCurrent",
                "unit": "usd",
                "value": 1641100000
            },
            {
                "label": "Total current liabilities",
                "concept": "LiabilitiesCurrent",
                "unit": "usd",
                "value": 4202400000
            },
            {
                "label": "Long-term debt",
                "concept": "LongTermDebtNoncurrent",
                "unit": "usd",
                "value": 8484800000
            },
            {
                "label": "Pension and postretirement benefits",
                "concept": "PensionAndOtherPostretirementDefinedBenefitPlansLiabilitiesNoncurrent",
                "unit": "usd",
                "value": 726900000
            },
            {
                "label": "Deferred tax liabilities",
                "concept": "DeferredTaxLiabilitiesNoncurrent",
                "unit": "usd",
                "value": 2151500000
            },
            {
                "label": "Other liabilities",
                "concept": "OtherLiabilitiesNoncurrent",
                "unit": "usd",
                "value": 369900000
            },
            {
                "label": "Total liabilities",
                "concept": "Liabilities",
                "unit": "usd",
                "value": 15935500000
            },
            {
                "label": "Preferred stock, $0.01 par value (authorized: 25.0 shares; none issued)",
                "concept": "PreferredStockValue",
                "unit": "usd",
                "value": 0
            },
            {
                "label": "Paid-in capital",
                "concept": "AdditionalPaidInCapital",
                "unit": "usd",
                "value": 6776200000
            },
            {
                "label": "Retained earnings",
                "concept": "RetainedEarningsAccumulatedDeficit",
                "unit": "usd",
                "value": 7862400000
            },
            {
                "label": "Accumulated other comprehensive income (loss)",
                "concept": "AccumulatedOtherComprehensiveIncomeLossNetOfTax",
                "unit": "usd",
                "value": -1182700000
            },
            {
                "label": "Class B common stock held in treasury at cost (9.5 shares and 9.5 shares, respectively)",
                "concept": "TreasuryStockValue",
                "unit": "usd",
                "value": 471400000
            },
            {
                "label": "Total Molson Coors Brewing Company stockholders' equity",
                "concept": "StockholdersEquity",
                "unit": "usd",
                "value": 13647300000
            },
            {
                "label": "Noncontrolling interests",
                "concept": "MinorityInterest",
                "unit": "usd",
                "value": 240800000
            },
            {
                "label": "Total equity",
                "concept": "StockholdersEquityIncludingPortionAttributableToNoncontrollingInterest",
                "unit": "usd",
                "value": 13888100000
            },
            {
                "label": "Total liabilities and equity",
                "concept": "LiabilitiesAndStockholdersEquity",
                "unit": "usd",
                "value": 29823600000
            }
        ],
        "cf": [
            {
                "label": "Income (Loss) from Continuing Operations, Net of Tax, Including Portion Attributable to Noncontrolling Interest",
                "concept": "IncomeLossFromContinuingOperationsIncludingPortionAttributableToNoncontrollingInterest",
                "unit": "usd",
                "value": 149100000
            },
            {
                "label": "Depreciation and amortization",
                "concept": "DepreciationAndAmortization",
                "unit": "usd",
                "value": 212900000
            },
            {
                "label": "Amortization of debt issuance costs and discounts",
                "concept": "AmortizationOfFinancingCostsAndDiscounts",
                "unit": "usd",
                "value": 3700000
            },
            {
                "label": "Share-based compensation",
                "concept": "ShareBasedCompensation",
                "unit": "usd",
                "value": 11400000
            },
            {
                "label": "(Gain) loss on sale or impairment of properties and other assets, net",
                "concept": "tap:LossGainOnSaleOrImpairmentOfPropertiesAndIntangibles",
                "unit": "usd",
                "value": 500000
            },
            {
                "label": "Unrealized (gain) loss on foreign currency fluctuations and derivative instruments, net",
                "concept": "tap:UnrealizedGainLossOnForeignCurrencyFluctuationsAndDerivativeInstruments",
                "unit": "usd",
                "value": 57200000
            },
            {
                "label": "Income tax (benefit) expense",
                "concept": "tap:CurrentincomeTaxBenefitExpenseCashFlow",
                "unit": "usd",
                "value": 32200000
            },
            {
                "label": "Income tax (paid) received",
                "concept": "IncomeTaxesPaidNet",
                "unit": "usd",
                "value": 8500000
            },
            {
                "label": "Interest expense, excluding interest amortization",
                "concept": "InterestExpenseDebt",
                "unit": "usd",
                "value": 72100000
            },
            {
                "label": "Interest paid",
                "concept": "InterestPaidNet",
                "unit": "usd",
                "value": 103100000
            },
            {
                "label": "Change in current assets and liabilities (net of impact of business combinations) and other",
                "concept": "IncreaseDecreaseInOtherOperatingCapitalNet",
                "unit": "usd",
                "value": 411600000
            },
            {
                "label": "Net Cash Provided by (Used in) Operating Activities",
                "concept": "NetCashProvidedByUsedInOperatingActivities",
                "unit": "usd",
                "value": -98500000
            },
            {
                "label": "Net increase (decrease) in cash and cash equivalents",
                "concept": "CashAndCashEquivalentsPeriodIncreaseDecreaseExcludingExchangeRateEffect",
                "unit": "usd",
                "value": -827900000
            }
        ],
        "ic": [
            {
                "label": "Income (loss) before income taxes",
                "concept": "IncomeLossFromContinuingOperationsBeforeIncomeTaxesExtraordinaryItemsNoncontrollingInterest",
                "unit": "usd",
                "value": 181300000
            },
            {
                "label": "Other income (expense), net",
                "concept": "NonoperatingIncomeExpense",
                "unit": "usd",
                "value": 23900000
            },
            {
                "label": "Unrealized Gain (Loss) on Commodity Contracts",
                "concept": "UnrealizedGainLossOnCommodityContracts",
                "unit": "usd",
                "value": 34100000
            }
        ]
    }
}