{
    "startDate": "2019-01-01",
    "endDate": "2019-03-31",
    "year": "2019",
    "quarter": "Q1",
    "symbol": "SGB",
    "data": {
        "bs": [
            {
                "label": "",
                "concept": "CashAndDueFromBanks",
                "unit": "usd",
                "value": 11348240
            },
            {
                "label": "",
                "concept": "InterestBearingDepositsInBanks",
                "unit": "usd",
                "value": 37666935
            },
            {
                "label": "",
                "concept": "CashAndCashEquivalentsAtCarryingValue",
                "unit": "usd",
                "value": 49015175
            },
            {
                "label": "",
                "concept": "CertificatesOfDepositAtCarryingValue",
                "unit": "usd",
                "value": 2732000
            },
            {
                "label": "",
                "concept": "AvailableForSaleSecurities",
                "unit": "usd",
                "value": 62962079
            },
            {
                "label": "",
                "concept": "HeldToMaturitySecurities",
                "unit": "usd",
                "value": 35184883
            },
            {
                "label": "",
                "concept": "FederalHomeLoanBankStock",
                "unit": "usd",
                "value": 1019900
            },
            {
                "label": "",
                "concept": "Investments",
                "unit": "usd",
                "value": 99166862
            },
            {
                "label": "",
                "concept": "LoansAndLeasesReceivableGrossCarryingAmount",
                "unit": "usd",
                "value": 377711765
            },
            {
                "label": "",
                "concept": "LoansAndLeasesReceivableDeferredIncome",
                "unit": "usd",
                "value": 17390
            },
            {
                "label": "",
                "concept": "LoansAndLeasesReceivableAllowance",
                "unit": "usd",
                "value": 3366927
            },
            {
                "label": "",
                "concept": "NotesReceivableNet",
                "unit": "usd",
                "value": 374327448
            },
            {
                "label": "",
                "concept": "PropertyPlantAndEquipmentNet",
                "unit": "usd",
                "value": 14443696
            },
            {
                "label": "",
                "concept": "OtherRealEstate",
                "unit": "usd",
                "value": 127605
            },
            {
                "label": "",
                "concept": "IntangibleAssetsNetExcludingGoodwill",
                "unit": "usd",
                "value": 0
            },
            {
                "label": "",
                "concept": "BankOwnedLifeInsurance",
                "unit": "usd",
                "value": 6812589
            },
            {
                "label": "",
                "concept": "OtherAssets",
                "unit": "usd",
                "value": 4445793
            },
            {
                "label": "",
                "concept": "Assets",
                "unit": "usd",
                "value": 551071168
            },
            {
                "label": "",
                "concept": "InterestBearingDomesticDepositChecking",
                "unit": "usd",
                "value": 33419254
            },
            {
                "label": "",
                "concept": "DepositsNegotiableOrderOfWithdrawalNOW",
                "unit": "usd",
                "value": 40651250
            },
            {
                "label": "",
                "concept": "DepositsMoneyMarketDeposits",
                "unit": "usd",
                "value": 163903769
            },
            {
                "label": "",
                "concept": "DepositsSavingsDeposits",
                "unit": "usd",
                "value": 33580463
            },
            {
                "label": "",
                "concept": "TimeDepositsAtOrAboveFDICInsuranceLimit",
                "unit": "usd",
                "value": 16831531
            },
            {
                "label": "",
                "concept": "TimeDeposits",
                "unit": "usd",
                "value": 85564731
            },
            {
                "label": "",
                "concept": "InterestBearingDepositLiabilities",
                "unit": "usd",
                "value": 373950998
            },
            {
                "label": "",
                "concept": "NoninterestBearingDepositLiabilities",
                "unit": "usd",
                "value": 114667559
            },
            {
                "label": "",
                "concept": "Deposits",
                "unit": "usd",
                "value": 488618557
            },
            {
                "label": "",
                "concept": "FederalHomeLoanBankAdvancesMaturitiesSummaryDueWithinOneYearOfBalanceSheetDate",
                "unit": "usd",
                "value": 4100000
            },
            {
                "label": "",
                "concept": "FederalHomeLoanBankAdvancesLongTerm",
                "unit": "usd",
                "value": 9600000
            },
            {
                "label": "",
                "concept": "OtherLiabilities",
                "unit": "usd",
                "value": 3492686
            },
            {
                "label": "",
                "concept": "Liabilities",
                "unit": "usd",
                "value": 505811243
            },
            {
                "label": "",
                "concept": "CommonStockValue",
                "unit": "usd",
                "value": 2545776
            },
            {
                "label": "",
                "concept": "ExcessCapital",
                "unit": "usd",
                "value": 18418995
            },
            {
                "label": "",
                "concept": "RetainedEarningsAccumulatedDeficit",
                "unit": "usd",
                "value": 25764780
            },
            {
                "label": "",
                "concept": "AccumulatedOtherComprehensiveIncomeLossNetOfTax",
                "unit": "usd",
                "value": -1469626
            },
            {
                "label": "",
                "concept": "StockholdersEquity",
                "unit": "usd",
                "value": 45259925
            },
            {
                "label": "",
                "concept": "LiabilitiesAndStockholdersEquity",
                "unit": "usd",
                "value": 551071168
            }
        ],
        "cf": [
            {
                "label": "",
                "concept": "NetIncomeLoss",
                "unit": "usd",
                "value": 1228706
            },
            {
                "label": "",
                "concept": "ProvisionForLoanAndLeaseLosses",
                "unit": "usd",
                "value": 115908
            },
            {
                "label": "",
                "concept": "Depreciation",
                "unit": "usd",
                "value": 303750
            },
            {
                "label": "",
                "concept": "AccretionAmortizationOfDiscountsAndPremiumsInvestments",
                "unit": "usd",
                "value": -63560
            },
            {
                "label": "",
                "concept": "BankOwnedLifeInsuranceIncome",
                "unit": "usd",
                "value": 33347
            },
            {
                "label": "",
                "concept": "AmortizationOfIntangibleAssets",
                "unit": "usd",
                "value": 3907
            },
            {
                "label": "",
                "concept": "GainsLossesOnSalesOfOtherRealEstate",
                "unit": "usd",
                "value": 898
            },
            {
                "label": "",
                "concept": "ExtinguishmentOfDebtGainLossNetOfTax",
                "unit": "usd",
                "value": 143031
            },
            {
                "label": "",
                "concept": "IncreaseDecreaseInOtherCurrentAssets",
                "unit": "usd",
                "value": -183666
            },
            {
                "label": "",
                "concept": "IncreaseDecreaseInOtherNoncurrentLiabilities",
                "unit": "usd",
                "value": -453128
            },
            {
                "label": "",
                "concept": "NetCashProvidedByUsedInOperatingActivities",
                "unit": "usd",
                "value": 1269093
            },
            {
                "label": "",
                "concept": "ProceedsFromMaturitiesPrepaymentsAndCallsOfHeldToMaturitySecurities",
                "unit": "usd",
                "value": 1628603
            },
            {
                "label": "",
                "concept": "ProceedsFromMaturitiesPrepaymentsAndCallsOfAvailableForSaleSecurities",
                "unit": "usd",
                "value": 175813
            },
            {
                "label": "",
                "concept": "ProceedsFromSaleOfFederalHomeLoanBankStock",
                "unit": "usd",
                "value": 840900
            },
            {
                "label": "",
                "concept": "PaymentsToAcquireAvailableForSaleSecurities",
                "unit": "usd",
                "value": 3965719
            },
            {
                "label": "",
                "concept": "PaymentsToAcquireFederalHomeLoanBankStock",
                "unit": "usd",
                "value": 40500
            },
            {
                "label": "",
                "concept": "PaymentsForProceedsFromOtherLoansAndLeases",
                "unit": "usd",
                "value": 1121988
            },
            {
                "label": "",
                "concept": "PaymentsToAcquirePropertyPlantAndEquipment",
                "unit": "usd",
                "value": 178472
            },
            {
                "label": "",
                "concept": "ProceedsFromSalesOfAssetsInvestingActivities",
                "unit": "usd",
                "value": 20717
            },
            {
                "label": "",
                "concept": "NetCashProvidedByUsedInInvestingActivities",
                "unit": "usd",
                "value": -2640646
            },
            {
                "label": "",
                "concept": "IncreaseDecreaseInDeposits",
                "unit": "usd",
                "value": 32978972
            },
            {
                "label": "",
                "concept": "RepaymentsOfLongTermDebt",
                "unit": "usd",
                "value": 7283601
            },
            {
                "label": "",
                "concept": "ProceedsFromRepaymentsOfOtherLongTermDebt",
                "unit": "usd",
                "value": -11501940
            },
            {
                "label": "",
                "concept": "ProceedsFromShortTermDebt",
                "unit": "usd",
                "value": 1000000
            },
            {
                "label": "",
                "concept": "PaymentsOfDividends",
                "unit": "usd",
                "value": 305495
            },
            {
                "label": "",
                "concept": "NetCashProvidedByUsedInFinancingActivities",
                "unit": "usd",
                "value": 14887936
            },
            {
                "label": "",
                "concept": "CashAndCashEquivalentsPeriodIncreaseDecrease",
                "unit": "usd",
                "value": 13516383
            },
            {
                "label": "",
                "concept": "TransferToOtherRealEstate",
                "unit": "usd",
                "value": 0
            },
            {
                "label": "",
                "concept": "UnrealizedGainLossOnSecurities",
                "unit": "usd",
                "value": 908569
            },
            {
                "label": "",
                "concept": "TreasuryStockRetiredCostMethodAmount",
                "unit": "usd",
                "value": 0
            }
        ],
        "ic": [
            {
                "label": "",
                "concept": "NetIncomeLoss",
                "unit": "usd",
                "value": 1228706
            },
            {
                "label": "",
                "concept": "OtherComprehensiveIncomeUnrealizedHoldingGainLossOnSecuritiesArisingDuringPeriodBeforeTax",
                "unit": "usd",
                "value": 908569
            },
            {
                "label": "",
                "concept": "OtherComprehensiveIncomeLossReclassificationAdjustmentFromAOCIForSaleOfSecuritiesBeforeTax",
                "unit": "usd",
                "value": 0
            },
            {
                "label": "",
                "concept": "DeferredFederalIncomeTaxExpenseBenefit",
                "unit": "usd",
                "value": 190799
            },
            {
                "label": "",
                "concept": "OtherComprehensiveIncomeLossNetOfTax",
                "unit": "usd",
                "value": 717770
            },
            {
                "label": "",
                "concept": "ComprehensiveIncomeNetOfTax",
                "unit": "usd",
                "value": 1946476
            }
        ]
    }
}