{
    "startDate": "2018-04-01",
    "endDate": "2019-03-31",
    "year": "2019",
    "quarter": "FY",
    "symbol": "EA",
    "data": {
        "bs": [
            {
                "label": "Short-term investments",
                "concept": "AvailableForSaleSecuritiesCurrent",
                "unit": "usd",
                "value": 737000000
            },
            {
                "label": "Receivables, net of allowances of $7 and $165, respectively",
                "concept": "AccountsReceivableNetCurrent",
                "unit": "usd",
                "value": 623000000
            },
            {
                "label": "Other current assets",
                "concept": "OtherAssetsCurrent",
                "unit": "usd",
                "value": 313000000
            },
            {
                "label": "Total current assets",
                "concept": "AssetsCurrent",
                "unit": "usd",
                "value": 6381000000
            },
            {
                "label": "Property and equipment, net",
                "concept": "PropertyPlantAndEquipmentNet",
                "unit": "usd",
                "value": 448000000
            },
            {
                "label": "Goodwill",
                "concept": "Goodwill",
                "unit": "usd",
                "value": 1892000000
            },
            {
                "label": "Acquisition-related intangibles, net",
                "concept": "FiniteLivedIntangibleAssetsNet",
                "unit": "usd",
                "value": 87000000
            },
            {
                "label": "Deferred income taxes, net",
                "concept": "DeferredTaxAssetsNetNoncurrent",
                "unit": "usd",
                "value": 35000000
            },
            {
                "label": "Other assets",
                "concept": "OtherAssetsNoncurrent",
                "unit": "usd",
                "value": 114000000
            },
            {
                "label": "TOTAL ASSETS",
                "concept": "Assets",
                "unit": "usd",
                "value": 8957000000
            },
            {
                "label": "Accounts payable",
                "concept": "AccountsPayableCurrent",
                "unit": "usd",
                "value": 113000000
            },
            {
                "label": "Accrued and other current liabilities",
                "concept": "AccruedLiabilitiesCurrent",
                "unit": "usd",
                "value": 1052000000
            },
            {
                "label": "Deferred net revenue (online-enabled games)",
                "concept": "DeferredRevenueCurrent",
                "unit": "usd",
                "value": 1100000000
            },
            {
                "label": "Total current liabilities",
                "concept": "LiabilitiesCurrent",
                "unit": "usd",
                "value": 2265000000
            },
            {
                "label": "Senior notes, net",
                "concept": "SeniorLongTermNotes",
                "unit": "usd",
                "value": 994000000
            },
            {
                "label": "Income tax obligations",
                "concept": "ea:LiabilityforUncertaintyinIncomeTaxesNoncurrentandorU.STaxCutsandJobsActTransitionTax",
                "unit": "usd",
                "value": 233000000
            },
            {
                "label": "Deferred income taxes, net",
                "concept": "DeferredTaxLiabilitiesNoncurrent",
                "unit": "usd",
                "value": 2000000
            },
            {
                "label": "Other liabilities",
                "concept": "OtherLiabilitiesNoncurrent",
                "unit": "usd",
                "value": 132000000
            },
            {
                "label": "Total liabilities",
                "concept": "Liabilities",
                "unit": "usd",
                "value": 3626000000
            },
            {
                "label": "Commitments and contingencies (See Note 13)",
                "concept": "CommitmentsAndContingencies",
                "unit": "usd",
                "value": "N/A"
            },
            {
                "label": "Preferred stock, $0.01 par value. 10 shares authorized",
                "concept": "PreferredStockValue",
                "unit": "usd",
                "value": 0
            },
            {
                "label": "Common stock, $0.01 par value. 1,000 shares authorized; 298 and 306 shares issued and outstanding, respectively",
                "concept": "CommonStockValue",
                "unit": "usd",
                "value": 3000000
            },
            {
                "label": "Additional paid-in capital",
                "concept": "AdditionalPaidInCapitalCommonStock",
                "unit": "usd",
                "value": 0
            },
            {
                "label": "Retained earnings",
                "concept": "RetainedEarningsAccumulatedDeficit",
                "unit": "usd",
                "value": 5358000000
            },
            {
                "label": "Accumulated other comprehensive loss",
                "concept": "AccumulatedOtherComprehensiveIncomeLossNetOfTax",
                "unit": "usd",
                "value": -30000000
            },
            {
                "label": "Total stockholders' equity",
                "concept": "StockholdersEquity",
                "unit": "usd",
                "value": 5331000000
            },
            {
                "label": "TOTAL LIABILITIES AND STOCKHOLDERS' EQUITY",
                "concept": "LiabilitiesAndStockholdersEquity",
                "unit": "usd",
                "value": 8957000000
            }
        ],
        "cf": [
            {
                "label": "Depreciation, amortization and accretion",
                "concept": "DepreciationAmortizationAndAccretionNet",
                "unit": "usd",
                "value": 145000000
            },
            {
                "label": "Acquisition-related contingent consideration",
                "concept": "BusinessCombinationContingentConsiderationArrangementsChangeInAmountOfContingentConsiderationLiability1",
                "unit": "usd",
                "value": 14000000
            },
            {
                "label": "Stock-based compensation",
                "concept": "ShareBasedCompensation",
                "unit": "usd",
                "value": 284000000
            },
            {
                "label": "Receivables, net",
                "concept": "IncreaseDecreaseInAccountsReceivable",
                "unit": "usd",
                "value": 88000000
            },
            {
                "label": "Other assets",
                "concept": "IncreaseDecreaseInOtherOperatingAssets",
                "unit": "usd",
                "value": 24000000
            },
            {
                "label": "Accounts payable",
                "concept": "IncreaseDecreaseInAccountsPayableTrade",
                "unit": "usd",
                "value": 59000000
            },
            {
                "label": "Accrued and other liabilities",
                "concept": "IncreaseDecreaseInAccruedLiabilities",
                "unit": "usd",
                "value": 3000000
            },
            {
                "label": "Deferred income taxes, net",
                "concept": "IncreaseDecreaseInDeferredIncomeTaxes",
                "unit": "usd",
                "value": 16000000
            },
            {
                "label": "Deferred net revenue (online-enabled games)",
                "concept": "ea:IncreaseDecreaseInDeferredNetRevenuePackagedGoodsAndDigitalContent",
                "unit": "usd",
                "value": 151000000
            },
            {
                "label": "Net cash provided by operating activities",
                "concept": "NetCashProvidedByUsedInOperatingActivitiesContinuingOperations",
                "unit": "usd",
                "value": 1547000000
            },
            {
                "label": "Capital expenditures",
                "concept": "PaymentsToAcquireOtherPropertyPlantAndEquipment",
                "unit": "usd",
                "value": 119000000
            },
            {
                "label": "Proceeds from maturities and sales of short-term investments",
                "concept": "ProceedsFromSaleOfShortTermInvestments",
                "unit": "usd",
                "value": 1688000000
            },
            {
                "label": "Purchase of short-term investments",
                "concept": "PaymentsToAcquireShortTermInvestments",
                "unit": "usd",
                "value": 1342000000
            },
            {
                "label": "Acquisition, net of cash acquired",
                "concept": "PaymentsToAcquireBusinessesNetOfCashAcquired",
                "unit": "usd",
                "value": 58000000
            },
            {
                "label": "Net cash provided by (used in) investing activities",
                "concept": "NetCashProvidedByUsedInInvestingActivitiesContinuingOperations",
                "unit": "usd",
                "value": 169000000
            },
            {
                "label": "Payment of convertible notes",
                "concept": "RepaymentsOfConvertibleDebt",
                "unit": "usd",
                "value": 0
            },
            {
                "label": "Proceeds from issuance of common stock",
                "concept": "ProceedsFromIssuanceOfSharesUnderIncentiveAndShareBasedCompensationPlansIncludingStockOptions",
                "unit": "usd",
                "value": 61000000
            },
            {
                "label": "Cash paid to taxing authorities for shares withheld from employees",
                "concept": "PaymentsRelatedToTaxWithholdingForShareBasedCompensation",
                "unit": "usd",
                "value": 122000000
            },
            {
                "label": "Repurchase and retirement of common stock",
                "concept": "PaymentsForRepurchaseOfCommonStock",
                "unit": "usd",
                "value": 1192000000
            },
            {
                "label": "Net cash used in financing activities",
                "concept": "NetCashProvidedByUsedInFinancingActivitiesContinuingOperations",
                "unit": "usd",
                "value": -1253000000
            },
            {
                "label": "Effect of foreign exchange on cash and cash equivalents",
                "concept": "EffectOfExchangeRateOnCashAndCashEquivalentsContinuingOperations",
                "unit": "usd",
                "value": -13000000
            },
            {
                "label": "Increase in cash and cash equivalents",
                "concept": "CashAndCashEquivalentsPeriodIncreaseDecrease",
                "unit": "usd",
                "value": 450000000
            },
            {
                "label": "Cash paid during the year for income taxes, net",
                "concept": "IncomeTaxesPaidNet",
                "unit": "usd",
                "value": 100000000
            },
            {
                "label": "Cash paid during the year for interest",
                "concept": "InterestPaid",
                "unit": "usd",
                "value": 42000000
            }
        ],
        "ic": [
            {
                "label": "Stock-based compensation expense",
                "concept": "AllocatedShareBasedCompensationExpense",
                "unit": "usd",
                "value": 284000000
            }
        ]
    }
}