{
    "startDate": "2019-01-01",
    "endDate": "2019-03-31",
    "year": "2019",
    "quarter": "Q1",
    "symbol": "SYK",
    "data": {
        "bs": [
            {
                "label": "Cash and cash equivalents",
                "concept": "CashAndCashEquivalentsAtCarryingValue",
                "unit": "usd",
                "value": 1674000000
            },
            {
                "label": "Marketable securities",
                "concept": "AvailableForSaleSecuritiesCurrent",
                "unit": "usd",
                "value": 84000000
            },
            {
                "label": "Accounts receivable, less allowance of $67 ($64 in 2018)",
                "concept": "AccountsReceivableNetCurrent",
                "unit": "usd",
                "value": 2284000000
            },
            {
                "label": "Materials and supplies",
                "concept": "InventoryRawMaterialsAndSuppliesNetOfReserves",
                "unit": "usd",
                "value": 608000000
            },
            {
                "label": "Work in process",
                "concept": "InventoryWorkInProcessNetOfReserves",
                "unit": "usd",
                "value": 178000000
            },
            {
                "label": "Finished goods",
                "concept": "InventoryFinishedGoodsNetOfReserves",
                "unit": "usd",
                "value": 2278000000
            },
            {
                "label": "Total inventories",
                "concept": "InventoryNet",
                "unit": "usd",
                "value": 3064000000
            },
            {
                "label": "Prepaid expenses and other current assets",
                "concept": "PrepaidExpenseCurrent",
                "unit": "usd",
                "value": 782000000
            },
            {
                "label": "Total current assets",
                "concept": "AssetsCurrent",
                "unit": "usd",
                "value": 7888000000
            },
            {
                "label": "Land, buildings and improvements",
                "concept": "syk:LandBuildingsAndImprovementsGross",
                "unit": "usd",
                "value": 1021000000
            },
            {
                "label": "Machinery and equipment",
                "concept": "MachineryAndEquipmentGross",
                "unit": "usd",
                "value": 3321000000
            },
            {
                "label": "Total property, plant and equipment",
                "concept": "PropertyPlantAndEquipmentGross",
                "unit": "usd",
                "value": 4342000000
            },
            {
                "label": "Less accumulated depreciation",
                "concept": "AccumulatedDepreciationDepletionAndAmortizationPropertyPlantAndEquipment",
                "unit": "usd",
                "value": 2045000000
            },
            {
                "label": "Property, plant and equipment, net",
                "concept": "PropertyPlantAndEquipmentNet",
                "unit": "usd",
                "value": 2297000000
            },
            {
                "label": "Other intangibles, net",
                "concept": "IntangibleAssetsNetExcludingGoodwill",
                "unit": "usd",
                "value": 4240000000
            },
            {
                "label": "Noncurrent deferred income tax assets",
                "concept": "DeferredIncomeTaxAssetsNet",
                "unit": "usd",
                "value": 1631000000
            },
            {
                "label": "Other noncurrent assets",
                "concept": "OtherAssetsNoncurrent",
                "unit": "usd",
                "value": 1171000000
            },
            {
                "label": "Total assets",
                "concept": "Assets",
                "unit": "usd",
                "value": 25937000000
            },
            {
                "label": "Accounts payable",
                "concept": "AccountsPayableTradeCurrent",
                "unit": "usd",
                "value": 619000000
            },
            {
                "label": "Accrued compensation",
                "concept": "EmployeeRelatedLiabilitiesCurrent",
                "unit": "usd",
                "value": 531000000
            },
            {
                "label": "Income taxes payable",
                "concept": "AccruedIncomeTaxesCurrent",
                "unit": "usd",
                "value": 154000000
            },
            {
                "label": "Dividend payable",
                "concept": "DividendsPayableCurrent",
                "unit": "usd",
                "value": 192000000
            },
            {
                "label": "Accrued expenses and other liabilities",
                "concept": "OtherLiabilitiesCurrent",
                "unit": "usd",
                "value": 1696000000
            },
            {
                "label": "Current maturities of debt",
                "concept": "DebtCurrent",
                "unit": "usd",
                "value": 521000000
            },
            {
                "label": "Total current liabilities",
                "concept": "LiabilitiesCurrent",
                "unit": "usd",
                "value": 3713000000
            },
            {
                "label": "Long-term debt, excluding current maturities",
                "concept": "LongTermDebtNoncurrent",
                "unit": "usd",
                "value": 7950000000
            },
            {
                "label": "Income taxes",
                "concept": "AccruedIncomeTaxesNoncurrent",
                "unit": "usd",
                "value": 1218000000
            },
            {
                "label": "Other noncurrent liabilities",
                "concept": "OtherLiabilitiesNoncurrent",
                "unit": "usd",
                "value": 1363000000
            },
            {
                "label": "Total liabilities",
                "concept": "Liabilities",
                "unit": "usd",
                "value": 14244000000
            },
            {
                "label": "Common stock, $0.10 par value",
                "concept": "CommonStockValueOutstanding",
                "unit": "usd",
                "value": 37000000
            },
            {
                "label": "Additional paid-in capital",
                "concept": "AdditionalPaidInCapitalCommonStock",
                "unit": "usd",
                "value": 1538000000
            },
            {
                "label": "Retained earnings",
                "concept": "RetainedEarningsAccumulatedDeficit",
                "unit": "usd",
                "value": 10683000000
            },
            {
                "label": "Accumulated other comprehensive loss",
                "concept": "AccumulatedOtherComprehensiveIncomeLossNetOfTax",
                "unit": "usd",
                "value": -565000000
            },
            {
                "label": "Total shareholders' equity",
                "concept": "StockholdersEquityIncludingPortionAttributableToNoncontrollingInterest",
                "unit": "usd",
                "value": 11693000000
            },
            {
                "label": "Total liabilities and shareholders' equity",
                "concept": "LiabilitiesAndStockholdersEquity",
                "unit": "usd",
                "value": 25937000000
            }
        ],
        "cf": [
            {
                "label": "Net earnings",
                "concept": "NetIncomeLoss",
                "unit": "usd",
                "value": 412000000
            },
            {
                "label": "Depreciation",
                "concept": "Depreciation",
                "unit": "usd",
                "value": 76000000
            },
            {
                "label": "Amortization of intangible assets",
                "concept": "AdjustmentForAmortization",
                "unit": "usd",
                "value": 114000000
            },
            {
                "label": "Share-based compensation",
                "concept": "ShareBasedCompensation",
                "unit": "usd",
                "value": 35000000
            },
            {
                "label": "Recall charges",
                "concept": "ProductLiabilityAccrualPeriodExpense",
                "unit": "usd",
                "value": 13000000
            },
            {
                "label": "Sale of inventory stepped-up to fair value at acquisition",
                "concept": "syk:SaleOfInventorySteppedUpToFairValueAtAcquisition",
                "unit": "usd",
                "value": 24000000
            },
            {
                "label": "Accounts receivable",
                "concept": "IncreaseDecreaseInAccountsReceivable",
                "unit": "usd",
                "value": -50000000
            },
            {
                "label": "Inventories",
                "concept": "IncreaseDecreaseInInventories",
                "unit": "usd",
                "value": 139000000
            },
            {
                "label": "Accounts payable",
                "concept": "IncreaseDecreaseInAccountsPayableTrade",
                "unit": "usd",
                "value": -12000000
            },
            {
                "label": "Accrued expenses and other liabilities",
                "concept": "IncreaseDecreaseInAccruedLiabilities",
                "unit": "usd",
                "value": -166000000
            },
            {
                "label": "Recall-related payments",
                "concept": "syk:Changeinaccrualforrecallexpenses",
                "unit": "usd",
                "value": -20000000
            },
            {
                "label": "Income taxes",
                "concept": "IncreaseDecreaseInAccruedIncomeTaxesPayable",
                "unit": "usd",
                "value": 9000000
            },
            {
                "label": "Other, net",
                "concept": "IncreaseDecreaseInOtherOperatingCapitalNet",
                "unit": "usd",
                "value": 83000000
            },
            {
                "label": "Net cash provided by operating activities",
                "concept": "NetCashProvidedByUsedInOperatingActivities",
                "unit": "usd",
                "value": 313000000
            },
            {
                "label": "Acquisitions, net of cash acquired",
                "concept": "PaymentsToAcquireBusinessesNetOfCashAcquired",
                "unit": "usd",
                "value": 180000000
            },
            {
                "label": "Purchases of marketable securities",
                "concept": "PaymentsToAcquireMarketableSecurities",
                "unit": "usd",
                "value": 20000000
            },
            {
                "label": "Proceeds from sales of marketable securities",
                "concept": "ProceedsFromSaleAndMaturityOfMarketableSecurities",
                "unit": "usd",
                "value": 19000000
            },
            {
                "label": "Purchases of property, plant and equipment",
                "concept": "PaymentsToAcquirePropertyPlantAndEquipment",
                "unit": "usd",
                "value": 122000000
            },
            {
                "label": "Net cash used in investing activities",
                "concept": "NetCashProvidedByUsedInInvestingActivities",
                "unit": "usd",
                "value": -303000000
            },
            {
                "label": "Proceeds and payments on short-term borrowings, net",
                "concept": "ProceedsFromRepaymentsOfShortTermDebtMaturingInThreeMonthsOrLess",
                "unit": "usd",
                "value": -12000000
            },
            {
                "label": "Proceeds from issuance of long-term debt",
                "concept": "ProceedsFromIssuanceOfLongTermDebt",
                "unit": "usd",
                "value": 0
            },
            {
                "label": "Payments on long-term debt",
                "concept": "RepaymentsOfLongTermDebt",
                "unit": "usd",
                "value": 1341000000
            },
            {
                "label": "Dividends paid",
                "concept": "PaymentsOfDividends",
                "unit": "usd",
                "value": 195000000
            },
            {
                "label": "Repurchases of common stock",
                "concept": "PaymentsForRepurchaseOfCommonStock",
                "unit": "usd",
                "value": 307000000
            },
            {
                "label": "Cash paid for taxes from withheld shares",
                "concept": "ExcessTaxBenefitFromShareBasedCompensationFinancingActivities",
                "unit": "usd",
                "value": -97000000
            },
            {
                "label": "Payments to purchase noncontrolling interest",
                "concept": "PaymentsToMinorityShareholders",
                "unit": "usd",
                "value": 0
            },
            {
                "label": "Other financing, net",
                "concept": "ProceedsFromPaymentsForOtherFinancingActivities",
                "unit": "usd",
                "value": 5000000
            },
            {
                "label": "Net cash (used in) provided by financing activities",
                "concept": "NetCashProvidedByUsedInFinancingActivities",
                "unit": "usd",
                "value": -1947000000
            },
            {
                "label": "Effect of exchange rate changes on cash and cash equivalents",
                "concept": "EffectOfExchangeRateOnCashAndCashEquivalents",
                "unit": "usd",
                "value": -5000000
            },
            {
                "label": "Change in cash and cash equivalents",
                "concept": "CashAndCashEquivalentsPeriodIncreaseDecrease",
                "unit": "usd",
                "value": -1942000000
            }
        ],
        "ic": [
            {
                "label": "Cost of sales",
                "concept": "CostOfRevenue",
                "unit": "usd",
                "value": 1233000000
            },
            {
                "label": "Gross profit",
                "concept": "GrossProfit",
                "unit": "usd",
                "value": 2283000000
            },
            {
                "label": "Research, development and engineering expenses",
                "concept": "ResearchAndDevelopmentExpense",
                "unit": "usd",
                "value": 225000000
            },
            {
                "label": "Selling, general and administrative expenses",
                "concept": "SellingGeneralAndAdministrativeExpense",
                "unit": "usd",
                "value": 1403000000
            },
            {
                "label": "Amortization of intangible assets",
                "concept": "AmortizationOfIntangibleAssets",
                "unit": "usd",
                "value": 114000000
            },
            {
                "label": "Total operating expenses",
                "concept": "OperatingExpenses",
                "unit": "usd",
                "value": 1755000000
            },
            {
                "label": "Operating income",
                "concept": "OperatingIncomeLoss",
                "unit": "usd",
                "value": 528000000
            },
            {
                "label": "Other income (expense), net",
                "concept": "NonoperatingIncomeExpense",
                "unit": "usd",
                "value": -48000000
            },
            {
                "label": "Earnings before income taxes",
                "concept": "IncomeLossFromContinuingOperationsBeforeIncomeTaxesMinorityInterestAndIncomeLossFromEquityMethodInvestments",
                "unit": "usd",
                "value": 480000000
            },
            {
                "label": "Income taxes",
                "concept": "IncomeTaxExpenseBenefit",
                "unit": "usd",
                "value": 68000000
            },
            {
                "label": "Net earnings",
                "concept": "NetIncomeLoss",
                "unit": "usd",
                "value": 412000000
            },
            {
                "label": "Basic",
                "concept": "EarningsPerShareBasic",
                "unit": "usd/shares",
                "value": 1.1
            },
            {
                "label": "Diluted",
                "concept": "EarningsPerShareDiluted",
                "unit": "usd/shares",
                "value": 1.09
            },
            {
                "label": "Basic",
                "concept": "WeightedAverageNumberOfSharesOutstandingBasic",
                "unit": "shares",
                "value": 373300000
            },
            {
                "label": "Effect of dilutive employee stock options",
                "concept": "WeightedAverageNumberDilutedSharesOutstandingAdjustment",
                "unit": "shares",
                "value": 6000000
            },
            {
                "label": "Diluted",
                "concept": "WeightedAverageNumberOfDilutedSharesOutstanding",
                "unit": "shares",
                "value": 379300000
            },
            {
                "label": "Cash dividends declared per share of common stock (in dollars per share)",
                "concept": "CommonStockDividendsPerShareDeclared",
                "unit": "usd/shares",
                "value": 0.52
            }
        ]
    }
}