{
    "startDate": "2019-01-01",
    "endDate": "2019-03-31",
    "year": "2019",
    "quarter": "Q2",
    "symbol": "ATO",
    "data": {
        "bs": [
            {
                "label": "Property, plant and equipment",
                "concept": "PublicUtilitiesPropertyPlantAndEquipmentPlantInService",
                "unit": "usd",
                "value": 13272148000
            },
            {
                "label": "Less accumulated depreciation and amortization",
                "concept": "PublicUtilitiesPropertyPlantAndEquipmentAccumulatedDepreciation",
                "unit": "usd",
                "value": 2300414000
            },
            {
                "label": "Net property, plant and equipment",
                "concept": "PublicUtilitiesPropertyPlantAndEquipmentNet",
                "unit": "usd",
                "value": 10971734000
            },
            {
                "label": "Cash and cash equivalents",
                "concept": "CashAndCashEquivalentsAtCarryingValue",
                "unit": "usd",
                "value": 108353000
            },
            {
                "label": "Accounts receivable, net",
                "concept": "AccountsReceivableNetCurrent",
                "unit": "usd",
                "value": 419612000
            },
            {
                "label": "Gas stored underground",
                "concept": "EnergyRelatedInventoryGasStoredUnderground",
                "unit": "usd",
                "value": 78148000
            },
            {
                "label": "Other current assets",
                "concept": "OtherAssetsCurrent",
                "unit": "usd",
                "value": 65068000
            },
            {
                "label": "Total current assets",
                "concept": "AssetsCurrent",
                "unit": "usd",
                "value": 671181000
            },
            {
                "label": "Goodwill",
                "concept": "Goodwill",
                "unit": "usd",
                "value": 730419000
            },
            {
                "label": "Deferred charges and other assets",
                "concept": "OtherAssetsNoncurrent",
                "unit": "usd",
                "value": 301616000
            },
            {
                "label": "Total assets",
                "concept": "Assets",
                "unit": "usd",
                "value": 12674950000
            },
            {
                "label": "Common stock, no par value (stated at $0.005 per share)",
                "concept": "CommonStockValue",
                "unit": "usd",
                "value": 585000
            },
            {
                "label": "Additional paid-in capital",
                "concept": "AdditionalPaidInCapitalCommonStock",
                "unit": "usd",
                "value": 3485794000
            },
            {
                "label": "Accumulated other comprehensive loss",
                "concept": "AccumulatedOtherComprehensiveIncomeLossNetOfTax",
                "unit": "usd",
                "value": -116810000
            },
            {
                "label": "Retained earnings",
                "concept": "RetainedEarningsAccumulatedDeficit",
                "unit": "usd",
                "value": 2138532000
            },
            {
                "label": "Shareholders\u2019 equity",
                "concept": "StockholdersEquity",
                "unit": "usd",
                "value": 5508101000
            },
            {
                "label": "Total capitalization",
                "concept": "CapitalizationLongtermDebtAndEquity",
                "unit": "usd",
                "value": 9036814000
            },
            {
                "label": "Accounts payable and accrued liabilities",
                "concept": "AccountsPayableAndAccruedLiabilitiesCurrent",
                "unit": "usd",
                "value": 244042000
            },
            {
                "label": "Other current liabilities",
                "concept": "OtherLiabilitiesCurrent",
                "unit": "usd",
                "value": 495097000
            },
            {
                "label": "Short-term debt",
                "concept": "ShortTermBorrowings",
                "unit": "usd",
                "value": 0
            },
            {
                "label": "Current maturities of long-term debt",
                "concept": "LongTermDebtCurrent",
                "unit": "usd",
                "value": 125000000
            },
            {
                "label": "Total current liabilities",
                "concept": "LiabilitiesCurrent",
                "unit": "usd",
                "value": 864139000
            },
            {
                "label": "Deferred income taxes",
                "concept": "DeferredTaxLiabilitiesNoncurrent",
                "unit": "usd",
                "value": 1251836000
            },
            {
                "label": "Regulatory excess deferred taxes (See Note 13)",
                "concept": "ato:TaxCutsandJobsActof2017ChangeinTaxRateDeferredTaxLiability",
                "unit": "usd",
                "value": 712681000
            },
            {
                "label": "Regulatory Cost Of Removal Liability Noncurrent",
                "concept": "ato:RegulatoryCostOfRemovalLiabilityNoncurrent",
                "unit": "usd",
                "value": 462249000
            },
            {
                "label": "Pension and postretirement liabilities",
                "concept": "PensionAndOtherPostretirementDefinedBenefitPlansLiabilitiesNoncurrent",
                "unit": "usd",
                "value": 176593000
            },
            {
                "label": "Deferred credits and other liabilities",
                "concept": "OtherLiabilitiesNoncurrent",
                "unit": "usd",
                "value": 170638000
            },
            {
                "label": "Total shareholders' equity and liabilities",
                "concept": "LiabilitiesAndStockholdersEquity",
                "unit": "usd",
                "value": 12674950000
            }
        ],
        "cf": [],
        "ic": [
            {
                "label": "Operating income",
                "concept": "OperatingIncomeLoss",
                "unit": "usd",
                "value": 297677000
            },
            {
                "label": "Income before income taxes",
                "concept": "IncomeLossFromContinuingOperationsBeforeIncomeTaxesMinorityInterestAndIncomeLossFromEquityMethodInvestments",
                "unit": "usd",
                "value": 274960000
            },
            {
                "label": "Income tax expense",
                "concept": "IncomeTaxExpenseBenefit",
                "unit": "usd",
                "value": 60072000
            },
            {
                "label": "Net unrealized holding gains (losses) on available-for-sale securities, net of tax",
                "concept": "OtherComprehensiveIncomeLossAvailableForSaleSecuritiesAdjustmentNetOfTax",
                "unit": "usd",
                "value": 97000
            },
            {
                "label": "Other Comprehensive Income (Loss), Derivatives Qualifying as Hedges, Net of Tax",
                "concept": "OtherComprehensiveIncomeLossDerivativesQualifyingAsHedgesNetOfTax",
                "unit": "usd",
                "value": -2792000
            },
            {
                "label": "Total other comprehensive income (loss)",
                "concept": "OtherComprehensiveIncomeLossNetOfTaxPortionAttributableToParent",
                "unit": "usd",
                "value": -2695000
            },
            {
                "label": "Total comprehensive income",
                "concept": "ComprehensiveIncomeNetOfTax",
                "unit": "usd",
                "value": 212193000
            }
        ]
    }
}