{
    "startDate": "2019-01-01",
    "endDate": "2019-03-31",
    "year": "2019",
    "quarter": "Q1",
    "symbol": "AE",
    "data": {
        "bs": [
            {
                "label": "Cash and cash equivalents",
                "concept": "CashAndCashEquivalentsAtCarryingValue",
                "unit": "usd",
                "value": 130893000
            },
            {
                "label": "Accounts receivable, net of allowance for doubtful accounts of $121 and $153, respectively",
                "concept": "AccountsReceivableNetCurrent",
                "unit": "usd",
                "value": 88095000
            },
            {
                "label": "Accounts receivable \u2013 related party",
                "concept": "AccountsReceivableRelatedPartiesCurrent",
                "unit": "usd",
                "value": "N/A"
            },
            {
                "label": "Inventory",
                "concept": "EnergyRelatedInventory",
                "unit": "usd",
                "value": 29237000
            },
            {
                "label": "Derivative assets",
                "concept": "DerivativeAssetsCurrent",
                "unit": "usd",
                "value": 274000
            },
            {
                "label": "Income tax receivable",
                "concept": "IncomeTaxesReceivable",
                "unit": "usd",
                "value": 1978000
            },
            {
                "label": "Prepayments and other current assets",
                "concept": "PrepaidExpenseAndOtherAssetsCurrent",
                "unit": "usd",
                "value": 1609000
            },
            {
                "label": "Total current assets",
                "concept": "AssetsCurrent",
                "unit": "usd",
                "value": 252086000
            },
            {
                "label": "Property and equipment, net",
                "concept": "PropertyPlantAndEquipmentNet",
                "unit": "usd",
                "value": 48917000
            },
            {
                "label": "Operating lease right-of-use assets",
                "concept": "OperatingLeaseRightOfUseAsset",
                "unit": "usd",
                "value": 10681000
            },
            {
                "label": "Cash deposits and other assets",
                "concept": "ae:CashDepositsAndOtherAssetsNoncurrent",
                "unit": "usd",
                "value": 2951000
            },
            {
                "label": "Total assets",
                "concept": "Assets",
                "unit": "usd",
                "value": 314635000
            },
            {
                "label": "Accounts payable",
                "concept": "AccountsPayableCurrent",
                "unit": "usd",
                "value": 133325000
            },
            {
                "label": "Accounts payable \u2013 related party",
                "concept": "AccountsPayableRelatedPartiesCurrent",
                "unit": "usd",
                "value": 6000
            },
            {
                "label": "Derivative liabilities",
                "concept": "DerivativeLiabilitiesCurrent",
                "unit": "usd",
                "value": 270000
            },
            {
                "label": "Less: Current portion of lease obligation",
                "concept": "FinanceLeaseLiabilityCurrent",
                "unit": "usd",
                "value": 1002000
            },
            {
                "label": "Current portion of operating lease liabilities",
                "concept": "OperatingLeaseLiabilityCurrent",
                "unit": "usd",
                "value": 2160000
            },
            {
                "label": "Other current liabilities",
                "concept": "OtherLiabilitiesCurrent",
                "unit": "usd",
                "value": 8580000
            },
            {
                "label": "Total current liabilities",
                "concept": "LiabilitiesCurrent",
                "unit": "usd",
                "value": 145343000
            },
            {
                "label": "Asset retirement obligations",
                "concept": "AssetRetirementObligationsNoncurrent",
                "unit": "usd",
                "value": 1538000
            },
            {
                "label": "Total long-term lease obligation",
                "concept": "FinanceLeaseLiabilityNoncurrent",
                "unit": "usd",
                "value": 3428000
            },
            {
                "label": "Operating lease liabilities",
                "concept": "OperatingLeaseLiabilityNoncurrent",
                "unit": "usd",
                "value": 8523000
            },
            {
                "label": "Deferred taxes and other liabilities",
                "concept": "DeferredIncomeTaxesAndOtherLiabilitiesNoncurrent",
                "unit": "usd",
                "value": 5104000
            },
            {
                "label": "Total liabilities",
                "concept": "Liabilities",
                "unit": "usd",
                "value": 163936000
            },
            {
                "label": "Commitments and contingencies (Note 13)",
                "concept": "CommitmentsAndContingencies",
                "unit": "usd",
                "value": "N/A"
            },
            {
                "label": "Preferred stock - $1.00 par value, 960,000 shares authorized, none outstanding",
                "concept": "PreferredStockValue",
                "unit": "usd",
                "value": "N/A"
            },
            {
                "label": "Common stock - $0.10 par value, 7,500,000 shares authorized, 4,217,971 and 4,217,596 shares outstanding, respectively",
                "concept": "CommonStockValue",
                "unit": "usd",
                "value": 422000
            },
            {
                "label": "Contributed capital",
                "concept": "AdditionalPaidInCapital",
                "unit": "usd",
                "value": 12071000
            },
            {
                "label": "Retained earnings",
                "concept": "RetainedEarningsAccumulatedDeficit",
                "unit": "usd",
                "value": 138206000
            },
            {
                "label": "Total shareholders\u2019 equity",
                "concept": "StockholdersEquity",
                "unit": "usd",
                "value": 150699000
            },
            {
                "label": "Total liabilities and shareholders\u2019 equity",
                "concept": "LiabilitiesAndStockholdersEquity",
                "unit": "usd",
                "value": 314635000
            }
        ],
        "cf": [
            {
                "label": "Net earnings",
                "concept": "NetIncomeLoss",
                "unit": "usd",
                "value": 4908000
            },
            {
                "label": "Depreciation and amortization",
                "concept": "DepreciationDepletionAndAmortization",
                "unit": "usd",
                "value": 3589000
            },
            {
                "label": "Gains on sales of property",
                "concept": "GainLossOnSaleOfOilAndGasProperty",
                "unit": "usd",
                "value": 178000
            },
            {
                "label": "Provision for doubtful accounts",
                "concept": "ProvisionForDoubtfulAccounts",
                "unit": "usd",
                "value": 32000
            },
            {
                "label": "Stock-based compensation expense",
                "concept": "ShareBasedCompensation",
                "unit": "usd",
                "value": 123000
            },
            {
                "label": "Deferred income taxes",
                "concept": "DeferredIncomeTaxExpenseBenefit",
                "unit": "usd",
                "value": 834000
            },
            {
                "label": "Net change in fair value contracts",
                "concept": "UnrealizedGainLossOnDerivativesAndCommodityContracts",
                "unit": "usd",
                "value": 19000
            },
            {
                "label": "Gain on dissolution of investment",
                "concept": "DeconsolidationGainOrLossAmount",
                "unit": "usd",
                "value": 498000
            },
            {
                "label": "Accounts receivable",
                "concept": "IncreaseDecreaseInAccountsReceivable",
                "unit": "usd",
                "value": 2866000
            },
            {
                "label": "Accounts receivable/payable, affiliates",
                "concept": "IncreaseDecreaseDueFromAffiliates",
                "unit": "usd",
                "value": 23000
            },
            {
                "label": "Inventories",
                "concept": "IncreaseDecreaseInInventories",
                "unit": "usd",
                "value": 6458000
            },
            {
                "label": "Income tax receivable",
                "concept": "IncreaseDecreaseInIncomeTaxesReceivable",
                "unit": "usd",
                "value": 426000
            },
            {
                "label": "Prepayments and other current assets",
                "concept": "IncreaseDecreaseInPrepaidDeferredExpenseAndOtherAssets",
                "unit": "usd",
                "value": 52000
            },
            {
                "label": "Accounts payable",
                "concept": "IncreaseDecreaseInAccountsPayable",
                "unit": "usd",
                "value": 17914000
            },
            {
                "label": "Accrued liabilities",
                "concept": "IncreaseDecreaseInAccruedLiabilities",
                "unit": "usd",
                "value": 2432000
            },
            {
                "label": "Other",
                "concept": "OtherOperatingActivitiesCashFlowStatement",
                "unit": "usd",
                "value": 878000
            },
            {
                "label": "Net cash provided by operating activities",
                "concept": "NetCashProvidedByUsedInOperatingActivities",
                "unit": "usd",
                "value": 21016000
            },
            {
                "label": "Property and equipment additions",
                "concept": "PaymentsToAcquirePropertyPlantAndEquipment",
                "unit": "usd",
                "value": 8351000
            },
            {
                "label": "Proceeds from property sales",
                "concept": "ProceedsFromSaleOfPropertyPlantAndEquipment",
                "unit": "usd",
                "value": 543000
            },
            {
                "label": "Proceeds from dissolution of AREC",
                "concept": "ProceedsFromDivestitureOfBusinesses",
                "unit": "usd",
                "value": 923000
            },
            {
                "label": "Insurance and state collateral (deposits) refunds",
                "concept": "IncreaseDecreaseInDepositOtherAssets",
                "unit": "usd",
                "value": 842000
            },
            {
                "label": "Net cash used in investing activities",
                "concept": "NetCashProvidedByUsedInInvestingActivities",
                "unit": "usd",
                "value": 6043000
            },
            {
                "label": "Principal repayments of finance lease obligations",
                "concept": "RepaymentsOfLongTermCapitalLeaseObligations",
                "unit": "usd",
                "value": 218000
            },
            {
                "label": "Dividends paid on common stock",
                "concept": "PaymentsOfDividendsCommonStock",
                "unit": "usd",
                "value": 928000
            },
            {
                "label": "Net cash used in financing activities",
                "concept": "NetCashProvidedByUsedInFinancingActivities",
                "unit": "usd",
                "value": 1146000
            },
            {
                "label": "Increase in cash and cash equivalents",
                "concept": "CashCashEquivalentsRestrictedCashAndRestrictedCashEquivalentsPeriodIncreaseDecreaseIncludingExchangeRateEffect",
                "unit": "usd",
                "value": 13827000
            }
        ],
        "ic": [
            {
                "label": "Total revenues",
                "concept": "Revenues",
                "unit": "usd",
                "value": 445168000
            },
            {
                "label": "General and administrative",
                "concept": "GeneralAndAdministrativeExpense",
                "unit": "usd",
                "value": 2684000
            },
            {
                "label": "Depreciation and amortization",
                "concept": "DepreciationDepletionAndAmortization",
                "unit": "usd",
                "value": 3589000
            },
            {
                "label": "Total costs and expenses",
                "concept": "CostsAndExpenses",
                "unit": "usd",
                "value": 439915000
            },
            {
                "label": "Operating earnings",
                "concept": "OperatingIncomeLoss",
                "unit": "usd",
                "value": 5253000
            },
            {
                "label": "Gain on dissolution of investment",
                "concept": "DeconsolidationGainOrLossAmount",
                "unit": "usd",
                "value": 498000
            },
            {
                "label": "Interest income",
                "concept": "InvestmentIncomeInterest",
                "unit": "usd",
                "value": 656000
            },
            {
                "label": "Interest expense",
                "concept": "InterestExpense",
                "unit": "usd",
                "value": 65000
            },
            {
                "label": "Total other income (expense), net",
                "concept": "NonoperatingIncomeExpense",
                "unit": "usd",
                "value": 1089000
            },
            {
                "label": "Earnings before income taxes",
                "concept": "IncomeLossFromContinuingOperationsBeforeIncomeTaxesMinorityInterestAndIncomeLossFromEquityMethodInvestments",
                "unit": "usd",
                "value": 6342000
            },
            {
                "label": "Income tax provision",
                "concept": "IncomeTaxExpenseBenefit",
                "unit": "usd",
                "value": 1434000
            },
            {
                "label": "Net earnings",
                "concept": "NetIncomeLoss",
                "unit": "usd",
                "value": 4908000
            },
            {
                "label": "Basic net earnings per common share (in dollars per share)",
                "concept": "EarningsPerShareBasic",
                "unit": "usd/shares",
                "value": 1.16
            },
            {
                "label": "Diluted net earnings per common share (in dollars per share)",
                "concept": "EarningsPerShareDiluted",
                "unit": "usd/shares",
                "value": 1.16
            },
            {
                "label": "Dividends per common share (in dollars per share)",
                "concept": "CommonStockDividendsPerShareDeclared",
                "unit": "usd/shares",
                "value": 0.22
            }
        ]
    }
}