{
    "startDate": "2019-01-01",
    "endDate": "2019-03-31",
    "year": "2019",
    "quarter": "Q1",
    "symbol": "CTBI",
    "data": {
        "bs": [
            {
                "label": "Cash and due from banks",
                "concept": "CashAndDueFromBanks",
                "unit": "usd",
                "value": 49302000
            },
            {
                "label": "Interest bearing deposits",
                "concept": "InterestBearingDepositsInBanks",
                "unit": "usd",
                "value": 200058000
            },
            {
                "label": "Federal funds sold",
                "concept": "FederalFundsSold",
                "unit": "usd",
                "value": 4500000
            },
            {
                "label": "Cash and cash equivalents",
                "concept": "CashAndCashEquivalentsAtCarryingValue",
                "unit": "usd",
                "value": 253860000
            },
            {
                "label": "Certificates of deposit in other banks",
                "concept": "CertificatesOfDepositAtCarryingValue",
                "unit": "usd",
                "value": 1470000
            },
            {
                "label": "Securities available-for-sale at fair value (amortized cost of $601,544 and $602,114, respectively)",
                "concept": "AvailableForSaleSecuritiesDebtSecurities",
                "unit": "usd",
                "value": 599299000
            },
            {
                "label": "Securities held-to-maturity at amortized cost (fair value of $619 and $649, respectively)",
                "concept": "HeldToMaturitySecurities",
                "unit": "usd",
                "value": 619000
            },
            {
                "label": "Equity securities at fair value",
                "concept": "EquitySecuritiesFvNi",
                "unit": "usd",
                "value": 1528000
            },
            {
                "label": "Loans held for sale",
                "concept": "LoansReceivableHeldForSaleNetNotPartOfDisposalGroup",
                "unit": "usd",
                "value": 13649000
            },
            {
                "label": "Loans",
                "concept": "LoansAndLeasesReceivableNetOfDeferredIncome",
                "unit": "usd",
                "value": 3189732000
            },
            {
                "label": "Allowance for loan and lease losses",
                "concept": "LoansAndLeasesReceivableAllowance",
                "unit": "usd",
                "value": 35004000
            },
            {
                "label": "Net loans",
                "concept": "LoansAndLeasesReceivableNetReportedAmount",
                "unit": "usd",
                "value": 3154728000
            },
            {
                "label": "Premises and equipment, net",
                "concept": "PropertyPlantAndEquipmentNet",
                "unit": "usd",
                "value": 44554000
            },
            {
                "label": "Right-of-use asset",
                "concept": "OperatingLeaseRightOfUseAsset",
                "unit": "usd",
                "value": 15128000
            },
            {
                "label": "Federal Home Loan Bank stock",
                "concept": "FederalHomeLoanBankStock",
                "unit": "usd",
                "value": 12261000
            },
            {
                "label": "Federal Reserve Bank stock",
                "concept": "FederalReserveBankStock",
                "unit": "usd",
                "value": 4887000
            },
            {
                "label": "Goodwill",
                "concept": "Goodwill",
                "unit": "usd",
                "value": 65490000
            },
            {
                "label": "Bank owned life insurance",
                "concept": "BankOwnedLifeInsurance",
                "unit": "usd",
                "value": 67433000
            },
            {
                "label": "Mortgage servicing rights",
                "concept": "ServicingAssetAtFairValueAmount",
                "unit": "usd",
                "value": 3390000
            },
            {
                "label": "Other real estate owned",
                "concept": "OtherRealEstateAndForeclosedAssets",
                "unit": "usd",
                "value": 24970000
            },
            {
                "label": "Other assets",
                "concept": "OtherAssets",
                "unit": "usd",
                "value": 50027000
            },
            {
                "label": "Total assets",
                "concept": "Assets",
                "unit": "usd",
                "value": 4313293000
            },
            {
                "label": "Noninterest bearing",
                "concept": "NoninterestBearingDepositLiabilities",
                "unit": "usd",
                "value": 841996000
            },
            {
                "label": "Interest bearing",
                "concept": "InterestBearingDepositLiabilities",
                "unit": "usd",
                "value": 2541107000
            },
            {
                "label": "Total deposits",
                "concept": "Deposits",
                "unit": "usd",
                "value": 3383103000
            },
            {
                "label": "Repurchase agreements",
                "concept": "SecuritiesSoldUnderAgreementsToRepurchase",
                "unit": "usd",
                "value": 237506000
            },
            {
                "label": "Federal funds purchased",
                "concept": "FederalFundsPurchased",
                "unit": "usd",
                "value": 1800000
            },
            {
                "label": "Advances from Federal Home Loan Bank",
                "concept": "AdvancesFromFederalHomeLoanBanks",
                "unit": "usd",
                "value": 431000
            },
            {
                "label": "Long-term debt",
                "concept": "JuniorSubordinatedDebentureOwedToUnconsolidatedSubsidiaryTrust",
                "unit": "usd",
                "value": 59341000
            },
            {
                "label": "Deferred taxes",
                "concept": "DeferredIncomeTaxLiabilitiesNet",
                "unit": "usd",
                "value": 6529000
            },
            {
                "label": "Total",
                "concept": "OperatingLeaseLiability",
                "unit": "usd",
                "value": 15743000
            },
            {
                "label": "Other liabilities",
                "concept": "OtherLiabilities",
                "unit": "usd",
                "value": 31333000
            },
            {
                "label": "Total liabilities",
                "concept": "Liabilities",
                "unit": "usd",
                "value": 3735786000
            },
            {
                "label": "Preferred stock, 300,000 shares authorized and unissued",
                "concept": "PreferredStockValue",
                "unit": "usd",
                "value": 0
            },
            {
                "label": "Common stock, $5 par value, shares authorized 25,000,000; shares outstanding 2019 - 17,767,594; 2018 - 17,732,853",
                "concept": "CommonStockValueOutstanding",
                "unit": "usd",
                "value": 88839000
            },
            {
                "label": "Capital surplus",
                "concept": "AdditionalPaidInCapitalCommonStock",
                "unit": "usd",
                "value": 223426000
            },
            {
                "label": "Retained earnings",
                "concept": "RetainedEarningsAccumulatedDeficit",
                "unit": "usd",
                "value": 267016000
            },
            {
                "label": "Accumulated other comprehensive loss, net of tax",
                "concept": "AccumulatedOtherComprehensiveIncomeLossNetOfTax",
                "unit": "usd",
                "value": -1774000
            },
            {
                "label": "Total shareholders' equity",
                "concept": "StockholdersEquity",
                "unit": "usd",
                "value": 577507000
            },
            {
                "label": "Total liabilities and shareholders' equity",
                "concept": "LiabilitiesAndStockholdersEquity",
                "unit": "usd",
                "value": 4313293000
            }
        ],
        "cf": [
            {
                "label": "Net income",
                "concept": "NetIncomeLoss",
                "unit": "usd",
                "value": 14939000
            },
            {
                "label": "Depreciation and amortization",
                "concept": "DepreciationAmortizationAndAccretionNet",
                "unit": "usd",
                "value": 1427000
            },
            {
                "label": "Deferred taxes",
                "concept": "DeferredIncomeTaxExpenseBenefit",
                "unit": "usd",
                "value": 2008000
            },
            {
                "label": "Stock based compensation expense",
                "concept": "ShareBasedCompensation",
                "unit": "usd",
                "value": 200000
            },
            {
                "label": "Provision for loan losses",
                "concept": "ProvisionForLoanAndLeaseLosses",
                "unit": "usd",
                "value": 190000
            },
            {
                "label": "Gains on sales of loans, net",
                "concept": "GainLossOnSalesOfLoansNet",
                "unit": "usd",
                "value": 330000
            },
            {
                "label": "Securities (gains) losses",
                "concept": "DebtSecuritiesUnrealizedGainLoss",
                "unit": "usd",
                "value": 1000
            },
            {
                "label": "Change in fair market value of equity securities",
                "concept": "IncreaseDecreaseInEquitySecuritiesFvNi",
                "unit": "usd",
                "value": 355000
            },
            {
                "label": "Gains on sale of assets, net",
                "concept": "GainLossOnSaleOfPropertyPlantEquipment",
                "unit": "usd",
                "value": 51000
            },
            {
                "label": "Proceeds from sale of mortgage loans held for sale",
                "concept": "ProceedsFromSaleOfMortgageLoansHeldForSale",
                "unit": "usd",
                "value": 14927000
            },
            {
                "label": "Funding of mortgage loans held for sale",
                "concept": "PaymentsToPurchaseMortgageLoansHeldForSale",
                "unit": "usd",
                "value": 25785000
            },
            {
                "label": "Amortization of securities premiums and discounts, net",
                "concept": "AccretionAmortizationOfDiscountsAndPremiumsInvestments",
                "unit": "usd",
                "value": -1112000
            },
            {
                "label": "Change in cash surrender value of bank owned life insurance",
                "concept": "IncreaseDecreaseInLifeInsuranceLiabilities",
                "unit": "usd",
                "value": -357000
            },
            {
                "label": "Fair value adjustments",
                "concept": "MortgageServicingRightsMSRImpairmentRecovery",
                "unit": "usd",
                "value": -116000
            },
            {
                "label": "Other assets",
                "concept": "IncreaseDecreaseInOtherOperatingAssets",
                "unit": "usd",
                "value": -7082000
            },
            {
                "label": "Other liabilities",
                "concept": "IncreaseDecreaseInOtherOperatingLiabilities",
                "unit": "usd",
                "value": -3622000
            },
            {
                "label": "Net cash provided by (used in) operating activities",
                "concept": "NetCashProvidedByUsedInOperatingActivities",
                "unit": "usd",
                "value": 12090000
            },
            {
                "label": "Purchase of AFS securities",
                "concept": "PaymentsToAcquireAvailableForSaleSecurities",
                "unit": "usd",
                "value": 59583000
            },
            {
                "label": "Proceeds from the sales of AFS securities",
                "concept": "ProceedsFromSaleOfAvailableForSaleSecuritiesDebt",
                "unit": "usd",
                "value": 12550000
            },
            {
                "label": "Proceeds from prepayments and maturities of AFS securities",
                "concept": "ProceedsFromMaturitiesPrepaymentsAndCallsOfAvailableForSaleSecurities",
                "unit": "usd",
                "value": 46491000
            },
            {
                "label": "Proceeds from maturities of HTM securities",
                "concept": "ProceedsFromMaturitiesPrepaymentsAndCallsOfHeldToMaturitySecurities",
                "unit": "usd",
                "value": 30000
            },
            {
                "label": "Change in loans, net",
                "concept": "PaymentsForProceedsFromLoansAndLeases",
                "unit": "usd",
                "value": -18755000
            },
            {
                "label": "Purchase of premises and equipment",
                "concept": "PaymentsToAcquirePropertyPlantAndEquipment",
                "unit": "usd",
                "value": 226000
            },
            {
                "label": "Proceeds from sale and retirement of premises and equipment",
                "concept": "ProceedsFromSaleOfPropertyPlantAndEquipment",
                "unit": "usd",
                "value": 0
            },
            {
                "label": "Redemption of stock by Federal Home Loan Bank",
                "concept": "ProceedsFromSaleOfFederalHomeLoanBankStock",
                "unit": "usd",
                "value": 2452000
            },
            {
                "label": "Proceeds from sale of other real estate and repossessed assets",
                "concept": "ProceedsFromSaleOfWhollyOwnedRealEstateAndRealEstateAcquiredInSettlementOfLoans",
                "unit": "usd",
                "value": 964000
            },
            {
                "label": "Proceeds from settlement of bank owned life insurance",
                "concept": "ProceedsFromLifeInsurancePolicies",
                "unit": "usd",
                "value": 0
            },
            {
                "label": "Net cash provided by (used in) investing activities",
                "concept": "NetCashProvidedByUsedInInvestingActivities",
                "unit": "usd",
                "value": 23883000
            },
            {
                "label": "Change in deposits, net",
                "concept": "IncreaseDecreaseInDeposits",
                "unit": "usd",
                "value": 77153000
            },
            {
                "label": "Change in repurchase agreements and federal funds purchased, net",
                "concept": "IncreaseDecreaseInFederalFundsPurchasedAndSecuritiesSoldUnderAgreementsToRepurchaseNet",
                "unit": "usd",
                "value": 5414000
            },
            {
                "label": "Proceeds from Federal Home Loan Bank advances",
                "concept": "ProceedsFromFederalHomeLoanBankBorrowings",
                "unit": "usd",
                "value": 30000000
            },
            {
                "label": "Payments on advances from Federal Home Loan Bank",
                "concept": "RepaymentsOfFederalHomeLoanBankBorrowings",
                "unit": "usd",
                "value": 30005000
            },
            {
                "label": "Issuance of common stock",
                "concept": "ProceedsFromIssuanceOfCommonStock",
                "unit": "usd",
                "value": 258000
            },
            {
                "label": "Dividends paid",
                "concept": "PaymentsOfDividends",
                "unit": "usd",
                "value": 6383000
            },
            {
                "label": "Net cash provided by financing activities",
                "concept": "NetCashProvidedByUsedInFinancingActivities",
                "unit": "usd",
                "value": 76437000
            },
            {
                "label": "Net increase in cash and cash equivalents",
                "concept": "CashCashEquivalentsRestrictedCashAndRestrictedCashEquivalentsPeriodIncreaseDecreaseExcludingExchangeRateEffect",
                "unit": "usd",
                "value": 112410000
            },
            {
                "label": "Interest paid",
                "concept": "InterestPaidNet",
                "unit": "usd",
                "value": 8830000
            }
        ],
        "ic": [
            {
                "label": "Interest and fees on loans, including loans held for sale",
                "concept": "InterestAndFeeIncomeLoansAndLeasesHeldForSale",
                "unit": "usd",
                "value": 40910000
            },
            {
                "label": "Taxable",
                "concept": "InterestIncomeSecuritiesTaxable",
                "unit": "usd",
                "value": 3163000
            },
            {
                "label": "Tax exempt",
                "concept": "InterestIncomeSecuritiesTaxExempt",
                "unit": "usd",
                "value": 678000
            },
            {
                "label": "Other, including interest on federal funds sold",
                "concept": "InterestIncomeFederalFundsSold",
                "unit": "usd",
                "value": 56000
            },
            {
                "label": "Total interest income",
                "concept": "InterestAndDividendIncomeOperating",
                "unit": "usd",
                "value": 45889000
            },
            {
                "label": "Interest on deposits",
                "concept": "InterestExpenseDeposits",
                "unit": "usd",
                "value": 8075000
            },
            {
                "label": "Interest on repurchase agreements and federal funds purchased",
                "concept": "InterestExpenseFederalFundsPurchasedAndSecuritiesSoldUnderAgreementsToRepurchase",
                "unit": "usd",
                "value": 1156000
            },
            {
                "label": "Interest on advances from Federal Home Loan Bank",
                "concept": "InterestExpenseFederalHomeLoanBankAndFederalReserveBankAdvancesShortTerm",
                "unit": "usd",
                "value": 39000
            },
            {
                "label": "Interest on long-term debt",
                "concept": "InterestExpenseLongTermDebt",
                "unit": "usd",
                "value": 636000
            },
            {
                "label": "Total interest expense",
                "concept": "InterestExpense",
                "unit": "usd",
                "value": 9906000
            },
            {
                "label": "Net interest income",
                "concept": "InterestIncomeExpenseNet",
                "unit": "usd",
                "value": 35983000
            },
            {
                "label": "Provision for loan losses",
                "concept": "ProvisionForLoanAndLeaseLosses",
                "unit": "usd",
                "value": 190000
            },
            {
                "label": "Net interest income after provision for loan losses",
                "concept": "InterestIncomeExpenseAfterProvisionForLoanLoss",
                "unit": "usd",
                "value": 35793000
            },
            {
                "label": "Gains on sales of loans, net",
                "concept": "GainLossOnSalesOfLoansNet",
                "unit": "usd",
                "value": 330000
            },
            {
                "label": "Bank owned life insurance",
                "concept": "BankOwnedLifeInsuranceIncome",
                "unit": "usd",
                "value": 558000
            },
            {
                "label": "Brokerage revenue",
                "concept": "BrokerageCommissionsRevenue",
                "unit": "usd",
                "value": 261000
            },
            {
                "label": "Securities gains (losses)",
                "concept": "DebtAndEquitySecuritiesGainLoss",
                "unit": "usd",
                "value": 356000
            },
            {
                "label": "Other noninterest income",
                "concept": "NoninterestIncomeOtherOperatingIncome",
                "unit": "usd",
                "value": 1397000
            },
            {
                "label": "Total noninterest income",
                "concept": "NoninterestIncome",
                "unit": "usd",
                "value": 12170000
            },
            {
                "label": "Officer salaries and employee benefits",
                "concept": "OfficersCompensation",
                "unit": "usd",
                "value": 3374000
            },
            {
                "label": "Other salaries and employee benefits",
                "concept": "SalariesAndWages",
                "unit": "usd",
                "value": 12585000
            },
            {
                "label": "Occupancy, net",
                "concept": "OccupancyNet",
                "unit": "usd",
                "value": 2051000
            },
            {
                "label": "Equipment",
                "concept": "EquipmentExpense",
                "unit": "usd",
                "value": 739000
            },
            {
                "label": "Data processing",
                "concept": "InformationTechnologyAndDataProcessing",
                "unit": "usd",
                "value": 1763000
            },
            {
                "label": "Legal fees",
                "concept": "LegalFees",
                "unit": "usd",
                "value": 430000
            },
            {
                "label": "Professional fees",
                "concept": "ProfessionalFees",
                "unit": "usd",
                "value": 531000
            },
            {
                "label": "Advertising and marketing",
                "concept": "MarketingAndAdvertisingExpense",
                "unit": "usd",
                "value": 792000
            },
            {
                "label": "FDIC insurance",
                "concept": "FederalDepositInsuranceCorporationPremiumExpense",
                "unit": "usd",
                "value": 177000
            },
            {
                "label": "Other real estate owned provision and expense",
                "concept": "OtherRevenueExpenseFromRealEstateOperations",
                "unit": "usd",
                "value": -771000
            },
            {
                "label": "Repossession expense",
                "concept": "ForeclosedRealEstateExpense",
                "unit": "usd",
                "value": 377000
            },
            {
                "label": "Other noninterest expense",
                "concept": "OtherNoninterestExpense",
                "unit": "usd",
                "value": 3001000
            },
            {
                "label": "Total noninterest expense",
                "concept": "NoninterestExpense",
                "unit": "usd",
                "value": 29083000
            },
            {
                "label": "Income before income taxes",
                "concept": "IncomeLossFromContinuingOperationsBeforeIncomeTaxesMinorityInterestAndIncomeLossFromEquityMethodInvestments",
                "unit": "usd",
                "value": 18880000
            },
            {
                "label": "Income taxes",
                "concept": "IncomeTaxExpenseBenefit",
                "unit": "usd",
                "value": 3941000
            },
            {
                "label": "Net income",
                "concept": "NetIncomeLoss",
                "unit": "usd",
                "value": 14939000
            },
            {
                "label": "Unrealized holding gains (losses) arising during the period",
                "concept": "OtherComprehensiveIncomeUnrealizedHoldingGainLossOnSecuritiesArisingDuringPeriodBeforeTax",
                "unit": "usd",
                "value": 6124000
            },
            {
                "label": "Less: Reclassification adjustments for realized gains included in net income",
                "concept": "OtherComprehensiveIncomeLossReclassificationAdjustmentFromAOCIForSaleOfSecuritiesBeforeTax",
                "unit": "usd",
                "value": 1000
            },
            {
                "label": "Tax expense (benefit)",
                "concept": "OtherComprehensiveIncomeAvailableforsaleSecuritiesTaxPortionAttributableToParent",
                "unit": "usd",
                "value": 1286000
            },
            {
                "label": "Other comprehensive income (loss), net of tax",
                "concept": "OtherComprehensiveIncomeLossNetOfTaxPortionAttributableToParent",
                "unit": "usd",
                "value": 4837000
            },
            {
                "label": "Comprehensive income",
                "concept": "ComprehensiveIncomeNetOfTax",
                "unit": "usd",
                "value": 19776000
            },
            {
                "label": "Basic earnings per share (in dollars per share)",
                "concept": "EarningsPerShareBasic",
                "unit": "usd/shares",
                "value": 0.84
            },
            {
                "label": "Diluted earnings per share (in dollars per share)",
                "concept": "EarningsPerShareDiluted",
                "unit": "usd/shares",
                "value": 0.84
            },
            {
                "label": "Weighted average shares outstanding-basic (in shares)",
                "concept": "WeightedAverageNumberOfSharesOutstandingBasic",
                "unit": "shares",
                "value": 17712000
            },
            {
                "label": "Weighted average shares outstanding-diluted (in shares)",
                "concept": "WeightedAverageNumberOfDilutedSharesOutstanding",
                "unit": "shares",
                "value": 17723000
            }
        ]
    }
}