{
    "startDate": "2019-01-01",
    "endDate": "2019-03-31",
    "year": "2019",
    "quarter": "Q1",
    "symbol": "MSA",
    "data": {
        "bs": [
            {
                "label": "Trade receivables, less allowance for doubtful accounts of $5,115 and $5,369",
                "concept": "AccountsReceivableNetCurrent",
                "unit": "usd",
                "value": 253351000
            },
            {
                "label": "Inventories (Note 3)",
                "concept": "InventoryNet",
                "unit": "usd",
                "value": 172663000
            },
            {
                "label": "Investments, short-term (Note 17)",
                "concept": "Investments",
                "unit": "usd",
                "value": 73619000
            },
            {
                "label": "Prepaid income taxes",
                "concept": "IncomeTaxesReceivable",
                "unit": "usd",
                "value": 12252000
            },
            {
                "label": "Notes receivable, insurance companies (Note 18)",
                "concept": "msa:NotesLoansandFinancingReceivableNetInsuranceCompaniesCurrent",
                "unit": "usd",
                "value": 3600000
            },
            {
                "label": "Prepaid expenses and other current assets",
                "concept": "PrepaidExpenseAndOtherAssetsCurrent",
                "unit": "usd",
                "value": 49652000
            },
            {
                "label": "Total current assets",
                "concept": "AssetsCurrent",
                "unit": "usd",
                "value": 672791000
            },
            {
                "label": "Property, plant and equipment, net (Note 5)",
                "concept": "PropertyPlantAndEquipmentNet",
                "unit": "usd",
                "value": 156099000
            },
            {
                "label": "Operating lease assets, net (Note 14)",
                "concept": "OperatingLeaseRightOfUseAsset",
                "unit": "usd",
                "value": 52020000
            },
            {
                "label": "Prepaid pension cost",
                "concept": "DefinedBenefitPlanAssetsForPlanBenefitsNoncurrent",
                "unit": "usd",
                "value": 61500000
            },
            {
                "label": "Deferred tax assets (Note 10)",
                "concept": "DeferredTaxAssetsNet",
                "unit": "usd",
                "value": 29492000
            },
            {
                "label": "Goodwill (Note 13)",
                "concept": "Goodwill",
                "unit": "usd",
                "value": 415254000
            },
            {
                "label": "Intangible assets (Note 13)",
                "concept": "FiniteLivedIntangibleAssetsNet",
                "unit": "usd",
                "value": 168050000
            },
            {
                "label": "Notes receivable, insurance companies, noncurrent (Note 18)",
                "concept": "msa:NotesLoansandFinancingReceivableNetInsuranceCompaniesNoncurrent",
                "unit": "usd",
                "value": 56368000
            },
            {
                "label": "Insurance receivable (Note 18) and other noncurrent assets",
                "concept": "OtherAssetsNoncurrent",
                "unit": "usd",
                "value": 59794000
            },
            {
                "label": "Total assets",
                "concept": "Assets",
                "unit": "usd",
                "value": 1671368000
            },
            {
                "label": "Notes payable and current portion of long-term debt, net (Note 12)",
                "concept": "DebtCurrent",
                "unit": "usd",
                "value": 20155000
            },
            {
                "label": "Accounts payable",
                "concept": "AccountsPayableCurrent",
                "unit": "usd",
                "value": 75524000
            },
            {
                "label": "Employees\u2019 compensation",
                "concept": "EmployeeRelatedLiabilitiesCurrent",
                "unit": "usd",
                "value": 33740000
            },
            {
                "label": "Insurance and product liability (Note 18)",
                "concept": "LiabilityForClaimsAndClaimsAdjustmentExpense",
                "unit": "usd",
                "value": 32429000
            },
            {
                "label": "Income taxes payable (Note 10)",
                "concept": "AccruedIncomeTaxesCurrent",
                "unit": "usd",
                "value": 8208000
            },
            {
                "label": "Warranty reserve (Note 18) and other current liabilities",
                "concept": "OtherLiabilitiesCurrent",
                "unit": "usd",
                "value": 96214000
            },
            {
                "label": "Total current liabilities",
                "concept": "LiabilitiesCurrent",
                "unit": "usd",
                "value": 266270000
            },
            {
                "label": "Long-term debt, net (Note 12)",
                "concept": "LongTermDebtNoncurrent",
                "unit": "usd",
                "value": 357304000
            },
            {
                "label": "Pensions and other employee benefits",
                "concept": "PensionAndOtherPostretirementDefinedBenefitPlansLiabilitiesNoncurrent",
                "unit": "usd",
                "value": 166294000
            },
            {
                "label": "Noncurrent operating lease liabilities (Note 14)",
                "concept": "OperatingLeaseLiabilityNoncurrent",
                "unit": "usd",
                "value": 41962000
            },
            {
                "label": "Deferred tax liabilities (Note 10)",
                "concept": "DeferredIncomeTaxLiabilitiesNet",
                "unit": "usd",
                "value": 7613000
            },
            {
                "label": "Product liability (Note 18) and other noncurrent liabilities",
                "concept": "OtherLiabilitiesNoncurrent",
                "unit": "usd",
                "value": 168640000
            },
            {
                "label": "Total liabilities",
                "concept": "Liabilities",
                "unit": "usd",
                "value": 1008083000
            },
            {
                "label": "Commitments and contingencies (Note 18)",
                "concept": "CommitmentsAndContingencies",
                "unit": "usd",
                "value": "N/A"
            },
            {
                "label": "Preferred stock, 4 1/2% cumulative, $50 par value (Note 7)",
                "concept": "PreferredStockValueOutstanding",
                "unit": "usd",
                "value": 3569000
            },
            {
                "label": "Common stock, no par value (Note 7)",
                "concept": "CommonStockValueOutstanding",
                "unit": "usd",
                "value": 213099000
            },
            {
                "label": "Treasury shares, at cost (Note 7)",
                "concept": "TreasuryStockValue",
                "unit": "usd",
                "value": 302673000
            },
            {
                "label": "Accumulated other comprehensive loss (Note 6)",
                "concept": "AccumulatedOtherComprehensiveIncomeLossNetOfTax",
                "unit": "usd",
                "value": -204563000
            },
            {
                "label": "Retained earnings",
                "concept": "RetainedEarningsAccumulatedDeficit",
                "unit": "usd",
                "value": 947929000
            },
            {
                "label": "Total MSA Safety Incorporated shareholders' equity",
                "concept": "StockholdersEquity",
                "unit": "usd",
                "value": 657361000
            },
            {
                "label": "Noncontrolling interests",
                "concept": "MinorityInterest",
                "unit": "usd",
                "value": 5924000
            },
            {
                "label": "Total shareholders\u2019 equity",
                "concept": "StockholdersEquityIncludingPortionAttributableToNoncontrollingInterest",
                "unit": "usd",
                "value": 663285000
            },
            {
                "label": "Total liabilities and shareholders\u2019 equity",
                "concept": "LiabilitiesAndStockholdersEquity",
                "unit": "usd",
                "value": 1671368000
            }
        ],
        "cf": [
            {
                "label": "Net income",
                "concept": "ProfitLoss",
                "unit": "usd",
                "value": 23376000
            },
            {
                "label": "Depreciation and amortization",
                "concept": "DepreciationDepletionAndAmortization",
                "unit": "usd",
                "value": 9326000
            },
            {
                "label": "Stock-based compensation (Note 11)",
                "concept": "ShareBasedCompensation",
                "unit": "usd",
                "value": 2745000
            },
            {
                "label": "Pension expense (Note 15)",
                "concept": "PensionExpense",
                "unit": "usd",
                "value": 48000
            },
            {
                "label": "Deferred income tax provision (benefit) (Note 10)",
                "concept": "msa:DeferredIncomeTaxExpenseBenefitIncludingDiscontinuedOperations",
                "unit": "usd",
                "value": 1834000
            },
            {
                "label": "Loss on asset dispositions, net",
                "concept": "GainLossOnSaleOfOtherAssets",
                "unit": "usd",
                "value": -25000
            },
            {
                "label": "Pension contributions (Note 15)",
                "concept": "PensionContributions",
                "unit": "usd",
                "value": 1767000
            },
            {
                "label": "Currency exchange losses, net",
                "concept": "msa:ForeignCurrencyTransactionGainLossIncludingDiscontinuedOperationsbeforeTax",
                "unit": "usd",
                "value": -16961000
            },
            {
                "label": "Product liability expense (Note 18)",
                "concept": "ProductLiabilityAccrualPeriodExpense",
                "unit": "usd",
                "value": 2896000
            },
            {
                "label": "Collections on insurance receivables and notes receivable, insurance companies (Note 18)",
                "concept": "ProceedsFromCollectionOfOtherReceivables",
                "unit": "usd",
                "value": 8122000
            },
            {
                "label": "Product liability payments (Note 18)",
                "concept": "msa:Paymentsonproductliabilityclaims",
                "unit": "usd",
                "value": 20003000
            },
            {
                "label": "Trade receivables",
                "concept": "IncreaseDecreaseInAccountsReceivable",
                "unit": "usd",
                "value": 7720000
            },
            {
                "label": "Inventories (Note 3)",
                "concept": "IncreaseDecreaseInInventories",
                "unit": "usd",
                "value": 16127000
            },
            {
                "label": "Prepaid expenses and other current assets",
                "concept": "IncreaseDecreaseInOtherOperatingAssets",
                "unit": "usd",
                "value": 8055000
            },
            {
                "label": "Accounts payable and accrued liabilities",
                "concept": "IncreaseDecreaseInAccountsPayableAndAccruedLiabilities",
                "unit": "usd",
                "value": -10523000
            },
            {
                "label": "Other noncurrent assets and liabilities",
                "concept": "IncreaseDecreaseInOtherOperatingCapitalNet",
                "unit": "usd",
                "value": -79000
            },
            {
                "label": "Cash Flow From Operating Activities",
                "concept": "NetCashProvidedByUsedInOperatingActivities",
                "unit": "usd",
                "value": 1217000
            },
            {
                "label": "Capital expenditures",
                "concept": "PaymentsToAcquirePropertyPlantAndEquipment",
                "unit": "usd",
                "value": 4897000
            },
            {
                "label": "Purchase of short-term investments (Note 17)",
                "concept": "PaymentsToAcquireInvestments",
                "unit": "usd",
                "value": 52541000
            },
            {
                "label": "Proceeds from maturities of short-term investments (Note 17)",
                "concept": "ProceedsFromMaturitiesPrepaymentsAndCallsOfShorttermInvestments",
                "unit": "usd",
                "value": 33600000
            },
            {
                "label": "Property disposals",
                "concept": "PaymentsForProceedsFromOtherInvestingActivities",
                "unit": "usd",
                "value": -12000
            },
            {
                "label": "Cash Flow Used in Investing Activities",
                "concept": "NetCashProvidedByUsedInInvestingActivities",
                "unit": "usd",
                "value": -23826000
            },
            {
                "label": "Payments on short-term debt, net",
                "concept": "ProceedsFromRepaymentsOfShortTermDebt",
                "unit": "usd",
                "value": 91000
            },
            {
                "label": "Proceeds from long-term debt (Note 12)",
                "concept": "ProceedsFromIssuanceOfLongTermDebt",
                "unit": "usd",
                "value": 133000000
            },
            {
                "label": "Payments on long-term debt (Note 12)",
                "concept": "RepaymentsOfLongTermDebt",
                "unit": "usd",
                "value": 119000000
            },
            {
                "label": "Cash dividends paid",
                "concept": "PaymentsOfDividends",
                "unit": "usd",
                "value": 14652000
            },
            {
                "label": "Company stock purchases (Note 7)",
                "concept": "PaymentsForRepurchaseOfEquity",
                "unit": "usd",
                "value": 7446000
            },
            {
                "label": "Exercise of stock options (Note 7)",
                "concept": "ProceedsFromStockOptionsExercised",
                "unit": "usd",
                "value": 1465000
            },
            {
                "label": "Cash Flow Used in Financing Activities",
                "concept": "NetCashProvidedByUsedInFinancingActivities",
                "unit": "usd",
                "value": -6542000
            },
            {
                "label": "Effect of exchange rate changes on cash, cash equivalents and restricted cash",
                "concept": "EffectOfExchangeRateOnCashCashEquivalentsRestrictedCashAndRestrictedCashEquivalents",
                "unit": "usd",
                "value": -3221000
            },
            {
                "label": "Decrease in cash, cash equivalents and restricted cash",
                "concept": "CashCashEquivalentsRestrictedCashAndRestrictedCashEquivalentsPeriodIncreaseDecreaseIncludingExchangeRateEffect",
                "unit": "usd",
                "value": -32372000
            }
        ],
        "ic": [
            {
                "label": "Cost of products sold",
                "concept": "CostOfGoodsAndServicesSold",
                "unit": "usd",
                "value": 176056000
            },
            {
                "label": "Gross profit",
                "concept": "GrossProfit",
                "unit": "usd",
                "value": 149982000
            },
            {
                "label": "Selling, general and administrative",
                "concept": "SellingGeneralAndAdministrativeExpense",
                "unit": "usd",
                "value": 78429000
            },
            {
                "label": "Research and development",
                "concept": "ResearchAndDevelopmentExpense",
                "unit": "usd",
                "value": 13705000
            },
            {
                "label": "Restructuring charges (Note 4)",
                "concept": "RestructuringCharges",
                "unit": "usd",
                "value": 5831000
            },
            {
                "label": "Currency exchange losses, net (Note 6)",
                "concept": "ForeignCurrencyTransactionGainLossBeforeTax",
                "unit": "usd",
                "value": -16961000
            },
            {
                "label": "Interest expense",
                "concept": "InterestExpense",
                "unit": "usd",
                "value": 2360000
            },
            {
                "label": "Other income, net",
                "concept": "OtherNonoperatingIncomeExpense",
                "unit": "usd",
                "value": 2579000
            },
            {
                "label": "Total other (income) expense, net",
                "concept": "NonoperatingIncomeExpense",
                "unit": "usd",
                "value": 219000
            },
            {
                "label": "Income before income taxes",
                "concept": "IncomeLossFromContinuingOperationsBeforeIncomeTaxesExtraordinaryItemsNoncontrollingInterest",
                "unit": "usd",
                "value": 32379000
            },
            {
                "label": "Provision for income taxes (Note 10)",
                "concept": "IncomeTaxExpenseBenefit",
                "unit": "usd",
                "value": 9003000
            },
            {
                "label": "Net income",
                "concept": "ProfitLoss",
                "unit": "usd",
                "value": 23376000
            },
            {
                "label": "Net income attributable to noncontrolling interests",
                "concept": "NetIncomeLossAttributableToNoncontrollingInterest",
                "unit": "usd",
                "value": 144000
            },
            {
                "label": "Net income attributable to MSA Safety Incorporated",
                "concept": "NetIncomeLoss",
                "unit": "usd",
                "value": 23232000
            },
            {
                "label": "Basic (in dollars per share)",
                "concept": "EarningsPerShareBasic",
                "unit": "usd/shares",
                "value": 0.6
            },
            {
                "label": "Diluted (in dollars per share)",
                "concept": "EarningsPerShareDiluted",
                "unit": "usd/shares",
                "value": 0.59
            },
            {
                "label": "Dividends per common share (in dollars per share)",
                "concept": "CommonStockDividendsPerShareCashPaid",
                "unit": "usd/shares",
                "value": 0.38
            }
        ]
    }
}