{
    "startDate": "2019-01-01",
    "endDate": "2019-03-31",
    "year": "2019",
    "quarter": "Q1",
    "symbol": "TRC",
    "data": {
        "bs": [
            {
                "label": "Cash and cash equivalents",
                "concept": "CashAndCashEquivalentsAtCarryingValue",
                "unit": "usd",
                "value": 7904000
            },
            {
                "label": "Marketable securities - available-for-sale",
                "concept": "AvailableForSaleSecuritiesDebtSecuritiesCurrent",
                "unit": "usd",
                "value": 60270000
            },
            {
                "label": "Accounts receivable",
                "concept": "AccountsReceivableNetCurrent",
                "unit": "usd",
                "value": 9655000
            },
            {
                "label": "Inventories",
                "concept": "InventoryNet",
                "unit": "usd",
                "value": 5179000
            },
            {
                "label": "Prepaid expenses and other current assets",
                "concept": "PrepaidExpenseAndOtherAssetsCurrent",
                "unit": "usd",
                "value": 3654000
            },
            {
                "label": "Total current assets",
                "concept": "AssetsCurrent",
                "unit": "usd",
                "value": 86662000
            },
            {
                "label": "Real estate and improvements - held for lease, net",
                "concept": "InventoryRealEstateImprovements",
                "unit": "usd",
                "value": 18859000
            },
            {
                "label": "Real estate development (includes $101,331 at March 31, 2019 and $100,311 at December 31, 2018, attributable to Centennial Founders, LLC, Note 15)",
                "concept": "InventoryRealEstateLandAndLandDevelopmentCosts",
                "unit": "usd",
                "value": 287444000
            },
            {
                "label": "Property and equipment, net",
                "concept": "PropertyPlantAndEquipmentNet",
                "unit": "usd",
                "value": 46915000
            },
            {
                "label": "Net investment in water assets",
                "concept": "trc:LongTermAssetsHeldForFutureUseOrSale",
                "unit": "usd",
                "value": 54993000
            },
            {
                "label": "Deferred tax assets",
                "concept": "DeferredIncomeTaxAssetsNet",
                "unit": "usd",
                "value": 1341000
            },
            {
                "label": "Other assets",
                "concept": "OtherAssetsNoncurrent",
                "unit": "usd",
                "value": 2249000
            },
            {
                "label": "TOTAL ASSETS",
                "concept": "Assets",
                "unit": "usd",
                "value": 527966000
            },
            {
                "label": "Trade accounts payable",
                "concept": "AccountsPayableCurrent",
                "unit": "usd",
                "value": 6610000
            },
            {
                "label": "Accrued liabilities and other",
                "concept": "OtherAccruedLiabilitiesCurrent",
                "unit": "usd",
                "value": 3218000
            },
            {
                "label": "Deferred income",
                "concept": "ContractWithCustomerLiabilityCurrent",
                "unit": "usd",
                "value": 1997000
            },
            {
                "label": "Current maturities of long-term debt",
                "concept": "DebtCurrent",
                "unit": "usd",
                "value": 4048000
            },
            {
                "label": "Total current liabilities",
                "concept": "LiabilitiesCurrent",
                "unit": "usd",
                "value": 15873000
            },
            {
                "label": "Long-term deferred gains",
                "concept": "ContractWithCustomerLiabilityNoncurrent",
                "unit": "usd",
                "value": 3405000
            },
            {
                "label": "Other liabilities",
                "concept": "OtherLiabilitiesNoncurrent",
                "unit": "usd",
                "value": 13245000
            },
            {
                "label": "Total liabilities",
                "concept": "Liabilities",
                "unit": "usd",
                "value": 93272000
            },
            {
                "label": "Commitments and contingencies",
                "concept": "CommitmentsAndContingencies",
                "unit": "usd",
                "value": "N/A"
            },
            {
                "label": "Issued and outstanding shares - 26,020,953 at March 31, 2019 and 25,972,080 at December 31, 2018",
                "concept": "CommonStockValue",
                "unit": "usd",
                "value": 13010000
            },
            {
                "label": "Additional paid-in capital",
                "concept": "AdditionalPaidInCapitalCommonStock",
                "unit": "usd",
                "value": 336813000
            },
            {
                "label": "Accumulated other comprehensive loss",
                "concept": "AccumulatedOtherComprehensiveIncomeLossNetOfTax",
                "unit": "usd",
                "value": -5276000
            },
            {
                "label": "Retained earnings",
                "concept": "RetainedEarningsAccumulatedDeficit",
                "unit": "usd",
                "value": 74766000
            },
            {
                "label": "Total Tejon Ranch Co. Stockholders\u2019 Equity",
                "concept": "StockholdersEquity",
                "unit": "usd",
                "value": 419313000
            },
            {
                "label": "Non-controlling interest",
                "concept": "MinorityInterest",
                "unit": "usd",
                "value": 15381000
            },
            {
                "label": "Total equity",
                "concept": "StockholdersEquityIncludingPortionAttributableToNoncontrollingInterest",
                "unit": "usd",
                "value": 434694000
            },
            {
                "label": "TOTAL LIABILITIES AND EQUITY",
                "concept": "LiabilitiesAndStockholdersEquity",
                "unit": "usd",
                "value": 527966000
            }
        ],
        "cf": [
            {
                "label": "Net income",
                "concept": "ProfitLoss",
                "unit": "usd",
                "value": 124000
            },
            {
                "label": "Depreciation and amortization",
                "concept": "DepreciationDepletionAndAmortization",
                "unit": "usd",
                "value": 1089000
            },
            {
                "label": "Amortization of premium/discount of marketable securities",
                "concept": "AccretionAmortizationOfDiscountsAndPremiumsInvestments",
                "unit": "usd",
                "value": 21000
            },
            {
                "label": "Equity in earnings of unconsolidated joint ventures, net",
                "concept": "IncomeLossFromEquityMethodInvestments",
                "unit": "usd",
                "value": 876000
            },
            {
                "label": "Non-cash retirement plan expense",
                "concept": "PensionAndOtherPostretirementBenefitExpense",
                "unit": "usd",
                "value": 77000
            },
            {
                "label": "Loss on sale of property plant and equipment",
                "concept": "GainLossOnDispositionOfAssets",
                "unit": "usd",
                "value": 0
            },
            {
                "label": "Stock compensation expense",
                "concept": "ShareBasedCompensation",
                "unit": "usd",
                "value": 813000
            },
            {
                "label": "Excess tax benefit from stock-based compensation",
                "concept": "ExcessTaxBenefitFromShareBasedCompensationOperatingActivities",
                "unit": "usd",
                "value": -46000
            },
            {
                "label": "Receivables, inventories, prepaids and other assets, net",
                "concept": "IncreaseDecreaseInOperatingAssets",
                "unit": "usd",
                "value": 1385000
            },
            {
                "label": "Current liabilities, net",
                "concept": "IncreaseDecreaseInOperatingLiabilities",
                "unit": "usd",
                "value": -1078000
            },
            {
                "label": "Net cash (used in) provided by operating activities",
                "concept": "NetCashProvidedByUsedInOperatingActivities",
                "unit": "usd",
                "value": -1211000
            },
            {
                "label": "Maturities and sales of marketable securities",
                "concept": "ProceedsFromSaleAndMaturityOfMarketableSecurities",
                "unit": "usd",
                "value": 14567000
            },
            {
                "label": "Funds invested in marketable securities",
                "concept": "PaymentsToAcquireMarketableSecurities",
                "unit": "usd",
                "value": 10865000
            },
            {
                "label": "Real estate and equipment expenditures",
                "concept": "PaymentsToAcquirePropertyPlantAndEquipment",
                "unit": "usd",
                "value": 5112000
            },
            {
                "label": "Reimbursement proceeds from Community Facilities District",
                "concept": "trc:PaymentsForProceedsFromOtherInvestingActivitiesBusinessThree",
                "unit": "usd",
                "value": 0
            },
            {
                "label": "Investment in unconsolidated joint ventures",
                "concept": "PaymentsToAcquireInterestInJointVenture",
                "unit": "usd",
                "value": 100000
            },
            {
                "label": "Distribution of equity from unconsolidated joint ventures",
                "concept": "ProceedsFromEquityMethodInvestmentDividendsOrDistributionsReturnOfCapital",
                "unit": "usd",
                "value": 41000
            },
            {
                "label": "Investments in long-term water assets",
                "concept": "PaymentsToAcquireOtherInvestments",
                "unit": "usd",
                "value": 3502000
            },
            {
                "label": "Net cash used in investing activities",
                "concept": "NetCashProvidedByUsedInInvestingActivities",
                "unit": "usd",
                "value": -4971000
            },
            {
                "label": "Repayments of long-term debt",
                "concept": "RepaymentsOfLongTermDebt",
                "unit": "usd",
                "value": 1007000
            },
            {
                "label": "Rights offering costs",
                "concept": "PaymentsOfStockIssuanceCosts",
                "unit": "usd",
                "value": 0
            },
            {
                "label": "Taxes on vested stock grants",
                "concept": "ProceedsFromPaymentsForOtherFinancingActivities",
                "unit": "usd",
                "value": -815000
            },
            {
                "label": "Net cash used in financing activities",
                "concept": "NetCashProvidedByUsedInFinancingActivities",
                "unit": "usd",
                "value": -1822000
            },
            {
                "label": "Decrease in cash and cash equivalents",
                "concept": "CashCashEquivalentsRestrictedCashAndRestrictedCashEquivalentsPeriodIncreaseDecreaseIncludingExchangeRateEffect",
                "unit": "usd",
                "value": -8004000
            },
            {
                "label": "Accrued capital expenditures included in current liabilities",
                "concept": "trc:ChangeInCapitalExpendituresIncurredButNotYetPaid",
                "unit": "usd",
                "value": 292000
            }
        ],
        "ic": [
            {
                "label": "Total revenues",
                "concept": "RevenueFromContractWithCustomerExcludingAssessedTax",
                "unit": "usd",
                "value": 10662000
            },
            {
                "label": "Total expenses",
                "concept": "CostsAndExpenses",
                "unit": "usd",
                "value": 11694000
            },
            {
                "label": "Operating (loss) income",
                "concept": "OperatingIncomeLoss",
                "unit": "usd",
                "value": -1032000
            },
            {
                "label": "Investment income",
                "concept": "InvestmentIncomeNet",
                "unit": "usd",
                "value": 349000
            },
            {
                "label": "Other income (loss), net",
                "concept": "OtherNonoperatingIncomeExpense",
                "unit": "usd",
                "value": 26000
            },
            {
                "label": "Total other income",
                "concept": "NonoperatingIncomeExpense",
                "unit": "usd",
                "value": 375000
            },
            {
                "label": "(Loss) income from operations before equity in earnings of unconsolidated joint ventures",
                "concept": "IncomeLossFromContinuingOperationsBeforeIncomeTaxesMinorityInterestAndIncomeLossFromEquityMethodInvestments",
                "unit": "usd",
                "value": -657000
            },
            {
                "label": "Equity in earnings of unconsolidated joint ventures, net",
                "concept": "IncomeLossFromEquityMethodInvestments",
                "unit": "usd",
                "value": 876000
            },
            {
                "label": "Income before income tax expense",
                "concept": "IncomeLossFromContinuingOperationsBeforeIncomeTaxesExtraordinaryItemsNoncontrollingInterest",
                "unit": "usd",
                "value": 219000
            },
            {
                "label": "Net income",
                "concept": "ProfitLoss",
                "unit": "usd",
                "value": 124000
            },
            {
                "label": "Net income (loss) attributable to non-controlling interest",
                "concept": "NetIncomeLossAttributableToNoncontrollingInterest",
                "unit": "usd",
                "value": 5000
            },
            {
                "label": "Net income attributable to common stockholders",
                "concept": "NetIncomeLoss",
                "unit": "usd",
                "value": 119000
            },
            {
                "label": "Net income per share attributable to common stockholders, basic (in dollars per share)",
                "concept": "EarningsPerShareBasic",
                "unit": "usd/shares",
                "value": 0.0
            },
            {
                "label": "Net income per share attributable to common stockholders, diluted (in dollars per share)",
                "concept": "EarningsPerShareDiluted",
                "unit": "usd/shares",
                "value": 0.0
            }
        ]
    }
}