{
    "startDate": "2019-01-01",
    "endDate": "2019-03-31",
    "year": "2019",
    "quarter": "Q1",
    "symbol": "AEGN",
    "data": {
        "bs": [
            {
                "label": "Cash and cash equivalents",
                "concept": "CashAndCashEquivalentsAtCarryingValue",
                "unit": "usd",
                "value": 62482000
            },
            {
                "label": "Restricted cash",
                "concept": "RestrictedCashAndCashEquivalentsAtCarryingValue",
                "unit": "usd",
                "value": 1235000
            },
            {
                "label": "Receivables, net of allowances of $9,826 and $9,695, respectively",
                "concept": "ReceivablesNetCurrent",
                "unit": "usd",
                "value": 196954000
            },
            {
                "label": "Retainage",
                "concept": "ContractReceivableRetainage",
                "unit": "usd",
                "value": 31056000
            },
            {
                "label": "Contract assets",
                "concept": "ContractWithCustomerAssetNetCurrent",
                "unit": "usd",
                "value": 59422000
            },
            {
                "label": "Inventories",
                "concept": "InventoryNet",
                "unit": "usd",
                "value": 56221000
            },
            {
                "label": "Prepaid expenses and other current assets",
                "concept": "PrepaidExpenseAndOtherAssetsCurrent",
                "unit": "usd",
                "value": 31431000
            },
            {
                "label": "Assets held for sale",
                "concept": "AssetsOfDisposalGroupIncludingDiscontinuedOperationCurrent",
                "unit": "usd",
                "value": 17479000
            },
            {
                "label": "Total current assets",
                "concept": "AssetsCurrent",
                "unit": "usd",
                "value": 456280000
            },
            {
                "label": "Property, plant & equipment, less accumulated depreciation",
                "concept": "PropertyPlantAndEquipmentNet",
                "unit": "usd",
                "value": 110052000
            },
            {
                "label": "Goodwill",
                "concept": "Goodwill",
                "unit": "usd",
                "value": 260760000
            },
            {
                "label": "Intangible assets, less accumulated amortization",
                "concept": "IntangibleAssetsNetExcludingGoodwill",
                "unit": "usd",
                "value": 116260000
            },
            {
                "label": "Operating lease assets",
                "concept": "OperatingLeaseRightOfUseAsset",
                "unit": "usd",
                "value": 69042000
            },
            {
                "label": "Deferred income tax assets",
                "concept": "DeferredIncomeTaxAssetsNet",
                "unit": "usd",
                "value": 1797000
            },
            {
                "label": "Other assets",
                "concept": "OtherAssetsNoncurrent",
                "unit": "usd",
                "value": 21919000
            },
            {
                "label": "Total other assets",
                "concept": "AssetsNoncurrent",
                "unit": "usd",
                "value": 469778000
            },
            {
                "label": "Total Assets",
                "concept": "Assets",
                "unit": "usd",
                "value": 1036110000
            },
            {
                "label": "Accounts payable",
                "concept": "AccountsPayableCurrent",
                "unit": "usd",
                "value": 54343000
            },
            {
                "label": "Accrued expenses",
                "concept": "AccruedLiabilitiesCurrent",
                "unit": "usd",
                "value": 95551000
            },
            {
                "label": "Contract liabilities",
                "concept": "ContractWithCustomerLiabilityCurrent",
                "unit": "usd",
                "value": 27060000
            },
            {
                "label": "Current maturities of long-term debt",
                "concept": "DebtCurrent",
                "unit": "usd",
                "value": 30625000
            },
            {
                "label": "Liabilities held for sale",
                "concept": "LiabilitiesOfDisposalGroupIncludingDiscontinuedOperationCurrent",
                "unit": "usd",
                "value": 10762000
            },
            {
                "label": "Total current liabilities",
                "concept": "LiabilitiesCurrent",
                "unit": "usd",
                "value": 218341000
            },
            {
                "label": "Long-term debt, less current maturities",
                "concept": "LongTermDebtNoncurrent",
                "unit": "usd",
                "value": 286417000
            },
            {
                "label": "Operating lease liabilities",
                "concept": "OperatingLeaseLiabilityNoncurrent",
                "unit": "usd",
                "value": 54404000
            },
            {
                "label": "Deferred income tax liabilities",
                "concept": "DeferredIncomeTaxLiabilitiesNet",
                "unit": "usd",
                "value": 8669000
            },
            {
                "label": "Other non-current liabilities",
                "concept": "OtherLiabilitiesNoncurrent",
                "unit": "usd",
                "value": 13709000
            },
            {
                "label": "Total liabilities",
                "concept": "Liabilities",
                "unit": "usd",
                "value": 581540000
            },
            {
                "label": "(See Commitments and Contingencies: Note 11)",
                "concept": "CommitmentsAndContingencies",
                "unit": "usd",
                "value": "N/A"
            },
            {
                "label": "Preferred stock, undesignated, $.10 par \u2013 shares authorized 2,000,000; none outstanding",
                "concept": "PreferredStockValue",
                "unit": "usd",
                "value": 0
            },
            {
                "label": "Common stock, $.01 par \u2013 shares authorized 125,000,000; shares issued and outstanding 31,491,872 and 31,922,409, respectively",
                "concept": "CommonStockValue",
                "unit": "usd",
                "value": 315000
            },
            {
                "label": "Additional paid-in capital",
                "concept": "AdditionalPaidInCapital",
                "unit": "usd",
                "value": 111597000
            },
            {
                "label": "Retained earnings",
                "concept": "RetainedEarningsAccumulatedDeficit",
                "unit": "usd",
                "value": 375889000
            },
            {
                "label": "Accumulated other comprehensive loss",
                "concept": "AccumulatedOtherComprehensiveIncomeLossNetOfTax",
                "unit": "usd",
                "value": -40508000
            },
            {
                "label": "Total stockholders\u2019 equity",
                "concept": "StockholdersEquity",
                "unit": "usd",
                "value": 447293000
            },
            {
                "label": "Non-controlling interests",
                "concept": "MinorityInterest",
                "unit": "usd",
                "value": 7277000
            },
            {
                "label": "Total equity",
                "concept": "StockholdersEquityIncludingPortionAttributableToNoncontrollingInterest",
                "unit": "usd",
                "value": 454570000
            },
            {
                "label": "Total Liabilities and Equity",
                "concept": "LiabilitiesAndStockholdersEquity",
                "unit": "usd",
                "value": 1036110000
            }
        ],
        "cf": [
            {
                "label": "Depreciation and amortization",
                "concept": "DepreciationAndAmortization",
                "unit": "usd",
                "value": 8655000
            },
            {
                "label": "Gain on sale of fixed assets",
                "concept": "GainLossOnSaleOfPropertyPlantEquipment",
                "unit": "usd",
                "value": 308000
            },
            {
                "label": "Equity-based compensation expense",
                "concept": "ShareBasedCompensation",
                "unit": "usd",
                "value": 2007000
            },
            {
                "label": "Deferred income taxes",
                "concept": "aegn:DeferredIncomeTaxExpenseCashFlows",
                "unit": "usd",
                "value": 19000
            },
            {
                "label": "Non-cash restructuring charges",
                "concept": "aegn:RestructuringCostsandAssetImpairmentChargesNoncash",
                "unit": "usd",
                "value": -151000
            },
            {
                "label": "Loss on foreign currency transactions",
                "concept": "ForeignCurrencyTransactionGainLossRealized",
                "unit": "usd",
                "value": -772000
            },
            {
                "label": "Other",
                "concept": "OtherNoncashIncomeExpense",
                "unit": "usd",
                "value": -63000
            },
            {
                "label": "Receivables net, retainage and contract assets",
                "concept": "aegn:IncreaseDecreaseinReceivablesnetRetainageandContractAssets",
                "unit": "usd",
                "value": -10388000
            },
            {
                "label": "Inventories",
                "concept": "IncreaseDecreaseInInventories",
                "unit": "usd",
                "value": 1287000
            },
            {
                "label": "Prepaid expenses and other assets",
                "concept": "IncreaseDecreaseInPrepaidDeferredExpenseAndOtherAssets",
                "unit": "usd",
                "value": -433000
            },
            {
                "label": "Accounts payable and accrued expenses",
                "concept": "IncreaseDecreaseInAccountsPayableAndAccruedLiabilities",
                "unit": "usd",
                "value": -18017000
            },
            {
                "label": "Contract liabilities",
                "concept": "IncreaseDecreaseInContractWithCustomerLiability",
                "unit": "usd",
                "value": -4307000
            },
            {
                "label": "Other operating",
                "concept": "IncreaseDecreaseInOtherOperatingCapitalNet",
                "unit": "usd",
                "value": 873000
            },
            {
                "label": "Net cash provided by (used in) operating activities",
                "concept": "NetCashProvidedByUsedInOperatingActivities",
                "unit": "usd",
                "value": -6597000
            },
            {
                "label": "Capital expenditures",
                "concept": "PaymentsToAcquirePropertyPlantAndEquipment",
                "unit": "usd",
                "value": 8064000
            },
            {
                "label": "Proceeds from sale of fixed assets",
                "concept": "ProceedsFromSaleOfPropertyPlantAndEquipment",
                "unit": "usd",
                "value": 293000
            },
            {
                "label": "Patent expenditures",
                "concept": "PaymentsToAcquireIntangibleAssets",
                "unit": "usd",
                "value": 69000
            },
            {
                "label": "Net cash used in investing activities",
                "concept": "NetCashProvidedByUsedInInvestingActivities",
                "unit": "usd",
                "value": -7840000
            },
            {
                "label": "Proceeds from issuance of common stock upon stock option exercises",
                "concept": "ProceedsFromStockOptionsExercised",
                "unit": "usd",
                "value": 956000
            },
            {
                "label": "Repurchase of common stock",
                "concept": "PaymentsForRepurchaseOfCommonStock",
                "unit": "usd",
                "value": 14220000
            },
            {
                "label": "Distributions to non-controlling interests",
                "concept": "PaymentsToMinorityShareholders",
                "unit": "usd",
                "value": 96000
            },
            {
                "label": "Credit facility amendment fees",
                "concept": "PaymentsOfFinancingCosts",
                "unit": "usd",
                "value": 0
            },
            {
                "label": "Payments on notes payable, net",
                "concept": "RepaymentsOfNotesPayable",
                "unit": "usd",
                "value": 138000
            },
            {
                "label": "Proceeds from line of credit, net",
                "concept": "ProceedsFromRepaymentsOfLinesOfCredit",
                "unit": "usd",
                "value": 13000000
            },
            {
                "label": "Principal payments on long-term debt",
                "concept": "RepaymentsOfLongTermDebt",
                "unit": "usd",
                "value": 6563000
            },
            {
                "label": "Net cash used in financing activities",
                "concept": "NetCashProvidedByUsedInFinancingActivities",
                "unit": "usd",
                "value": -7061000
            },
            {
                "label": "Effect of exchange rate changes on cash",
                "concept": "EffectOfExchangeRateOnCashAndCashEquivalents",
                "unit": "usd",
                "value": 329000
            },
            {
                "label": "Net decrease in cash, cash equivalents and restricted cash for the period",
                "concept": "CashCashEquivalentsRestrictedCashAndRestrictedCashEquivalentsPeriodIncreaseDecreaseIncludingExchangeRateEffect",
                "unit": "usd",
                "value": -21169000
            }
        ],
        "ic": [
            {
                "label": "Cost of revenues",
                "concept": "CostOfRevenue",
                "unit": "usd",
                "value": 228609000
            },
            {
                "label": "Gross profit",
                "concept": "GrossProfit",
                "unit": "usd",
                "value": 48295000
            },
            {
                "label": "Operating expenses",
                "concept": "OperatingExpenses",
                "unit": "usd",
                "value": 47870000
            },
            {
                "label": "Acquisition and divestiture expenses",
                "concept": "aegn:AcquisitionAndDivestitureExpenses",
                "unit": "usd",
                "value": 113000
            },
            {
                "label": "Operating income (loss)",
                "concept": "OperatingIncomeLoss",
                "unit": "usd",
                "value": -774000
            },
            {
                "label": "Tax benefit on loss",
                "concept": "IncomeTaxExpenseBenefit",
                "unit": "usd",
                "value": -762000
            },
            {
                "label": "Net loss",
                "concept": "ProfitLoss",
                "unit": "usd",
                "value": -3991000
            },
            {
                "label": "Non-controlling interests income",
                "concept": "NetIncomeLossAttributableToNoncontrollingInterest",
                "unit": "usd",
                "value": 10000
            },
            {
                "label": "Net loss attributable to Aegion Corporation",
                "concept": "NetIncomeLoss",
                "unit": "usd",
                "value": -4001000
            },
            {
                "label": "Basic (in dollars per share)",
                "concept": "EarningsPerShareBasic",
                "unit": "usd/shares",
                "value": -0.13
            },
            {
                "label": "Diluted (in dollars per share)",
                "concept": "EarningsPerShareDiluted",
                "unit": "usd/shares",
                "value": -0.13
            }
        ]
    }
}