{
    "startDate": "2019-01-01",
    "endDate": "2019-03-31",
    "year": "2019",
    "quarter": "Q1",
    "symbol": "CL",
    "data": {
        "bs": [
            {
                "label": "Other assets",
                "concept": "OperatingLeaseRightOfUseAsset",
                "unit": "usd",
                "value": 422000000
            },
            {
                "label": "Other accruals",
                "concept": "OperatingLeaseLiabilityCurrent",
                "unit": "usd",
                "value": 161000000
            },
            {
                "label": "Other liabilities",
                "concept": "OperatingLeaseLiabilityNoncurrent",
                "unit": "usd",
                "value": 369000000
            },
            {
                "label": "Total operating lease liabilities",
                "concept": "OperatingLeaseLiability",
                "unit": "usd",
                "value": 530000000
            }
        ],
        "cf": [
            {
                "label": "Net income including noncontrolling interests",
                "concept": "ProfitLoss",
                "unit": "usd",
                "value": 600000000
            },
            {
                "label": "Depreciation and amortization",
                "concept": "DepreciationDepletionAndAmortization",
                "unit": "usd",
                "value": 128000000
            },
            {
                "label": "Restructuring and termination benefits, net of cash",
                "concept": "cl:RestructuringNetOfCash",
                "unit": "usd",
                "value": 5000000
            },
            {
                "label": "Stock-based compensation expense",
                "concept": "ShareBasedCompensation",
                "unit": "usd",
                "value": 17000000
            },
            {
                "label": "Deferred income taxes",
                "concept": "DeferredIncomeTaxesAndTaxCredits",
                "unit": "usd",
                "value": 53000000
            },
            {
                "label": "Voluntary benefit plan contributions",
                "concept": "PensionAndOtherPostretirementBenefitContributions",
                "unit": "usd",
                "value": 102000000
            },
            {
                "label": "Receivables",
                "concept": "IncreaseDecreaseInReceivables",
                "unit": "usd",
                "value": 145000000
            },
            {
                "label": "Inventories",
                "concept": "IncreaseDecreaseInInventories",
                "unit": "usd",
                "value": 32000000
            },
            {
                "label": "Accounts payable and other accruals",
                "concept": "IncreaseDecreaseInAccountsPayableAndAccruedLiabilities",
                "unit": "usd",
                "value": 44000000
            },
            {
                "label": "Other non-current assets and liabilities",
                "concept": "IncreaseDecreaseInOtherOperatingCapitalNet",
                "unit": "usd",
                "value": -37000000
            },
            {
                "label": "Net cash provided by operations",
                "concept": "NetCashProvidedByUsedInOperatingActivities",
                "unit": "usd",
                "value": 605000000
            },
            {
                "label": "Capital expenditures",
                "concept": "PaymentsToAcquireProductiveAssets",
                "unit": "usd",
                "value": 71000000
            },
            {
                "label": "Purchases of marketable securities and investments",
                "concept": "PaymentsToAcquireMarketableSecurities",
                "unit": "usd",
                "value": 27000000
            },
            {
                "label": "Payment for acquisitions, net of cash acquired",
                "concept": "PaymentsToAcquireBusinessesNetOfCashAcquired",
                "unit": "usd",
                "value": 0
            },
            {
                "label": "Other",
                "concept": "PaymentsForProceedsFromOtherInvestingActivities",
                "unit": "usd",
                "value": 0
            },
            {
                "label": "Net cash used in investing activities",
                "concept": "NetCashProvidedByUsedInInvestingActivities",
                "unit": "usd",
                "value": -98000000
            },
            {
                "label": "Principal payments on debt",
                "concept": "RepaymentsOfDebt",
                "unit": "usd",
                "value": 1774000000
            },
            {
                "label": "Proceeds from issuance of debt",
                "concept": "ProceedsFromIssuanceOfDebt",
                "unit": "usd",
                "value": 2076000000
            },
            {
                "label": "Dividends paid",
                "concept": "PaymentsOfOrdinaryDividends",
                "unit": "usd",
                "value": 366000000
            },
            {
                "label": "Purchases of treasury shares",
                "concept": "PaymentsForRepurchaseOfCommonStock",
                "unit": "usd",
                "value": 399000000
            },
            {
                "label": "Proceeds from exercise of stock options",
                "concept": "ProceedsAndExcessTaxBenefitFromSharebasedCompensation",
                "unit": "usd",
                "value": 71000000
            },
            {
                "label": "Net cash used in financing activities",
                "concept": "NetCashProvidedByUsedInFinancingActivities",
                "unit": "usd",
                "value": -392000000
            },
            {
                "label": "Effect of exchange rate changes on Cash and cash equivalents",
                "concept": "EffectOfExchangeRateOnCashCashEquivalentsRestrictedCashAndRestrictedCashEquivalents",
                "unit": "usd",
                "value": 2000000
            },
            {
                "label": "Net increase (decrease) in Cash and cash equivalents",
                "concept": "CashCashEquivalentsRestrictedCashAndRestrictedCashEquivalentsPeriodIncreaseDecreaseIncludingExchangeRateEffect",
                "unit": "usd",
                "value": 117000000
            },
            {
                "label": "Income taxes paid",
                "concept": "IncomeTaxesPaid",
                "unit": "usd",
                "value": 149000000
            }
        ],
        "ic": [
            {
                "label": "Net sales",
                "concept": "RevenueFromContractWithCustomerExcludingAssessedTax",
                "unit": "usd",
                "value": 3884000000
            },
            {
                "label": "Cost of sales",
                "concept": "CostOfRevenue",
                "unit": "usd",
                "value": 1597000000
            },
            {
                "label": "Gross profit",
                "concept": "GrossProfit",
                "unit": "usd",
                "value": 2287000000
            },
            {
                "label": "Selling, general and administrative expenses",
                "concept": "SellingGeneralAndAdministrativeExpense",
                "unit": "usd",
                "value": 1365000000
            },
            {
                "label": "Other (income) expense, net",
                "concept": "OtherOperatingIncomeExpenseNet",
                "unit": "usd",
                "value": -43000000
            },
            {
                "label": "Operating profit",
                "concept": "OperatingIncomeLoss",
                "unit": "usd",
                "value": 879000000
            },
            {
                "label": "Non-service related postretirement costs",
                "concept": "NetPeriodicDefinedBenefitsExpenseReversalOfExpenseExcludingServiceCostComponent",
                "unit": "usd",
                "value": 25000000
            },
            {
                "label": "Interest (income) expense, net",
                "concept": "cl:InterestExpenseNet",
                "unit": "usd",
                "value": 40000000
            },
            {
                "label": "Income before income taxes",
                "concept": "IncomeLossFromContinuingOperationsBeforeIncomeTaxesExtraordinaryItemsNoncontrollingInterest",
                "unit": "usd",
                "value": 814000000
            },
            {
                "label": "Provision for income taxes",
                "concept": "IncomeTaxExpenseBenefit",
                "unit": "usd",
                "value": 214000000
            },
            {
                "label": "Net income including noncontrolling interests",
                "concept": "ProfitLoss",
                "unit": "usd",
                "value": 600000000
            },
            {
                "label": "Net income attributable to Colgate-Palmolive Company",
                "concept": "NetIncomeLoss",
                "unit": "usd",
                "value": 560000000
            },
            {
                "label": "Earnings per common share, basic (in dollars per share)",
                "concept": "EarningsPerShareBasic",
                "unit": "usd/shares",
                "value": 0.65
            },
            {
                "label": "Earnings per common share, diluted (in dollars per share)",
                "concept": "EarningsPerShareDiluted",
                "unit": "usd/shares",
                "value": 0.65
            }
        ]
    }
}