{
    "startDate": "2018-12-29",
    "endDate": "2019-03-29",
    "year": "2019",
    "quarter": "Q1",
    "symbol": "AXE",
    "data": {
        "bs": [
            {
                "label": "Cash and cash equivalents",
                "concept": "CashAndCashEquivalentsAtCarryingValue",
                "unit": "usd",
                "value": 77000000.0
            },
            {
                "label": "Accounts receivable, net",
                "concept": "AccountsReceivableNetCurrent",
                "unit": "usd",
                "value": 1593700000.0
            },
            {
                "label": "Inventories",
                "concept": "InventoryNet",
                "unit": "usd",
                "value": 1443800000.0
            },
            {
                "label": "Other current assets",
                "concept": "OtherAssetsCurrent",
                "unit": "usd",
                "value": 43600000.0
            },
            {
                "label": "Total current assets",
                "concept": "AssetsCurrent",
                "unit": "usd",
                "value": 3158100000.0
            },
            {
                "label": "Property and equipment, at cost",
                "concept": "PropertyPlantAndEquipmentGross",
                "unit": "usd",
                "value": 404200000.0
            },
            {
                "label": "Accumulated depreciation",
                "concept": "AccumulatedDepreciationDepletionAndAmortizationPropertyPlantAndEquipment",
                "unit": "usd",
                "value": 242500000.0
            },
            {
                "label": "Property and equipment, net",
                "concept": "PropertyPlantAndEquipmentNet",
                "unit": "usd",
                "value": 161700000.0
            },
            {
                "label": "Accounts payable",
                "concept": "AccountsPayableCurrent",
                "unit": "usd",
                "value": 1164000000.0
            },
            {
                "label": "Accrued expenses",
                "concept": "AccruedLiabilitiesCurrent",
                "unit": "usd",
                "value": 278900000.0
            },
            {
                "label": "Current operating lease obligations",
                "concept": "OperatingLeaseLiabilityCurrent",
                "unit": "usd",
                "value": 58700000.0
            },
            {
                "label": "Total current liabilities",
                "concept": "LiabilitiesCurrent",
                "unit": "usd",
                "value": 1501600000.0
            },
            {
                "label": "Long-term debt",
                "concept": "LongTermDebt",
                "unit": "usd",
                "value": 1368300000.0
            },
            {
                "label": "Total liabilities",
                "concept": "Liabilities",
                "unit": "usd",
                "value": 3249000000.0
            },
            {
                "label": "Common stock - $1.00 par value, 100,000,000 shares authorized, 34,071,813 and 33,826,704 shares issued and outstanding at March 29, 2019 and December 28, 2018, respectively",
                "concept": "CommonStockValue",
                "unit": "usd",
                "value": 34100000.0
            },
            {
                "label": "Capital surplus",
                "concept": "AdditionalPaidInCapitalCommonStock",
                "unit": "usd",
                "value": 296600000.0
            },
            {
                "label": "Retained earnings",
                "concept": "RetainedEarningsAccumulatedDeficit",
                "unit": "usd",
                "value": 1560000000.0
            },
            {
                "label": "Foreign currency translation",
                "concept": "AccumulatedOtherComprehensiveIncomeLossForeignCurrencyTranslationAdjustmentNetOfTax",
                "unit": "usd",
                "value": 161700000.0
            },
            {
                "label": "Unrecognized pension liability, net",
                "concept": "AccumulatedOtherComprehensiveIncomeLossDefinedBenefitPensionAndOtherPostretirementPlansNetOfTax",
                "unit": "usd",
                "value": 108300000.0
            },
            {
                "label": "Total accumulated other comprehensive loss",
                "concept": "AccumulatedOtherComprehensiveIncomeLossNetOfTax",
                "unit": "usd",
                "value": 270000000.0
            },
            {
                "label": "Total stockholders\u2019 equity",
                "concept": "StockholdersEquity",
                "unit": "usd",
                "value": 1620700000.0
            }
        ],
        "cf": [
            {
                "label": "Depreciation",
                "concept": "Depreciation",
                "unit": "usd",
                "value": 9300000.0
            },
            {
                "label": "Amortization of intangible assets",
                "concept": "AmortizationOfIntangibleAssets",
                "unit": "usd",
                "value": 8800000.0
            },
            {
                "label": "Stock-based compensation",
                "concept": "ShareBasedCompensation",
                "unit": "usd",
                "value": 4099999.9999999995
            },
            {
                "label": "Deferred income taxes",
                "concept": "IncreaseDecreaseInDeferredIncomeTaxes",
                "unit": "usd",
                "value": 100000.0
            },
            {
                "label": "Pension plan contributions",
                "concept": "PensionContributions",
                "unit": "usd",
                "value": 2100000.0
            },
            {
                "label": "Pension plan expenses",
                "concept": "DefinedBenefitPlanNetPeriodicBenefitCost",
                "unit": "usd",
                "value": 1400000.0
            },
            {
                "label": "Changes in current assets and liabilities, net",
                "concept": "IncreaseDecreaseInOperatingCapital",
                "unit": "usd",
                "value": 175800000.0
            },
            {
                "label": "Other, net",
                "concept": "IncreaseDecreaseInOtherOperatingCapitalNet",
                "unit": "usd",
                "value": 900000.0
            },
            {
                "label": "Net cash used in operating activities",
                "concept": "NetCashProvidedByUsedInOperatingActivities",
                "unit": "usd",
                "value": 114200000.0
            },
            {
                "label": "Capital expenditures, net",
                "concept": "PaymentsForProceedsFromProductiveAssets",
                "unit": "usd",
                "value": 5900000.0
            },
            {
                "label": "Other",
                "concept": "PaymentsForProceedsFromOtherInvestingActivities",
                "unit": "usd",
                "value": "N/A"
            },
            {
                "label": "Net cash used in investing activities",
                "concept": "NetCashProvidedByUsedInInvestingActivities",
                "unit": "usd",
                "value": 5900000.0
            },
            {
                "label": "Proceeds from borrowings",
                "concept": "ProceedsFromLinesOfCredit",
                "unit": "usd",
                "value": 1241500000.0
            },
            {
                "label": "Repayments of borrowings",
                "concept": "RepaymentsOfLinesOfCredit",
                "unit": "usd",
                "value": 1127400000.0
            },
            {
                "label": "Proceeds from stock options exercised",
                "concept": "ProceedsFromStockOptionsExercised",
                "unit": "usd",
                "value": 1000000.0
            },
            {
                "label": "Other, net",
                "concept": "ProceedsFromPaymentsForOtherFinancingActivities",
                "unit": "usd",
                "value": 200000.0
            },
            {
                "label": "Net cash provided by financing activities",
                "concept": "NetCashProvidedByUsedInFinancingActivities",
                "unit": "usd",
                "value": 114900000.0
            },
            {
                "label": "Decrease in cash and cash equivalents",
                "concept": "CashAndCashEquivalentsPeriodIncreaseDecrease",
                "unit": "usd",
                "value": 5200000.0
            },
            {
                "label": "Effect of exchange rate changes on cash balances",
                "concept": "EffectOfExchangeRateOnCashAndCashEquivalents",
                "unit": "usd",
                "value": 1200000.0
            }
        ],
        "ic": [
            {
                "label": "Cost of goods sold",
                "concept": "CostOfGoodsAndServicesSold",
                "unit": "usd",
                "value": 1689600000.0
            },
            {
                "label": "Gross profit",
                "concept": "GrossProfit",
                "unit": "usd",
                "value": 418900000.0
            },
            {
                "label": "Operating expenses",
                "concept": "OperatingExpenses",
                "unit": "usd",
                "value": 344300000.0
            },
            {
                "label": "Operating income",
                "concept": "OperatingIncomeLoss",
                "unit": "usd",
                "value": 74600000.0
            },
            {
                "label": "Interest expense",
                "concept": "InterestExpense",
                "unit": "usd",
                "value": 20400000.0
            },
            {
                "label": "Other, net",
                "concept": "OtherNonoperatingIncomeExpense",
                "unit": "usd",
                "value": 1800000.0
            },
            {
                "label": "Income before income taxes",
                "concept": "IncomeLossFromContinuingOperationsBeforeIncomeTaxesExtraordinaryItemsNoncontrollingInterest",
                "unit": "usd",
                "value": 56000000.0
            },
            {
                "label": "Income tax expense",
                "concept": "IncomeTaxExpenseBenefit",
                "unit": "usd",
                "value": 16900000.0
            },
            {
                "label": "Net income",
                "concept": "NetIncomeLoss",
                "unit": "usd",
                "value": 39100000.0
            },
            {
                "label": "Basic",
                "concept": "EarningsPerShareBasic",
                "unit": "usd/shares",
                "value": 1.15
            },
            {
                "label": "Diluted",
                "concept": "EarningsPerShareDiluted",
                "unit": "usd/shares",
                "value": 1.14
            },
            {
                "label": "Basic weighted-average common shares outstanding",
                "concept": "WeightedAverageNumberOfSharesOutstandingBasic",
                "unit": "shares",
                "value": 33900000.0
            },
            {
                "label": "Stock options and units",
                "concept": "IncrementalCommonSharesAttributableToShareBasedPaymentArrangements",
                "unit": "shares",
                "value": 300000.0
            },
            {
                "label": "Diluted weighted-average common shares outstanding",
                "concept": "WeightedAverageNumberOfDilutedSharesOutstanding",
                "unit": "shares",
                "value": 34200000.0
            },
            {
                "label": "Other comprehensive income (loss)",
                "concept": "OtherComprehensiveIncomeLossNetOfTaxPortionAttributableToParent",
                "unit": "usd",
                "value": 7100000.0
            },
            {
                "label": "Comprehensive income",
                "concept": "ComprehensiveIncomeNetOfTax",
                "unit": "usd",
                "value": 46200000.0
            }
        ]
    }
}