{
    "startDate": "2019-01-01",
    "endDate": "2019-03-31",
    "year": "2019",
    "quarter": "Q1",
    "symbol": "CTWS",
    "data": {
        "bs": [
            {
                "label": "Utility Plant",
                "concept": "PublicUtilitiesPropertyPlantAndEquipmentDistribution",
                "unit": "usd",
                "value": 992169000
            },
            {
                "label": "Construction Work in Progress",
                "concept": "PublicUtilitiesPropertyPlantAndEquipmentConstructionWorkInProgress",
                "unit": "usd",
                "value": 15200000
            },
            {
                "label": "Gross Utility Plant",
                "concept": "PublicUtilitiesPropertyPlantAndEquipmentPlantInService",
                "unit": "usd",
                "value": 1007369000
            },
            {
                "label": "Accumulated Provision for Depreciation",
                "concept": "PublicUtilitiesPropertyPlantAndEquipmentAccumulatedDepreciation",
                "unit": "usd",
                "value": 262237000
            },
            {
                "label": "Net Utility Plant",
                "concept": "PublicUtilitiesPropertyPlantAndEquipmentNet",
                "unit": "usd",
                "value": 745132000
            },
            {
                "label": "Other Property and Investments",
                "concept": "PropertyPlantAndEquipmentOther",
                "unit": "usd",
                "value": 12540000
            },
            {
                "label": "Cash and Cash Equivalents",
                "concept": "CashAndCashEquivalentsAtCarryingValue",
                "unit": "usd",
                "value": 2730000
            },
            {
                "label": "Accounts Receivable (Less Allowance, 2019 - $1,280; 2018 - $1,236)",
                "concept": "AccountsReceivableNetCurrent",
                "unit": "usd",
                "value": 12645000
            },
            {
                "label": "Materials and Supplies",
                "concept": "InventoryRawMaterialsAndSupplies",
                "unit": "usd",
                "value": 1675000
            },
            {
                "label": "Prepayments and Other Current Assets",
                "concept": "ctws:PrepaymentsAndOtherCurrentAssets",
                "unit": "usd",
                "value": 13302000
            },
            {
                "label": "Total Current Assets",
                "concept": "AssetsCurrent",
                "unit": "usd",
                "value": 40115000
            },
            {
                "label": "Restricted Cash",
                "concept": "RestrictedCashAndCashEquivalentsNoncurrent",
                "unit": "usd",
                "value": 965000
            },
            {
                "label": "Unrecovered Income Taxes - Regulatory Asset",
                "concept": "IncomeTaxesReceivableNoncurrent",
                "unit": "usd",
                "value": 78429000
            },
            {
                "label": "Pension Benefits - Regulatory Asset",
                "concept": "ctws:PensionBenefits",
                "unit": "usd",
                "value": 9025000
            },
            {
                "label": "Post-Retirement Benefits Other Than Pension - Regulatory Asset",
                "concept": "ctws:PostRetirementBenefitsOtherThanPension",
                "unit": "usd",
                "value": 129000
            },
            {
                "label": "Goodwill",
                "concept": "Goodwill",
                "unit": "usd",
                "value": 66403000
            },
            {
                "label": "Deferred Charges and Other Costs",
                "concept": "DeferredCosts",
                "unit": "usd",
                "value": 10898000
            },
            {
                "label": "Total Regulatory and Other Long-Term Assets",
                "concept": "RegulatedEntityOtherAssetsNoncurrent",
                "unit": "usd",
                "value": 165849000
            },
            {
                "label": "Total Assets",
                "concept": "Assets",
                "unit": "usd",
                "value": 963636000
            },
            {
                "label": "Common Stock Without Par Value: Authorized - 25,000,000 Shares - Issued and Outstanding: 2019 - 12,063,252; 2018 - 12,054,712",
                "concept": "CommonStockValue",
                "unit": "usd",
                "value": 190899000
            },
            {
                "label": "Accumulated Other Comprehensive Loss",
                "concept": "AccumulatedOtherComprehensiveIncomeLossNetOfTax",
                "unit": "usd",
                "value": -275000
            },
            {
                "label": "Common Stockholders' Equity",
                "concept": "StockholdersEquity",
                "unit": "usd",
                "value": 293282000
            },
            {
                "label": "Long-Term Debt",
                "concept": "LongTermDebtNoncurrent",
                "unit": "usd",
                "value": 257382000
            },
            {
                "label": "Total Capitalization",
                "concept": "CapitalizationLongtermDebtAndEquity",
                "unit": "usd",
                "value": 550664000
            },
            {
                "label": "Debt, Current",
                "concept": "DebtCurrent",
                "unit": "usd",
                "value": 4030000
            },
            {
                "label": "Accounts Payable and Accrued Expenses",
                "concept": "AccountsPayableAndAccruedLiabilitiesCurrent",
                "unit": "usd",
                "value": 7186000
            },
            {
                "label": "Accrued Interest",
                "concept": "InterestPayableCurrent",
                "unit": "usd",
                "value": 1663000
            },
            {
                "label": "Customer Refund Liability, Current",
                "concept": "CustomerRefundLiabilityCurrent",
                "unit": "usd",
                "value": 2548000
            },
            {
                "label": "Other Current Liabilities",
                "concept": "OtherLiabilitiesCurrent",
                "unit": "usd",
                "value": 3126000
            },
            {
                "label": "Total Current Liabilities",
                "concept": "LiabilitiesCurrent",
                "unit": "usd",
                "value": 84501000
            },
            {
                "label": "Advances for Construction",
                "concept": "CustomerAdvancesForConstruction",
                "unit": "usd",
                "value": 25154000
            },
            {
                "label": "Deferred Federal and State Income Taxes",
                "concept": "DeferredTaxLiabilitiesNoncurrent",
                "unit": "usd",
                "value": 31466000
            },
            {
                "label": "Unfunded Future Income Taxes",
                "concept": "ctws:UnfundedFutureIncomeTaxes",
                "unit": "usd",
                "value": 70422000
            },
            {
                "label": "Long-Term Compensation Arrangements",
                "concept": "DeferredCompensationSharebasedArrangementsLiabilityClassifiedNoncurrent",
                "unit": "usd",
                "value": 31698000
            },
            {
                "label": "Unamortized Investment Tax Credits",
                "concept": "AccumulatedDeferredInvestmentTaxCredit",
                "unit": "usd",
                "value": 1038000
            },
            {
                "label": "Excess Accumulated Deferred Income Tax",
                "concept": "ctws:ExcessAccumulatedDeferredIncomeTax",
                "unit": "usd",
                "value": 29469000
            },
            {
                "label": "Refund to Customers - Regulatory Liability",
                "concept": "CustomerRefundLiabilityNoncurrent",
                "unit": "usd",
                "value": 0
            },
            {
                "label": "Other Long-Term Liabilities",
                "concept": "OtherLiabilitiesNoncurrent",
                "unit": "usd",
                "value": 3418000
            },
            {
                "label": "Total Long-Term Liabilities",
                "concept": "LiabilitiesNoncurrent",
                "unit": "usd",
                "value": 192665000
            },
            {
                "label": "Contributions in Aid of Construction",
                "concept": "ContributionsInAidOfConstruction",
                "unit": "usd",
                "value": 135806000
            },
            {
                "label": "Commitments and Contingencies",
                "concept": "CommitmentsAndContingencies",
                "unit": "usd",
                "value": 0
            },
            {
                "label": "Total Capitalization and Liabilities",
                "concept": "LiabilitiesAndStockholdersEquity",
                "unit": "usd",
                "value": 963636000
            }
        ],
        "cf": [
            {
                "label": "Net Additions to Utility Plant Used in Continuing Operations",
                "concept": "PaymentsToAcquirePropertyPlantAndEquipment",
                "unit": "usd",
                "value": 14823000
            },
            {
                "label": "Deferred Revenues",
                "concept": "RecognitionOfDeferredRevenue",
                "unit": "usd",
                "value": 871000
            },
            {
                "label": "Provision for Deferred Income Taxes and Investment Tax Credits, Net",
                "concept": "IncreaseDecreaseInDeferredIncomeTaxes",
                "unit": "usd",
                "value": 341000
            },
            {
                "label": "Allowance for Funds Used During Construction",
                "concept": "IncreaseDecreaseInAllowanceForEquityFundsUsedDuringConstruction",
                "unit": "usd",
                "value": 156000
            },
            {
                "label": "Depreciation (including $423 and $233 in 2019 and 2018, respectively, charged to other accounts)",
                "concept": "Depreciation",
                "unit": "usd",
                "value": 5240000
            },
            {
                "label": "Gain (Loss) on Sale of Properties",
                "concept": "GainLossOnSaleOfProperties",
                "unit": "usd",
                "value": 12000
            },
            {
                "label": "Increase in Accounts Receivable and Accrued Unbilled Revenues",
                "concept": "IncreaseDecreaseInReceivables",
                "unit": "usd",
                "value": -1772000
            },
            {
                "label": "Increase in Prepayments and Other Current Assets",
                "concept": "IncreaseDecreaseInPrepaidDeferredExpenseAndOtherAssets",
                "unit": "usd",
                "value": 3376000
            },
            {
                "label": "(Increase) Decrease in Other Non-Current Items",
                "concept": "IncreaseDecreaseInOtherOperatingCapitalNet",
                "unit": "usd",
                "value": -1638000
            },
            {
                "label": "Increase in Accounts Payable, Accrued Expenses and Other Current Liabilities",
                "concept": "IncreaseDecreaseInAccountsPayableAndAccruedLiabilities",
                "unit": "usd",
                "value": -554000
            },
            {
                "label": "Total Adjustments",
                "concept": "AdjustmentsToReconcileNetIncomeLossToCashProvidedByUsedInOperatingActivities",
                "unit": "usd",
                "value": 3340000
            },
            {
                "label": "Net Cash and Cash Equivalents Provided by Operating Activities",
                "concept": "NetCashProvidedByUsedInOperatingActivities",
                "unit": "usd",
                "value": 5578000
            },
            {
                "label": "Net Cash and Cash Equivalents Used in Investing Activities",
                "concept": "NetCashProvidedByUsedInInvestingActivities",
                "unit": "usd",
                "value": -14823000
            },
            {
                "label": "Proceeds from Interim Bank Loans",
                "concept": "ProceedsFromBankDebt",
                "unit": "usd",
                "value": 65948000
            },
            {
                "label": "Repayment of Interim Bank Loans",
                "concept": "RepaymentsOfBankDebt",
                "unit": "usd",
                "value": 54249000
            },
            {
                "label": "Proceeds from the Issuance of Long-Term Debt",
                "concept": "ProceedsFromIssuanceOfLongTermDebt",
                "unit": "usd",
                "value": 1686000
            },
            {
                "label": "Proceeds from Issuance of Common Stock",
                "concept": "ProceedsFromIssuanceOfCommonStock",
                "unit": "usd",
                "value": 278000
            },
            {
                "label": "Costs to Issue Long-Term Debt and Common Stock",
                "concept": "PaymentOfFinancingAndStockIssuanceCosts",
                "unit": "usd",
                "value": 17000
            },
            {
                "label": "Repayment of Long-Term Debt Including Current Portion",
                "concept": "RepaymentsOfLongTermDebt",
                "unit": "usd",
                "value": 1224000
            },
            {
                "label": "Advances from Others for Construction",
                "concept": "ProceedsFromAdvancesForConstruction",
                "unit": "usd",
                "value": 1430000
            },
            {
                "label": "Cash Dividends Paid",
                "concept": "PaymentsOfDividends",
                "unit": "usd",
                "value": 3768000
            },
            {
                "label": "Net Cash and Cash Equivalents (Used in) Provided by Financing Activities",
                "concept": "NetCashProvidedByUsedInFinancingActivities",
                "unit": "usd",
                "value": 10084000
            },
            {
                "label": "Cash, Cash Equivalents, Restricted Cash and Restricted Cash Equivalents, Period Increase (Decrease), Excluding Exchange Rate Effect",
                "concept": "CashCashEquivalentsRestrictedCashAndRestrictedCashEquivalentsPeriodIncreaseDecreaseExcludingExchangeRateEffect",
                "unit": "usd",
                "value": 839000
            },
            {
                "label": "Non-Cash Contributed Utility Plant",
                "concept": "NoncashOrPartNoncashAcquisitionFixedAssetsAcquired1",
                "unit": "usd",
                "value": 1140000
            },
            {
                "label": "Interest",
                "concept": "InterestPaid",
                "unit": "usd",
                "value": 3087000
            },
            {
                "label": "State and Federal Income Taxes",
                "concept": "IncomeTaxesPaid",
                "unit": "usd",
                "value": 130000
            }
        ],
        "ic": [
            {
                "label": "Retained Earnings before Dividends",
                "concept": "ctws:RetainedEarningsBeforeDividends",
                "unit": "usd",
                "value": 106426000
            },
            {
                "label": "Cumulative Preferred, Class A, $0.20 per share for the three months ended March 31, 2018",
                "concept": "DividendsPreferredStock",
                "unit": "usd",
                "value": 0
            },
            {
                "label": "Common Stock - $0.3125 per share and $0.2975 per share for the three months ended March 31, 2019 and 2018, respectively",
                "concept": "DividendsCommonStock",
                "unit": "usd",
                "value": 3768000
            },
            {
                "label": "Total Dividends Declared",
                "concept": "Dividends",
                "unit": "usd",
                "value": 3768000
            }
        ]
    }
}