{
    "startDate": "2018-12-30",
    "endDate": "2019-03-30",
    "year": "2019",
    "quarter": "Q1",
    "symbol": "WMK",
    "data": {
        "bs": [
            {
                "label": "Cash and Cash Equivalents, at Carrying Value",
                "concept": "CashAndCashEquivalentsAtCarryingValue",
                "unit": "usd",
                "value": 31787000
            },
            {
                "label": "Cash and Cash Equivalents, at Carrying Value",
                "concept": "CashAndCashEquivalentsAtCarryingValue",
                "unit": "usd",
                "value": 31787000
            }
        ],
        "cf": [
            {
                "label": "Net Income (Loss) Attributable to Parent",
                "concept": "NetIncomeLoss",
                "unit": "usd",
                "value": 14304000
            },
            {
                "label": "Depreciation, Depletion and Amortization",
                "concept": "DepreciationDepletionAndAmortization",
                "unit": "usd",
                "value": 23125000
            },
            {
                "label": "Gain (Loss) on Sale of Property Plant Equipment",
                "concept": "GainLossOnSaleOfPropertyPlantEquipment",
                "unit": "usd",
                "value": -608000
            },
            {
                "label": "Gain (Loss) on Sale of Investments",
                "concept": "AvailableForSaleSecuritiesGrossRealizedGainLossNet",
                "unit": "usd",
                "value": 0
            },
            {
                "label": "Unrealized Gain (Loss) on Investments",
                "concept": "UnrealizedGainLossOnInvestments",
                "unit": "usd",
                "value": 625000
            },
            {
                "label": "Deferred Income Tax Expense (Benefit)",
                "concept": "DeferredIncomeTaxExpenseBenefit",
                "unit": "usd",
                "value": -1014000
            },
            {
                "label": "Increase (Decrease) in Inventories",
                "concept": "IncreaseDecreaseInInventories",
                "unit": "usd",
                "value": -138000
            },
            {
                "label": "The net change during the reporting period of the sum of amounts due within one year (or one business cycle) from customers for the credit sale of goods and services.  Also includes the net change during the reporting period in the amount of outstanding money paid in advance for goods or services that bring economic benefits for future periods.",
                "concept": "wmk:IncreaseDecreaseInAccountsReceivableAndPrepaidExpenses",
                "unit": "usd",
                "value": -9894000
            },
            {
                "label": "Increase (Decrease) in Accounts Payable and Accrued Liabilities",
                "concept": "IncreaseDecreaseInAccountsPayableAndAccruedLiabilities",
                "unit": "usd",
                "value": -18912000
            },
            {
                "label": "Increase (Decrease) in Income Taxes Payable, Net of Income Taxes Receivable",
                "concept": "IncreaseDecreaseInIncomeTaxesPayableNetOfIncomeTaxesReceivable",
                "unit": "usd",
                "value": 5553000
            },
            {
                "label": "Increase (Decrease) in Other Operating Assets and Liabilities, Net",
                "concept": "IncreaseDecreaseInOtherOperatingCapitalNet",
                "unit": "usd",
                "value": -588000
            },
            {
                "label": "Net Cash Provided by (Used in) Operating Activities",
                "concept": "NetCashProvidedByUsedInOperatingActivities",
                "unit": "usd",
                "value": 33659000
            },
            {
                "label": "Payments to Acquire Property, Plant, and Equipment",
                "concept": "PaymentsToAcquirePropertyPlantAndEquipment",
                "unit": "usd",
                "value": 24444000
            },
            {
                "label": "Proceeds from Sale of Property, Plant, and Equipment",
                "concept": "ProceedsFromSaleOfPropertyPlantAndEquipment",
                "unit": "usd",
                "value": 84000
            },
            {
                "label": "Payments to Acquire Available-for-sale Securities",
                "concept": "PaymentsToAcquireAvailableForSaleSecurities",
                "unit": "usd",
                "value": 3960000
            },
            {
                "label": "Proceeds from Maturities, Prepayments and Calls of Held-to-maturity Securities",
                "concept": "ProceedsFromMaturitiesPrepaymentsAndCallsOfAvailableForSaleSecurities",
                "unit": "usd",
                "value": 235000
            },
            {
                "label": "Proceeds from Sale of Held-to-maturity Securities",
                "concept": "ProceedsFromSaleOfAvailableForSaleSecurities",
                "unit": "usd",
                "value": 0
            },
            {
                "label": "Payments to Acquire Intangible Assets",
                "concept": "PaymentsToAcquireIntangibleAssets",
                "unit": "usd",
                "value": 540000
            },
            {
                "label": "The net cash outflow during the period to acquire investments in level 1 mutual funds related to a non-qualified supplemental executive retirement plan and a non-qualified pharmacist deferred compensation plan for certain of its associates.",
                "concept": "wmk:PaymentsForSerpInvestments",
                "unit": "usd",
                "value": 2716000
            },
            {
                "label": "Net Cash Provided by (Used in) Investing Activities",
                "concept": "NetCashProvidedByUsedInInvestingActivities",
                "unit": "usd",
                "value": -31341000
            },
            {
                "label": "Repayments of Long-term Debt",
                "concept": "RepaymentsOfLongTermDebt",
                "unit": "usd",
                "value": 0
            },
            {
                "label": "Payments of Dividends, Common Stock",
                "concept": "PaymentsOfDividendsCommonStock",
                "unit": "usd",
                "value": 8339000
            },
            {
                "label": "Net Cash Provided by (Used in) Financing Activities",
                "concept": "NetCashProvidedByUsedInFinancingActivities",
                "unit": "usd",
                "value": -8339000
            },
            {
                "label": "Cash and Cash Equivalents, Period Increase (Decrease)",
                "concept": "CashAndCashEquivalentsPeriodIncreaseDecrease",
                "unit": "usd",
                "value": -6021000
            }
        ],
        "ic": [
            {
                "label": "Net Income (Loss) Attributable to Parent",
                "concept": "NetIncomeLoss",
                "unit": "usd",
                "value": 14304000
            },
            {
                "label": "Unrealized holding gains arising during period, tax",
                "concept": "OtherComprehensiveIncomeLossAvailableForSaleSecuritiesAdjustmentBeforeReclassificationAdjustmentsNetOfTax",
                "unit": "usd",
                "value": 621000
            },
            {
                "label": "Other Comprehensive Income (Loss), Net of Tax, Portion Attributable to Parent",
                "concept": "OtherComprehensiveIncomeLossNetOfTaxPortionAttributableToParent",
                "unit": "usd",
                "value": 621000
            },
            {
                "label": "Comprehensive Income (Loss), Net of Tax, Attributable to Parent",
                "concept": "ComprehensiveIncomeNetOfTax",
                "unit": "usd",
                "value": 14925000
            }
        ]
    }
}