{
    "startDate": "2019-01-01",
    "endDate": "2019-03-31",
    "year": "2019",
    "quarter": "Q2",
    "symbol": "BDX",
    "data": {
        "bs": [
            {
                "label": "Cash and equivalents",
                "concept": "CashAndCashEquivalentsAtCarryingValue",
                "unit": "usd",
                "value": 686000000
            },
            {
                "label": "Restricted cash",
                "concept": "RestrictedCashAndInvestmentsCurrent",
                "unit": "usd",
                "value": 81000000
            },
            {
                "label": "Short-term investments",
                "concept": "OtherShortTermInvestments",
                "unit": "usd",
                "value": 10000000
            },
            {
                "label": "Trade receivables, net",
                "concept": "AccountsReceivableNetCurrent",
                "unit": "usd",
                "value": 2279000000
            },
            {
                "label": "Materials",
                "concept": "InventoryRawMaterialsNetOfReserves",
                "unit": "usd",
                "value": 555000000
            },
            {
                "label": "Work in process",
                "concept": "InventoryWorkInProcessNetOfReserves",
                "unit": "usd",
                "value": 325000000
            },
            {
                "label": "Finished products",
                "concept": "InventoryFinishedGoodsNetOfReserves",
                "unit": "usd",
                "value": 1748000000
            },
            {
                "label": "Inventories",
                "concept": "InventoryNet",
                "unit": "usd",
                "value": 2627000000
            },
            {
                "label": "Prepaid expenses and other",
                "concept": "OtherAssetsCurrent",
                "unit": "usd",
                "value": 1161000000
            },
            {
                "label": "Total Current Assets",
                "concept": "AssetsCurrent",
                "unit": "usd",
                "value": 6844000000
            },
            {
                "label": "Property, Plant and Equipment",
                "concept": "PropertyPlantAndEquipmentGross",
                "unit": "usd",
                "value": 10875000000
            },
            {
                "label": "Less allowances for depreciation and amortization",
                "concept": "AccumulatedDepreciationDepletionAndAmortizationPropertyPlantAndEquipment",
                "unit": "usd",
                "value": 5402000000
            },
            {
                "label": "Property, Plant and Equipment, Net",
                "concept": "PropertyPlantAndEquipmentNet",
                "unit": "usd",
                "value": 5473000000
            },
            {
                "label": "Goodwill",
                "concept": "Goodwill",
                "unit": "usd",
                "value": 23513000000
            },
            {
                "label": "Developed Technology, Net",
                "concept": "bdx:CoreAndDevelopedTechnologyNet",
                "unit": "usd",
                "value": 11625000000
            },
            {
                "label": "Customer Relationships, Net",
                "concept": "bdx:FiniteLivedCustomerRelationshipsNet",
                "unit": "usd",
                "value": 3564000000
            },
            {
                "label": "Other Intangibles, Net",
                "concept": "OtherIntangibleAssetsNet",
                "unit": "usd",
                "value": 518000000
            },
            {
                "label": "Other Assets",
                "concept": "OtherAssetsNoncurrent",
                "unit": "usd",
                "value": 1061000000
            },
            {
                "label": "Total Assets",
                "concept": "Assets",
                "unit": "usd",
                "value": 52598000000
            },
            {
                "label": "Short-term debt",
                "concept": "DebtCurrent",
                "unit": "usd",
                "value": 3057000000
            },
            {
                "label": "Payables and accrued expenses",
                "concept": "AccountsPayableAndAccruedLiabilitiesCurrent",
                "unit": "usd",
                "value": 4050000000
            },
            {
                "label": "Total Current Liabilities",
                "concept": "LiabilitiesCurrent",
                "unit": "usd",
                "value": 7108000000
            },
            {
                "label": "Long-Term Debt",
                "concept": "LongTermDebtNoncurrent",
                "unit": "usd",
                "value": 17556000000
            },
            {
                "label": "Long-Term Employee Benefit Obligations",
                "concept": "PensionAndOtherPostretirementDefinedBenefitPlansLiabilitiesNoncurrent",
                "unit": "usd",
                "value": 815000000
            },
            {
                "label": "Deferred Income Taxes and Other",
                "concept": "OtherLiabilitiesNoncurrent",
                "unit": "usd",
                "value": 5810000000
            },
            {
                "label": "Commitments and Contingencies",
                "concept": "CommitmentsAndContingencies",
                "unit": "usd",
                "value": "N/A"
            },
            {
                "label": "Preferred stock",
                "concept": "PreferredStockValue",
                "unit": "usd",
                "value": 2000000
            },
            {
                "label": "Common stock",
                "concept": "CommonStockValue",
                "unit": "usd",
                "value": 347000000
            },
            {
                "label": "Capital in excess of par value",
                "concept": "AdditionalPaidInCapitalCommonStock",
                "unit": "usd",
                "value": 16177000000
            },
            {
                "label": "Retained earnings",
                "concept": "RetainedEarningsAccumulatedDeficit",
                "unit": "usd",
                "value": 12792000000
            },
            {
                "label": "Deferred compensation",
                "concept": "bdx:CommonStockSharesHeldInEmployeeTrust1",
                "unit": "usd",
                "value": 23000000
            },
            {
                "label": "Common stock in treasury - at cost",
                "concept": "TreasuryStockValue",
                "unit": "usd",
                "value": 6192000000
            },
            {
                "label": "Accumulated other comprehensive loss",
                "concept": "AccumulatedOtherComprehensiveIncomeLossNetOfTax",
                "unit": "usd",
                "value": -1839000000
            },
            {
                "label": "Total Shareholders\u2019 Equity",
                "concept": "StockholdersEquity",
                "unit": "usd",
                "value": 21309000000
            },
            {
                "label": "Total Liabilities and Shareholders\u2019 Equity",
                "concept": "LiabilitiesAndStockholdersEquity",
                "unit": "usd",
                "value": 52598000000
            }
        ],
        "cf": [],
        "ic": [
            {
                "label": "Cost of products sold",
                "concept": "CostOfGoodsAndServicesSold",
                "unit": "usd",
                "value": 2221000000
            },
            {
                "label": "Selling and administrative expense",
                "concept": "SellingGeneralAndAdministrativeExpense",
                "unit": "usd",
                "value": 1089000000
            },
            {
                "label": "Research and development expense",
                "concept": "ResearchAndDevelopmentExpense",
                "unit": "usd",
                "value": 252000000
            },
            {
                "label": "Acquisitions and other restructurings",
                "concept": "bdx:AcquisitionRelatedCostsAndRestructuringCharges",
                "unit": "usd",
                "value": 101000000
            },
            {
                "label": "Other operating expense, net",
                "concept": "OtherOperatingIncomeExpenseNet",
                "unit": "usd",
                "value": -396000000
            },
            {
                "label": "Total Operating Costs and Expenses",
                "concept": "CostsAndExpenses",
                "unit": "usd",
                "value": 4059000000
            },
            {
                "label": "Operating Income",
                "concept": "OperatingIncomeLoss",
                "unit": "usd",
                "value": 136000000
            },
            {
                "label": "Interest expense",
                "concept": "InterestExpense",
                "unit": "usd",
                "value": 171000000
            },
            {
                "label": "Interest income",
                "concept": "InvestmentIncomeInterest",
                "unit": "usd",
                "value": 18000000
            },
            {
                "label": "Other income (expense), net",
                "concept": "OtherNonoperatingIncomeExpense",
                "unit": "usd",
                "value": 20000000
            },
            {
                "label": "Income Before Income Taxes",
                "concept": "IncomeLossFromContinuingOperationsBeforeIncomeTaxesMinorityInterestAndIncomeLossFromEquityMethodInvestments",
                "unit": "usd",
                "value": 3000000
            },
            {
                "label": "Income tax (benefit) provision",
                "concept": "IncomeTaxExpenseBenefit",
                "unit": "usd",
                "value": -17000000
            },
            {
                "label": "Net Income (Loss)",
                "concept": "NetIncomeLoss",
                "unit": "usd",
                "value": 20000000
            },
            {
                "label": "Preferred stock dividends",
                "concept": "PreferredStockDividendsIncomeStatementImpact",
                "unit": "usd",
                "value": 38000000
            },
            {
                "label": "Net (loss) income applicable to common shareholders",
                "concept": "NetIncomeLossAvailableToCommonStockholdersBasic",
                "unit": "usd",
                "value": -18000000
            },
            {
                "label": "Basic (Loss) Earnings per Share (USD per share)",
                "concept": "EarningsPerShareBasic",
                "unit": "usd/shares",
                "value": -0.07
            },
            {
                "label": "Diluted (Loss) Earnings per Share (USD per share)",
                "concept": "EarningsPerShareDiluted",
                "unit": "usd/shares",
                "value": -0.07
            }
        ]
    }
}