{
    "startDate": "2018-10-01",
    "endDate": "2018-12-31",
    "year": "2019",
    "quarter": "Q3",
    "symbol": "BRS",
    "data": {
        "bs": [
            {
                "label": "Accounts receivable",
                "concept": "AccountsAndOtherReceivablesNetCurrent",
                "unit": "usd",
                "value": 204641000
            },
            {
                "label": "Prepaid expenses and other current assets",
                "concept": "PrepaidExpenseAndOtherAssetsCurrent",
                "unit": "usd",
                "value": 48646000
            },
            {
                "label": "Total current assets",
                "concept": "AssetsCurrent",
                "unit": "usd",
                "value": 635538000
            },
            {
                "label": "Total assets",
                "concept": "Assets",
                "unit": "usd",
                "value": 2731744000
            },
            {
                "label": "Accrued liabilities",
                "concept": "AccruedLiabilitiesCurrent",
                "unit": "usd",
                "value": 156465000
            },
            {
                "label": "Total current liabilities",
                "concept": "LiabilitiesCurrent",
                "unit": "usd",
                "value": 1669431000
            }
        ],
        "cf": [],
        "ic": [
            {
                "label": "Revenue",
                "concept": "Revenues",
                "unit": "usd",
                "value": 331329000
            },
            {
                "label": "Net loss",
                "concept": "ProfitLoss",
                "unit": "usd",
                "value": -85701000
            }
        ]
    }
}