{
    "startDate": "2019-03-01",
    "endDate": "2019-05-31",
    "year": "2019",
    "quarter": "Q2",
    "symbol": "MKC",
    "data": {
        "bs": [
            {
                "label": "Cash and cash equivalents",
                "concept": "CashAndCashEquivalentsAtCarryingValue",
                "unit": "usd",
                "value": 139400000.0
            },
            {
                "label": "Trade accounts receivable, net",
                "concept": "AccountsReceivableNetCurrent",
                "unit": "usd",
                "value": 429000000.0
            },
            {
                "label": "Finished products",
                "concept": "InventoryFinishedGoods",
                "unit": "usd",
                "value": 413000000.0
            },
            {
                "label": "Raw materials and work-in-process",
                "concept": "InventoryWorkInProcessAndRawMaterials",
                "unit": "usd",
                "value": 403500000.0
            },
            {
                "label": "Total inventory",
                "concept": "InventoryGross",
                "unit": "usd",
                "value": 816500000.0
            },
            {
                "label": "Prepaid expenses and other current assets",
                "concept": "PrepaidExpenseAndOtherAssetsCurrent",
                "unit": "usd",
                "value": 88200000.0
            },
            {
                "label": "Total current assets",
                "concept": "AssetsCurrent",
                "unit": "usd",
                "value": 1473100000.0
            },
            {
                "label": "Property, plant and equipment",
                "concept": "PropertyPlantAndEquipmentGross",
                "unit": "usd",
                "value": 2064699999.9999998
            },
            {
                "label": "Less: accumulated depreciation",
                "concept": "AccumulatedDepreciationDepletionAndAmortizationPropertyPlantAndEquipment",
                "unit": "usd",
                "value": 1102700000.0
            },
            {
                "label": "Property, plant and equipment, net",
                "concept": "PropertyPlantAndEquipmentNet",
                "unit": "usd",
                "value": 962000000.0
            },
            {
                "label": "Goodwill",
                "concept": "Goodwill",
                "unit": "usd",
                "value": 4511400000.0
            },
            {
                "label": "Intangible assets, net",
                "concept": "IntangibleAssetsNetExcludingGoodwill",
                "unit": "usd",
                "value": 2860100000.0
            },
            {
                "label": "Investments and other assets",
                "concept": "InvestmentsAndOtherNoncurrentAssets",
                "unit": "usd",
                "value": 430100000.0
            },
            {
                "label": "Total assets",
                "concept": "Assets",
                "unit": "usd",
                "value": 10236700000.0
            },
            {
                "label": "Short-term borrowings",
                "concept": "ShortTermBorrowings",
                "unit": "usd",
                "value": 605700000.0
            },
            {
                "label": "Current portion of long-term debt",
                "concept": "LongTermDebtCurrent",
                "unit": "usd",
                "value": 87500000.0
            },
            {
                "label": "Trade accounts payable",
                "concept": "AccountsPayableTradeCurrent",
                "unit": "usd",
                "value": 706600000.0
            },
            {
                "label": "Other accrued liabilities",
                "concept": "OtherAccruedLiabilitiesCurrent",
                "unit": "usd",
                "value": 460300000.0
            },
            {
                "label": "Total current liabilities",
                "concept": "LiabilitiesCurrent",
                "unit": "usd",
                "value": 1860100000.0
            },
            {
                "label": "Long-term debt",
                "concept": "LongTermDebtNoncurrent",
                "unit": "usd",
                "value": 3977500000.0
            },
            {
                "label": "Deferred taxes",
                "concept": "DeferredTaxLiabilities",
                "unit": "usd",
                "value": 706400000.0
            },
            {
                "label": "Other long-term liabilities",
                "concept": "OtherLiabilitiesNoncurrent",
                "unit": "usd",
                "value": 310100000.0
            },
            {
                "label": "Total liabilities",
                "concept": "Liabilities",
                "unit": "usd",
                "value": 6854100000.0
            },
            {
                "label": "Retained earnings",
                "concept": "RetainedEarningsAccumulatedDeficit",
                "unit": "usd",
                "value": 1918600000.0
            },
            {
                "label": "Accumulated other comprehensive loss",
                "concept": "AccumulatedOtherComprehensiveIncomeLossNetOfTax",
                "unit": "usd",
                "value": 382700000.0
            },
            {
                "label": "Non-controlling interests",
                "concept": "MinorityInterest",
                "unit": "usd",
                "value": 11700000.0
            },
            {
                "label": "Total shareholders\u2019 equity",
                "concept": "StockholdersEquityIncludingPortionAttributableToNoncontrollingInterest",
                "unit": "usd",
                "value": 3382600000.0
            },
            {
                "label": "Total liabilities and shareholders\u2019 equity",
                "concept": "LiabilitiesAndStockholdersEquity",
                "unit": "usd",
                "value": 10236700000.0
            }
        ],
        "cf": [],
        "ic": [
            {
                "label": "Unrealized components of pension and postretirement plans (including a curtailment gain of $18.0 for the three months ended February 28, 2018)",
                "concept": "OtherComprehensiveIncomeLossPensionAndOtherPostretirementBenefitPlansAdjustmentBeforeTax",
                "unit": "usd",
                "value": 300000.0
            },
            {
                "label": "Change in derivative financial instruments",
                "concept": "OtherComprehensiveIncomeLossDerivativesQualifyingAsHedgesBeforeTax",
                "unit": "usd",
                "value": 100000.0
            },
            {
                "label": "Deferred taxes",
                "concept": "OtherComprehensiveIncomeLossTaxPortionAttributableToParent1",
                "unit": "usd",
                "value": 2400000.0
            },
            {
                "label": "Comprehensive income",
                "concept": "OtherComprehensiveIncomeLossNetOfTax",
                "unit": "usd",
                "value": 56000000.0
            }
        ]
    }
}