{
    "startDate": "2019-01-01",
    "endDate": "2019-03-31",
    "year": "2019",
    "quarter": "Q1",
    "symbol": "VTR",
    "data": {
        "bs": [
            {
                "label": "Land and improvements",
                "concept": "Land",
                "unit": "usd",
                "value": 2116086000
            },
            {
                "label": "Buildings and improvements",
                "concept": "InvestmentBuildingAndBuildingImprovements",
                "unit": "usd",
                "value": 22609780000
            },
            {
                "label": "Construction in progress",
                "concept": "ConstructionInProgressGross",
                "unit": "usd",
                "value": 335773000
            },
            {
                "label": "Acquired lease intangibles",
                "concept": "FiniteLivedIntangibleAssetsGross",
                "unit": "usd",
                "value": 1279490000
            },
            {
                "label": "Operating lease assets",
                "concept": "OperatingLeaseRightOfUseAsset",
                "unit": "usd",
                "value": 359025000
            },
            {
                "label": "Gross real estate investments",
                "concept": "vtr:Realestateinvestmentsgross",
                "unit": "usd",
                "value": 26700154000
            },
            {
                "label": "Accumulated depreciation and amortization",
                "concept": "vtr:Accumulateddepreciationandamortization",
                "unit": "usd",
                "value": 6570557000
            },
            {
                "label": "Net Real Estate Investment Property",
                "concept": "vtr:Netrealestateproperty",
                "unit": "usd",
                "value": 20129597000
            },
            {
                "label": "Secured loans receivable and investments, net",
                "concept": "vtr:SecuredNotesAndLoansReceivableNet",
                "unit": "usd",
                "value": 496344000
            },
            {
                "label": "Investments in unconsolidated real estate entities",
                "concept": "RealEstateInvestmentsUnconsolidatedRealEstateAndOtherJointVentures",
                "unit": "usd",
                "value": 48162000
            },
            {
                "label": "Net real estate investments",
                "concept": "vtr:Netrealestateinvestments",
                "unit": "usd",
                "value": 20674103000
            },
            {
                "label": "Total assets",
                "concept": "Assets",
                "unit": "usd",
                "value": 22668097000
            },
            {
                "label": "Total liabilities",
                "concept": "Liabilities",
                "unit": "usd",
                "value": 12255698000
            },
            {
                "label": "Commitments and contingencies",
                "concept": "CommitmentsAndContingencies",
                "unit": "usd",
                "value": "N/A"
            },
            {
                "label": "Preferred stock, $1.00 par value; 10,000 shares authorized, unissued",
                "concept": "PreferredStockValue",
                "unit": "usd",
                "value": "N/A"
            },
            {
                "label": "Common stock, $0.25 par value; 600,000 shares authorized, 358,387 and 356,572 shares issued at March 31, 2019 and December 31, 2018, respectively",
                "concept": "CommonStockValue",
                "unit": "usd",
                "value": 89579000
            },
            {
                "label": "Capital in excess of par value",
                "concept": "AdditionalPaidInCapitalCommonStock",
                "unit": "usd",
                "value": 13160550000
            },
            {
                "label": "Accumulated other comprehensive loss",
                "concept": "AccumulatedOtherComprehensiveIncomeLossNetOfTax",
                "unit": "usd",
                "value": 12065000
            },
            {
                "label": "Retained earnings (deficit)",
                "concept": "RetainedEarningsAccumulatedDeficit",
                "unit": "usd",
                "value": 3088401000
            },
            {
                "label": "Total Ventas stockholders\u2019 equity",
                "concept": "StockholdersEquity",
                "unit": "usd",
                "value": 10149663000
            },
            {
                "label": "Noncontrolling interests",
                "concept": "MinorityInterest",
                "unit": "usd",
                "value": 56350000
            },
            {
                "label": "Total equity",
                "concept": "StockholdersEquityIncludingPortionAttributableToNoncontrollingInterest",
                "unit": "usd",
                "value": 10206013000
            },
            {
                "label": "Total liabilities and equity",
                "concept": "LiabilitiesAndStockholdersEquity",
                "unit": "usd",
                "value": 22668097000
            }
        ],
        "cf": [
            {
                "label": "Net income",
                "concept": "ProfitLoss",
                "unit": "usd",
                "value": 127588000
            },
            {
                "label": "Depreciation and amortization",
                "concept": "OtherDepreciationAndAmortization",
                "unit": "usd",
                "value": 235920000
            },
            {
                "label": "Amortization of deferred revenue and lease intangibles, net",
                "concept": "vtr:AmortizationofDeferredRevenueandLeaseIntangibles",
                "unit": "usd",
                "value": 2846000
            },
            {
                "label": "Other non-cash amortization",
                "concept": "OtherAmortizationOfDeferredCharges",
                "unit": "usd",
                "value": 6131000
            },
            {
                "label": "Stock-based compensation",
                "concept": "ShareBasedCompensation",
                "unit": "usd",
                "value": 8405000
            },
            {
                "label": "Straight-lining of rental income",
                "concept": "StraightLineRent",
                "unit": "usd",
                "value": 8489000
            },
            {
                "label": "Loss on extinguishment of debt, net",
                "concept": "ExtinguishmentOfDebtGainLossNetOfTax",
                "unit": "usd",
                "value": 405000
            },
            {
                "label": "Gain on real estate dispositions",
                "concept": "GainLossOnDispositionOfAssets1",
                "unit": "usd",
                "value": 5447000
            },
            {
                "label": "Loss on real estate loan investments",
                "concept": "vtr:GainsLossesonRealEstateLoanInvestments",
                "unit": "usd",
                "value": "N/A"
            },
            {
                "label": "Income tax benefit",
                "concept": "OtherTaxExpenseBenefit",
                "unit": "usd",
                "value": 1715000
            },
            {
                "label": "Loss from unconsolidated entities",
                "concept": "IncomeLossFromEquityMethodInvestments",
                "unit": "usd",
                "value": 946000
            },
            {
                "label": "Distributions from unconsolidated entities",
                "concept": "EquityMethodInvestmentDividendsOrDistributions",
                "unit": "usd",
                "value": 1200000
            },
            {
                "label": "Other",
                "concept": "OtherNoncashIncomeExpense",
                "unit": "usd",
                "value": 2283000
            },
            {
                "label": "(Increase) decrease in other assets",
                "concept": "IncreaseDecreaseInOtherOperatingAssets",
                "unit": "usd",
                "value": 13704000
            },
            {
                "label": "Decrease in accrued interest",
                "concept": "IncreaseDecreaseInInterestPayableNet",
                "unit": "usd",
                "value": 18047000
            },
            {
                "label": "Increase (decrease) in accounts payable and other liabilities",
                "concept": "IncreaseDecreaseInAccountsPayableAndAccruedLiabilities",
                "unit": "usd",
                "value": 3490000
            },
            {
                "label": "Net cash provided by operating activities",
                "concept": "NetCashProvidedByUsedInOperatingActivities",
                "unit": "usd",
                "value": 336120000
            },
            {
                "label": "Net investment in real estate property",
                "concept": "PaymentsToAcquireRealEstate",
                "unit": "usd",
                "value": 13097000
            },
            {
                "label": "Investment in loans receivable",
                "concept": "PaymentsToAcquireLoansReceivable",
                "unit": "usd",
                "value": 4257000
            },
            {
                "label": "Proceeds from real estate disposals",
                "concept": "ProceedsFromSaleOfRealEstateHeldforinvestment",
                "unit": "usd",
                "value": 17551000
            },
            {
                "label": "Proceeds from loans receivable",
                "concept": "ProceedsFromSaleAndCollectionOfLoansReceivable",
                "unit": "usd",
                "value": 1275000
            },
            {
                "label": "Development project expenditures",
                "concept": "PaymentsToDevelopRealEstateAssets",
                "unit": "usd",
                "value": 49652000
            },
            {
                "label": "Capital expenditures",
                "concept": "PaymentsToAcquirePropertyPlantAndEquipment",
                "unit": "usd",
                "value": 21955000
            },
            {
                "label": "Investment in unconsolidated entities",
                "concept": "PaymentsToAcquireEquityMethodInvestments",
                "unit": "usd",
                "value": 687000
            },
            {
                "label": "Insurance proceeds for property damage claims",
                "concept": "IncreaseDecreaseInInsuranceSettlementsReceivable",
                "unit": "usd",
                "value": 2998000
            },
            {
                "label": "Net cash (used in) provided by investing activities",
                "concept": "NetCashProvidedByUsedInInvestingActivities",
                "unit": "usd",
                "value": 67824000
            },
            {
                "label": "Net change in borrowings under revolving credit facilities",
                "concept": "ProceedsFromRepaymentsOfLinesOfCredit",
                "unit": "usd",
                "value": 700775000
            },
            {
                "label": "Net change in borrowings under commercial paper program",
                "concept": "ProceedsFromRepaymentsOfCommercialPaper",
                "unit": "usd",
                "value": 194498000
            },
            {
                "label": "Proceeds from debt",
                "concept": "ProceedsFromIssuanceOfDebt",
                "unit": "usd",
                "value": 706591000
            },
            {
                "label": "Repayment of debt",
                "concept": "RepaymentsOfOtherDebt",
                "unit": "usd",
                "value": 262570000
            },
            {
                "label": "Payment of deferred financing costs",
                "concept": "PaymentsOfFinancingCosts",
                "unit": "usd",
                "value": 6837000
            },
            {
                "label": "Issuance of common stock, net",
                "concept": "ProceedsFromIssuanceOfCommonStock",
                "unit": "usd",
                "value": 98378000
            },
            {
                "label": "Cash distribution to common stockholders",
                "concept": "PaymentsOfDividendsCommonStock",
                "unit": "usd",
                "value": 282874000
            },
            {
                "label": "Cash distribution to redeemable OP unitholders",
                "concept": "vtr:CashDistributionstoRedeemableOPUnitholders",
                "unit": "usd",
                "value": 2216000
            },
            {
                "label": "Cash issued for redemption of OP Units",
                "concept": "PaymentsForRepurchaseOfRedeemableNoncontrollingInterest",
                "unit": "usd",
                "value": "N/A"
            },
            {
                "label": "Contributions from noncontrolling interests",
                "concept": "ProceedsFromMinorityShareholders",
                "unit": "usd",
                "value": 1223000
            },
            {
                "label": "Distributions to noncontrolling interests",
                "concept": "PaymentsToMinorityShareholders",
                "unit": "usd",
                "value": 2623000
            },
            {
                "label": "Other",
                "concept": "ProceedsFromPaymentsForOtherFinancingActivities",
                "unit": "usd",
                "value": 2558000
            },
            {
                "label": "Net cash used in financing activities",
                "concept": "NetCashProvidedByUsedInFinancingActivities",
                "unit": "usd",
                "value": 259763000
            },
            {
                "label": "Net increase (decrease) in cash, cash equivalents and restricted cash",
                "concept": "CashAndCashEquivalentsPeriodIncreaseDecreaseExcludingExchangeRateEffect",
                "unit": "usd",
                "value": 8533000
            },
            {
                "label": "Effect of foreign currency translation",
                "concept": "EffectOfExchangeRateOnCashAndCashEquivalents",
                "unit": "usd",
                "value": 234000
            },
            {
                "label": "Real estate investments",
                "concept": "TransferOfInvestments",
                "unit": "usd",
                "value": "N/A"
            },
            {
                "label": "Other assets",
                "concept": "NoncashOrPartNoncashAcquisitionOtherAssetsAcquired1",
                "unit": "usd",
                "value": "N/A"
            },
            {
                "label": "Other liabilities",
                "concept": "NoncashOrPartNoncashAcquisitionOtherLiabilitiesAssumed1",
                "unit": "usd",
                "value": "N/A"
            },
            {
                "label": "Equity issued for redemption of OP Units",
                "concept": "vtr:StockIssuedforPurchaseofOPUnits",
                "unit": "usd",
                "value": "N/A"
            }
        ],
        "ic": [
            {
                "label": "Interest",
                "concept": "InterestExpense",
                "unit": "usd",
                "value": 110619000
            },
            {
                "label": "Depreciation and amortization",
                "concept": "DepreciationAndAmortization",
                "unit": "usd",
                "value": 235920000
            },
            {
                "label": "General, administrative and professional fees",
                "concept": "GeneralAndAdministrativeExpense",
                "unit": "usd",
                "value": 40760000
            },
            {
                "label": "Merger-related expenses and deal costs",
                "concept": "BusinessCombinationAcquisitionRelatedCosts",
                "unit": "usd",
                "value": 2180000
            },
            {
                "label": "Other",
                "concept": "OtherGeneralExpense",
                "unit": "usd",
                "value": 23000
            },
            {
                "label": "Total expenses",
                "concept": "CostsAndExpenses",
                "unit": "usd",
                "value": 821044000
            },
            {
                "label": "Income before unconsolidated entities, real estate dispositions, income taxes, discontinued operations and noncontrolling interests",
                "concept": "vtr:Incomelossfromcontinuingoperationsbeforeequitymethodinvestmentsrealestatedispositionsincometaxesandnoncontrollinginterest",
                "unit": "usd",
                "value": 121830000
            },
            {
                "label": "Income from continuing operations",
                "concept": "IncomeLossFromContinuingOperationsIncludingPortionAttributableToNoncontrollingInterest",
                "unit": "usd",
                "value": 127588000
            },
            {
                "label": "Net income",
                "concept": "ProfitLoss",
                "unit": "usd",
                "value": 127588000
            },
            {
                "label": "Net income attributable to common stockholders",
                "concept": "NetIncomeLossAvailableToCommonStockholdersBasic",
                "unit": "usd",
                "value": 125785000
            },
            {
                "label": "Income from continuing operations (in usd per share)",
                "concept": "IncomeLossFromContinuingOperationsPerBasicShare",
                "unit": "usd/shares",
                "value": 0.36
            },
            {
                "label": "Net income attributable to common stockholders (in usd per share)",
                "concept": "EarningsPerShareBasic",
                "unit": "usd/shares",
                "value": 0.35
            },
            {
                "label": "Income from continuing operations (in usd per share)",
                "concept": "IncomeLossFromContinuingOperationsPerDilutedShare",
                "unit": "usd/shares",
                "value": 0.35
            },
            {
                "label": "Net income attributable to common stockholders (in usd per share)",
                "concept": "EarningsPerShareDiluted",
                "unit": "usd/shares",
                "value": 0.35
            }
        ]
    }
}