{
    "startDate": "2019-01-01",
    "endDate": "2019-03-31",
    "year": "2019",
    "quarter": "Q3",
    "symbol": "KLAC",
    "data": {
        "bs": [
            {
                "label": "Accounts receivable, net",
                "concept": "AccountsReceivableNetCurrent",
                "unit": "usd",
                "value": 958021000
            },
            {
                "label": "Other current assets",
                "concept": "OtherAssetsCurrent",
                "unit": "usd",
                "value": 270079000
            },
            {
                "label": "Deferred income taxes",
                "concept": "DeferredIncomeTaxAssetsNet",
                "unit": "usd",
                "value": 205820000
            },
            {
                "label": "Deferred system revenue",
                "concept": "klac:ContractWithCustomerLiabilityCurrentSystemRevenue",
                "unit": "usd",
                "value": 228745000
            },
            {
                "label": "Deferred service revenue",
                "concept": "klac:ContractWithCustomerLiabilityCurrentServiceRevenue",
                "unit": "usd",
                "value": 182119000
            },
            {
                "label": "Deferred system profit",
                "concept": "klac:ContractWithCustomerLiabilityCurrentSystemProfit",
                "unit": "usd",
                "value": 0
            },
            {
                "label": "Other current liabilities",
                "concept": "OtherLiabilitiesCurrent",
                "unit": "usd",
                "value": 833747000
            },
            {
                "label": "Deferred service revenue",
                "concept": "ContractWithCustomerLiabilityNoncurrent",
                "unit": "usd",
                "value": 90610000
            },
            {
                "label": "Retained earnings",
                "concept": "RetainedEarningsAccumulatedDeficit",
                "unit": "usd",
                "value": 928086000
            },
            {
                "label": "Accumulated other comprehensive income (loss)",
                "concept": "AccumulatedOtherComprehensiveIncomeLossNetOfTax",
                "unit": "usd",
                "value": -68907000
            }
        ],
        "cf": [],
        "ic": [
            {
                "label": "Net income attributable to KLA-Tencor",
                "concept": "NetIncomeLoss",
                "unit": "usd",
                "value": 192728000
            }
        ]
    }
}