{
    "startDate": "2019-01-01",
    "endDate": "2019-03-31",
    "year": "2019",
    "quarter": "Q1",
    "symbol": "AEP",
    "data": {
        "bs": [
            {
                "label": "Cash and Cash Equivalents",
                "concept": "CashAndCashEquivalentsAtCarryingValue",
                "unit": "usd",
                "value": 227700000.0
            },
            {
                "label": "Restricted Cash",
                "concept": "RestrictedCashAndCashEquivalentsAtCarryingValue",
                "unit": "usd",
                "value": 135400000.0
            },
            {
                "label": "Other Temporary Investments",
                "concept": "ShortTermInvestments",
                "unit": "usd",
                "value": 168900000.0
            },
            {
                "label": "Customers",
                "concept": "AccountsReceivableGrossCurrent",
                "unit": "usd",
                "value": 696600000.0
            },
            {
                "label": "Accrued Unbilled Revenues",
                "concept": "UnbilledReceivablesCurrent",
                "unit": "usd",
                "value": 207800000.0
            },
            {
                "label": "Pledged Accounts Receivable - AEP Credit",
                "concept": "TransfersAccountedForAsSecuredBorrowingsAssetsCarryingAmount",
                "unit": "usd",
                "value": 970500000.0
            },
            {
                "label": "Miscellaneous",
                "concept": "OtherReceivables",
                "unit": "usd",
                "value": 48300000.0
            },
            {
                "label": "Allowance for Uncollectible Accounts",
                "concept": "AllowanceForDoubtfulAccountsReceivableCurrent",
                "unit": "usd",
                "value": 40900000.0
            },
            {
                "label": "Total Accounts Receivable",
                "concept": "AccountsReceivableNetCurrent",
                "unit": "usd",
                "value": 1882300000.0
            },
            {
                "label": "Fuel",
                "concept": "InventoryRawMaterials",
                "unit": "usd",
                "value": 360300000.0
            },
            {
                "label": "Materials and Supplies",
                "concept": "OtherInventorySupplies",
                "unit": "usd",
                "value": 586300000.0
            },
            {
                "label": "Risk Management Assets",
                "concept": "DerivativeAssetsCurrent",
                "unit": "usd",
                "value": 93900000.0
            },
            {
                "label": "Regulatory Asset for Under-Recovered Fuel Costs",
                "concept": "RegulatoryAssetsCurrent",
                "unit": "usd",
                "value": 123300000.0
            },
            {
                "label": "Margin Deposits",
                "concept": "MarginDepositAssets",
                "unit": "usd",
                "value": 136300000.0
            },
            {
                "label": "Prepayments and Other Current Assets",
                "concept": "PrepaidExpenseAndOtherAssetsCurrent",
                "unit": "usd",
                "value": 200400000.0
            },
            {
                "label": "TOTAL CURRENT ASSETS",
                "concept": "AssetsCurrent",
                "unit": "usd",
                "value": 3914800000.0
            },
            {
                "label": "Generation",
                "concept": "PublicUtilitiesPropertyPlantAndEquipmentGenerationOrProcessing",
                "unit": "usd",
                "value": 21780600000.0
            },
            {
                "label": "Transmission",
                "concept": "PublicUtilitiesPropertyPlantAndEquipmentTransmission",
                "unit": "usd",
                "value": 21773500000.0
            },
            {
                "label": "Distribution",
                "concept": "PublicUtilitiesPropertyPlantAndEquipmentDistribution",
                "unit": "usd",
                "value": 21483500000.0
            },
            {
                "label": "Other Property, Plant and Equipment",
                "concept": "PublicUtilitiesPropertyPlantAndEquipmentOtherPropertyPlantAndEquipment",
                "unit": "usd",
                "value": 4202700000.0
            },
            {
                "label": "Total Property, Plant and Equipment",
                "concept": "PropertyPlantAndEquipmentGross",
                "unit": "usd",
                "value": 74151200000.0
            },
            {
                "label": "Accumulated Depreciation and Amortization",
                "concept": "AccumulatedDepreciationDepletionAndAmortizationPropertyPlantAndEquipment",
                "unit": "usd",
                "value": 18182600000.0
            },
            {
                "label": "TOTAL PROPERTY, PLANT AND EQUIPMENT - NET",
                "concept": "PropertyPlantAndEquipmentNet",
                "unit": "usd",
                "value": 55968600000.0
            },
            {
                "label": "Regulatory Assets",
                "concept": "RegulatoryAssetsNoncurrent",
                "unit": "usd",
                "value": 3297900000.0
            },
            {
                "label": "Securitized Assets",
                "concept": "SecuritizedRegulatoryTransitionAssetsNoncurrent",
                "unit": "usd",
                "value": 853000000.0
            },
            {
                "label": "Goodwill",
                "concept": "Goodwill",
                "unit": "usd",
                "value": 52500000.0
            },
            {
                "label": "Long-term Risk Management Assets",
                "concept": "DerivativeAssetsNoncurrent",
                "unit": "usd",
                "value": 250400000.0
            },
            {
                "label": "Operating Lease Assets",
                "concept": "OperatingLeaseRightOfUseAsset",
                "unit": "usd",
                "value": 1045400000.0000001
            },
            {
                "label": "Deferred Charges and Other Noncurrent Assets",
                "concept": "OtherAssetsNoncurrent",
                "unit": "usd",
                "value": 2655400000.0
            },
            {
                "label": "TOTAL OTHER NONCURRENT ASSETS",
                "concept": "AssetsNoncurrent",
                "unit": "usd",
                "value": 10838600000.0
            },
            {
                "label": "TOTAL ASSETS",
                "concept": "Assets",
                "unit": "usd",
                "value": 70722000000.0
            },
            {
                "label": "Accounts Payable",
                "concept": "AccountsPayableCurrent",
                "unit": "usd",
                "value": 1497200000.0
            },
            {
                "label": "Securitized Debt for Receivables - AEP Credit",
                "concept": "TransfersAccountedForAsSecuredBorrowingsAssociatedLiabilitiesCarryingAmount",
                "unit": "usd",
                "value": 750000000.0
            },
            {
                "label": "Other Short-term Debt",
                "concept": "ShortTermBankLoansAndNotesPayable",
                "unit": "usd",
                "value": 1108000000.0
            },
            {
                "label": "Total Short-term Debt",
                "concept": "ShortTermBorrowings",
                "unit": "usd",
                "value": 1858000000.0
            },
            {
                "label": "Long-term Debt Due Within One Year",
                "concept": "LongTermDebtCurrent",
                "unit": "usd",
                "value": 1528500000.0
            },
            {
                "label": "Risk Management Liabilities",
                "concept": "DerivativeLiabilitiesCurrent",
                "unit": "usd",
                "value": 63400000.0
            },
            {
                "label": "Customer Deposits",
                "concept": "CustomerDepositsCurrent",
                "unit": "usd",
                "value": 400400000.0
            },
            {
                "label": "Accrued Taxes",
                "concept": "TaxesPayableCurrent",
                "unit": "usd",
                "value": 1156500000.0
            },
            {
                "label": "Accrued Interest",
                "concept": "InterestPayableCurrent",
                "unit": "usd",
                "value": 306000000.0
            },
            {
                "label": "Obligations Under Operating Leases",
                "concept": "OperatingLeaseLiabilityCurrent",
                "unit": "usd",
                "value": 228200000.0
            },
            {
                "label": "Regulatory Liability for Over-Recovered Fuel Costs",
                "concept": "RegulatoryLiabilityCurrent",
                "unit": "usd",
                "value": 64300000.0
            },
            {
                "label": "Other Current Liabilities",
                "concept": "OtherLiabilitiesCurrent",
                "unit": "usd",
                "value": 888100000.0
            },
            {
                "label": "TOTAL CURRENT LIABILITIES",
                "concept": "LiabilitiesCurrent",
                "unit": "usd",
                "value": 7990600000.0
            },
            {
                "label": "Long-term Debt",
                "concept": "LongTermDebtNoncurrent",
                "unit": "usd",
                "value": 22898200000.0
            },
            {
                "label": "Long-term Debt - Affiliated",
                "concept": "aep:AffiliatedLongTermDebtNoncurrent",
                "unit": "usd",
                "value": "N/A"
            },
            {
                "label": "Long-term Risk Management Liabilities",
                "concept": "DerivativeLiabilitiesNoncurrent",
                "unit": "usd",
                "value": 267899999.99999997
            },
            {
                "label": "Deferred Income Taxes",
                "concept": "DeferredTaxLiabilitiesNoncurrent",
                "unit": "usd",
                "value": 7193000000.0
            },
            {
                "label": "Regulatory Liabilities and Deferred Investment Tax Credits",
                "concept": "RegulatoryLiabilityNoncurrent",
                "unit": "usd",
                "value": 8669800000.0
            },
            {
                "label": "Asset Retirement Obligations",
                "concept": "AssetRetirementObligationsNoncurrent",
                "unit": "usd",
                "value": 2317300000.0
            },
            {
                "label": "Employee Benefits and Pension Obligations",
                "concept": "aep:EmployeeBenefitsAndPensionObligations",
                "unit": "usd",
                "value": 383900000.0
            },
            {
                "label": "Obligations Under Operating Leases",
                "concept": "OperatingLeaseLiabilityNoncurrent",
                "unit": "usd",
                "value": 860200000.0
            },
            {
                "label": "Deferred Credits and Other Noncurrent Liabilities",
                "concept": "OtherLiabilitiesNoncurrent",
                "unit": "usd",
                "value": 797900000.0
            },
            {
                "label": "TOTAL NONCURRENT LIABILITIES",
                "concept": "LiabilitiesNoncurrent",
                "unit": "usd",
                "value": 43388200000.0
            },
            {
                "label": "TOTAL LIABILITIES",
                "concept": "Liabilities",
                "unit": "usd",
                "value": 51378800000.0
            },
            {
                "label": "Rate Matters",
                "concept": "aep:RateMatters",
                "unit": "usd",
                "value": "N/A"
            },
            {
                "label": "Commitments and Contingencies",
                "concept": "CommitmentsAndContingencies",
                "unit": "usd",
                "value": "N/A"
            },
            {
                "label": "Redeemable Noncontrolling Interest",
                "concept": "RedeemableNoncontrollingInterestEquityCarryingAmount",
                "unit": "usd",
                "value": 68500000.0
            },
            {
                "label": "Contingently Redeemable Performance Share Awards",
                "concept": "aep:ContingentlyRedeemablePerformanceShareAwards",
                "unit": "usd",
                "value": 46200000.0
            },
            {
                "label": "Total Mezzanine Equity",
                "concept": "aep:TotalMezzanineEquity",
                "unit": "usd",
                "value": 114700000.0
            },
            {
                "label": "Common Stock",
                "concept": "CommonStockValue",
                "unit": "usd",
                "value": 3338600000.0
            },
            {
                "label": "Paid-in Capital",
                "concept": "AdditionalPaidInCapital",
                "unit": "usd",
                "value": 6442800000.0
            },
            {
                "label": "Retained Earnings",
                "concept": "RetainedEarningsAccumulatedDeficit",
                "unit": "usd",
                "value": 9565600000.0
            },
            {
                "label": "Accumulated Other Comprehensive Income (Loss)",
                "concept": "AccumulatedOtherComprehensiveIncomeLossNetOfTax",
                "unit": "usd",
                "value": 150700000.0
            },
            {
                "label": "TOTAL COMMON SHAREHOLDER'S EQUITY",
                "concept": "StockholdersEquity",
                "unit": "usd",
                "value": 19196300000.0
            },
            {
                "label": "Noncontrolling Interests",
                "concept": "MinorityInterest",
                "unit": "usd",
                "value": 32200000.000000004
            },
            {
                "label": "TOTAL EQUITY",
                "concept": "StockholdersEquityIncludingPortionAttributableToNoncontrollingInterest",
                "unit": "usd",
                "value": 19228500000.0
            },
            {
                "label": "TOTAL LIABILITIES AND EQUITY",
                "concept": "LiabilitiesAndStockholdersEquity",
                "unit": "usd",
                "value": 70722000000.0
            }
        ],
        "cf": [
            {
                "label": "Depreciation and Amortization",
                "concept": "UtilitiesOperatingExpenseDepreciationAndAmortization",
                "unit": "usd",
                "value": 605800000.0
            },
            {
                "label": "Deferred Income Taxes",
                "concept": "DeferredIncomeTaxExpenseBenefit",
                "unit": "usd",
                "value": 16800000.0
            },
            {
                "label": "Allowance for Equity Funds Used During Construction",
                "concept": "PublicUtilitiesAllowanceForFundsUsedDuringConstructionCapitalizedCostOfEquity",
                "unit": "usd",
                "value": 28900000.0
            },
            {
                "label": "Mark-to-Market of Risk Management Contracts",
                "concept": "UnrealizedGainLossOnDerivatives",
                "unit": "usd",
                "value": 65500000.0
            },
            {
                "label": "Amortization of Nuclear Fuel",
                "concept": "aep:AmortizationOfNuclearFuel",
                "unit": "usd",
                "value": 25100000.0
            },
            {
                "label": "Property Taxes",
                "concept": "AmortizationOfDeferredPropertyTaxes",
                "unit": "usd",
                "value": 75600000.0
            },
            {
                "label": "Deferred Fuel Over/Under-Recovery, Net",
                "concept": "aep:FuelOverUnderRecoveryNet",
                "unit": "usd",
                "value": 32500000.0
            },
            {
                "label": "Recovery of Ohio Capacity Costs",
                "concept": "aep:DeferralOfOhioCapacityCosts",
                "unit": "usd",
                "value": 14700000.0
            },
            {
                "label": "Provision for Refund - Global Settlement",
                "concept": "aep:ProvisionforRefundGlobalSettlement",
                "unit": "usd",
                "value": 4099999.9999999995
            },
            {
                "label": "Change in Other Noncurrent Assets",
                "concept": "IncreaseDecreaseInOtherNoncurrentAssets",
                "unit": "usd",
                "value": 47900000.0
            },
            {
                "label": "Change in Other Noncurrent Liabilities",
                "concept": "IncreaseDecreaseInOtherNoncurrentLiabilities",
                "unit": "usd",
                "value": 67300000.0
            },
            {
                "label": "Accounts Receivable, Net",
                "concept": "IncreaseDecreaseInAccountsAndOtherReceivables",
                "unit": "usd",
                "value": 57500000.0
            },
            {
                "label": "Fuel, Materials and Supplies",
                "concept": "IncreaseDecreaseInInventories",
                "unit": "usd",
                "value": 26400000.0
            },
            {
                "label": "Accounts Payable",
                "concept": "IncreaseDecreaseInAccountsPayable",
                "unit": "usd",
                "value": 152600000.0
            },
            {
                "label": "Accrued Taxes, Net",
                "concept": "IncreaseDecreaseInAccruedTaxesPayable",
                "unit": "usd",
                "value": 77000000.0
            },
            {
                "label": "Other Current Assets",
                "concept": "IncreaseDecreaseInOtherCurrentAssets",
                "unit": "usd",
                "value": 18800000.0
            },
            {
                "label": "Other Current Liabilities",
                "concept": "IncreaseDecreaseInOtherCurrentLiabilities",
                "unit": "usd",
                "value": 219700000.0
            },
            {
                "label": "Net Cash Flows from (Used for) Operating Activities",
                "concept": "NetCashProvidedByUsedInOperatingActivities",
                "unit": "usd",
                "value": 808300000.0
            },
            {
                "label": "Construction Expenditures",
                "concept": "PaymentsForConstructionInProcess",
                "unit": "usd",
                "value": 1565400000.0
            },
            {
                "label": "Purchases of Investment Securities",
                "concept": "PaymentsToAcquireInvestments",
                "unit": "usd",
                "value": 130400000.0
            },
            {
                "label": "Sales of Investment Securities",
                "concept": "ProceedsFromSaleMaturityAndCollectionsOfInvestments",
                "unit": "usd",
                "value": 111900000.0
            },
            {
                "label": "Acquisitions of Nuclear Fuel",
                "concept": "PaymentsForNuclearFuel",
                "unit": "usd",
                "value": 32400000.0
            },
            {
                "label": "Other Investing Activities",
                "concept": "PaymentsForProceedsFromOtherInvestingActivities",
                "unit": "usd",
                "value": 33500000.0
            },
            {
                "label": "Net Cash Flows from (Used for) Investing Activities",
                "concept": "NetCashProvidedByUsedInInvestingActivities",
                "unit": "usd",
                "value": 1582800000.0
            },
            {
                "label": "Issuance of Common Stock, Net",
                "concept": "ProceedsFromIssuanceOfCommonStock",
                "unit": "usd",
                "value": 14500000.0
            },
            {
                "label": "Issuance of Long-term Debt",
                "concept": "ProceedsFromIssuanceOfLongTermDebt",
                "unit": "usd",
                "value": 1285600000.0
            },
            {
                "label": "Commercial Paper and Credit Facility Borrowings",
                "concept": "ProceedsFromShortTermDebtMaturingInMoreThanThreeMonths",
                "unit": "usd",
                "value": "N/A"
            },
            {
                "label": "Change in Short-term Debt, Net",
                "concept": "ProceedsFromRepaymentsOfShortTermDebtMaturingInThreeMonthsOrLess",
                "unit": "usd",
                "value": 52000000.0
            },
            {
                "label": "Retirement of Long-term Debt",
                "concept": "RepaymentsOfLongTermDebt",
                "unit": "usd",
                "value": 220600000.0
            },
            {
                "label": "Principal Payments for Finance Lease Obligations",
                "concept": "RepaymentsOfLongTermCapitalLeaseObligations",
                "unit": "usd",
                "value": 14300000.0
            },
            {
                "label": "Dividends Paid on Common Stock",
                "concept": "PaymentsOfDividendsCommonStock",
                "unit": "usd",
                "value": 333600000.0
            },
            {
                "label": "Other Financing Activities",
                "concept": "ProceedsFromPaymentsForOtherFinancingActivities",
                "unit": "usd",
                "value": 13900000.0
            },
            {
                "label": "Net Cash Flows from (Used for) Financing Activities",
                "concept": "NetCashProvidedByUsedInFinancingActivities",
                "unit": "usd",
                "value": 693500000.0
            },
            {
                "label": "Net Increase (Decrease) in Cash, Cash Equivalents and Restricted Cash",
                "concept": "CashCashEquivalentsRestrictedCashAndRestrictedCashEquivalentsPeriodIncreaseDecreaseExcludingExchangeRateEffect",
                "unit": "usd",
                "value": 81000000.0
            },
            {
                "label": "Cash Paid for Interest, Net of Capitalized Amounts",
                "concept": "InterestPaidNet",
                "unit": "usd",
                "value": 168900000.0
            },
            {
                "label": "Net Cash Paid (Received) for Income Taxes",
                "concept": "IncomeTaxesPaidNet",
                "unit": "usd",
                "value": 600000.0
            },
            {
                "label": "Noncash Acquisitions Under Finance Leases",
                "concept": "CapitalLeaseObligationsIncurred",
                "unit": "usd",
                "value": 23100000.0
            },
            {
                "label": "Construction Expenditures Included in Current Liabilities as of March 31,",
                "concept": "ConstructionInProgressExpendituresIncurredButNotYetPaid",
                "unit": "usd",
                "value": 846300000.0
            },
            {
                "label": "Noncash Contribution of Assets by Noncontrolling Interest",
                "concept": "NoncashOrPartNoncashAcquisitionInvestmentsAcquired1",
                "unit": "usd",
                "value": "N/A"
            },
            {
                "label": "Expected Reimbursement For Spent Nuclear Fuel Dry Cask Storage",
                "concept": "aep:ExpectedReimbursementForSpentNuclearFuelDryCaskStorage",
                "unit": "usd",
                "value": 1000000.0
            },
            {
                "label": "Forward Equity Purchase Contract Included Current and Noncurrent Liabilities as of March 31,",
                "concept": "StockholdersEquityOther",
                "unit": "usd",
                "value": 55600000.0
            }
        ],
        "ic": [
            {
                "label": "Other Operation",
                "concept": "UtilitiesOperatingExpenseOperations",
                "unit": "usd",
                "value": 666000000.0
            },
            {
                "label": "Maintenance",
                "concept": "UtilitiesOperatingExpenseMaintenance",
                "unit": "usd",
                "value": 274500000.0
            },
            {
                "label": "Taxes Other Than Income Taxes",
                "concept": "TaxesExcludingIncomeAndExciseTaxes",
                "unit": "usd",
                "value": 309900000.0
            },
            {
                "label": "Other Income",
                "concept": "OtherNonoperatingIncomeExpense",
                "unit": "usd",
                "value": 8600000.0
            },
            {
                "label": "Non-Service Cost Components of Net Periodic Benefit Cost",
                "concept": "NetPeriodicDefinedBenefitsExpenseReversalOfExpenseExcludingServiceCostComponent",
                "unit": "usd",
                "value": 30000000.0
            },
            {
                "label": "Interest Expense",
                "concept": "InterestExpense",
                "unit": "usd",
                "value": 255800000.0
            },
            {
                "label": "Income Tax Expense (Benefit)",
                "concept": "IncomeTaxExpenseBenefit",
                "unit": "usd",
                "value": 44500000.0
            },
            {
                "label": "Equity Earnings (Loss) of Unconsolidated Subsidiaries",
                "concept": "IncomeLossFromEquityMethodInvestments",
                "unit": "usd",
                "value": 18500000.0
            }
        ]
    }
}