{
    "startDate": "2019-01-01",
    "endDate": "2019-03-31",
    "year": "2019",
    "quarter": "Q1",
    "symbol": "ABCB",
    "data": {
        "bs": [
            {
                "label": "Operating lease right-of-use assets",
                "concept": "OperatingLeaseRightOfUseAsset",
                "unit": "usd",
                "value": 25739000
            }
        ],
        "cf": [
            {
                "label": "Net income",
                "concept": "NetIncomeLoss",
                "unit": "usd",
                "value": 39905000
            },
            {
                "label": "Depreciation",
                "concept": "Depreciation",
                "unit": "usd",
                "value": 2623000
            },
            {
                "label": "Net losses on sale or disposal of premises and equipment including write-downs",
                "concept": "GainLossOnSaleOfPropertyPlantEquipment",
                "unit": "usd",
                "value": -348000
            },
            {
                "label": "Net write-downs on other assets",
                "concept": "OtherAssetImpairmentCharges",
                "unit": "usd",
                "value": 571000
            },
            {
                "label": "Provision for loan losses",
                "concept": "ProvisionForLoanAndLeaseLosses",
                "unit": "usd",
                "value": 3408000
            },
            {
                "label": "Net losses on sale of other real estate owned including write-downs",
                "concept": "GainsLossesOnSalesOfOtherRealEstate",
                "unit": "usd",
                "value": -9000
            },
            {
                "label": "Share-based compensation expense",
                "concept": "ShareBasedCompensation",
                "unit": "usd",
                "value": 1152000
            },
            {
                "label": "Amortization of intangible assets",
                "concept": "AmortizationOfIntangibleAssets",
                "unit": "usd",
                "value": 3132000
            },
            {
                "label": "Amortization of operating lease right-of-use assets",
                "concept": "abcb:AmortizationOfOperatingLeaseRightOfUseAssets",
                "unit": "usd",
                "value": 1547000
            },
            {
                "label": "Provision for deferred taxes",
                "concept": "DeferredIncomeTaxExpenseBenefit",
                "unit": "usd",
                "value": 2963000
            },
            {
                "label": "Net amortization of investment securities available for sale",
                "concept": "abcb:AmortizationOfInvestmentSecurities",
                "unit": "usd",
                "value": 819000
            },
            {
                "label": "Net gain on securities",
                "concept": "GainLossOnInvestments",
                "unit": "usd",
                "value": 66000
            },
            {
                "label": "Accretion of discount on purchased loans",
                "concept": "abcb:AccretionOfDiscountOnPurchasedLoans",
                "unit": "usd",
                "value": -2980000
            },
            {
                "label": "Amortization of premium on purchased loan pools",
                "concept": "abcb:AmortizationOfPremiumOnPurchasedLoanPools",
                "unit": "usd",
                "value": 348000
            },
            {
                "label": "Accretion on other borrowings",
                "concept": "abcb:NetAccretionOfOtherBorrowings",
                "unit": "usd",
                "value": -18000
            },
            {
                "label": "Accretion on subordinated deferrable interest debentures",
                "concept": "abcb:AmortizationOfSubordinatedDeferrableInterestDebentures",
                "unit": "usd",
                "value": 342000
            },
            {
                "label": "Originations of mortgage loans held for sale",
                "concept": "PaymentsForOriginationOfMortgageLoansHeldForSale",
                "unit": "usd",
                "value": 296197000
            },
            {
                "label": "Payments received on mortgage loans held for sale",
                "concept": "ProceedsFromCollectionOfMortgageLoansHeldForSale",
                "unit": "usd",
                "value": 194000
            },
            {
                "label": "Proceeds from sales of mortgage loans held for sale",
                "concept": "ProceedsFromSaleOfMortgageLoansHeldForSale",
                "unit": "usd",
                "value": 305473000
            },
            {
                "label": "Net gains on sale of mortgage loans held for sale",
                "concept": "GainLossOnSaleOfMortgageLoans",
                "unit": "usd",
                "value": 11484000
            },
            {
                "label": "Originations of SBA loans",
                "concept": "PaymentsForOriginationAndPurchasesOfLoansHeldForSale",
                "unit": "usd",
                "value": 9515000
            },
            {
                "label": "Proceeds from sales of SBA loans",
                "concept": "ProceedsFromSaleOfLoansHeldForSale",
                "unit": "usd",
                "value": 11870000
            },
            {
                "label": "Net gains on sale of SBA loans",
                "concept": "GainLossOnSalesOfLoansNet",
                "unit": "usd",
                "value": 1113000
            },
            {
                "label": "Increase in cash surrender value of bank owned life insurance",
                "concept": "abcb:IncreaseInCashSurrenderValueOfBankOwnedLifeInsurance",
                "unit": "usd",
                "value": 501000
            },
            {
                "label": "Changes in FDIC loss-share payable, net of cash payments",
                "concept": "abcb:AccretionOfFdicLossShareReceivableNetOfAmortizationOfFdicClawbackPayable",
                "unit": "usd",
                "value": -1141000
            },
            {
                "label": "Change attributable to other operating activities",
                "concept": "OtherOperatingActivitiesCashFlowStatement",
                "unit": "usd",
                "value": 5670000
            },
            {
                "label": "Net cash provided by (used in) operating activities",
                "concept": "NetCashProvidedByUsedInOperatingActivities",
                "unit": "usd",
                "value": 59677000
            },
            {
                "label": "Proceeds from maturities of time deposits in other banks",
                "concept": "ProceedsFromTimeDepositsAccepted",
                "unit": "usd",
                "value": 3441000
            },
            {
                "label": "Purchases of securities available for sale",
                "concept": "PaymentsToAcquireAvailableForSaleSecuritiesDebt",
                "unit": "usd",
                "value": 146874000
            },
            {
                "label": "Proceeds from prepayments and maturities of securities available for sale",
                "concept": "ProceedsFromSaleAndMaturityOfAvailableForSaleSecurities",
                "unit": "usd",
                "value": 43942000
            },
            {
                "label": "Proceeds from sales of securities available for sale",
                "concept": "ProceedsFromSaleOfAvailableForSaleSecuritiesDebt",
                "unit": "usd",
                "value": 64995000
            },
            {
                "label": "Net increase in other investments",
                "concept": "IncreaseDecreaseOfRestrictedInvestments",
                "unit": "usd",
                "value": 694000
            },
            {
                "label": "Net increase in loans, excluding purchased loans",
                "concept": "abcb:IncreaseDecreaseInLoan",
                "unit": "usd",
                "value": 101360000
            },
            {
                "label": "Payments received on purchased loans",
                "concept": "abcb:PurchasedLoansReceivable",
                "unit": "usd",
                "value": 116834000
            },
            {
                "label": "Payments received on purchased loan pools",
                "concept": "abcb:ProceedsFromPurchasedLoanPools",
                "unit": "usd",
                "value": 8567000
            },
            {
                "label": "Purchases of premises and equipment",
                "concept": "PaymentsToAcquirePropertyPlantAndEquipment",
                "unit": "usd",
                "value": 1550000
            },
            {
                "label": "Proceeds from sales of premises and equipment",
                "concept": "ProceedsFromSaleOfPropertyPlantAndEquipment",
                "unit": "usd",
                "value": 275000
            },
            {
                "label": "Proceeds from sales of other real estate owned",
                "concept": "ProceedsFromSaleOfOtherRealEstate",
                "unit": "usd",
                "value": 2610000
            },
            {
                "label": "Payments paid to FDIC under loss-share agreements",
                "concept": "abcb:PaymentsToFDICUnderLossShareAgreements",
                "unit": "usd",
                "value": 1794000
            },
            {
                "label": "Net cash and cash equivalents paid in acquisitions",
                "concept": "PaymentsToAcquireBusinessesGross",
                "unit": "usd",
                "value": 0
            },
            {
                "label": "Net cash used in investing activities",
                "concept": "NetCashProvidedByUsedInInvestingActivities",
                "unit": "usd",
                "value": -11608000
            },
            {
                "label": "Net increase (decrease) in deposits",
                "concept": "IncreaseDecreaseInDeposits",
                "unit": "usd",
                "value": 151562000
            },
            {
                "label": "Net decrease in securities sold under agreements to repurchase",
                "concept": "ProceedsFromPaymentsForInSecuritiesSoldUnderAgreementsToRepurchase",
                "unit": "usd",
                "value": -16125000
            },
            {
                "label": "Proceeds from other borrowings",
                "concept": "ProceedsFromOtherDebt",
                "unit": "usd",
                "value": 0
            },
            {
                "label": "Repayment of other borrowings",
                "concept": "RepaymentsOfOtherDebt",
                "unit": "usd",
                "value": 338000
            },
            {
                "label": "Proceeds from exercise of stock options",
                "concept": "ProceedsFromStockOptionsExercised",
                "unit": "usd",
                "value": 54000
            },
            {
                "label": "Dividends paid - common stock",
                "concept": "PaymentsOfDividendsCommonStock",
                "unit": "usd",
                "value": 4751000
            },
            {
                "label": "Purchase of treasury shares",
                "concept": "PaymentsForRepurchaseOfEquity",
                "unit": "usd",
                "value": 998000
            },
            {
                "label": "Net cash provided by financing activities",
                "concept": "NetCashProvidedByUsedInFinancingActivities",
                "unit": "usd",
                "value": 129404000
            },
            {
                "label": "Net increase in cash and cash equivalents",
                "concept": "CashCashEquivalentsRestrictedCashAndRestrictedCashEquivalentsPeriodIncreaseDecreaseIncludingExchangeRateEffect",
                "unit": "usd",
                "value": 177473000
            },
            {
                "label": "Interest",
                "concept": "InterestPaidNet",
                "unit": "usd",
                "value": 25741000
            },
            {
                "label": "Income taxes",
                "concept": "IncomeTaxesPaidNet",
                "unit": "usd",
                "value": 49000
            },
            {
                "label": "Loans (excluding purchased loans) transferred to other real estate owned",
                "concept": "TransferToOtherRealEstate",
                "unit": "usd",
                "value": 264000
            },
            {
                "label": "Purchased loans transferred to other real estate owned",
                "concept": "abcb:NonCoveredLoansTransferredToOtherRealEstateOwned",
                "unit": "usd",
                "value": 2523000
            },
            {
                "label": "Loans transferred from loans held for sale to loans held for investment",
                "concept": "TransferOfLoansHeldForSaleToPortfolioLoans1",
                "unit": "usd",
                "value": 0
            },
            {
                "label": "Loans transferred from loans held for investment to loans held for sale",
                "concept": "TransferOfPortfolioLoansAndLeasesToHeldForSale1",
                "unit": "usd",
                "value": 0
            },
            {
                "label": "Loans provided for the sales of other real estate owned",
                "concept": "abcb:TransferFromLoansToLoansProvidedForSalesOfOtherRealEstateOwned",
                "unit": "usd",
                "value": 75000
            },
            {
                "label": "Initial recognition of operating lease right-of-use assets",
                "concept": "abcb:NonCashChangeInOperatingLeaseRightOfUseAsset",
                "unit": "usd",
                "value": 27286000
            },
            {
                "label": "Initial recognition of operating lease liabilities",
                "concept": "abcb:NonCashChangeInOperatingLeaseLiability",
                "unit": "usd",
                "value": 29651000
            },
            {
                "label": "Assets acquired in business acquisitions",
                "concept": "FairValueOfAssetsAcquired",
                "unit": "usd",
                "value": 1335000
            },
            {
                "label": "Liabilities assumed in business acquisitions",
                "concept": "LiabilitiesAssumed1",
                "unit": "usd",
                "value": -792000
            },
            {
                "label": "Change in unrealized gain (loss) on securities available for sale, net of tax",
                "concept": "OtherComprehensiveIncomeLossAvailableForSaleSecuritiesAdjustmentBeforeTax",
                "unit": "usd",
                "value": 3821000
            },
            {
                "label": "Change in unrealized gain (loss) on cash flow hedge, net of tax",
                "concept": "abcb:ChangeInUnrealizedGainLossOnCashFlowHedgesInterestRateFloorInterestRateSwap",
                "unit": "usd",
                "value": -173000
            }
        ],
        "ic": [
            {
                "label": "Interest and fees on loans",
                "concept": "InterestAndFeeIncomeLoansAndLeases",
                "unit": "usd",
                "value": 112401000
            },
            {
                "label": "Interest on taxable securities",
                "concept": "InterestIncomeSecuritiesTaxable",
                "unit": "usd",
                "value": 9043000
            },
            {
                "label": "Interest on nontaxable securities",
                "concept": "InterestIncomeSecuritiesTaxExempt",
                "unit": "usd",
                "value": 156000
            },
            {
                "label": "Interest on deposits in other banks and federal funds sold",
                "concept": "abcb:InterestIncomeDepositsWithFinancialInstitutionsAndFederalFundsSold",
                "unit": "usd",
                "value": 3329000
            },
            {
                "label": "Total interest income",
                "concept": "InterestAndDividendIncomeOperating",
                "unit": "usd",
                "value": 124929000
            },
            {
                "label": "Interest on deposits",
                "concept": "InterestExpenseDeposits",
                "unit": "usd",
                "value": 21684000
            },
            {
                "label": "Interest on other borrowings",
                "concept": "InterestExpenseBorrowings",
                "unit": "usd",
                "value": 3850000
            },
            {
                "label": "Total interest expense",
                "concept": "InterestExpense",
                "unit": "usd",
                "value": 25534000
            },
            {
                "label": "Provision for loan losses",
                "concept": "ProvisionForLoanAndLeaseLosses",
                "unit": "usd",
                "value": 3408000
            },
            {
                "label": "Net interest income after provision for loan losses",
                "concept": "InterestIncomeExpenseAfterProvisionForLoanLoss",
                "unit": "usd",
                "value": 95987000
            },
            {
                "label": "Service charges on deposit accounts",
                "concept": "abcb:FeesAndCommissionsDepositorAccounts1",
                "unit": "usd",
                "value": 11646000
            },
            {
                "label": "Mortgage banking activity",
                "concept": "abcb:NoninterestIncomeMortgageBanking",
                "unit": "usd",
                "value": 13828000
            },
            {
                "label": "Other service charges, commissions and fees",
                "concept": "abcb:FeesAndCommissionsOther1",
                "unit": "usd",
                "value": 768000
            },
            {
                "label": "Gain on securities",
                "concept": "GainLossOnInvestments",
                "unit": "usd",
                "value": 66000
            },
            {
                "label": "Total noninterest income",
                "concept": "NoninterestIncome",
                "unit": "usd",
                "value": 30771000
            },
            {
                "label": "Salaries and employee benefits",
                "concept": "LaborAndRelatedExpense",
                "unit": "usd",
                "value": 38370000
            },
            {
                "label": "Occupancy and equipment expense",
                "concept": "OccupancyNet",
                "unit": "usd",
                "value": 8204000
            },
            {
                "label": "Data processing and communications costs",
                "concept": "InformationTechnologyAndDataProcessing",
                "unit": "usd",
                "value": 8391000
            },
            {
                "label": "Credit resolution-related expenses",
                "concept": "ExpenseRelatedToDistributionOrServicingAndUnderwritingFees",
                "unit": "usd",
                "value": 911000
            },
            {
                "label": "Advertising and marketing expense",
                "concept": "MarketingAndAdvertisingExpense",
                "unit": "usd",
                "value": 1741000
            },
            {
                "label": "Merger and conversion charges",
                "concept": "BusinessCombinationIntegrationRelatedCosts",
                "unit": "usd",
                "value": 2057000
            },
            {
                "label": "Other noninterest expenses",
                "concept": "OtherNoninterestExpense",
                "unit": "usd",
                "value": 12619000
            },
            {
                "label": "Net unrealized holding gains (losses) arising during period on investment securities available for sale, net of tax expense (benefit) of $1,028 and ($2,500)",
                "concept": "OtherComprehensiveIncomeUnrealizedHoldingGainLossOnSecuritiesArisingDuringPeriodNetOfTax",
                "unit": "usd",
                "value": 3867000
            },
            {
                "label": "Reclassification adjustment for gains on investment securities included in earnings, net of tax of ($12) and ($8)",
                "concept": "OtherComprehensiveIncomeLossReclassificationAdjustmentFromAOCIForSaleOfSecuritiesNetOfTax",
                "unit": "usd",
                "value": 46000
            },
            {
                "label": "Unrealized gains (losses) on cash flow hedges arising during period, net of tax expense (benefit) of ($46) and $75",
                "concept": "OtherComprehensiveIncomeLossCashFlowHedgeGainLossAfterReclassificationAndTax",
                "unit": "usd",
                "value": -173000
            },
            {
                "label": "Other comprehensive income (loss)",
                "concept": "OtherComprehensiveIncomeLossNetOfTax",
                "unit": "usd",
                "value": 3648000
            },
            {
                "label": "Total comprehensive income",
                "concept": "ComprehensiveIncomeNetOfTax",
                "unit": "usd",
                "value": 43553000
            },
            {
                "label": "Basic earnings per common share (in dollars per share)",
                "concept": "EarningsPerShareBasic",
                "unit": "usd/shares",
                "value": 0.84
            },
            {
                "label": "Diluted earnings per common share (in dollars per share)",
                "concept": "EarningsPerShareDiluted",
                "unit": "usd/shares",
                "value": 0.84
            },
            {
                "label": "Dividends declared per common share (in dollars per share)",
                "concept": "CommonStockDividendsPerShareDeclared",
                "unit": "usd/shares",
                "value": 0.1
            },
            {
                "label": "Basic (in shares)",
                "concept": "WeightedAverageNumberOfSharesOutstandingBasic",
                "unit": "shares",
                "value": 47366000
            },
            {
                "label": "Diluted (in shares)",
                "concept": "WeightedAverageNumberOfDilutedSharesOutstanding",
                "unit": "shares",
                "value": 47456000
            }
        ]
    }
}