{
    "startDate": "2019-01-01",
    "endDate": "2019-03-31",
    "year": "2019",
    "quarter": "Q1",
    "symbol": "RYN",
    "data": {
        "bs": [
            {
                "label": "Accounts receivable, less allowance for doubtful accounts",
                "concept": "AccountsReceivableNetCurrent",
                "unit": "usd",
                "value": 32031000
            },
            {
                "label": "HIGHER AND BETTER USE TIMBERLANDS AND REAL ESTATE DEVELOPMENT COSTS",
                "concept": "InventoryRealEstateLandAndLandDevelopmentCosts",
                "unit": "usd",
                "value": 76287000
            },
            {
                "label": "NET PROPERTY, PLANT AND EQUIPMENT",
                "concept": "PropertyPlantAndEquipmentNet",
                "unit": "usd",
                "value": 22541000
            },
            {
                "label": "RESTRICTED CASH",
                "concept": "RestrictedCashAndInvestmentsNoncurrent",
                "unit": "usd",
                "value": 9867000
            },
            {
                "label": "INVESTMENT IN SUBSIDIARIES",
                "concept": "InvestmentsInAndAdvancesToAffiliatesAmountOfEquity",
                "unit": "usd",
                "value": "N/A"
            },
            {
                "label": "INTERCOMPANY RECEIVABLE",
                "concept": "ryn:NotesPayableReceivableRelatedPartiesNoncurrent",
                "unit": "usd",
                "value": "N/A"
            },
            {
                "label": "OTHER ASSETS",
                "concept": "OtherAssetsNoncurrent",
                "unit": "usd",
                "value": 43259000
            },
            {
                "label": "Accounts payable",
                "concept": "AccountsPayableCurrent",
                "unit": "usd",
                "value": 25958000
            },
            {
                "label": "Other current liabilities",
                "concept": "OtherLiabilitiesCurrent",
                "unit": "usd",
                "value": 27050000
            },
            {
                "label": "LONG-TERM DEBT, NET OF DEFERRED FINANCING COSTS",
                "concept": "LongTermDebtNoncurrent",
                "unit": "usd",
                "value": 972707000
            },
            {
                "label": "PENSION AND OTHER POSTRETIREMENT BENEFITS",
                "concept": "PensionAndOtherPostretirementDefinedBenefitPlansLiabilitiesNoncurrent",
                "unit": "usd",
                "value": 29812000
            },
            {
                "label": "INTERCOMPANY PAYABLE",
                "concept": "ryn:DueToFromRelatedPartiesNoncurrent",
                "unit": "usd",
                "value": "N/A"
            },
            {
                "label": "TOTAL RAYONIER INC. SHAREHOLDERS\u2019 EQUITY",
                "concept": "StockholdersEquity",
                "unit": "usd",
                "value": 1542567000
            }
        ],
        "cf": [
            {
                "label": "CASH (USED FOR) PROVIDED BY OPERATING ACTIVITIES",
                "concept": "NetCashProvidedByUsedInOperatingActivities",
                "unit": "usd",
                "value": 70917000
            },
            {
                "label": "Capital expenditures",
                "concept": "PaymentsToAcquirePropertyPlantAndEquipment",
                "unit": "usd",
                "value": 14122000
            },
            {
                "label": "Real estate development costs",
                "concept": "PaymentsToDevelopRealEstateAssets",
                "unit": "usd",
                "value": 1677000
            },
            {
                "label": "Purchase of timberlands",
                "concept": "PaymentsToAcquireTimberlands",
                "unit": "usd",
                "value": 12349000
            },
            {
                "label": "Investment in Subsidiaries",
                "concept": "PaymentsForProceedsFromInvestments",
                "unit": "usd",
                "value": "N/A"
            },
            {
                "label": "Other",
                "concept": "PaymentsForProceedsFromOtherInvestingActivities",
                "unit": "usd",
                "value": 2337000
            },
            {
                "label": "Repayment of debt",
                "concept": "RepaymentsOfLongTermDebt",
                "unit": "usd",
                "value": "N/A"
            },
            {
                "label": "Dividends paid",
                "concept": "PaymentsOfDividends",
                "unit": "usd",
                "value": 34877000
            },
            {
                "label": "Repurchase of common shares",
                "concept": "PaymentsForRepurchaseOfCommonStock",
                "unit": "usd",
                "value": 33000
            },
            {
                "label": "Proceeds from shareholder distribution hedge",
                "concept": "PaymentsForProceedsFromHedgeFinancingActivities",
                "unit": "usd",
                "value": 16000
            },
            {
                "label": "Intercompany distributions",
                "concept": "ryn:IntercompanyDistributions",
                "unit": "usd",
                "value": "N/A"
            },
            {
                "label": "Change in cash, cash equivalents and restricted cash",
                "concept": "CashCashEquivalentsRestrictedCashAndRestrictedCashEquivalentsPeriodIncreaseDecreaseIncludingExchangeRateEffect",
                "unit": "usd",
                "value": 8026000
            }
        ],
        "ic": [
            {
                "label": "SALES",
                "concept": "Revenues",
                "unit": "usd",
                "value": 191546000
            },
            {
                "label": "Cost of sales",
                "concept": "CostOfGoodsAndServicesSold",
                "unit": "usd",
                "value": 143251000
            },
            {
                "label": "Selling and general expenses",
                "concept": "SellingGeneralAndAdministrativeExpense",
                "unit": "usd",
                "value": 9810000
            },
            {
                "label": "Other operating (loss) income, net",
                "concept": "OtherOperatingIncomeExpenseNet",
                "unit": "usd",
                "value": 35000
            },
            {
                "label": "Costs and Expenses, Total",
                "concept": "CostsAndExpenses",
                "unit": "usd",
                "value": 153026000
            },
            {
                "label": "OPERATING INCOME",
                "concept": "OperatingIncomeLoss",
                "unit": "usd",
                "value": 38520000
            },
            {
                "label": "Interest expense",
                "concept": "InterestExpense",
                "unit": "usd",
                "value": 7710000
            },
            {
                "label": "Interest and miscellaneous income (expense), net",
                "concept": "OtherNonoperatingIncomeExpense",
                "unit": "usd",
                "value": 1332000
            },
            {
                "label": "Equity in income from subsidiaries",
                "concept": "ryn:EquityIncomeFromSubsidiaries",
                "unit": "usd",
                "value": "N/A"
            },
            {
                "label": "Income tax expense",
                "concept": "IncomeTaxExpenseBenefit",
                "unit": "usd",
                "value": 4349000
            },
            {
                "label": "NET INCOME",
                "concept": "ProfitLoss",
                "unit": "usd",
                "value": 27793000
            },
            {
                "label": "Less: Net income attributable to noncontrolling interest",
                "concept": "NetIncomeLossAttributableToNoncontrollingInterest",
                "unit": "usd",
                "value": 2999000
            },
            {
                "label": "NET INCOME ATTRIBUTABLE TO RAYONIER INC.",
                "concept": "NetIncomeLoss",
                "unit": "usd",
                "value": 24794000
            },
            {
                "label": "Foreign currency translation adjustment, net of income tax",
                "concept": "OtherComprehensiveIncomeLossForeignCurrencyTransactionAndTranslationAdjustmentNetOfTax",
                "unit": "usd",
                "value": 6033000
            },
            {
                "label": "Cash flow hedges, net of income tax",
                "concept": "OtherComprehensiveIncomeLossDerivativesQualifyingAsHedgesNetOfTax",
                "unit": "usd",
                "value": 10686000
            },
            {
                "label": "Amortization of pension and postretirement plans, net of income tax",
                "concept": "OtherComprehensiveIncomeLossPensionAndOtherPostretirementBenefitPlansAdjustmentNetOfTax",
                "unit": "usd",
                "value": 112000
            },
            {
                "label": "Total other comprehensive (loss) income",
                "concept": "OtherComprehensiveIncomeLossNetOfTax",
                "unit": "usd",
                "value": 4541000
            },
            {
                "label": "COMPREHENSIVE INCOME",
                "concept": "ComprehensiveIncomeNetOfTaxIncludingPortionAttributableToNoncontrollingInterest",
                "unit": "usd",
                "value": 23252000
            },
            {
                "label": "Less: Comprehensive income attributable to noncontrolling interest",
                "concept": "ComprehensiveIncomeNetOfTaxAttributableToNoncontrollingInterest",
                "unit": "usd",
                "value": 4551000
            },
            {
                "label": "COMPREHENSIVE INCOME ATTRIBUTABLE TO RAYONIER INC.",
                "concept": "ComprehensiveIncomeNetOfTax",
                "unit": "usd",
                "value": 18701000
            }
        ]
    }
}