{
    "startDate": "2018-11-26",
    "endDate": "2019-02-24",
    "year": "2019",
    "quarter": "Q1",
    "symbol": "LVIS",
    "data": {
        "bs": [
            {
                "label": "Cash and cash equivalents",
                "concept": "CashAndCashEquivalentsAtCarryingValue",
                "unit": "usd",
                "value": 621934000
            },
            {
                "label": "Short-term investments",
                "concept": "ShortTermInvestments",
                "unit": "usd",
                "value": 100017000
            },
            {
                "label": "Trade receivables, net of allowance for doubtful accounts of $8,332 and $10,037",
                "concept": "AccountsReceivableNetCurrent",
                "unit": "usd",
                "value": 633534000
            },
            {
                "label": "Raw materials",
                "concept": "InventoryRawMaterials",
                "unit": "usd",
                "value": 5900000
            },
            {
                "label": "Work-in-process",
                "concept": "InventoryWorkInProcess",
                "unit": "usd",
                "value": 2889000
            },
            {
                "label": "Finished goods",
                "concept": "InventoryFinishedGoods",
                "unit": "usd",
                "value": 905488000
            },
            {
                "label": "Total inventories",
                "concept": "InventoryNet",
                "unit": "usd",
                "value": 914277000
            },
            {
                "label": "Total current assets",
                "concept": "AssetsCurrent",
                "unit": "usd",
                "value": 2447302000
            },
            {
                "label": "Property, plant and equipment, net of accumulated depreciation of $998,131 and $974,206",
                "concept": "PropertyPlantAndEquipmentNet",
                "unit": "usd",
                "value": 463840000
            },
            {
                "label": "Goodwill",
                "concept": "Goodwill",
                "unit": "usd",
                "value": 236127000
            },
            {
                "label": "Other intangible assets, net",
                "concept": "IntangibleAssetsNetExcludingGoodwill",
                "unit": "usd",
                "value": 42822000
            },
            {
                "label": "Deferred tax assets, net",
                "concept": "DeferredTaxAssetsNet",
                "unit": "usd",
                "value": 398008000
            },
            {
                "label": "Other non-current assets",
                "concept": "OtherAssetsNoncurrent",
                "unit": "usd",
                "value": 120269000
            },
            {
                "label": "Total assets",
                "concept": "Assets",
                "unit": "usd",
                "value": 3708368000
            },
            {
                "label": "Accounts payable",
                "concept": "AccountsPayableCurrent",
                "unit": "usd",
                "value": 329913000
            },
            {
                "label": "Accrued salaries, wages and employee benefits",
                "concept": "EmployeeRelatedLiabilitiesCurrent",
                "unit": "usd",
                "value": 215811000
            },
            {
                "label": "Accrued interest payable",
                "concept": "InterestPayableCurrent",
                "unit": "usd",
                "value": 16648000
            },
            {
                "label": "Accrued income taxes",
                "concept": "AccruedIncomeTaxesCurrent",
                "unit": "usd",
                "value": 34624000
            },
            {
                "label": "Accrued Sales Commission",
                "concept": "AccruedSalesCommissionCurrentAndNoncurrent",
                "unit": "usd",
                "value": 109663000
            },
            {
                "label": "Other accrued liabilities",
                "concept": "OtherAccruedLiabilitiesCurrent",
                "unit": "usd",
                "value": 474256000
            },
            {
                "label": "Total current liabilities",
                "concept": "LiabilitiesCurrent",
                "unit": "usd",
                "value": 1204392000
            },
            {
                "label": "Long-term debt",
                "concept": "LongTermDebt",
                "unit": "usd",
                "value": 1017660000
            },
            {
                "label": "Postretirement medical benefits",
                "concept": "OtherPostretirementDefinedBenefitPlanLiabilitiesNoncurrent",
                "unit": "usd",
                "value": 72752000
            },
            {
                "label": "Pension liability",
                "concept": "DefinedBenefitPensionPlanLiabilitiesNoncurrent",
                "unit": "usd",
                "value": 193297000
            },
            {
                "label": "Long-term employee related benefits",
                "concept": "lvis:EmployeeRelatedLiabilitiesNoncurrent",
                "unit": "usd",
                "value": 84607000
            },
            {
                "label": "Long-term income tax liabilities",
                "concept": "AccruedIncomeTaxesNoncurrent",
                "unit": "usd",
                "value": 10281000
            },
            {
                "label": "Other long-term liabilities",
                "concept": "OtherLiabilitiesNoncurrent",
                "unit": "usd",
                "value": 116353000
            },
            {
                "label": "Total liabilities",
                "concept": "Liabilities",
                "unit": "usd",
                "value": 2699342000
            },
            {
                "label": "Commitments and contingencies",
                "concept": "CommitmentsAndContingencies",
                "unit": "usd",
                "value": "N/A"
            },
            {
                "label": "Common stock \u2014 $.001 par value; 1,200,000,000 shares authorized; 375,874,600 shares and 376,028,430 shares issued and outstanding",
                "concept": "CommonStockValue",
                "unit": "usd",
                "value": 376000
            },
            {
                "label": "Additional paid-in capital",
                "concept": "AdditionalPaidInCapitalCommonStock",
                "unit": "usd",
                "value": 0
            },
            {
                "label": "Accumulated other comprehensive loss",
                "concept": "lvis:AccumulatedOtherComprehensiveIncomeLossNetOfTaxAttributableToParent",
                "unit": "usd",
                "value": -416370000
            },
            {
                "label": "Retained earnings",
                "concept": "RetainedEarningsAccumulatedDeficit",
                "unit": "usd",
                "value": 1094636000
            },
            {
                "label": "Total Levi Strauss & Co. stockholders\u2019 equity",
                "concept": "StockholdersEquity",
                "unit": "usd",
                "value": 678642000
            },
            {
                "label": "Noncontrolling interest",
                "concept": "MinorityInterest",
                "unit": "usd",
                "value": 7400000
            },
            {
                "label": "Total stockholders\u2019 equity",
                "concept": "StockholdersEquityIncludingPortionAttributableToNoncontrollingInterest",
                "unit": "usd",
                "value": 686042000
            },
            {
                "label": "Total liabilities, temporary equity and stockholders\u2019 equity",
                "concept": "LiabilitiesAndStockholdersEquity",
                "unit": "usd",
                "value": 3708368000
            }
        ],
        "cf": [
            {
                "label": "Net income (loss)",
                "concept": "ProfitLoss",
                "unit": "usd",
                "value": 146451000
            },
            {
                "label": "Depreciation and amortization",
                "concept": "DepreciationDepletionAndAmortization",
                "unit": "usd",
                "value": 28559000
            },
            {
                "label": "Unrealized foreign exchange losses",
                "concept": "ForeignCurrencyTransactionGainLossUnrealized",
                "unit": "usd",
                "value": -9046000
            },
            {
                "label": "Realized (gain) loss on settlement of forward foreign exchange contracts not designated for hedge accounting",
                "concept": "lvis:RealizedLossGainOnSettlementOfForwardForeignExchangeContractsNotDesignatedForHedgeAccounting",
                "unit": "usd",
                "value": -4618000
            },
            {
                "label": "Employee benefit plans\u2019 amortization from accumulated other comprehensive loss and settlement loss",
                "concept": "lvis:EmployeeBenefitPlansAmortizationFromAccumulatedOtherComprehensiveLoss",
                "unit": "usd",
                "value": 3422000
            },
            {
                "label": "Stock-based compensation",
                "concept": "ShareBasedCompensation",
                "unit": "usd",
                "value": 1497000
            },
            {
                "label": "Other, net",
                "concept": "OtherOperatingActivitiesCashFlowStatement",
                "unit": "usd",
                "value": -413000
            },
            {
                "label": "(Benefit from) provision for deferred income taxes",
                "concept": "DeferredIncomeTaxExpenseBenefit",
                "unit": "usd",
                "value": -795000
            },
            {
                "label": "Trade receivables",
                "concept": "IncreaseDecreaseInAccountsReceivable",
                "unit": "usd",
                "value": -69672000
            },
            {
                "label": "Inventories",
                "concept": "IncreaseDecreaseInInventories",
                "unit": "usd",
                "value": 48120000
            },
            {
                "label": "Other current assets",
                "concept": "IncreaseDecreaseInOtherCurrentAssets",
                "unit": "usd",
                "value": 6162000
            },
            {
                "label": "Other non-current assets",
                "concept": "IncreaseDecreaseInOtherNoncurrentAssets",
                "unit": "usd",
                "value": 2251000
            },
            {
                "label": "Accounts payable and other accrued liabilities",
                "concept": "IncreaseDecreaseInAccountsPayableAndAccruedLiabilities",
                "unit": "usd",
                "value": -48041000
            },
            {
                "label": "Restructuring liabilities",
                "concept": "IncreaseDecreaseInRestructuringReserve",
                "unit": "usd",
                "value": -4000
            },
            {
                "label": "Income tax liabilities",
                "concept": "IncreaseDecreaseInAccruedIncomeTaxesPayable",
                "unit": "usd",
                "value": 19496000
            },
            {
                "label": "Accrued salaries, wages and employee benefits and long-term employee related benefits",
                "concept": "IncreaseDecreaseInEmployeeRelatedLiabilities",
                "unit": "usd",
                "value": -110338000
            },
            {
                "label": "Other long-term liabilities",
                "concept": "IncreaseDecreaseInOtherNoncurrentLiabilities",
                "unit": "usd",
                "value": -1579000
            },
            {
                "label": "Net cash provided by operating activities",
                "concept": "NetCashProvidedByUsedInOperatingActivities",
                "unit": "usd",
                "value": 55822000
            },
            {
                "label": "Purchases of property, plant and equipment",
                "concept": "PaymentsToAcquirePropertyPlantAndEquipment",
                "unit": "usd",
                "value": 36149000
            },
            {
                "label": "Proceeds (Payments) on settlement of forward foreign exchange contracts not designated for hedge accounting",
                "concept": "PaymentsForProceedsFromDerivativeInstrumentInvestingActivities",
                "unit": "usd",
                "value": -55818000
            },
            {
                "label": "Payments to acquire short-term investments",
                "concept": "PaymentsForProceedsFromOtherInvestingActivities",
                "unit": "usd",
                "value": 99880000
            },
            {
                "label": "Net cash used for investing activities",
                "concept": "NetCashProvidedByUsedInInvestingActivities",
                "unit": "usd",
                "value": -80211000
            },
            {
                "label": "Proceeds from short-term credit facilities",
                "concept": "ProceedsFromLinesOfCredit",
                "unit": "usd",
                "value": 13442000
            },
            {
                "label": "Repayments of short-term credit facilities",
                "concept": "RepaymentsOfLinesOfCredit",
                "unit": "usd",
                "value": 12556000
            },
            {
                "label": "Other short-term borrowings, net",
                "concept": "ProceedsFromRepaymentsOfShortTermDebt",
                "unit": "usd",
                "value": -9422000
            },
            {
                "label": "Repurchase of common stock, including shares surrendered for tax withholdings on equity award exercises",
                "concept": "PaymentsForRepurchaseOfCommonStock",
                "unit": "usd",
                "value": 3914000
            },
            {
                "label": "Dividend to stockholders",
                "concept": "PaymentsOfDividends",
                "unit": "usd",
                "value": 55000000
            },
            {
                "label": "Other financing, net",
                "concept": "ProceedsFromPaymentsForOtherFinancingActivities",
                "unit": "usd",
                "value": -296000
            },
            {
                "label": "Net cash used for financing activities",
                "concept": "NetCashProvidedByUsedInFinancingActivities",
                "unit": "usd",
                "value": -67746000
            },
            {
                "label": "Effect of exchange rate changes on cash and cash equivalents and restricted cash",
                "concept": "EffectOfExchangeRateOnCashCashEquivalentsRestrictedCashAndRestrictedCashEquivalents",
                "unit": "usd",
                "value": 952000
            },
            {
                "label": "Net decrease in cash and cash equivalents and restricted cash",
                "concept": "CashCashEquivalentsRestrictedCashAndRestrictedCashEquivalentsPeriodIncreaseDecreaseIncludingExchangeRateEffect",
                "unit": "usd",
                "value": -91183000
            },
            {
                "label": "Property, plant and equipment acquired and not yet paid at end of period",
                "concept": "CapitalExpendituresIncurredButNotYetPaid",
                "unit": "usd",
                "value": 10513000
            },
            {
                "label": "Property, plant and equipment additions due to build-to-suit lease transactions",
                "concept": "lvis:CapitalExpenditureAdditionsDuetoBuildtoSuitLeaseTransactions",
                "unit": "usd",
                "value": 7842000
            },
            {
                "label": "Realized loss on foreign currency contracts not yet paid at end of period",
                "concept": "ForeignCurrencyTransactionGainLossRealized",
                "unit": "usd",
                "value": 51200000
            },
            {
                "label": "Cash paid for interest during the period",
                "concept": "InterestPaidNet",
                "unit": "usd",
                "value": 2778000
            },
            {
                "label": "Cash paid for income taxes during the period, net of refunds",
                "concept": "IncomeTaxesPaidNet",
                "unit": "usd",
                "value": 17157000
            }
        ],
        "ic": [
            {
                "label": "Cost of goods sold",
                "concept": "CostOfGoodsAndServicesSold",
                "unit": "usd",
                "value": 651650000
            },
            {
                "label": "Gross profit",
                "concept": "GrossProfit",
                "unit": "usd",
                "value": 782808000
            },
            {
                "label": "Selling, general and administrative expenses",
                "concept": "SellingGeneralAndAdministrativeExpense",
                "unit": "usd",
                "value": 581896000
            },
            {
                "label": "Operating income",
                "concept": "OperatingIncomeLoss",
                "unit": "usd",
                "value": 200912000
            },
            {
                "label": "Income tax expense",
                "concept": "IncomeTaxExpenseBenefit",
                "unit": "usd",
                "value": 35271000
            },
            {
                "label": "Net income (loss)",
                "concept": "ProfitLoss",
                "unit": "usd",
                "value": 146451000
            },
            {
                "label": "Net loss (income) attributable to noncontrolling interest",
                "concept": "NetIncomeLossAttributableToNoncontrollingInterest",
                "unit": "usd",
                "value": -126000
            },
            {
                "label": "Net income (loss) attributable to Levi Strauss & Co.",
                "concept": "NetIncomeLoss",
                "unit": "usd",
                "value": 146577000
            },
            {
                "label": "Basic (in shares)",
                "concept": "WeightedAverageNumberOfSharesOutstandingBasic",
                "unit": "shares",
                "value": 377077111
            },
            {
                "label": "Diluted (in shares)",
                "concept": "WeightedAverageNumberOfDilutedSharesOutstanding",
                "unit": "shares",
                "value": 393234825
            }
        ]
    }
}