{
    "startDate": "2019-01-01",
    "endDate": "2019-03-31",
    "year": "2019",
    "quarter": "Q1",
    "symbol": "BHB",
    "data": {
        "bs": [
            {
                "label": "Cash and due from banks",
                "concept": "CashAndDueFromBanks",
                "unit": "usd",
                "value": 37504000
            },
            {
                "label": "Interest-bearing deposit with the Federal Reserve Bank",
                "concept": "InterestBearingDepositsInBanks",
                "unit": "usd",
                "value": 16599000
            },
            {
                "label": "Total cash and cash equivalents",
                "concept": "CashAndCashEquivalentsAtCarryingValue",
                "unit": "usd",
                "value": 54103000
            },
            {
                "label": "Securities available for sale, at fair value",
                "concept": "AvailableForSaleSecuritiesDebtSecurities",
                "unit": "usd",
                "value": 747235000
            },
            {
                "label": "Federal Home Loan Bank stock",
                "concept": "FederalHomeLoanBankStock",
                "unit": "usd",
                "value": 35107000
            },
            {
                "label": "Total securities",
                "concept": "Investments",
                "unit": "usd",
                "value": 782342000
            },
            {
                "label": "Commercial real estate",
                "concept": "LoansReceivableCommercialRealEstate",
                "unit": "usd",
                "value": 821567000
            },
            {
                "label": "Commercial and industrial",
                "concept": "LoansReceivableCommercialAndIndustrial",
                "unit": "usd",
                "value": 409937000
            },
            {
                "label": "Residential real estate",
                "concept": "LoansAndLeasesReceivableConsumerMortgage",
                "unit": "usd",
                "value": 1184053000
            },
            {
                "label": "Consumer",
                "concept": "LoansAndLeasesReceivableConsumerRealEstate",
                "unit": "usd",
                "value": 111402000
            },
            {
                "label": "Less: Allowance for loan losses",
                "concept": "LoansAndLeasesReceivableAllowance",
                "unit": "usd",
                "value": 13997000
            },
            {
                "label": "Net loans",
                "concept": "LoansAndLeasesReceivableNetReportedAmount",
                "unit": "usd",
                "value": 2512962000
            },
            {
                "label": "Premises and equipment, net",
                "concept": "PropertyPlantAndEquipmentNet",
                "unit": "usd",
                "value": 49661000
            },
            {
                "label": "Other real estate owned",
                "concept": "RealEstateAcquiredThroughForeclosure",
                "unit": "usd",
                "value": 2351000
            },
            {
                "label": "Goodwill",
                "concept": "Goodwill",
                "unit": "usd",
                "value": 100085000
            },
            {
                "label": "Other intangible assets",
                "concept": "IntangibleAssetsNetExcludingGoodwill",
                "unit": "usd",
                "value": 7266000
            },
            {
                "label": "Cash surrender value of bank-owned life insurance",
                "concept": "BankOwnedLifeInsurance",
                "unit": "usd",
                "value": 74352000
            },
            {
                "label": "Deferred tax assets, net",
                "concept": "DeferredTaxAssetsLiabilitiesNet",
                "unit": "usd",
                "value": 7632000
            },
            {
                "label": "Other assets",
                "concept": "OtherAssets",
                "unit": "usd",
                "value": 38441000
            },
            {
                "label": "Total assets",
                "concept": "Assets",
                "unit": "usd",
                "value": 3629195000
            },
            {
                "label": "Demand",
                "concept": "NoninterestBearingDomesticDepositDemand",
                "unit": "usd",
                "value": 342030000
            },
            {
                "label": "NOW",
                "concept": "DepositsNegotiableOrderOfWithdrawalNOW",
                "unit": "usd",
                "value": 470277000
            },
            {
                "label": "Savings",
                "concept": "DepositsSavingsDeposits",
                "unit": "usd",
                "value": 346813000
            },
            {
                "label": "Money market",
                "concept": "DepositsMoneyMarketDeposits",
                "unit": "usd",
                "value": 349833000
            },
            {
                "label": "Time",
                "concept": "TimeDeposits",
                "unit": "usd",
                "value": 956818000
            },
            {
                "label": "Total deposits",
                "concept": "Deposits",
                "unit": "usd",
                "value": 2465771000
            },
            {
                "label": "Senior",
                "concept": "SeniorNotes",
                "unit": "usd",
                "value": 703283000
            },
            {
                "label": "Subordinated",
                "concept": "JuniorSubordinatedNotes",
                "unit": "usd",
                "value": 42958000
            },
            {
                "label": "Other liabilities",
                "concept": "OtherLiabilities",
                "unit": "usd",
                "value": 36160000
            },
            {
                "label": "Total liabilities",
                "concept": "Liabilities",
                "unit": "usd",
                "value": 3248172000
            },
            {
                "label": "Capital stock, par value $2.00; authorized 20,000,000 shares; issued 16,428,388 and 16,428,388 shares at March 31, 2019 and December 31, 2018, respectively",
                "concept": "CommonStockValue",
                "unit": "usd",
                "value": 32857000
            },
            {
                "label": "Additional paid-in capital",
                "concept": "AdditionalPaidInCapitalCommonStock",
                "unit": "usd",
                "value": 187743000
            },
            {
                "label": "Retained earnings",
                "concept": "RetainedEarningsAccumulatedDeficit",
                "unit": "usd",
                "value": 170702000
            },
            {
                "label": "Accumulated other comprehensive loss",
                "concept": "AccumulatedOtherComprehensiveIncomeLossNetOfTax",
                "unit": "usd",
                "value": -5628000
            },
            {
                "label": "Less: 904,760 and 905,201 shares of treasury stock at March 31, 2019 and December 31, 2018, respectively",
                "concept": "TreasuryStockValue",
                "unit": "usd",
                "value": 4651000
            },
            {
                "label": "Total shareholders\u2019 equity",
                "concept": "StockholdersEquity",
                "unit": "usd",
                "value": 381023000
            },
            {
                "label": "Total liabilities and shareholders\u2019 equity",
                "concept": "LiabilitiesAndStockholdersEquity",
                "unit": "usd",
                "value": 3629195000
            }
        ],
        "cf": [
            {
                "label": "Net income",
                "concept": "NetIncomeLoss",
                "unit": "usd",
                "value": 7281000
            },
            {
                "label": "Provision for loan losses",
                "concept": "ProvisionForLoanAndLeaseLosses",
                "unit": "usd",
                "value": 324000
            },
            {
                "label": "Net amortization of securities",
                "concept": "AccretionAmortizationOfDiscountsAndPremiumsInvestments",
                "unit": "usd",
                "value": -693000
            },
            {
                "label": "Change in unamortized net loan costs and premiums",
                "concept": "bhb:ChangeInUnamortizedNetLoanCostsAndPremiums",
                "unit": "usd",
                "value": 85000
            },
            {
                "label": "Premises and equipment depreciation",
                "concept": "DepreciationAndAmortization",
                "unit": "usd",
                "value": 952000
            },
            {
                "label": "Stock-based compensation expense",
                "concept": "ShareBasedCompensation",
                "unit": "usd",
                "value": 90000
            },
            {
                "label": "Accretion of purchase accounting entries, net",
                "concept": "AdjustmentForAmortization",
                "unit": "usd",
                "value": -886000
            },
            {
                "label": "Amortization of other intangibles",
                "concept": "bhb:AmortizationofOtherIntangibleAssets",
                "unit": "usd",
                "value": 207000
            },
            {
                "label": "Income from cash surrender value of bank-owned life insurance policies",
                "concept": "BankOwnedLifeInsuranceIncome",
                "unit": "usd",
                "value": 542000
            },
            {
                "label": "Net change in other assets and liabilities",
                "concept": "OtherNoncashIncomeExpense",
                "unit": "usd",
                "value": 3757000
            },
            {
                "label": "Net cash provided by operating activities",
                "concept": "NetCashProvidedByUsedInOperatingActivities",
                "unit": "usd",
                "value": 4277000
            },
            {
                "label": "Proceeds from maturities, calls and prepayments of securities available for sale",
                "concept": "ProceedsFromMaturitiesPrepaymentsAndCallsOfAvailableForSaleSecurities",
                "unit": "usd",
                "value": 21709000
            },
            {
                "label": "Purchases of securities available for sale",
                "concept": "PaymentsToAcquireAvailableForSaleSecuritiesDebt",
                "unit": "usd",
                "value": 35290000
            },
            {
                "label": "Net change in loans",
                "concept": "PaymentsForProceedsFromLoansAndLeases",
                "unit": "usd",
                "value": 36209000
            },
            {
                "label": "Purchase of Federal Home Loan Bank stock",
                "concept": "PaymentsToAcquireFederalReserveStock",
                "unit": "usd",
                "value": 5567000
            },
            {
                "label": "Proceeds from sale of Federal Home Loan Bank stock",
                "concept": "ProceedsFromSaleOfFederalHomeLoanBankStock",
                "unit": "usd",
                "value": 6119000
            },
            {
                "label": "Purchase of premises and equipment, net",
                "concept": "PaymentsToAcquirePropertyPlantAndEquipment",
                "unit": "usd",
                "value": 1809000
            },
            {
                "label": "Net cash (used in) provided by investing activities",
                "concept": "NetCashProvidedByUsedInInvestingActivities",
                "unit": "usd",
                "value": -51047000
            },
            {
                "label": "Net decrease in deposits",
                "concept": "IncreaseDecreaseInDeposits",
                "unit": "usd",
                "value": -17260000
            },
            {
                "label": "Net change in short-term advances from the Federal Home Loan Bank",
                "concept": "ProceedsFromRepaymentsOfShortTermDebt",
                "unit": "usd",
                "value": 43951000
            },
            {
                "label": "Net change in long-term advances from the Federal Home Loan Bank",
                "concept": "ProceedsFromRepaymentsOfLongTermDebtAndCapitalSecurities",
                "unit": "usd",
                "value": -19940000
            },
            {
                "label": "Net change in short-term other borrowings",
                "concept": "ProceedsFromRepaymentsOfOtherDebt",
                "unit": "usd",
                "value": -1531000
            },
            {
                "label": "Purchase of treasury stock",
                "concept": "ProceedsFromSaleOfTreasuryStock",
                "unit": "usd",
                "value": 4000
            },
            {
                "label": "Cash dividends paid on common stock",
                "concept": "PaymentsOfDividendsCommonStock",
                "unit": "usd",
                "value": 3105000
            },
            {
                "label": "Net cash provided by (used in) financing activities",
                "concept": "NetCashProvidedByUsedInFinancingActivities",
                "unit": "usd",
                "value": 2119000
            },
            {
                "label": "Net change in cash and cash equivalents",
                "concept": "CashCashEquivalentsRestrictedCashAndRestrictedCashEquivalentsPeriodIncreaseDecreaseIncludingExchangeRateEffect",
                "unit": "usd",
                "value": -44651000
            },
            {
                "label": "Interest paid",
                "concept": "InterestPaidNet",
                "unit": "usd",
                "value": 11490000
            },
            {
                "label": "Income taxes paid, net",
                "concept": "IncomeTaxesPaidNet",
                "unit": "usd",
                "value": 1506000
            }
        ],
        "ic": [
            {
                "label": "Loans",
                "concept": "InterestAndFeeIncomeLoansAndLeases",
                "unit": "usd",
                "value": 26864000
            },
            {
                "label": "Securities and other",
                "concept": "InterestAndDividendIncomeSecurities",
                "unit": "usd",
                "value": 6363000
            },
            {
                "label": "Total interest and dividend income",
                "concept": "InterestAndDividendIncomeOperating",
                "unit": "usd",
                "value": 33227000
            },
            {
                "label": "Deposits",
                "concept": "InterestExpenseDeposits",
                "unit": "usd",
                "value": 6307000
            },
            {
                "label": "Borrowings",
                "concept": "InterestExpenseBorrowings",
                "unit": "usd",
                "value": 5155000
            },
            {
                "label": "Total interest expense",
                "concept": "InterestExpense",
                "unit": "usd",
                "value": 11462000
            },
            {
                "label": "Net interest income",
                "concept": "InterestIncomeExpenseNet",
                "unit": "usd",
                "value": 21765000
            },
            {
                "label": "Net interest income after provision for loan losses",
                "concept": "InterestIncomeExpenseAfterProvisionForLoanLoss",
                "unit": "usd",
                "value": 21441000
            },
            {
                "label": "Trust and investment management fee income",
                "concept": "bhb:FeesAndCommissionsFiduciaryAndTrustActivities1",
                "unit": "usd",
                "value": 2757000
            },
            {
                "label": "Customer service fees",
                "concept": "bhb:FeesAndCommissionsDepositorAccounts1",
                "unit": "usd",
                "value": 2165000
            },
            {
                "label": "Bank-owned life insurance income",
                "concept": "BankOwnedLifeInsuranceIncome",
                "unit": "usd",
                "value": 542000
            },
            {
                "label": "Other income",
                "concept": "NoninterestIncomeOther",
                "unit": "usd",
                "value": 703000
            },
            {
                "label": "Total non-interest income",
                "concept": "NoninterestIncome",
                "unit": "usd",
                "value": 6167000
            },
            {
                "label": "Salaries and employee benefits",
                "concept": "LaborAndRelatedExpense",
                "unit": "usd",
                "value": 10519000
            },
            {
                "label": "Occupancy and equipment",
                "concept": "OccupancyNet",
                "unit": "usd",
                "value": 3386000
            },
            {
                "label": "Outside services",
                "concept": "bhb:OutsideServiceFees",
                "unit": "usd",
                "value": 411000
            },
            {
                "label": "Professional services",
                "concept": "ProfessionalFees",
                "unit": "usd",
                "value": 544000
            },
            {
                "label": "Communication",
                "concept": "CommunicationsAndInformationTechnology",
                "unit": "usd",
                "value": 235000
            },
            {
                "label": "Amortization of intangible assets",
                "concept": "AmortizationOfIntangibleAssets",
                "unit": "usd",
                "value": 207000
            },
            {
                "label": "Acquisition, conversion and other expenses",
                "concept": "OtherNonrecurringExpense",
                "unit": "usd",
                "value": 0
            },
            {
                "label": "Other expenses",
                "concept": "OtherNoninterestExpense",
                "unit": "usd",
                "value": 3322000
            },
            {
                "label": "Total non-interest expense",
                "concept": "NoninterestExpense",
                "unit": "usd",
                "value": 18624000
            },
            {
                "label": "Income before income taxes",
                "concept": "IncomeLossFromContinuingOperationsBeforeIncomeTaxesMinorityInterestAndIncomeLossFromEquityMethodInvestments",
                "unit": "usd",
                "value": 8984000
            },
            {
                "label": "Income tax expense",
                "concept": "IncomeTaxExpenseBenefit",
                "unit": "usd",
                "value": 1703000
            },
            {
                "label": "Net income",
                "concept": "NetIncomeLoss",
                "unit": "usd",
                "value": 7281000
            },
            {
                "label": "Basic (in shares)",
                "concept": "WeightedAverageNumberOfSharesOutstandingBasic",
                "unit": "shares",
                "value": 15523423
            },
            {
                "label": "Diluted (in shares)",
                "concept": "WeightedAverageNumberOfDilutedSharesOutstanding",
                "unit": "shares",
                "value": 15586649
            }
        ]
    }
}