{
    "startDate": "2018-12-31",
    "endDate": "2019-03-31",
    "year": "2019",
    "quarter": "Q1",
    "symbol": "JNJ",
    "data": {
        "bs": [
            {
                "label": "Cash and cash equivalents",
                "concept": "CashAndCashEquivalentsAtCarryingValue",
                "unit": "usd",
                "value": 14734000000
            },
            {
                "label": "Marketable securities",
                "concept": "MarketableSecuritiesCurrent",
                "unit": "usd",
                "value": 602000000
            },
            {
                "label": "Accounts receivable, trade, less allowances for doubtful accounts $244 (2018, $248)",
                "concept": "AccountsReceivableNetCurrent",
                "unit": "usd",
                "value": 14115000000
            },
            {
                "label": "Inventories (Note 2)",
                "concept": "InventoryNet",
                "unit": "usd",
                "value": 9086000000
            },
            {
                "label": "Prepaid expenses and other",
                "concept": "PrepaidExpenseAndOtherAssetsCurrent",
                "unit": "usd",
                "value": 2599000000
            },
            {
                "label": "Assets held for sale (Note 10)",
                "concept": "AssetsHeldForSaleNotPartOfDisposalGroupCurrentOther",
                "unit": "usd",
                "value": 851000000
            },
            {
                "label": "Total current assets",
                "concept": "AssetsCurrent",
                "unit": "usd",
                "value": 41987000000
            },
            {
                "label": "Property, plant and equipment at cost",
                "concept": "PropertyPlantAndEquipmentGross",
                "unit": "usd",
                "value": 42262000000
            },
            {
                "label": "Less: accumulated depreciation",
                "concept": "AccumulatedDepreciationDepletionAndAmortizationPropertyPlantAndEquipment",
                "unit": "usd",
                "value": 25262000000
            },
            {
                "label": "Property, plant and equipment, net",
                "concept": "PropertyPlantAndEquipmentNet",
                "unit": "usd",
                "value": 17000000000
            },
            {
                "label": "Intangible assets, net (Note 3)",
                "concept": "IntangibleAssetsNetExcludingGoodwill",
                "unit": "usd",
                "value": 46898000000
            },
            {
                "label": "Goodwill (Note 3)",
                "concept": "Goodwill",
                "unit": "usd",
                "value": 31450000000
            },
            {
                "label": "Deferred taxes on income",
                "concept": "DeferredIncomeTaxAssetsNet",
                "unit": "usd",
                "value": 7533000000
            },
            {
                "label": "Other assets",
                "concept": "OtherAssetsNoncurrent",
                "unit": "usd",
                "value": 5159000000
            },
            {
                "label": "Total assets",
                "concept": "Assets",
                "unit": "usd",
                "value": 150027000000
            },
            {
                "label": "Loans and notes payable",
                "concept": "ShortTermBorrowings",
                "unit": "usd",
                "value": 1708000000
            },
            {
                "label": "Accounts payable",
                "concept": "AccountsPayableCurrent",
                "unit": "usd",
                "value": 6923000000
            },
            {
                "label": "Accrued liabilities",
                "concept": "AccruedLiabilitiesCurrent",
                "unit": "usd",
                "value": 7946000000
            },
            {
                "label": "Accrued rebates, returns and promotions",
                "concept": "jnj:AccruedRebatesReturnsAndPromotions",
                "unit": "usd",
                "value": 9523000000
            },
            {
                "label": "Accrued compensation and employee related obligations",
                "concept": "EmployeeRelatedLiabilitiesCurrent",
                "unit": "usd",
                "value": 1986000000
            },
            {
                "label": "Accrued taxes on income",
                "concept": "AccruedIncomeTaxesCurrent",
                "unit": "usd",
                "value": 1025000000
            },
            {
                "label": "Total current liabilities",
                "concept": "LiabilitiesCurrent",
                "unit": "usd",
                "value": 29111000000
            },
            {
                "label": "Long-term debt (Note 4)",
                "concept": "LongTermDebtNoncurrent",
                "unit": "usd",
                "value": 27660000000
            },
            {
                "label": "Deferred taxes on income",
                "concept": "DeferredIncomeTaxLiabilitiesNet",
                "unit": "usd",
                "value": 7394000000
            },
            {
                "label": "Employee related obligations",
                "concept": "EmployeeRelatedLiabilitiesCurrentAndNoncurrent",
                "unit": "usd",
                "value": 9905000000
            },
            {
                "label": "Long-term taxes payable",
                "concept": "AccruedIncomeTaxesNoncurrent",
                "unit": "usd",
                "value": 8074000000
            },
            {
                "label": "Other liabilities",
                "concept": "OtherLiabilitiesNoncurrent",
                "unit": "usd",
                "value": 8928000000
            },
            {
                "label": "Total liabilities",
                "concept": "Liabilities",
                "unit": "usd",
                "value": 91072000000
            },
            {
                "label": "Common stock \u2014 par value $1.00 per share (authorized 4,320,000,000 shares; issued 3,119,843,000 shares)",
                "concept": "CommonStockValue",
                "unit": "usd",
                "value": 3120000000
            },
            {
                "label": "Accumulated other comprehensive income (loss) (Note 7)",
                "concept": "AccumulatedOtherComprehensiveIncomeLossNetOfTax",
                "unit": "usd",
                "value": -15517000000
            },
            {
                "label": "Retained earnings",
                "concept": "RetainedEarningsAccumulatedDeficit",
                "unit": "usd",
                "value": 106650000000
            },
            {
                "label": "Less: common stock held in treasury, at cost (464,207,000 and 457,519,000 shares)",
                "concept": "TreasuryStockValue",
                "unit": "usd",
                "value": 35298000000
            },
            {
                "label": "Total shareholders\u2019 equity",
                "concept": "StockholdersEquityIncludingPortionAttributableToNoncontrollingInterest",
                "unit": "usd",
                "value": 58955000000
            },
            {
                "label": "Total liabilities and shareholders' equity",
                "concept": "LiabilitiesAndStockholdersEquity",
                "unit": "usd",
                "value": 150027000000
            }
        ],
        "cf": [
            {
                "label": "Depreciation and amortization of property and intangibles",
                "concept": "DepreciationDepletionAndAmortization",
                "unit": "usd",
                "value": 1761000000
            },
            {
                "label": "Stock based compensation",
                "concept": "ShareBasedCompensation",
                "unit": "usd",
                "value": 258000000
            },
            {
                "label": "Asset write-downs",
                "concept": "AssetImpairmentCharges",
                "unit": "usd",
                "value": 913000000
            },
            {
                "label": "Net gain on sale of assets",
                "concept": "GainLossOnSalesOfAssetsAndAssetImpairmentCharges",
                "unit": "usd",
                "value": 72000000
            },
            {
                "label": "Deferred tax provision",
                "concept": "DeferredIncomeTaxExpenseBenefit",
                "unit": "usd",
                "value": -362000000
            },
            {
                "label": "Accounts receivable allowances",
                "concept": "ProvisionForDoubtfulAccounts",
                "unit": "usd",
                "value": -3000000
            },
            {
                "label": "Decrease/(Increase) in accounts receivable",
                "concept": "IncreaseDecreaseInAccountsReceivable",
                "unit": "usd",
                "value": -157000000
            },
            {
                "label": "Increase in inventories",
                "concept": "IncreaseDecreaseInInventories",
                "unit": "usd",
                "value": 369000000
            },
            {
                "label": "Decrease in accounts payable and accrued liabilities",
                "concept": "IncreaseDecreaseInAccountsPayableAndAccruedLiabilities",
                "unit": "usd",
                "value": -1833000000
            },
            {
                "label": "Increase in other current and non-current assets",
                "concept": "IncreaseDecreaseInOtherOperatingAssets",
                "unit": "usd",
                "value": 488000000
            },
            {
                "label": "(Decrease)/Increase in other current and non-current liabilities",
                "concept": "IncreaseDecreaseInOtherOperatingLiabilities",
                "unit": "usd",
                "value": -168000000
            },
            {
                "label": "NET CASH FLOWS FROM OPERATING ACTIVITIES",
                "concept": "NetCashProvidedByUsedInOperatingActivities",
                "unit": "usd",
                "value": 3543000000
            },
            {
                "label": "Additions to property, plant and equipment",
                "concept": "PaymentsToAcquirePropertyPlantAndEquipment",
                "unit": "usd",
                "value": 656000000
            },
            {
                "label": "Proceeds from the disposal of assets/businesses, net",
                "concept": "ProceedsFromSaleOfProductiveAssets",
                "unit": "usd",
                "value": 253000000
            },
            {
                "label": "Acquisitions, net of cash acquired",
                "concept": "PaymentsToAcquireBusinessesNetOfCashAcquired",
                "unit": "usd",
                "value": 1683000000
            },
            {
                "label": "Purchases of investments",
                "concept": "PaymentsToAcquireInvestments",
                "unit": "usd",
                "value": 730000000
            },
            {
                "label": "Sales of investments",
                "concept": "ProceedsFromSaleMaturityAndCollectionsOfInvestments",
                "unit": "usd",
                "value": 1495000000
            },
            {
                "label": "Other",
                "concept": "PaymentsForProceedsFromOtherInvestingActivities",
                "unit": "usd",
                "value": 96000000
            },
            {
                "label": "NET CASH USED BY INVESTING ACTIVITIES",
                "concept": "NetCashProvidedByUsedInInvestingActivities",
                "unit": "usd",
                "value": -1417000000
            },
            {
                "label": "Dividends to shareholders",
                "concept": "PaymentsOfOrdinaryDividends",
                "unit": "usd",
                "value": 2396000000
            },
            {
                "label": "Repurchase of common stock",
                "concept": "PaymentsForRepurchaseOfCommonStock",
                "unit": "usd",
                "value": 2206000000
            },
            {
                "label": "Proceeds from short-term debt",
                "concept": "ProceedsFromShortTermDebt",
                "unit": "usd",
                "value": 13000000
            },
            {
                "label": "Retirement of short-term debt",
                "concept": "RepaymentsOfShortTermDebt",
                "unit": "usd",
                "value": 16000000
            },
            {
                "label": "Proceeds from long-term debt, net of issuance costs",
                "concept": "ProceedsFromIssuanceOfLongTermDebt",
                "unit": "usd",
                "value": 0
            },
            {
                "label": "Retirement of long-term debt",
                "concept": "RepaymentsOfLongTermDebt",
                "unit": "usd",
                "value": 1002000000
            },
            {
                "label": "Proceeds from the exercise of stock options/employee withholding tax on stock awards, net",
                "concept": "jnj:ProceedsFromExerciseOfStockOptionsAndExcessTaxBenefits",
                "unit": "usd",
                "value": 94000000
            },
            {
                "label": "Other",
                "concept": "ProceedsFromPaymentsForOtherFinancingActivities",
                "unit": "usd",
                "value": -3000000
            },
            {
                "label": "NET CASH USED BY FINANCING ACTIVITIES",
                "concept": "NetCashProvidedByUsedInFinancingActivities",
                "unit": "usd",
                "value": -5516000000
            },
            {
                "label": "Effect of exchange rate changes on cash and cash equivalents",
                "concept": "EffectOfExchangeRateOnCashAndCashEquivalents",
                "unit": "usd",
                "value": 17000000
            },
            {
                "label": "Decrease in cash and cash equivalents",
                "concept": "CashAndCashEquivalentsPeriodIncreaseDecrease",
                "unit": "usd",
                "value": -3373000000
            },
            {
                "label": "Fair value of assets acquired",
                "concept": "NoncashOrPartNoncashAcquisitionValueOfAssetsAcquired1",
                "unit": "usd",
                "value": 2154000000
            },
            {
                "label": "Fair value of liabilities assumed and noncontrolling interests",
                "concept": "NoncashOrPartNoncashAcquisitionValueOfLiabilitiesAssumed1",
                "unit": "usd",
                "value": 471000000
            },
            {
                "label": "Net cash paid for acquisitions",
                "concept": "NoncashOrPartNoncashAcquisitionNetNonmonetaryAssetsAcquiredLiabilitiesAssumed1",
                "unit": "usd",
                "value": 1683000000
            }
        ],
        "ic": [
            {
                "label": "Sales to customers percent to sales",
                "concept": "jnj:SalesRevenueGoodsNetPercentToSales",
                "unit": "pure",
                "value": 1.0
            },
            {
                "label": "Cost of products sold",
                "concept": "CostOfGoodsAndServicesSold",
                "unit": "usd",
                "value": 6615000000
            },
            {
                "label": "Cost of products sold percent to sales",
                "concept": "jnj:CostOfGoodsSoldPercentToSales",
                "unit": "pure",
                "value": 0.33
            },
            {
                "label": "Gross profit",
                "concept": "GrossProfit",
                "unit": "usd",
                "value": 13406000000
            },
            {
                "label": "Gross profit percent to sales",
                "concept": "jnj:GrossProfitPercentToSales",
                "unit": "pure",
                "value": 0.67
            },
            {
                "label": "Selling, marketing and administrative expenses",
                "concept": "SellingGeneralAndAdministrativeExpense",
                "unit": "usd",
                "value": 5219000000
            },
            {
                "label": "Selling marketing and administrative expenses percent to sales",
                "concept": "jnj:SellingGeneralAndAdministrativeExpensePercentToSales",
                "unit": "pure",
                "value": 0.261
            },
            {
                "label": "Research and development expense",
                "concept": "ResearchAndDevelopmentExpenseExcludingAcquiredInProcessCost",
                "unit": "usd",
                "value": 2858000000
            },
            {
                "label": "Research and development expense percent to sales",
                "concept": "jnj:ResearchAndDevelopmentExpenseExcludingAcquiredInProcessCostPercentToSales",
                "unit": "pure",
                "value": 0.143
            },
            {
                "label": "In-process research and development percent to sales",
                "concept": "jnj:ResearchAndDevelopmentInProcessPercentToSales",
                "unit": "pure",
                "value": 0.044
            },
            {
                "label": "Interest income",
                "concept": "InvestmentIncomeInterest",
                "unit": "usd",
                "value": 99000000
            },
            {
                "label": "Interest income percent to sales",
                "concept": "jnj:InvestmentIncomeInterestPercentToSales",
                "unit": "pure",
                "value": -0.005
            },
            {
                "label": "Interest expense, net of portion capitalized",
                "concept": "InterestExpense",
                "unit": "usd",
                "value": 102000000
            },
            {
                "label": "Interest expense, net of portion capitalized percent to sales",
                "concept": "jnj:InterestExpensePercentToSales",
                "unit": "pure",
                "value": 0.005
            },
            {
                "label": "Other (income) expense, net",
                "concept": "OtherNonoperatingIncomeExpense",
                "unit": "usd",
                "value": 22000000
            },
            {
                "label": "Other (income) expense, net percent to sales",
                "concept": "jnj:OtherNonOperatingIncomeExpensePercentToSales",
                "unit": "pure",
                "value": -0.001
            },
            {
                "label": "Restructuring (Note 12)",
                "concept": "RestructuringCharges",
                "unit": "usd",
                "value": 36000000
            },
            {
                "label": "Restructuring charge percent to sales",
                "concept": "jnj:Restructuringchargepercenttosales",
                "unit": "pure",
                "value": 0.002
            },
            {
                "label": "Earnings before provision for taxes on income",
                "concept": "IncomeLossFromContinuingOperationsBeforeIncomeTaxesMinorityInterestAndIncomeLossFromEquityMethodInvestments",
                "unit": "usd",
                "value": 4422000000
            },
            {
                "label": "Earnings before provision for taxes on income percent to sales",
                "concept": "jnj:IncomeLossFromContinuingOperationsBeforeIncomeTaxesMinorityInterestAndIncomeLossFromEquityMethodInvestmentsPercentToSales",
                "unit": "pure",
                "value": 0.221
            },
            {
                "label": "Provision for taxes on income (Note 5)",
                "concept": "IncomeTaxExpenseBenefit",
                "unit": "usd",
                "value": 673000000
            },
            {
                "label": "Provision for taxes on income perent to sales",
                "concept": "jnj:IncomeTaxExpenseBenefitPercentToSales",
                "unit": "pure",
                "value": 0.034
            },
            {
                "label": "NET EARNINGS",
                "concept": "NetIncomeLoss",
                "unit": "usd",
                "value": 3749000000
            },
            {
                "label": "Net earnings percent to sales",
                "concept": "jnj:NetIncomeAttributableToParentPercentToSales",
                "unit": "pure",
                "value": 0.187
            },
            {
                "label": "Basic (per share)",
                "concept": "EarningsPerShareBasic",
                "unit": "usd/shares",
                "value": 1.41
            },
            {
                "label": "Diluted (per share)",
                "concept": "EarningsPerShareDiluted",
                "unit": "usd/shares",
                "value": 1.39
            },
            {
                "label": "Basic (shares)",
                "concept": "WeightedAverageNumberOfSharesOutstandingBasic",
                "unit": "shares",
                "value": 2660800000
            },
            {
                "label": "Diluted (shares)",
                "concept": "WeightedAverageNumberOfDilutedSharesOutstanding",
                "unit": "shares",
                "value": 2698800000
            }
        ]
    }
}