{
    "startDate": "2019-01-01",
    "endDate": "2019-03-31",
    "year": "2019",
    "quarter": "Q1",
    "symbol": "LNT",
    "data": {
        "bs": [
            {
                "label": "Cash and cash equivalents",
                "concept": "CashAndCashEquivalentsAtCarryingValue",
                "unit": "usd",
                "value": 10100000
            },
            {
                "label": "Accounts receivable, less allowance for doubtful accounts",
                "concept": "AccountsReceivableNetCurrent",
                "unit": "usd",
                "value": 417900000
            },
            {
                "label": "Production fuel, at weighted average cost",
                "concept": "EnergyRelatedInventoryOtherFossilFuel",
                "unit": "usd",
                "value": 47000000
            },
            {
                "label": "Gas stored underground, at weighted average cost",
                "concept": "EnergyRelatedInventoryGasStoredUnderground",
                "unit": "usd",
                "value": 15900000
            },
            {
                "label": "Materials and supplies, at weighted average cost",
                "concept": "InventoryRawMaterialsAndSupplies",
                "unit": "usd",
                "value": 105100000
            },
            {
                "label": "Regulatory assets",
                "concept": "RegulatoryAssetsCurrent",
                "unit": "usd",
                "value": 65800000
            },
            {
                "label": "Other",
                "concept": "OtherAssetsCurrent",
                "unit": "usd",
                "value": 153400000
            },
            {
                "label": "Total current assets",
                "concept": "AssetsCurrent",
                "unit": "usd",
                "value": 815200000
            },
            {
                "label": "Property, plant and equipment, net",
                "concept": "PropertyPlantAndEquipmentNet",
                "unit": "usd",
                "value": 12665200000
            },
            {
                "label": "ATC Holdings",
                "concept": "lnt:InvestmentsBusinessLine1",
                "unit": "usd",
                "value": 295000000
            },
            {
                "label": "Other",
                "concept": "OtherLongTermInvestments",
                "unit": "usd",
                "value": 138600000
            },
            {
                "label": "Total investments",
                "concept": "LongTermInvestments",
                "unit": "usd",
                "value": 433600000
            },
            {
                "label": "Regulatory assets",
                "concept": "RegulatoryAssetsNoncurrent",
                "unit": "usd",
                "value": 1726600000
            },
            {
                "label": "Deferred charges and other",
                "concept": "OtherAssetsNoncurrent",
                "unit": "usd",
                "value": 72800000
            },
            {
                "label": "Total other assets",
                "concept": "AssetsNoncurrent",
                "unit": "usd",
                "value": 1799400000
            },
            {
                "label": "Total assets",
                "concept": "Assets",
                "unit": "usd",
                "value": 15713400000
            },
            {
                "label": "Current maturities of long-term debt",
                "concept": "LongTermDebtCurrent",
                "unit": "usd",
                "value": 256500000
            },
            {
                "label": "Commercial paper",
                "concept": "CommercialPaper",
                "unit": "usd",
                "value": 514700000
            },
            {
                "label": "Accounts payable",
                "concept": "AccountsPayableCurrent",
                "unit": "usd",
                "value": 387700000
            },
            {
                "label": "Regulatory liabilities",
                "concept": "RegulatoryLiabilityCurrent",
                "unit": "usd",
                "value": 179800000
            },
            {
                "label": "Other",
                "concept": "OtherLiabilitiesCurrent",
                "unit": "usd",
                "value": 249000000
            },
            {
                "label": "Total current liabilities",
                "concept": "LiabilitiesCurrent",
                "unit": "usd",
                "value": 1587700000
            },
            {
                "label": "Long-term debt, net (excluding current portion)",
                "concept": "LongTermDebtNoncurrent",
                "unit": "usd",
                "value": 5362200000
            },
            {
                "label": "Deferred tax liabilities",
                "concept": "DeferredTaxLiabilitiesNoncurrent",
                "unit": "usd",
                "value": 1642000000
            },
            {
                "label": "Regulatory liabilities",
                "concept": "RegulatoryLiabilityNoncurrent",
                "unit": "usd",
                "value": 1302600000
            },
            {
                "label": "Pension and other benefit obligations",
                "concept": "PensionAndOtherPostretirementDefinedBenefitPlansLiabilitiesNoncurrent",
                "unit": "usd",
                "value": 493600000
            },
            {
                "label": "Other",
                "concept": "OtherLiabilitiesNoncurrent",
                "unit": "usd",
                "value": 442900000
            },
            {
                "label": "Total other liabilities",
                "concept": "DeferredCreditsAndOtherLiabilities",
                "unit": "usd",
                "value": 3881100000
            },
            {
                "label": "Commitments and contingencies (Note 14)",
                "concept": "CommitmentsAndContingencies",
                "unit": "usd",
                "value": "N/A"
            },
            {
                "label": "Common stock",
                "concept": "CommonStockValue",
                "unit": "usd",
                "value": 2400000
            },
            {
                "label": "Additional paid-in capital",
                "concept": "AdditionalPaidInCapitalCommonStock",
                "unit": "usd",
                "value": 2100000000
            },
            {
                "label": "Retained earnings",
                "concept": "RetainedEarningsAccumulatedDeficit",
                "unit": "usd",
                "value": 2587300000
            },
            {
                "label": "Accumulated other comprehensive income",
                "concept": "AccumulatedOtherComprehensiveIncomeLossNetOfTax",
                "unit": "usd",
                "value": 2400000
            },
            {
                "label": "Shares in deferred compensation trust - 375,542 and 384,580 shares at a weighted average cost of $25.93 and $25.60 per share",
                "concept": "CommonStockHeldInTrust",
                "unit": "usd",
                "value": 9700000
            },
            {
                "label": "Total common equity",
                "concept": "StockholdersEquity",
                "unit": "usd",
                "value": 4682400000
            },
            {
                "label": "Cumulative preferred stock of Interstate Power and Light Company",
                "concept": "MinorityInterestAmountRepresentedByPreferredStock",
                "unit": "usd",
                "value": 200000000
            },
            {
                "label": "Total equity",
                "concept": "StockholdersEquityIncludingPortionAttributableToNoncontrollingInterest",
                "unit": "usd",
                "value": 4882400000
            },
            {
                "label": "Total liabilities and equity",
                "concept": "LiabilitiesAndStockholdersEquity",
                "unit": "usd",
                "value": 15713400000
            }
        ],
        "cf": [
            {
                "label": "Net income",
                "concept": "NetIncomeLoss",
                "unit": "usd",
                "value": 127700000
            },
            {
                "label": "Depreciation and amortization",
                "concept": "lnt:AdjustmentDepreciationAndAmortizationIncludingDiscontinuedOperations",
                "unit": "usd",
                "value": 136900000
            },
            {
                "label": "Deferred tax expense and tax credits",
                "concept": "DeferredIncomeTaxesAndTaxCredits",
                "unit": "usd",
                "value": 21700000
            },
            {
                "label": "Other",
                "concept": "OtherNoncashIncomeExpense",
                "unit": "usd",
                "value": 10100000
            },
            {
                "label": "Accounts receivable",
                "concept": "IncreaseDecreaseInAccountsReceivable",
                "unit": "usd",
                "value": 121600000
            },
            {
                "label": "Gas stored underground",
                "concept": "lnt:IncreaseDecreaseinGasStoredUnderground",
                "unit": "usd",
                "value": -33100000
            },
            {
                "label": "Accounts payable",
                "concept": "IncreaseDecreaseInAccountsPayable",
                "unit": "usd",
                "value": -42700000
            },
            {
                "label": "Regulatory liabilities",
                "concept": "IncreaseDecreaseInRegulatoryLiabilities",
                "unit": "usd",
                "value": 14100000
            },
            {
                "label": "Other",
                "concept": "IncreaseDecreaseInOtherOperatingCapitalNet",
                "unit": "usd",
                "value": -22000000
            },
            {
                "label": "Net cash flows from operating activities",
                "concept": "NetCashProvidedByUsedInOperatingActivities",
                "unit": "usd",
                "value": 181100000
            },
            {
                "label": "Utility business construction and acquisition expenditures",
                "concept": "lnt:PaymentsToAcquireProductiveAssetsBusinessLine1",
                "unit": "usd",
                "value": 374000000
            },
            {
                "label": "Other construction and acquisition expenditures",
                "concept": "lnt:PaymentsToAcquireProductiveAssetsBusinessLine2",
                "unit": "usd",
                "value": 32100000
            },
            {
                "label": "Cash receipts on sold receivables",
                "concept": "ProceedsFromCollectionOfRetainedInterestInSecuritizedReceivables",
                "unit": "usd",
                "value": 53400000
            },
            {
                "label": "Other",
                "concept": "PaymentsForProceedsFromOtherInvestingActivities",
                "unit": "usd",
                "value": 12100000
            },
            {
                "label": "Net cash flows used for investing activities",
                "concept": "NetCashProvidedByUsedInInvestingActivities",
                "unit": "usd",
                "value": -364800000
            },
            {
                "label": "Common stock dividends",
                "concept": "PaymentsOfDividendsCommonStock",
                "unit": "usd",
                "value": 83700000
            },
            {
                "label": "Proceeds from issuance of common stock, net",
                "concept": "ProceedsFromIssuanceOfCommonStock",
                "unit": "usd",
                "value": 54600000
            },
            {
                "label": "Net change in commercial paper",
                "concept": "ProceedsFromRepaymentsOfShortTermDebt",
                "unit": "usd",
                "value": 188500000
            },
            {
                "label": "Other",
                "concept": "ProceedsFromPaymentsForOtherFinancingActivities",
                "unit": "usd",
                "value": 16600000
            },
            {
                "label": "Net cash flows from (used for) financing activities",
                "concept": "NetCashProvidedByUsedInFinancingActivities",
                "unit": "usd",
                "value": 176000000
            },
            {
                "label": "Net decrease in cash, cash equivalents and restricted cash",
                "concept": "CashCashEquivalentsRestrictedCashAndRestrictedCashEquivalentsPeriodIncreaseDecreaseIncludingExchangeRateEffect",
                "unit": "usd",
                "value": -7700000
            },
            {
                "label": "Interest, net of capitalized interest",
                "concept": "InterestPaidNet",
                "unit": "usd",
                "value": 62900000
            },
            {
                "label": "Income taxes, net",
                "concept": "IncomeTaxesPaidNet",
                "unit": "usd",
                "value": -6800000
            },
            {
                "label": "Accrued capital expenditures",
                "concept": "CapitalExpendituresIncurredButNotYetPaid",
                "unit": "usd",
                "value": 167500000
            },
            {
                "label": "Beneficial interest obtained in exchange for securitized accounts receivable",
                "concept": "ConsiderationReceivedForBeneficialInterestObtainedForTransferringFinancialAsset",
                "unit": "usd",
                "value": 178300000
            }
        ],
        "ic": [
            {
                "label": "Electric utility",
                "concept": "RegulatedOperatingRevenueElectricNonNuclear",
                "unit": "usd",
                "value": 743400000
            },
            {
                "label": "Gas utility",
                "concept": "RegulatedOperatingRevenueGas",
                "unit": "usd",
                "value": 215800000
            },
            {
                "label": "Other utility",
                "concept": "RegulatedOperatingRevenueOther",
                "unit": "usd",
                "value": 11100000
            },
            {
                "label": "Non-utility",
                "concept": "UnregulatedOperatingRevenue",
                "unit": "usd",
                "value": 16900000
            },
            {
                "label": "Total revenues",
                "concept": "RegulatedAndUnregulatedOperatingRevenue",
                "unit": "usd",
                "value": 987200000
            },
            {
                "label": "Electric production fuel and purchased power",
                "concept": "ElectricProductionExpense",
                "unit": "usd",
                "value": 218400000
            },
            {
                "label": "Electric transmission service",
                "concept": "CostOfTransmission",
                "unit": "usd",
                "value": 123000000
            },
            {
                "label": "Cost of gas sold",
                "concept": "UtilitiesOperatingExpenseGasAndPetroleumPurchased",
                "unit": "usd",
                "value": 121600000
            },
            {
                "label": "Other operation and maintenance",
                "concept": "OtherCostAndExpenseOperating",
                "unit": "usd",
                "value": 181200000
            },
            {
                "label": "Depreciation and amortization",
                "concept": "DepreciationAndAmortization",
                "unit": "usd",
                "value": 136900000
            },
            {
                "label": "Taxes other than income taxes",
                "concept": "TaxesExcludingIncomeAndExciseTaxes",
                "unit": "usd",
                "value": 29300000
            },
            {
                "label": "Total operating expenses",
                "concept": "CostsAndExpenses",
                "unit": "usd",
                "value": 810400000
            },
            {
                "label": "Operating income",
                "concept": "OperatingIncomeLoss",
                "unit": "usd",
                "value": 176800000
            },
            {
                "label": "Interest expense",
                "concept": "InterestExpense",
                "unit": "usd",
                "value": 66300000
            },
            {
                "label": "Equity income from unconsolidated investments, net",
                "concept": "IncomeLossFromEquityMethodInvestments",
                "unit": "usd",
                "value": 10900000
            },
            {
                "label": "Allowance for funds used during construction",
                "concept": "PublicUtilitiesAllowanceForFundsUsedDuringConstructionAdditions",
                "unit": "usd",
                "value": 25400000
            },
            {
                "label": "Other",
                "concept": "OtherNonoperatingIncomeExpense",
                "unit": "usd",
                "value": -4000000
            },
            {
                "label": "Total other (income) and deductions",
                "concept": "NonoperatingIncomeExpense",
                "unit": "usd",
                "value": -34000000
            },
            {
                "label": "Income before income taxes",
                "concept": "IncomeLossFromContinuingOperationsBeforeIncomeTaxesExtraordinaryItemsNoncontrollingInterest",
                "unit": "usd",
                "value": 142800000
            },
            {
                "label": "Income taxes",
                "concept": "IncomeTaxExpenseBenefit",
                "unit": "usd",
                "value": 15100000
            },
            {
                "label": "Net income",
                "concept": "NetIncomeLoss",
                "unit": "usd",
                "value": 127700000
            },
            {
                "label": "Preferred dividend requirements of Interstate Power and Light Company",
                "concept": "DividendsPreferredStock",
                "unit": "usd",
                "value": 2600000
            },
            {
                "label": "Net income attributable to common shareowners",
                "concept": "NetIncomeLossAvailableToCommonStockholdersBasic",
                "unit": "usd",
                "value": 125100000
            },
            {
                "label": "Weighted average number of common shares outstanding (basic) (in shares)",
                "concept": "WeightedAverageNumberOfSharesOutstandingBasic",
                "unit": "shares",
                "value": 236500000
            },
            {
                "label": "Weighted average number of common shares outstanding (diluted) (in shares)",
                "concept": "WeightedAverageNumberOfDilutedSharesOutstanding",
                "unit": "shares",
                "value": 236600000
            },
            {
                "label": "Earnings per weighted average common share attributable to Alliant Energy common shareowners (basic and diluted) (in dollars per share)",
                "concept": "EarningsPerShareBasicAndDiluted",
                "unit": "usd/shares",
                "value": 0.53
            }
        ]
    }
}