{
    "startDate": "2019-01-01",
    "endDate": "2019-03-31",
    "year": "2019",
    "quarter": "Q1",
    "symbol": "FULT",
    "data": {
        "bs": [
            {
                "label": "Cash and due from banks",
                "concept": "CashAndDueFromBanks",
                "unit": "usd",
                "value": 115884000
            },
            {
                "label": "Interest-bearing deposits with other banks",
                "concept": "InterestBearingDepositsInBanks",
                "unit": "usd",
                "value": 325504000
            },
            {
                "label": "Total cash and cash equivalents",
                "concept": "CashCashEquivalentsRestrictedCashAndRestrictedCashEquivalents",
                "unit": "usd",
                "value": 441388000
            },
            {
                "label": "Federal Reserve Bank and Federal Home Loan Bank stock",
                "concept": "RestrictedInvestments",
                "unit": "usd",
                "value": 85533000
            },
            {
                "label": "Loans held for sale",
                "concept": "LoansReceivableHeldForSaleNetNotPartOfDisposalGroupMortgage",
                "unit": "usd",
                "value": 27768000
            },
            {
                "label": "Held to maturity, at amortized cost",
                "concept": "HeldToMaturitySecurities",
                "unit": "usd",
                "value": 588443000
            },
            {
                "label": "Loans and leases, net of unearned income",
                "concept": "LoansAndLeasesReceivableNetOfDeferredIncome",
                "unit": "usd",
                "value": 16262633000
            },
            {
                "label": "Less: Allowance for loan and lease losses",
                "concept": "LoansAndLeasesReceivableAllowance",
                "unit": "usd",
                "value": 162109000
            },
            {
                "label": "Net Loans and leases",
                "concept": "LoansAndLeasesReceivableNetReportedAmount",
                "unit": "usd",
                "value": 16100524000
            },
            {
                "label": "Premises and equipment",
                "concept": "PropertyPlantAndEquipmentNet",
                "unit": "usd",
                "value": 239004000
            },
            {
                "label": "Accrued interest receivable",
                "concept": "InterestReceivable",
                "unit": "usd",
                "value": 62207000
            },
            {
                "label": "Goodwill and intangible assets",
                "concept": "Goodwill",
                "unit": "usd",
                "value": 535356000
            },
            {
                "label": "Other assets",
                "concept": "OtherAssets",
                "unit": "usd",
                "value": 734620000
            },
            {
                "label": "Total Assets",
                "concept": "Assets",
                "unit": "usd",
                "value": 20974649000
            },
            {
                "label": "Noninterest-bearing",
                "concept": "NoninterestBearingDepositLiabilities",
                "unit": "usd",
                "value": 4255043000
            },
            {
                "label": "Interest-bearing",
                "concept": "InterestBearingDepositLiabilities",
                "unit": "usd",
                "value": 12122935000
            },
            {
                "label": "Total Deposits",
                "concept": "Deposits",
                "unit": "usd",
                "value": 16377978000
            },
            {
                "label": "Short-Term Borrowings",
                "concept": "ShortTermBorrowings",
                "unit": "usd",
                "value": 829016000
            },
            {
                "label": "Accrued interest payable",
                "concept": "InterestPayableCurrentAndNoncurrent",
                "unit": "usd",
                "value": 11219000
            },
            {
                "label": "Other liabilities",
                "concept": "OtherLiabilities",
                "unit": "usd",
                "value": 390105000
            },
            {
                "label": "Federal Home Loan Bank advances and long-term debt",
                "concept": "fult:FederalHomeLoanBankAdvancesAndDebtLongTerm",
                "unit": "usd",
                "value": 1065312000
            },
            {
                "label": "Total Liabilities",
                "concept": "Liabilities",
                "unit": "usd",
                "value": 18673630000
            },
            {
                "label": "Common stock, $2.50 par value, 600 million shares authorized, 221.8 million shares issued in 2019 and in 2018",
                "concept": "CommonStockValue",
                "unit": "usd",
                "value": 554485000
            },
            {
                "label": "Additional paid-in capital",
                "concept": "AdditionalPaidInCapital",
                "unit": "usd",
                "value": 1491870000
            },
            {
                "label": "Retained earnings",
                "concept": "RetainedEarningsAccumulatedDeficit",
                "unit": "usd",
                "value": 980708000
            },
            {
                "label": "Accumulated other comprehensive loss",
                "concept": "AccumulatedOtherComprehensiveIncomeLossNetOfTax",
                "unit": "usd",
                "value": 37633000
            },
            {
                "label": "Treasury stock, at cost, 51.9 million shares in 2019 and 51.6 million shares in 2018",
                "concept": "TreasuryStockValue",
                "unit": "usd",
                "value": 688411000
            },
            {
                "label": "Total Shareholders\u2019 Equity",
                "concept": "StockholdersEquity",
                "unit": "usd",
                "value": 2301019000
            },
            {
                "label": "Total Liabilities and Shareholders\u2019 Equity",
                "concept": "LiabilitiesAndStockholdersEquity",
                "unit": "usd",
                "value": 20974649000
            }
        ],
        "cf": [
            {
                "label": "Provision for credit losses",
                "concept": "ProvisionForLoanAndLeaseLosses",
                "unit": "usd",
                "value": 5100000
            },
            {
                "label": "Depreciation and amortization of premises and equipment",
                "concept": "DepreciationAndAmortization",
                "unit": "usd",
                "value": 6888000
            },
            {
                "label": "Amortization of tax credit investments",
                "concept": "fult:AccretionAmortizationOfDiscountsAndPremiumsTaxCreditInvestments",
                "unit": "usd",
                "value": 8155000
            },
            {
                "label": "Net amortization of investment securities premiums",
                "concept": "AccretionAmortizationOfDiscountsAndPremiumsInvestments",
                "unit": "usd",
                "value": 2075000
            },
            {
                "label": "Investment securities gains, net",
                "concept": "GainLossOnInvestments",
                "unit": "usd",
                "value": 65000
            },
            {
                "label": "Gain on sales of mortgage loans held for sale",
                "concept": "IncreaseDecreaseInLoansHeldForSale",
                "unit": "usd",
                "value": 3122000
            },
            {
                "label": "Proceeds from sales of mortgage loans held for sale",
                "concept": "ProceedsFromSaleOfMortgageLoansHeldForSale",
                "unit": "usd",
                "value": 142739000
            },
            {
                "label": "Originations of mortgage loans held for sale",
                "concept": "PaymentsToPurchaseMortgageLoansHeldForSale",
                "unit": "usd",
                "value": 140286000
            },
            {
                "label": "Amortization of intangible assets",
                "concept": "AmortizationOfIntangibleAssets",
                "unit": "usd",
                "value": 107000
            },
            {
                "label": "Amortization of issuance costs and discounts on long-term debt",
                "concept": "AmortizationOfFinancingCosts",
                "unit": "usd",
                "value": 211000
            },
            {
                "label": "Stock-based compensation",
                "concept": "AllocatedShareBasedCompensationExpense",
                "unit": "usd",
                "value": 1560000
            },
            {
                "label": "Increase in accrued interest receivable",
                "concept": "IncreaseDecreaseInAccruedInterestReceivableNet",
                "unit": "usd",
                "value": 3328000
            },
            {
                "label": "Increase in other assets",
                "concept": "IncreaseDecreaseInOtherOperatingAssets",
                "unit": "usd",
                "value": 23415000
            },
            {
                "label": "Increase in accrued interest payable",
                "concept": "IncreaseDecreaseInInterestPayableNet",
                "unit": "usd",
                "value": 690000
            },
            {
                "label": "Decrease in other liabilities",
                "concept": "IncreaseDecreaseInOtherOperatingLiabilities",
                "unit": "usd",
                "value": 15701000
            },
            {
                "label": "Total adjustments",
                "concept": "AdjustmentsToReconcileNetIncomeLossToCashProvidedByUsedInOperatingActivities",
                "unit": "usd",
                "value": 18392000
            },
            {
                "label": "Net cash provided by operating activities",
                "concept": "NetCashProvidedByUsedInOperatingActivities",
                "unit": "usd",
                "value": 38271000
            },
            {
                "label": "Proceeds from sales of securities available for sale",
                "concept": "ProceedsFromSaleOfAvailableForSaleSecuritiesDebt",
                "unit": "usd",
                "value": 37660000
            },
            {
                "label": "Proceeds from principal repayments and maturities of securities held to maturity",
                "concept": "ProceedsFromMaturitiesPrepaymentsAndCallsOfHeldToMaturitySecurities",
                "unit": "usd",
                "value": 18687000
            },
            {
                "label": "Proceeds from principal repayments and maturities of securities available for sale",
                "concept": "ProceedsFromMaturitiesPrepaymentsAndCallsOfAvailableForSaleSecurities",
                "unit": "usd",
                "value": 51097000
            },
            {
                "label": "Purchase of securities available for sale",
                "concept": "PaymentsToAcquireAvailableForSaleSecuritiesDebt",
                "unit": "usd",
                "value": 143588000
            },
            {
                "label": "(Purchase) redemption of Federal Reserve Bank and Federal Home Loan Bank stock",
                "concept": "PaymentsForProceedsFromShortTermInvestments",
                "unit": "usd",
                "value": 6250000
            },
            {
                "label": "Net (increase) decrease in loans and leases",
                "concept": "PaymentsForProceedsFromLoansAndLeases",
                "unit": "usd",
                "value": 101123000
            },
            {
                "label": "Net change in tax credit investments",
                "concept": "PaymentsForProceedsFromProductiveAssets",
                "unit": "usd",
                "value": 11363000
            },
            {
                "label": "Net cash paid for acquisition",
                "concept": "PaymentsToAcquireBusinessesNetOfCashAcquired",
                "unit": "usd",
                "value": 3907000
            },
            {
                "label": "Net change in tax credit investments",
                "concept": "fult:IncreaseDecreaseInTaxCreditInvestments",
                "unit": "usd",
                "value": 8003000
            },
            {
                "label": "Net cash (used in) provided by investing activities",
                "concept": "NetCashProvidedByUsedInInvestingActivities",
                "unit": "usd",
                "value": 166790000
            },
            {
                "label": "Net decrease in demand and savings deposits",
                "concept": "IncreaseDecreaseInDemandDeposits",
                "unit": "usd",
                "value": 108185000
            },
            {
                "label": "Net increase (decrease) in time deposits",
                "concept": "IncreaseDecreaseInTimeDeposits",
                "unit": "usd",
                "value": 110004000
            },
            {
                "label": "Increase in short-term borrowings",
                "concept": "ProceedsFromRepaymentsOfShortTermDebt",
                "unit": "usd",
                "value": 74239000
            },
            {
                "label": "Additions to long-term debt",
                "concept": "ProceedsFromIssuanceOfLongTermDebt",
                "unit": "usd",
                "value": 75000000
            },
            {
                "label": "Repayments of long-term debt",
                "concept": "RepaymentsOfLongTermDebt",
                "unit": "usd",
                "value": 2026000
            },
            {
                "label": "Net proceeds from issuance of common stock",
                "concept": "ProceedsFromIssuanceOfCommonStock",
                "unit": "usd",
                "value": 1657000
            },
            {
                "label": "Dividends paid",
                "concept": "PaymentsOfDividends",
                "unit": "usd",
                "value": 20592000
            },
            {
                "label": "Acquisition of treasury stock",
                "concept": "PaymentsForRepurchaseOfCommonStock",
                "unit": "usd",
                "value": 5877000
            },
            {
                "label": "Net cash provided by (used in) financing activities",
                "concept": "NetCashProvidedByUsedInFinancingActivities",
                "unit": "usd",
                "value": 124220000
            },
            {
                "label": "Net Decrease in Cash and Cash Equivalents",
                "concept": "CashCashEquivalentsRestrictedCashAndRestrictedCashEquivalentsPeriodIncreaseDecreaseExcludingExchangeRateEffect",
                "unit": "usd",
                "value": 4299000
            },
            {
                "label": "Interest",
                "concept": "InterestPaidNet",
                "unit": "usd",
                "value": 40695000
            },
            {
                "label": "Income taxes",
                "concept": "IncomeTaxesPaid",
                "unit": "usd",
                "value": 1485000
            }
        ],
        "ic": [
            {
                "label": "Loans and leases, including fees",
                "concept": "InterestAndFeeIncomeLoansAndLeases",
                "unit": "usd",
                "value": 183744000
            },
            {
                "label": "Taxable",
                "concept": "InterestIncomeSecuritiesTaxable",
                "unit": "usd",
                "value": 15435000
            },
            {
                "label": "Tax-exempt",
                "concept": "InterestIncomeSecuritiesTaxExempt",
                "unit": "usd",
                "value": 3279000
            },
            {
                "label": "Dividends",
                "concept": "DividendIncomeOperating",
                "unit": "usd",
                "value": "N/A"
            },
            {
                "label": "Loans held for sale",
                "concept": "InterestAndFeeIncomeLoansAndLeasesHeldForSale",
                "unit": "usd",
                "value": 240000
            },
            {
                "label": "Other interest income",
                "concept": "OtherInterestAndDividendIncome",
                "unit": "usd",
                "value": 2002000
            },
            {
                "label": "Total Interest Income",
                "concept": "InterestAndDividendIncomeOperating",
                "unit": "usd",
                "value": 204700000
            },
            {
                "label": "Deposits",
                "concept": "InterestExpenseDeposits",
                "unit": "usd",
                "value": 29689000
            },
            {
                "label": "Short-term borrowings",
                "concept": "InterestExpenseShortTermBorrowings",
                "unit": "usd",
                "value": 3582000
            },
            {
                "label": "Federal Home Loan Bank advances and long-term debt",
                "concept": "InterestExpenseLongTermDebt",
                "unit": "usd",
                "value": 8114000
            },
            {
                "label": "Total Interest Expense",
                "concept": "InterestExpense",
                "unit": "usd",
                "value": 41385000
            },
            {
                "label": "Net Interest Income",
                "concept": "InterestIncomeExpenseNet",
                "unit": "usd",
                "value": 163315000
            },
            {
                "label": "Net Interest Income After Provision for Credit Losses",
                "concept": "InterestIncomeExpenseAfterProvisionForLoanLoss",
                "unit": "usd",
                "value": 158215000
            },
            {
                "label": "Non-interest income before investment securities gains",
                "concept": "RevenueFromContractWithCustomerIncludingAssessedTax",
                "unit": "usd",
                "value": 46686000
            },
            {
                "label": "Investment securities gains, net",
                "concept": "fult:NetSecuritiesGainLoss",
                "unit": "usd",
                "value": 65000
            },
            {
                "label": "Total Non-Interest Income",
                "concept": "NoninterestIncome",
                "unit": "usd",
                "value": 46751000
            },
            {
                "label": "Salaries and employee benefits",
                "concept": "LaborAndRelatedExpense",
                "unit": "usd",
                "value": 77757000
            },
            {
                "label": "Net occupancy expense",
                "concept": "OccupancyNet",
                "unit": "usd",
                "value": 12909000
            },
            {
                "label": "Data processing and software",
                "concept": "InformationTechnologyAndDataProcessing",
                "unit": "usd",
                "value": 10353000
            },
            {
                "label": "Other outside services",
                "concept": "fult:OtherOutsideServices",
                "unit": "usd",
                "value": 8352000
            },
            {
                "label": "Amortization of tax credit investments",
                "concept": "fult:AmortizationOfTaxCreditInvestments",
                "unit": "usd",
                "value": 1491000
            },
            {
                "label": "Intangible amortization",
                "concept": "AmortizationOfIntangibleAssets",
                "unit": "usd",
                "value": 107000
            },
            {
                "label": "Professional fees",
                "concept": "ProfessionalFees",
                "unit": "usd",
                "value": 3960000
            },
            {
                "label": "Equipment expense",
                "concept": "EquipmentExpense",
                "unit": "usd",
                "value": 3342000
            },
            {
                "label": "FDIC insurance expense",
                "concept": "FederalDepositInsuranceCorporationPremiumExpense",
                "unit": "usd",
                "value": 2609000
            },
            {
                "label": "Taxes, Other",
                "concept": "TaxesOther",
                "unit": "usd",
                "value": 2002000
            },
            {
                "label": "Marketing",
                "concept": "MarketingExpense",
                "unit": "usd",
                "value": 2160000
            },
            {
                "label": "Other",
                "concept": "OtherNoninterestExpense",
                "unit": "usd",
                "value": 12782000
            },
            {
                "label": "Total Non-Interest Expense",
                "concept": "NoninterestExpense",
                "unit": "usd",
                "value": 137824000
            },
            {
                "label": "Income Before Income Taxes",
                "concept": "IncomeLossFromContinuingOperationsBeforeIncomeTaxesMinorityInterestAndIncomeLossFromEquityMethodInvestments",
                "unit": "usd",
                "value": 67142000
            },
            {
                "label": "Income taxes",
                "concept": "IncomeTaxExpenseBenefit",
                "unit": "usd",
                "value": 10479000
            },
            {
                "label": "Net Income",
                "concept": "NetIncomeLoss",
                "unit": "usd",
                "value": 56663000
            },
            {
                "label": "Net Income (Basic) (in dollars per share)",
                "concept": "EarningsPerShareBasic",
                "unit": "usd/shares",
                "value": 0.33
            },
            {
                "label": "Net Income (Diluted) (in dollars per share)",
                "concept": "EarningsPerShareDiluted",
                "unit": "usd/shares",
                "value": 0.33
            },
            {
                "label": "Cash Dividends (in dollars per share)",
                "concept": "CommonStockDividendsPerShareDeclared",
                "unit": "usd/shares",
                "value": 0.13
            }
        ]
    }
}