{
    "startDate": "2019-01-01",
    "endDate": "2019-03-31",
    "year": "2019",
    "quarter": "Q3",
    "symbol": "FONR",
    "data": {
        "bs": [
            {
                "label": "",
                "concept": "CashAndCashEquivalentsFairValueDisclosure",
                "unit": "usd",
                "value": 24780000
            },
            {
                "label": "",
                "concept": "InventoryFinishedGoodsAndWorkInProcess",
                "unit": "usd",
                "value": 1810000
            },
            {
                "label": "",
                "concept": "CostsInExcessOfBillingsOnUncompletedContractsOrPrograms",
                "unit": "usd",
                "value": 335000
            },
            {
                "label": "",
                "concept": "PrepaidExpenseAndOtherAssetsCurrent",
                "unit": "usd",
                "value": 1647000
            },
            {
                "label": "",
                "concept": "AssetsCurrent",
                "unit": "usd",
                "value": 78812000
            },
            {
                "label": "",
                "concept": "IncomeTaxReceivable",
                "unit": "usd",
                "value": 1200000
            },
            {
                "label": "",
                "concept": "DeferredTaxAssetsNet",
                "unit": "usd",
                "value": 18989000
            },
            {
                "label": "",
                "concept": "PropertyPlantAndEquipmentNet",
                "unit": "usd",
                "value": 17440000
            },
            {
                "label": "",
                "concept": "Goodwill",
                "unit": "usd",
                "value": 3985000
            },
            {
                "label": "",
                "concept": "IntangibleAssetsNetExcludingGoodwill",
                "unit": "usd",
                "value": 4959000
            },
            {
                "label": "",
                "concept": "OtherAssets",
                "unit": "usd",
                "value": 1207000
            },
            {
                "label": "",
                "concept": "AssetsNet",
                "unit": "usd",
                "value": 126592000
            },
            {
                "label": "",
                "concept": "LongTermDebtAndCapitalLeaseObligationsCurrent",
                "unit": "usd",
                "value": 40000
            },
            {
                "label": "",
                "concept": "AccountsPayableCurrent",
                "unit": "usd",
                "value": 1631000
            },
            {
                "label": "",
                "concept": "OtherLiabilitiesCurrent",
                "unit": "usd",
                "value": 4973000
            },
            {
                "label": "",
                "concept": "DeferredRevenueCurrent",
                "unit": "usd",
                "value": 3777000
            },
            {
                "label": "",
                "concept": "OtherDeferredCreditsCurrent",
                "unit": "usd",
                "value": 27000
            },
            {
                "label": "",
                "concept": "CustomerAdvancesCurrent",
                "unit": "usd",
                "value": 834000
            },
            {
                "label": "",
                "concept": "LiabilitiesCurrent",
                "unit": "usd",
                "value": 11282000
            },
            {
                "label": "",
                "concept": "DeferredIncomeTaxesAndOtherTaxLiabilitiesNoncurrent",
                "unit": "usd",
                "value": 239000
            },
            {
                "label": "",
                "concept": "AccountsPayableRelatedPartiesNoncurrent",
                "unit": "usd",
                "value": 93000
            },
            {
                "label": "",
                "concept": "LongTermDebtAndCapitalLeaseObligations",
                "unit": "usd",
                "value": 282000
            },
            {
                "label": "",
                "concept": "OtherLiabilities",
                "unit": "usd",
                "value": 755000
            },
            {
                "label": "",
                "concept": "LiabilitiesNoncurrent",
                "unit": "usd",
                "value": 1369000
            },
            {
                "label": "",
                "concept": "Liabilities",
                "unit": "usd",
                "value": 12651000
            },
            {
                "label": "",
                "concept": "CommonStockValue",
                "unit": "usd",
                "value": 1000
            },
            {
                "label": "",
                "concept": "AdditionalPaidInCapitalCommonStock",
                "unit": "usd",
                "value": 181086000
            },
            {
                "label": "",
                "concept": "RetainedEarningsAccumulatedDeficit",
                "unit": "usd",
                "value": -69039000
            },
            {
                "label": "",
                "concept": "NotesReceivableFairValueDisclosure",
                "unit": "usd",
                "value": "N/A"
            },
            {
                "label": "",
                "concept": "TreasuryStockValue",
                "unit": "usd",
                "value": -675000
            },
            {
                "label": "",
                "concept": "MinorityInterest",
                "unit": "usd",
                "value": 2568000
            },
            {
                "label": "",
                "concept": "StockholdersEquityIncludingPortionAttributableToNoncontrollingInterestAdjustedBalance1",
                "unit": "usd",
                "value": 113941000
            },
            {
                "label": "",
                "concept": "LiabilitiesAndStockholdersEquity",
                "unit": "usd",
                "value": 126592000
            }
        ],
        "cf": [],
        "ic": [
            {
                "label": "",
                "concept": "HealthCareOrganizationPatientServiceRevenueProvisionforBadDebts",
                "unit": "usd",
                "value": "N/A"
            },
            {
                "label": "",
                "concept": "HealthCareOrganizationRevenueNetOfPatientServiceRevenueProvisions",
                "unit": "usd",
                "value": 6410000
            },
            {
                "label": "",
                "concept": "RevenuesNetOfInterestExpense",
                "unit": "usd",
                "value": 22779000
            },
            {
                "label": "",
                "concept": "OtherCostOfOperatingRevenue",
                "unit": "usd",
                "value": 2740000
            },
            {
                "label": "",
                "concept": "ResearchAndDevelopmentExpense",
                "unit": "usd",
                "value": 381000
            },
            {
                "label": "",
                "concept": "SellingGeneralAndAdministrativeExpense",
                "unit": "usd",
                "value": 4604000
            },
            {
                "label": "",
                "concept": "CostsAndExpenses",
                "unit": "usd",
                "value": 16171000
            },
            {
                "label": "",
                "concept": "IncomeLossFromContinuingOperationsBeforeInterestExpenseInterestIncomeIncomeTaxesExtraordinaryItemsNoncontrollingInterestsNet",
                "unit": "usd",
                "value": 6608000
            },
            {
                "label": "",
                "concept": "InterestExpense",
                "unit": "usd",
                "value": -27000
            },
            {
                "label": "",
                "concept": "InvestmentIncomeNet",
                "unit": "usd",
                "value": 104000
            },
            {
                "label": "",
                "concept": "OtherNonoperatingIncomeExpense",
                "unit": "usd",
                "value": "N/A"
            },
            {
                "label": "",
                "concept": "IncomeLossFromContinuingOperationsBeforeIncomeTaxesExtraordinaryItemsNoncontrollingInterest",
                "unit": "usd",
                "value": 6685000
            },
            {
                "label": "",
                "concept": "IncomeTaxExpenseBenefit",
                "unit": "usd",
                "value": -1484000
            },
            {
                "label": "",
                "concept": "ProfitLoss",
                "unit": "usd",
                "value": 5201000
            },
            {
                "label": "",
                "concept": "NetIncomeLossAttributableToNoncontrollingInterest",
                "unit": "usd",
                "value": 1338000
            },
            {
                "label": "",
                "concept": "NetIncomeLoss",
                "unit": "usd",
                "value": 3863000
            },
            {
                "label": "",
                "concept": "EarningsPerShareBasic",
                "unit": "usd/shares",
                "value": 0.61
            },
            {
                "label": "",
                "concept": "WeightedAverageNumberOfSharesOutstandingBasic",
                "unit": "shares",
                "value": 6357000
            }
        ]
    }
}