{
    "startDate": "2019-01-01",
    "endDate": "2019-03-31",
    "year": "2019",
    "quarter": "Q1",
    "symbol": "KEG",
    "data": {
        "bs": [
            {
                "label": "Cash and cash equivalents",
                "concept": "CashAndCashEquivalentsAtCarryingValue",
                "unit": "usd",
                "value": 35693000
            },
            {
                "label": "Accounts receivable, net of allowance for doubtful accounts of $1,019 and $1,056, respectively",
                "concept": "AccountsReceivableNetCurrent",
                "unit": "usd",
                "value": 69842000
            },
            {
                "label": "Inventories",
                "concept": "InventoryNet",
                "unit": "usd",
                "value": 15309000
            },
            {
                "label": "Other current assets",
                "concept": "OtherAssetsCurrent",
                "unit": "usd",
                "value": 18117000
            },
            {
                "label": "Total current assets",
                "concept": "AssetsCurrent",
                "unit": "usd",
                "value": 138961000
            },
            {
                "label": "Property and equipment",
                "concept": "PropertyPlantAndEquipmentGross",
                "unit": "usd",
                "value": 439682000
            },
            {
                "label": "Accumulated depreciation",
                "concept": "AccumulatedDepreciationDepletionAndAmortizationPropertyPlantAndEquipment",
                "unit": "usd",
                "value": 176387000
            },
            {
                "label": "Property and equipment, net",
                "concept": "PropertyPlantAndEquipmentNet",
                "unit": "usd",
                "value": 263295000
            },
            {
                "label": "Intangible assets, net",
                "concept": "FiniteLivedIntangibleAssetsNet",
                "unit": "usd",
                "value": 390000
            },
            {
                "label": "Other non-current assets",
                "concept": "OtherAssetsNoncurrent",
                "unit": "usd",
                "value": 10106000
            },
            {
                "label": "TOTAL ASSETS",
                "concept": "Assets",
                "unit": "usd",
                "value": 412752000
            },
            {
                "label": "Accounts payable",
                "concept": "AccountsPayableCurrent",
                "unit": "usd",
                "value": 11856000
            },
            {
                "label": "Current portion of long-term debt",
                "concept": "LongTermDebtCurrent",
                "unit": "usd",
                "value": 2500000
            },
            {
                "label": "Other current liabilities",
                "concept": "OtherLiabilitiesCurrent",
                "unit": "usd",
                "value": 79495000
            },
            {
                "label": "Total current liabilities",
                "concept": "LiabilitiesCurrent",
                "unit": "usd",
                "value": 93851000
            },
            {
                "label": "Long-term debt",
                "concept": "LongTermDebt",
                "unit": "usd",
                "value": 240573000
            },
            {
                "label": "Workers\u2019 compensation, vehicular and health insurance liabilities",
                "concept": "keg:EmployeeRelatedLiabilitiesNoncurrent",
                "unit": "usd",
                "value": 25436000
            },
            {
                "label": "Other non-current liabilities",
                "concept": "OtherLiabilitiesNoncurrent",
                "unit": "usd",
                "value": 29997000
            },
            {
                "label": "Commitments and contingencies",
                "concept": "CommitmentsAndContingencies",
                "unit": "usd",
                "value": "N/A"
            },
            {
                "label": "Preferred stock, $0.01 par value; 10,000,000 authorized and one share issued and outstanding",
                "concept": "PreferredStockValue",
                "unit": "usd",
                "value": 0
            },
            {
                "label": "Common stock, $0.01 par value; 100,000,000 shares authorized, 20,374,477 and 20,363,198 outstanding",
                "concept": "CommonStockValue",
                "unit": "usd",
                "value": 204000
            },
            {
                "label": "Additional paid-in capital",
                "concept": "AdditionalPaidInCapitalCommonStock",
                "unit": "usd",
                "value": 265761000
            },
            {
                "label": "Retained deficit",
                "concept": "RetainedEarningsAccumulatedDeficit",
                "unit": "usd",
                "value": -243070000
            },
            {
                "label": "Total equity",
                "concept": "StockholdersEquityIncludingPortionAttributableToNoncontrollingInterest",
                "unit": "usd",
                "value": 22895000
            },
            {
                "label": "TOTAL LIABILITIES AND EQUITY",
                "concept": "LiabilitiesAndStockholdersEquity",
                "unit": "usd",
                "value": 412752000
            }
        ],
        "cf": [
            {
                "label": "Depreciation and amortization expense",
                "concept": "DepreciationDepletionAndAmortization",
                "unit": "usd",
                "value": 14296000
            },
            {
                "label": "Bad debt expense",
                "concept": "ProvisionForDoubtfulAccounts",
                "unit": "usd",
                "value": 506000
            },
            {
                "label": "Accretion of asset retirement obligations",
                "concept": "AssetRetirementObligationAccretionExpense",
                "unit": "usd",
                "value": 40000
            },
            {
                "label": "Amortization of deferred financing costs",
                "concept": "AmortizationOfFinancingCostsAndDiscounts",
                "unit": "usd",
                "value": 119000
            },
            {
                "label": "Loss (gain) on disposal of assets, net",
                "concept": "GainLossOnDispositionOfAssets",
                "unit": "usd",
                "value": -363000
            },
            {
                "label": "Share-based compensation",
                "concept": "ShareBasedCompensation",
                "unit": "usd",
                "value": 816000
            },
            {
                "label": "Accounts receivable",
                "concept": "IncreaseDecreaseInAccountsReceivable",
                "unit": "usd",
                "value": -3905000
            },
            {
                "label": "Other current assets",
                "concept": "IncreaseDecreaseInOtherOperatingAssets",
                "unit": "usd",
                "value": -507000
            },
            {
                "label": "Accounts payable, accrued interest and accrued expenses",
                "concept": "IncreaseDecreaseInAccountsPayableAndAccruedLiabilities",
                "unit": "usd",
                "value": -9714000
            },
            {
                "label": "Share-based compensation liability awards",
                "concept": "keg:IncreaseDecreaseInShareBasedCompensationLiabilities",
                "unit": "usd",
                "value": 99000
            },
            {
                "label": "Other assets and liabilities",
                "concept": "IncreaseDecreaseInOtherOperatingCapitalNet",
                "unit": "usd",
                "value": -1162000
            },
            {
                "label": "Net cash used in operating activities",
                "concept": "NetCashProvidedByUsedInOperatingActivities",
                "unit": "usd",
                "value": -11342000
            },
            {
                "label": "Capital expenditures",
                "concept": "PaymentsToAcquireProductiveAssets",
                "unit": "usd",
                "value": 5040000
            },
            {
                "label": "Proceeds from sale of assets",
                "concept": "ProceedsFromSaleOfPropertyPlantAndEquipment",
                "unit": "usd",
                "value": 2389000
            },
            {
                "label": "Net cash used in investing activities",
                "concept": "NetCashProvidedByUsedInInvestingActivities",
                "unit": "usd",
                "value": -2651000
            },
            {
                "label": "Repayments of long-term debt",
                "concept": "RepaymentsOfLongTermDebt",
                "unit": "usd",
                "value": 625000
            },
            {
                "label": "Proceeds from exercise of warrants",
                "concept": "ProceedsFromWarrantExercises",
                "unit": "usd",
                "value": 0
            },
            {
                "label": "Net cash used in financing activities",
                "concept": "NetCashProvidedByUsedInFinancingActivities",
                "unit": "usd",
                "value": -625000
            },
            {
                "label": "Net decrease in cash, cash equivalents and restricted cash",
                "concept": "CashCashEquivalentsRestrictedCashAndRestrictedCashEquivalentsPeriodIncreaseDecreaseIncludingExchangeRateEffect",
                "unit": "usd",
                "value": -14618000
            }
        ],
        "ic": [
            {
                "label": "REVENUES",
                "concept": "RevenueFromContractWithCustomerExcludingAssessedTax",
                "unit": "usd",
                "value": 109273000
            },
            {
                "label": "Direct operating expenses",
                "concept": "CostOfGoodsAndServicesSold",
                "unit": "usd",
                "value": 88194000
            },
            {
                "label": "Depreciation and amortization expense",
                "concept": "DepreciationAndAmortization",
                "unit": "usd",
                "value": 14296000
            },
            {
                "label": "General and administrative expenses",
                "concept": "GeneralAndAdministrativeExpense",
                "unit": "usd",
                "value": 22095000
            },
            {
                "label": "Operating loss",
                "concept": "OperatingIncomeLoss",
                "unit": "usd",
                "value": -15312000
            },
            {
                "label": "Interest expense, net of amounts capitalized",
                "concept": "InterestExpense",
                "unit": "usd",
                "value": 9233000
            },
            {
                "label": "Other income, net",
                "concept": "NonoperatingIncomeExpense",
                "unit": "usd",
                "value": 1142000
            },
            {
                "label": "Loss before income taxes",
                "concept": "IncomeLossFromContinuingOperationsBeforeIncomeTaxesMinorityInterestAndIncomeLossFromEquityMethodInvestments",
                "unit": "usd",
                "value": -23403000
            },
            {
                "label": "Income tax expense",
                "concept": "IncomeTaxExpenseBenefit",
                "unit": "usd",
                "value": 38000
            },
            {
                "label": "NET LOSS",
                "concept": "NetIncomeLoss",
                "unit": "usd",
                "value": -23441000
            }
        ]
    }
}