{
    "startDate": "2019-01-01",
    "endDate": "2019-03-31",
    "year": "2019",
    "quarter": "CY",
    "symbol": "WGL",
    "data": {
        "bs": [
            {
                "label": "At original cost",
                "concept": "PropertyPlantAndEquipmentGross",
                "unit": "usd",
                "value": 5791505000
            },
            {
                "label": "Accumulated depreciation and amortization",
                "concept": "AccumulatedDepreciationDepletionAndAmortizationPropertyPlantAndEquipment",
                "unit": "usd",
                "value": 1541093000
            },
            {
                "label": "Net property, plant and equipment",
                "concept": "PropertyPlantAndEquipmentNet",
                "unit": "usd",
                "value": 4250412000
            },
            {
                "label": "Cash and cash equivalents",
                "concept": "CashAndCashEquivalentsAtCarryingValue",
                "unit": "usd",
                "value": 2142000
            },
            {
                "label": "Accounts receivable",
                "concept": "AccountsReceivableGrossCurrent",
                "unit": "usd",
                "value": 325144000
            },
            {
                "label": "Gas costs and other regulatory assets",
                "concept": "RegulatoryAssetsCurrent",
                "unit": "usd",
                "value": 12754000
            },
            {
                "label": "Unbilled revenues",
                "concept": "UnbilledReceivablesCurrent",
                "unit": "usd",
                "value": 130316000
            },
            {
                "label": "Allowance for doubtful accounts",
                "concept": "AllowanceForDoubtfulAccountsReceivableCurrent",
                "unit": "usd",
                "value": 33512000
            },
            {
                "label": "Net receivables",
                "concept": "ReceivablesNetCurrent",
                "unit": "usd",
                "value": 434702000
            },
            {
                "label": "Materials and supplies\u2014principally at average cost",
                "concept": "InventoryRawMaterialsAndSupplies",
                "unit": "usd",
                "value": 18459000
            },
            {
                "label": "Storage gas",
                "concept": "EnergyRelatedInventoryNaturalGasInStorage",
                "unit": "usd",
                "value": 38044000
            },
            {
                "label": "Prepaid taxes",
                "concept": "PrepaidTaxes",
                "unit": "usd",
                "value": 25156000
            },
            {
                "label": "Other prepayments",
                "concept": "OtherPrepaidExpenseCurrent",
                "unit": "usd",
                "value": 27124000
            },
            {
                "label": "Receivables from associated companies",
                "concept": "DueFromRelatedPartiesCurrent",
                "unit": "usd",
                "value": 4570000
            },
            {
                "label": "Derivatives",
                "concept": "DerivativeAssetsCurrent",
                "unit": "usd",
                "value": 13006000
            },
            {
                "label": "Other",
                "concept": "OtherAssetsCurrent",
                "unit": "usd",
                "value": 4247000
            },
            {
                "label": "Total current assets",
                "concept": "AssetsCurrent",
                "unit": "usd",
                "value": 567450000
            },
            {
                "label": "Gas costs",
                "concept": "DeferredGasCost",
                "unit": "usd",
                "value": 78677000
            },
            {
                "label": "Pension and other post-retirement benefits",
                "concept": "wgl:PensionAndOtherPostRetirementBenefits",
                "unit": "usd",
                "value": 81614000
            },
            {
                "label": "Other",
                "concept": "RegulatoryAssetsNoncurrent",
                "unit": "usd",
                "value": 92548000
            },
            {
                "label": "Prepaid post-retirement benefits",
                "concept": "DefinedBenefitPlanAssetsForPlanBenefitsNoncurrent",
                "unit": "usd",
                "value": 251077000
            },
            {
                "label": "Right of use asset",
                "concept": "FinanceLeaseRightOfUseAsset",
                "unit": "usd",
                "value": 41944000
            },
            {
                "label": "Derivatives",
                "concept": "DerivativeAssetsNoncurrent",
                "unit": "usd",
                "value": 18585000
            },
            {
                "label": "Other",
                "concept": "OtherAssetsNoncurrent",
                "unit": "usd",
                "value": 50706000
            },
            {
                "label": "Total deferred charges and other assets",
                "concept": "DeferredCosts",
                "unit": "usd",
                "value": 615151000
            },
            {
                "label": "Total Assets",
                "concept": "Assets",
                "unit": "usd",
                "value": 5433013000
            },
            {
                "label": "Common shareholder\u2019s equity",
                "concept": "StockholdersEquity",
                "unit": "usd",
                "value": 1654504000
            },
            {
                "label": "Preferred stock",
                "concept": "MinorityInterestAmountRepresentedByPreferredStock",
                "unit": "usd",
                "value": 28173000
            },
            {
                "label": "Long-term debt",
                "concept": "LongTermDebtAndCapitalLeaseObligations",
                "unit": "usd",
                "value": 1034942000
            },
            {
                "label": "Total capitalization",
                "concept": "CapitalizationLongtermDebtAndEquity",
                "unit": "usd",
                "value": 2717619000
            },
            {
                "label": "Current maturities of long-term debt",
                "concept": "LongTermDebtAndCapitalLeaseObligationsCurrent",
                "unit": "usd",
                "value": 50000000
            },
            {
                "label": "Notes payable and project financing",
                "concept": "CommercialPaper",
                "unit": "usd",
                "value": 220460000
            },
            {
                "label": "Accounts payable and other accrued liabilities",
                "concept": "AccountsPayableAndAccruedLiabilitiesCurrent",
                "unit": "usd",
                "value": 208924000
            },
            {
                "label": "Wages payable",
                "concept": "AccruedSalariesCurrent",
                "unit": "usd",
                "value": 19447000
            },
            {
                "label": "Accrued interest",
                "concept": "InterestPayableCurrent",
                "unit": "usd",
                "value": 3782000
            },
            {
                "label": "Dividends declared",
                "concept": "DividendsPayableCurrent",
                "unit": "usd",
                "value": 25330000
            },
            {
                "label": "Customer deposits and advance payments",
                "concept": "CustomerAdvancesAndDepositsCurrent",
                "unit": "usd",
                "value": 38849000
            },
            {
                "label": "Gas costs and other regulatory liabilities",
                "concept": "wgl:GasCostsAndOtherRegulatoryLiabilities",
                "unit": "usd",
                "value": 88567000
            },
            {
                "label": "Accrued taxes",
                "concept": "TaxesPayableCurrent",
                "unit": "usd",
                "value": 31683000
            },
            {
                "label": "Payables to associated companies",
                "concept": "DueToRelatedPartiesCurrent",
                "unit": "usd",
                "value": 39567000
            },
            {
                "label": "Operating lease liability",
                "concept": "OperatingLeaseLiabilityCurrent",
                "unit": "usd",
                "value": 3726000
            },
            {
                "label": "Derivatives",
                "concept": "DerivativeLiabilitiesCurrent",
                "unit": "usd",
                "value": 7770000
            },
            {
                "label": "Other",
                "concept": "OtherLiabilitiesCurrent",
                "unit": "usd",
                "value": 7263000
            },
            {
                "label": "Total current liabilities",
                "concept": "LiabilitiesCurrent",
                "unit": "usd",
                "value": 745368000
            },
            {
                "label": "Unamortized investment tax credits",
                "concept": "AccumulatedDeferredInvestmentTaxCredit",
                "unit": "usd",
                "value": 3068000
            },
            {
                "label": "Deferred income taxes",
                "concept": "DeferredTaxLiabilitiesNoncurrent",
                "unit": "usd",
                "value": 483091000
            },
            {
                "label": "Accrued pensions and benefits",
                "concept": "PensionAndOtherPostretirementDefinedBenefitPlansLiabilitiesNoncurrent",
                "unit": "usd",
                "value": 157559000
            },
            {
                "label": "Asset retirement obligations",
                "concept": "AssetRetirementObligationsNoncurrent",
                "unit": "usd",
                "value": 303336000
            },
            {
                "label": "Accrued asset removal costs",
                "concept": "wgl:AccruedAssetRemovalCosts",
                "unit": "usd",
                "value": 263071000
            },
            {
                "label": "Other post-retirement benefits",
                "concept": "wgl:PensionAndOtherPostRetirementBenefits1",
                "unit": "usd",
                "value": 117382000
            },
            {
                "label": "Excess deferred taxes and other",
                "concept": "wgl:RegulatoryLiabilitiesOther",
                "unit": "usd",
                "value": 431255000
            },
            {
                "label": "Operating lease liability",
                "concept": "OperatingLeaseLiabilityNoncurrent",
                "unit": "usd",
                "value": 55192000
            },
            {
                "label": "Derivatives",
                "concept": "DerivativeLiabilitiesNoncurrent",
                "unit": "usd",
                "value": 110137000
            },
            {
                "label": "Other",
                "concept": "OtherLiabilitiesNoncurrent",
                "unit": "usd",
                "value": 45935000
            },
            {
                "label": "Total deferred credits",
                "concept": "DeferredRevenueAndCreditsNoncurrent",
                "unit": "usd",
                "value": 1970026000
            },
            {
                "label": "Commitments and Contingencies (Note 10)",
                "concept": "CommitmentsAndContingencies",
                "unit": "usd",
                "value": "N/A"
            },
            {
                "label": "Total Capitalization and Liabilities",
                "concept": "LiabilitiesAndStockholdersEquity",
                "unit": "usd",
                "value": 5433013000
            }
        ],
        "cf": [
            {
                "label": "Net income",
                "concept": "NetIncomeLoss",
                "unit": "usd",
                "value": 112996000
            },
            {
                "label": "Depreciation and amortization",
                "concept": "UtilitiesOperatingExpenseDepreciationAndAmortization",
                "unit": "usd",
                "value": 35189000
            },
            {
                "label": "Other regulatory assets and liabilities\u2014net",
                "concept": "wgl:OtherRegulatoryAssetsAndLiabilitiesNet",
                "unit": "usd",
                "value": 1730000
            },
            {
                "label": "Debt related costs",
                "concept": "AmortizationOfFinancingCostsAndDiscounts",
                "unit": "usd",
                "value": 373000
            },
            {
                "label": "Deferred income taxes-net",
                "concept": "IncreaseDecreaseInDeferredIncomeTaxes",
                "unit": "usd",
                "value": 29394000
            },
            {
                "label": "Accrued/deferred pension and other post-retirement benefit cost",
                "concept": "wgl:AccruedDeferredPensionCost",
                "unit": "usd",
                "value": 3885000
            },
            {
                "label": "Compensation expense related to stock-based awards",
                "concept": "ShareBasedCompensation",
                "unit": "usd",
                "value": 1185000
            },
            {
                "label": "Provision for doubtful accounts",
                "concept": "ProvisionForDoubtfulAccounts",
                "unit": "usd",
                "value": 7489000
            },
            {
                "label": "Unrealized (gain) loss on derivative contracts",
                "concept": "UnrealizedGainLossOnDerivativesAndCommodityContracts",
                "unit": "usd",
                "value": 7148000
            },
            {
                "label": "Amortization of investment tax credits",
                "concept": "InvestmentTaxCredit",
                "unit": "usd",
                "value": 165000
            },
            {
                "label": "Other non-cash charges (credits)\u2014net",
                "concept": "OtherNoncashIncomeExpense",
                "unit": "usd",
                "value": -208000
            },
            {
                "label": "Changes in operating assets and liabilities (Note 15)",
                "concept": "IncreaseDecreaseInOperatingCapital",
                "unit": "usd",
                "value": 3632000
            },
            {
                "label": "Net Cash From Operating Activities",
                "concept": "NetCashProvidedByUsedInOperatingActivities",
                "unit": "usd",
                "value": 188768000
            },
            {
                "label": "Debt issuance costs",
                "concept": "PaymentsOfDebtIssuanceCosts",
                "unit": "usd",
                "value": 209000
            },
            {
                "label": "Notes payable issued (retired)\u2014net",
                "concept": "ProceedsFromRepaymentsOfShortTermDebt",
                "unit": "usd",
                "value": -91000000
            },
            {
                "label": "Dividends on common stock and preferred stock",
                "concept": "PaymentsOfOrdinaryDividends",
                "unit": "usd",
                "value": 24567000
            },
            {
                "label": "Net Cash From Financing Activities",
                "concept": "NetCashProvidedByUsedInFinancingActivities",
                "unit": "usd",
                "value": -115776000
            },
            {
                "label": "Capital expenditures (excluding AFUDC)",
                "concept": "PaymentsToAcquireProductiveAssets",
                "unit": "usd",
                "value": 92739000
            },
            {
                "label": "Net Cash From Investing Activities",
                "concept": "NetCashProvidedByUsedInInvestingActivities",
                "unit": "usd",
                "value": -92739000
            },
            {
                "label": "INCREASE (DECREASE) IN CASH, CASH EQUIVALENTS AND RESTRICTED CASH",
                "concept": "CashCashEquivalentsRestrictedCashAndRestrictedCashEquivalentsPeriodIncreaseDecreaseIncludingExchangeRateEffect",
                "unit": "usd",
                "value": -19747000
            }
        ],
        "ic": [
            {
                "label": "OPERATING REVENUES",
                "concept": "RegulatedOperatingRevenueGas",
                "unit": "usd",
                "value": 593653000
            },
            {
                "label": "Utility cost of gas",
                "concept": "wgl:UtilityCostOfGas",
                "unit": "usd",
                "value": 242263000
            },
            {
                "label": "Operation and maintenance",
                "concept": "wgl:OperationAndMaintenanceExpenses",
                "unit": "usd",
                "value": 111002000
            },
            {
                "label": "General taxes and other assessments",
                "concept": "wgl:GeneralTaxesAndOtherAssessments",
                "unit": "usd",
                "value": 52619000
            },
            {
                "label": "Total Operating Expenses",
                "concept": "OperatingExpenses",
                "unit": "usd",
                "value": 441073000
            },
            {
                "label": "OPERATING INCOME",
                "concept": "OperatingIncomeLoss",
                "unit": "usd",
                "value": 152580000
            },
            {
                "label": "Other income (expense) \u2014net",
                "concept": "OtherNonoperatingIncomeExpense",
                "unit": "usd",
                "value": 4522000
            },
            {
                "label": "Interest expense",
                "concept": "InterestExpense",
                "unit": "usd",
                "value": 14876000
            },
            {
                "label": "INCOME BEFORE INCOME TAXES",
                "concept": "IncomeLossFromContinuingOperationsBeforeIncomeTaxesMinorityInterestAndIncomeLossFromEquityMethodInvestments",
                "unit": "usd",
                "value": 142226000
            },
            {
                "label": "INCOME TAX EXPENSE",
                "concept": "IncomeTaxExpenseBenefit",
                "unit": "usd",
                "value": 29230000
            },
            {
                "label": "NET INCOME",
                "concept": "NetIncomeLoss",
                "unit": "usd",
                "value": 112996000
            },
            {
                "label": "Dividends on preferred stock",
                "concept": "DividendsPreferredStock",
                "unit": "usd",
                "value": 330000
            },
            {
                "label": "NET INCOME APPLICABLE TO COMMON STOCK",
                "concept": "NetIncomeLossAvailableToCommonStockholdersBasic",
                "unit": "usd",
                "value": 112666000
            }
        ]
    }
}