{
    "startDate": "2019-02-03",
    "endDate": "2019-05-04",
    "year": "2019",
    "quarter": "Q1",
    "symbol": "TGT",
    "data": {
        "bs": [
            {
                "label": "Cash and cash equivalents",
                "concept": "CashCashEquivalentsAndShortTermInvestments",
                "unit": "usd",
                "value": 1173000000
            },
            {
                "label": "Inventory",
                "concept": "InventoryNet",
                "unit": "usd",
                "value": 9060000000
            },
            {
                "label": "Other current assets",
                "concept": "OtherAssetsCurrent",
                "unit": "usd",
                "value": 1374000000
            },
            {
                "label": "Total current assets",
                "concept": "AssetsCurrent",
                "unit": "usd",
                "value": 11607000000
            },
            {
                "label": "Land",
                "concept": "Land",
                "unit": "usd",
                "value": 6061000000
            },
            {
                "label": "Buildings and improvements",
                "concept": "BuildingsAndImprovementsGross",
                "unit": "usd",
                "value": 29573000000
            },
            {
                "label": "Fixtures and equipment",
                "concept": "FurnitureAndFixturesGross",
                "unit": "usd",
                "value": 5401000000
            },
            {
                "label": "Computer hardware and software",
                "concept": "CapitalizedComputerSoftwareGross",
                "unit": "usd",
                "value": 2553000000
            },
            {
                "label": "Construction-in-progress",
                "concept": "ConstructionInProgressGross",
                "unit": "usd",
                "value": 574000000
            },
            {
                "label": "Accumulated depreciation",
                "concept": "AccumulatedDepreciationDepletionAndAmortizationPropertyPlantAndEquipment",
                "unit": "usd",
                "value": 18456000000
            },
            {
                "label": "Property and equipment, net",
                "concept": "PropertyPlantAndEquipmentNet",
                "unit": "usd",
                "value": 25706000000
            },
            {
                "label": "Operating lease assets",
                "concept": "OperatingLeaseRightOfUseAsset",
                "unit": "usd",
                "value": 2019000000
            },
            {
                "label": "Other noncurrent assets",
                "concept": "OtherAssetsNoncurrent",
                "unit": "usd",
                "value": 1287000000
            },
            {
                "label": "Total assets",
                "concept": "Assets",
                "unit": "usd",
                "value": 40619000000
            },
            {
                "label": "Accounts payable",
                "concept": "AccountsPayableCurrent",
                "unit": "usd",
                "value": 8360000000
            },
            {
                "label": "Accrued and other current liabilities",
                "concept": "AccruedLiabilitiesCurrent",
                "unit": "usd",
                "value": 3823000000
            },
            {
                "label": "Current portion of long-term debt and other borrowings",
                "concept": "LongTermDebtAndCapitalLeaseObligationsCurrent",
                "unit": "usd",
                "value": 1056000000
            },
            {
                "label": "Total current liabilities",
                "concept": "LiabilitiesCurrent",
                "unit": "usd",
                "value": 13239000000
            },
            {
                "label": "Long-term debt and other borrowings",
                "concept": "LongTermDebtAndCapitalLeaseObligations",
                "unit": "usd",
                "value": 11357000000
            },
            {
                "label": "Noncurrent operating lease liabilities",
                "concept": "OperatingLeaseLiabilityNoncurrent",
                "unit": "usd",
                "value": 2064000000
            },
            {
                "label": "Deferred income taxes",
                "concept": "DeferredIncomeTaxLiabilitiesNet",
                "unit": "usd",
                "value": 1034000000
            },
            {
                "label": "Other noncurrent liabilities",
                "concept": "OtherLiabilitiesNoncurrent",
                "unit": "usd",
                "value": 1808000000
            },
            {
                "label": "Total noncurrent liabilities",
                "concept": "LiabilitiesNoncurrent",
                "unit": "usd",
                "value": 16263000000
            },
            {
                "label": "Common stock",
                "concept": "CommonStockValue",
                "unit": "usd",
                "value": 43000000
            },
            {
                "label": "Additional paid-in capital",
                "concept": "AdditionalPaidInCapitalCommonStock",
                "unit": "usd",
                "value": 5908000000
            },
            {
                "label": "Retained earnings",
                "concept": "RetainedEarningsAccumulatedDeficit",
                "unit": "usd",
                "value": 5958000000
            },
            {
                "label": "Accumulated other comprehensive loss",
                "concept": "AccumulatedOtherComprehensiveIncomeLossNetOfTax",
                "unit": "usd",
                "value": -792000000
            },
            {
                "label": "Total shareholders\u2019 investment",
                "concept": "StockholdersEquity",
                "unit": "usd",
                "value": 11117000000
            },
            {
                "label": "Total liabilities and shareholders\u2019 investment",
                "concept": "LiabilitiesAndStockholdersEquity",
                "unit": "usd",
                "value": 40619000000
            }
        ],
        "cf": [
            {
                "label": "Earnings from discontinued operations, net of tax",
                "concept": "IncomeLossFromDiscontinuedOperationsNetOfTaxAttributableToReportingEntity",
                "unit": "usd",
                "value": 3000000
            },
            {
                "label": "Net earnings from continuing operations",
                "concept": "IncomeLossFromContinuingOperations",
                "unit": "usd",
                "value": 792000000
            },
            {
                "label": "Depreciation and amortization",
                "concept": "DepreciationDepletionAndAmortization",
                "unit": "usd",
                "value": 644000000
            },
            {
                "label": "Share-based compensation expense",
                "concept": "ShareBasedCompensation",
                "unit": "usd",
                "value": 46000000
            },
            {
                "label": "Deferred income taxes",
                "concept": "DeferredIncomeTaxExpenseBenefit",
                "unit": "usd",
                "value": 59000000
            },
            {
                "label": "Noncash losses / (gains) and other, net",
                "concept": "OtherNoncashIncomeExpense",
                "unit": "usd",
                "value": -10000000
            },
            {
                "label": "Inventory",
                "concept": "IncreaseDecreaseInInventories",
                "unit": "usd",
                "value": -438000000
            },
            {
                "label": "Other assets",
                "concept": "IncreaseDecreaseInOtherCurrentAssets",
                "unit": "usd",
                "value": -17000000
            },
            {
                "label": "Accounts payable",
                "concept": "IncreaseDecreaseInAccountsPayable",
                "unit": "usd",
                "value": -1402000000
            },
            {
                "label": "Accrued and other liabilities",
                "concept": "IncreaseDecreaseInOtherAccruedLiabilities",
                "unit": "usd",
                "value": -281000000
            },
            {
                "label": "Cash provided by operating activities\u2014continuing operations",
                "concept": "NetCashProvidedByUsedInOperatingActivitiesContinuingOperations",
                "unit": "usd",
                "value": 323000000
            },
            {
                "label": "Cash provided by operating activities\u2014discontinued operations",
                "concept": "CashProvidedByUsedInOperatingActivitiesDiscontinuedOperations",
                "unit": "usd",
                "value": 0
            },
            {
                "label": "Cash provided by operations",
                "concept": "NetCashProvidedByUsedInOperatingActivities",
                "unit": "usd",
                "value": 323000000
            },
            {
                "label": "Expenditures for property and equipment",
                "concept": "PaymentsToAcquirePropertyPlantAndEquipment",
                "unit": "usd",
                "value": 655000000
            },
            {
                "label": "Proceeds from disposal of property and equipment",
                "concept": "ProceedsFromSaleOfPropertyPlantAndEquipment",
                "unit": "usd",
                "value": 5000000
            },
            {
                "label": "Other investments",
                "concept": "PaymentsForProceedsFromOtherInvestingActivities",
                "unit": "usd",
                "value": -1000000
            },
            {
                "label": "Cash required for investing activities",
                "concept": "NetCashProvidedByUsedInInvestingActivities",
                "unit": "usd",
                "value": -649000000
            },
            {
                "label": "Additions to long-term debt",
                "concept": "ProceedsFromIssuanceOfLongTermDebt",
                "unit": "usd",
                "value": 994000000
            },
            {
                "label": "Reductions of long-term debt",
                "concept": "RepaymentsOfLongTermDebt",
                "unit": "usd",
                "value": 13000000
            },
            {
                "label": "Dividends paid",
                "concept": "PaymentsOfDividendsCommonStock",
                "unit": "usd",
                "value": 330000000
            },
            {
                "label": "Repurchase of stock",
                "concept": "PaymentsForRepurchaseOfCommonStock",
                "unit": "usd",
                "value": 320000000
            },
            {
                "label": "Accelerated share repurchase pending final settlement",
                "concept": "PaymentsForRepurchaseOfEquity",
                "unit": "usd",
                "value": 400000000
            },
            {
                "label": "Stock option exercises",
                "concept": "ProceedsFromStockOptionsExercised",
                "unit": "usd",
                "value": 12000000
            },
            {
                "label": "Cash required for financing activities",
                "concept": "NetCashProvidedByUsedInFinancingActivities",
                "unit": "usd",
                "value": -57000000
            },
            {
                "label": "Net decrease in cash and cash equivalents",
                "concept": "CashCashEquivalentsRestrictedCashAndRestrictedCashEquivalentsPeriodIncreaseDecreaseIncludingExchangeRateEffect",
                "unit": "usd",
                "value": -383000000
            },
            {
                "label": "Leased assets obtained in exchange for new finance lease liabilities",
                "concept": "RightOfUseAssetObtainedInExchangeForFinanceLeaseLiability",
                "unit": "usd",
                "value": 126000000
            },
            {
                "label": "Leased assets obtained in exchange for new operating lease liabilities",
                "concept": "RightOfUseAssetObtainedInExchangeForOperatingLeaseLiability",
                "unit": "usd",
                "value": 107000000
            }
        ],
        "ic": [
            {
                "label": "Revenue",
                "concept": "RevenueFromContractWithCustomerExcludingAssessedTax",
                "unit": "usd",
                "value": 17627000000
            },
            {
                "label": "Cost of sales",
                "concept": "CostOfGoodsAndServicesSold",
                "unit": "usd",
                "value": 12248000000
            },
            {
                "label": "Selling, general and administrative expenses",
                "concept": "SellingGeneralAndAdministrativeExpense",
                "unit": "usd",
                "value": 3663000000
            },
            {
                "label": "Depreciation and amortization (exclusive of depreciation included in cost of sales)",
                "concept": "DepreciationAndAmortization",
                "unit": "usd",
                "value": 581000000
            },
            {
                "label": "Operating income",
                "concept": "OperatingIncomeLoss",
                "unit": "usd",
                "value": 1135000000
            },
            {
                "label": "Net interest expense",
                "concept": "InterestExpense",
                "unit": "usd",
                "value": 126000000
            },
            {
                "label": "Net other (income) / expense",
                "concept": "OtherNonoperatingIncomeExpense",
                "unit": "usd",
                "value": 12000000
            },
            {
                "label": "Earnings from continuing operations before income taxes",
                "concept": "IncomeLossFromContinuingOperationsBeforeIncomeTaxesMinorityInterestAndIncomeLossFromEquityMethodInvestments",
                "unit": "usd",
                "value": 1021000000
            },
            {
                "label": "Provision for income taxes",
                "concept": "IncomeTaxExpenseBenefit",
                "unit": "usd",
                "value": 229000000
            },
            {
                "label": "Net earnings from continuing operations",
                "concept": "IncomeLossFromContinuingOperations",
                "unit": "usd",
                "value": 792000000
            },
            {
                "label": "Discontinued operations, net of tax",
                "concept": "IncomeLossFromDiscontinuedOperationsNetOfTaxAttributableToReportingEntity",
                "unit": "usd",
                "value": 3000000
            },
            {
                "label": "Net earnings",
                "concept": "NetIncomeLossAvailableToCommonStockholdersBasic",
                "unit": "usd",
                "value": 795000000
            },
            {
                "label": "Continuing operations (in dollars per share)",
                "concept": "IncomeLossFromContinuingOperationsPerBasicShare",
                "unit": "usd/shares",
                "value": 1.54
            },
            {
                "label": "Discontinued operations (in dollars per share)",
                "concept": "DiscontinuedOperationIncomeLossFromDiscontinuedOperationNetOfTaxPerBasicShare",
                "unit": "usd/shares",
                "value": 0.0
            },
            {
                "label": "Net earnings per share (in dollars per share)",
                "concept": "EarningsPerShareBasic",
                "unit": "usd/shares",
                "value": 1.54
            },
            {
                "label": "Continuing operations (in dollars per share)",
                "concept": "IncomeLossFromContinuingOperationsPerDilutedShare",
                "unit": "usd/shares",
                "value": 1.53
            },
            {
                "label": "Discontinued operations (in dollars per share)",
                "concept": "DiscontinuedOperationIncomeLossFromDiscontinuedOperationNetOfTaxPerDilutedShare",
                "unit": "usd/shares",
                "value": 0.0
            },
            {
                "label": "Net earnings per share (in dollars per share)",
                "concept": "EarningsPerShareDiluted",
                "unit": "usd/shares",
                "value": 1.53
            },
            {
                "label": "Basic (in shares)",
                "concept": "WeightedAverageNumberOfSharesOutstandingBasic",
                "unit": "shares",
                "value": 515700000
            },
            {
                "label": "Diluted (in shares)",
                "concept": "WeightedAverageNumberOfDilutedSharesOutstanding",
                "unit": "shares",
                "value": 519500000
            },
            {
                "label": "Antidilutive shares (in shares)",
                "concept": "AntidilutiveSecuritiesExcludedFromComputationOfEarningsPerShareAmount",
                "unit": "shares",
                "value": 100000
            }
        ]
    }
}