{
    "startDate": "2019-01-01",
    "endDate": "2019-03-31",
    "year": "2019",
    "quarter": "Q3",
    "symbol": "SXI",
    "data": {
        "bs": [
            {
                "label": "us-gaap_StockholdersEquityIncludingPortionAttributableToNoncontrollingInterest",
                "concept": "StockholdersEquityIncludingPortionAttributableToNoncontrollingInterest",
                "unit": "usd",
                "value": 479617000
            },
            {
                "label": "us-gaap_StockholdersEquityIncludingPortionAttributableToNoncontrollingInterest",
                "concept": "StockholdersEquityIncludingPortionAttributableToNoncontrollingInterest",
                "unit": "usd",
                "value": 479617000
            }
        ],
        "cf": [],
        "ic": [
            {
                "label": "Net Loss",
                "concept": "NetIncomeLoss",
                "unit": "usd",
                "value": 26269000
            },
            {
                "label": "us-gaap_OtherComprehensiveIncomeLossPensionAndOtherPostretirementBenefitPlansAdjustmentBeforeReclassificationAdjustmentsAndTax",
                "concept": "OtherComprehensiveIncomeLossPensionAndOtherPostretirementBenefitPlansAdjustmentBeforeReclassificationAdjustmentsAndTax",
                "unit": "usd",
                "value": 30000
            },
            {
                "label": "us-gaap_OtherComprehensiveIncomeLossReclassificationAdjustmentFromAOCIPensionAndOtherPostretirementBenefitPlansForNetGainLossBeforeTax",
                "concept": "OtherComprehensiveIncomeLossReclassificationAdjustmentFromAOCIPensionAndOtherPostretirementBenefitPlansForNetGainLossBeforeTax",
                "unit": "usd",
                "value": -1116000
            },
            {
                "label": "us-gaap_OtherComprehensiveIncomeUnrealizedGainLossOnDerivativesArisingDuringPeriodBeforeTax",
                "concept": "OtherComprehensiveIncomeUnrealizedGainLossOnDerivativesArisingDuringPeriodBeforeTax",
                "unit": "usd",
                "value": 1449000
            },
            {
                "label": "Foreign currency translation gains (losses)",
                "concept": "OtherComprehensiveIncomeLossForeignCurrencyTransactionAndTranslationAdjustmentNetOfTax",
                "unit": "usd",
                "value": 410000
            },
            {
                "label": "Other comprehensive income (loss) before tax",
                "concept": "OtherComprehensiveIncomeLossBeforeTax",
                "unit": "usd",
                "value": 2439000
            },
            {
                "label": "Actuarial gains (losses) and other changes in unrecognized costs",
                "concept": "OtherComprehensiveIncomeLossPensionAndOtherPostretirementBenefitPlansBeforeReclassificationAdjustmentsTax",
                "unit": "usd",
                "value": 1000
            },
            {
                "label": "us-gaap_OtherComprehensiveIncomeLossReclassificationAdjustmentFromAOCIPensionAndOtherPostretirementBenefitPlansTax",
                "concept": "OtherComprehensiveIncomeLossReclassificationAdjustmentFromAOCIPensionAndOtherPostretirementBenefitPlansTax",
                "unit": "usd",
                "value": 273000
            },
            {
                "label": "Change in unrealized gains and (losses)",
                "concept": "OtherComprehensiveIncomeUnrealizedGainLossOnDerivativesArisingDuringPeriodTax",
                "unit": "usd",
                "value": 172000
            },
            {
                "label": "us-gaap_OtherComprehensiveIncomeLossTaxPortionAttributableToParent1",
                "concept": "OtherComprehensiveIncomeLossTaxPortionAttributableToParent1",
                "unit": "usd",
                "value": 79000
            },
            {
                "label": "us-gaap_OtherComprehensiveIncomeLossNetOfTax",
                "concept": "OtherComprehensiveIncomeLossNetOfTax",
                "unit": "usd",
                "value": 2360000
            },
            {
                "label": "us-gaap_ComprehensiveIncomeNetOfTax",
                "concept": "ComprehensiveIncomeNetOfTax",
                "unit": "usd",
                "value": 28629000
            }
        ]
    }
}