{
    "startDate": "2019-01-01",
    "endDate": "2019-03-31",
    "year": "2019",
    "quarter": "Q1",
    "symbol": "XOM",
    "data": {
        "bs": [
            {
                "label": "",
                "concept": "StockholdersEquityIncludingPortionAttributableToNoncontrollingInterest",
                "unit": "usd",
                "value": 198021000000
            },
            {
                "label": "",
                "concept": "CommonStockSharesIssued",
                "unit": "shares",
                "value": 8019000000
            },
            {
                "label": "",
                "concept": "TreasuryStockShares",
                "unit": "shares",
                "value": 3788000000
            },
            {
                "label": "",
                "concept": "CommonStockSharesOutstanding",
                "unit": "shares",
                "value": 4231000000
            }
        ],
        "cf": [
            {
                "label": "",
                "concept": "ProfitLoss",
                "unit": "usd",
                "value": 2406000000
            },
            {
                "label": "",
                "concept": "DepreciationDepletionAndAmortization",
                "unit": "usd",
                "value": 4571000000
            },
            {
                "label": "",
                "concept": "IncreaseDecreaseInOtherCurrentAssetsAndLiabilitiesNet",
                "unit": "usd",
                "value": -2257000000
            },
            {
                "label": "",
                "concept": "IncreaseDecreaseInOtherOperatingCapitalNet",
                "unit": "usd",
                "value": 896000000
            },
            {
                "label": "",
                "concept": "NetCashProvidedByUsedInOperatingActivities",
                "unit": "usd",
                "value": 8338000000
            },
            {
                "label": "",
                "concept": "PaymentsToAcquirePropertyPlantAndEquipment",
                "unit": "usd",
                "value": 5199000000
            },
            {
                "label": "",
                "concept": "ProceedsFromSalesOfBusinessAffiliateAndProductiveAssets",
                "unit": "usd",
                "value": 107000000
            },
            {
                "label": "",
                "concept": "xom:AdditionalInvestmentsAndAdvances",
                "unit": "usd",
                "value": 910000000
            },
            {
                "label": "",
                "concept": "PaymentsForProceedsFromOtherInvestingActivities",
                "unit": "usd",
                "value": -209000000
            },
            {
                "label": "",
                "concept": "NetCashProvidedByUsedInInvestingActivities",
                "unit": "usd",
                "value": -5793000000
            },
            {
                "label": "",
                "concept": "RepaymentsOfShortTermDebtMaturingInMoreThanThreeMonths",
                "unit": "usd",
                "value": 3777000000
            },
            {
                "label": "",
                "concept": "ProceedsFromRepaymentsOfShortTermDebt",
                "unit": "usd",
                "value": 6776000000
            },
            {
                "label": "",
                "concept": "PaymentsOfDividendsCommonStock",
                "unit": "usd",
                "value": 3505000000
            },
            {
                "label": "",
                "concept": "PaymentsOfDividendsMinorityInterest",
                "unit": "usd",
                "value": 43000000
            },
            {
                "label": "",
                "concept": "ProceedsFromPaymentsToMinorityShareholders",
                "unit": "usd",
                "value": -74000000
            },
            {
                "label": "",
                "concept": "PaymentsForRepurchaseOfCommonStock",
                "unit": "usd",
                "value": 421000000
            },
            {
                "label": "",
                "concept": "NetCashProvidedByUsedInFinancingActivities",
                "unit": "usd",
                "value": -1044000000
            },
            {
                "label": "",
                "concept": "EffectOfExchangeRateOnCashAndCashEquivalents",
                "unit": "usd",
                "value": 43000000
            },
            {
                "label": "",
                "concept": "CashAndCashEquivalentsPeriodIncreaseDecrease",
                "unit": "usd",
                "value": 1544000000
            },
            {
                "label": "",
                "concept": "IncomeTaxesPaidNet",
                "unit": "usd",
                "value": 1793000000
            },
            {
                "label": "",
                "concept": "InterestPaidNet",
                "unit": "usd",
                "value": 247000000
            },
            {
                "label": "",
                "concept": "InterestPaidCapitalized",
                "unit": "usd",
                "value": 175000000
            },
            {
                "label": "",
                "concept": "InterestPaid",
                "unit": "usd",
                "value": 422000000
            }
        ],
        "ic": [
            {
                "label": "",
                "concept": "ProfitLoss",
                "unit": "usd",
                "value": 2406000000
            },
            {
                "label": "",
                "concept": "OtherComprehensiveIncomeForeignCurrencyTransactionAndTranslationGainLossArisingDuringPeriodNetOfTax",
                "unit": "usd",
                "value": 749000000
            },
            {
                "label": "",
                "concept": "OtherComprehensiveIncomeLossPensionAndOtherPostretirementBenefitPlansAdjustmentNetOfTax",
                "unit": "usd",
                "value": 26000000
            },
            {
                "label": "",
                "concept": "xom:OtherComprehensiveIncomePostretirementBenefitsRecognizedInNetPeriodicPensionCostNetOfTax",
                "unit": "usd",
                "value": 185000000
            },
            {
                "label": "",
                "concept": "OtherComprehensiveIncomeLossNetOfTax",
                "unit": "usd",
                "value": 908000000
            },
            {
                "label": "",
                "concept": "ComprehensiveIncomeNetOfTaxIncludingPortionAttributableToNoncontrollingInterest",
                "unit": "usd",
                "value": 3314000000
            },
            {
                "label": "",
                "concept": "ComprehensiveIncomeNetOfTaxAttributableToNoncontrollingInterest",
                "unit": "usd",
                "value": 182000000
            },
            {
                "label": "",
                "concept": "ComprehensiveIncomeNetOfTax",
                "unit": "usd",
                "value": 3132000000
            }
        ]
    }
}