{
    "startDate": "2018-12-30",
    "endDate": "2019-03-30",
    "year": "2019",
    "quarter": "Q3",
    "symbol": "MXIM",
    "data": {
        "bs": [],
        "cf": [],
        "ic": [
            {
                "label": "",
                "concept": "InterestExpense",
                "unit": "usd",
                "value": 9300000
            },
            {
                "label": "",
                "concept": "InterestExpenseDebt",
                "unit": "usd",
                "value": 8900000
            },
            {
                "label": "",
                "concept": "AllocatedShareBasedCompensationExpense",
                "unit": "usd",
                "value": 22820000
            },
            {
                "label": "",
                "concept": "EmployeeServiceShareBasedCompensationTaxBenefitFromCompensationExpense",
                "unit": "usd",
                "value": 1946000
            },
            {
                "label": "",
                "concept": "AllocatedShareBasedCompensationExpenseNetOfTax",
                "unit": "usd",
                "value": 20874000
            },
            {
                "label": "",
                "concept": "RevenueFromContractWithCustomerExcludingAssessedTax",
                "unit": "usd",
                "value": 542383000
            },
            {
                "label": "",
                "concept": "Revenues",
                "unit": "usd",
                "value": 542383000
            },
            {
                "label": "",
                "concept": "CostOfRevenue",
                "unit": "usd",
                "value": 201552000
            },
            {
                "label": "",
                "concept": "GrossProfit",
                "unit": "usd",
                "value": 340831000
            },
            {
                "label": "",
                "concept": "ResearchAndDevelopmentExpense",
                "unit": "usd",
                "value": 107075000
            },
            {
                "label": "",
                "concept": "SellingGeneralAndAdministrativeExpense",
                "unit": "usd",
                "value": 74116000
            },
            {
                "label": "",
                "concept": "AmortizationOfIntangibleAssets",
                "unit": "usd",
                "value": 756000
            },
            {
                "label": "",
                "concept": "AssetImpairmentCharges",
                "unit": "usd",
                "value": 0
            },
            {
                "label": "",
                "concept": "mxim:SeveranceandRestructuringCharges",
                "unit": "usd",
                "value": 1744000
            },
            {
                "label": "",
                "concept": "OtherOperatingIncomeExpenseNet",
                "unit": "usd",
                "value": 0
            },
            {
                "label": "",
                "concept": "OperatingExpenses",
                "unit": "usd",
                "value": 183691000
            },
            {
                "label": "",
                "concept": "OperatingIncomeLoss",
                "unit": "usd",
                "value": 157140000
            },
            {
                "label": "",
                "concept": "mxim:InterestAndOtherIncomeExpenseNet",
                "unit": "usd",
                "value": 3318000
            },
            {
                "label": "",
                "concept": "IncomeLossFromContinuingOperationsBeforeIncomeTaxesMinorityInterestAndIncomeLossFromEquityMethodInvestments",
                "unit": "usd",
                "value": 160458000
            },
            {
                "label": "",
                "concept": "IncomeTaxExpenseBenefit",
                "unit": "usd",
                "value": 29845000
            },
            {
                "label": "",
                "concept": "NetIncomeLoss",
                "unit": "usd",
                "value": 130613000
            },
            {
                "label": "",
                "concept": "EarningsPerShareBasic",
                "unit": "usd/shares",
                "value": 0.48
            },
            {
                "label": "",
                "concept": "EarningsPerShareDiluted",
                "unit": "usd/shares",
                "value": 0.47
            },
            {
                "label": "",
                "concept": "WeightedAverageNumberOfSharesOutstandingBasic",
                "unit": "shares",
                "value": 273221000
            },
            {
                "label": "",
                "concept": "WeightedAverageNumberOfDilutedSharesOutstanding",
                "unit": "shares",
                "value": 276610000
            }
        ]
    }
}