{
    "startDate": "2018-12-29",
    "endDate": "2019-03-29",
    "year": "2019",
    "quarter": "Q2",
    "symbol": "VAR",
    "data": {
        "bs": [
            {
                "label": "Beginning balance (in shares)",
                "concept": "CommonStockSharesOutstanding",
                "unit": "shares",
                "value": 91200000
            },
            {
                "label": "Ending balance (in shares)",
                "concept": "CommonStockSharesOutstanding",
                "unit": "shares",
                "value": 91200000
            }
        ],
        "cf": [],
        "ic": [
            {
                "label": "Total revenues",
                "concept": "Revenues",
                "unit": "usd",
                "value": 779400000.0
            },
            {
                "label": "Total cost of revenues",
                "concept": "CostOfRevenue",
                "unit": "usd",
                "value": 461200000.0
            },
            {
                "label": "Gross margin",
                "concept": "GrossProfit",
                "unit": "usd",
                "value": 318200000.0
            },
            {
                "label": "Research and development",
                "concept": "ResearchAndDevelopmentExpense",
                "unit": "usd",
                "value": 59400000.0
            },
            {
                "label": "Selling, general and administrative",
                "concept": "SellingGeneralAndAdministrativeExpense",
                "unit": "usd",
                "value": 149000000.0
            },
            {
                "label": "Total operating expenses",
                "concept": "OperatingExpenses",
                "unit": "usd",
                "value": 208400000.0
            },
            {
                "label": "Operating earnings",
                "concept": "OperatingIncomeLoss",
                "unit": "usd",
                "value": 109800000.0
            },
            {
                "label": "Interest income",
                "concept": "InvestmentIncomeInterest",
                "unit": "usd",
                "value": 4000000.0
            },
            {
                "label": "Interest expense",
                "concept": "InterestExpense",
                "unit": "usd",
                "value": 1000000.0
            },
            {
                "label": "Other income (expense), net",
                "concept": "NonoperatingIncomeExpense",
                "unit": "usd",
                "value": 200000.0
            },
            {
                "label": "Earnings before taxes",
                "concept": "IncomeLossFromContinuingOperationsBeforeIncomeTaxesExtraordinaryItemsNoncontrollingInterest",
                "unit": "usd",
                "value": 113000000.0
            },
            {
                "label": "Taxes on earnings",
                "concept": "IncomeTaxExpenseBenefit",
                "unit": "usd",
                "value": 24600000.0
            },
            {
                "label": "Net earnings (loss)",
                "concept": "ProfitLoss",
                "unit": "usd",
                "value": 88400000.0
            },
            {
                "label": "Less: Net earnings (loss) attributable to noncontrolling interests",
                "concept": "ComprehensiveIncomeNetOfTaxAttributableToNoncontrollingInterest",
                "unit": "usd",
                "value": 200000.0
            },
            {
                "label": "Net earnings (loss) attributable to Varian",
                "concept": "NetIncomeLoss",
                "unit": "usd",
                "value": 88600000.0
            },
            {
                "label": "Net earnings (loss) per share - basic (in dollars per share)",
                "concept": "EarningsPerShareBasic",
                "unit": "usd/shares",
                "value": 0.97
            },
            {
                "label": "Net earnings (loss) per share - diluted (in dollars per share)",
                "concept": "EarningsPerShareDiluted",
                "unit": "usd/shares",
                "value": 0.96
            },
            {
                "label": "Weighted average shares outstanding - diluted (in shares)",
                "concept": "WeightedAverageNumberOfDilutedSharesOutstanding",
                "unit": "shares",
                "value": 91900000.0
            }
        ]
    }
}