{
    "startDate": "2019-01-01",
    "endDate": "2019-03-31",
    "year": "2019",
    "quarter": "Q1",
    "symbol": "LECO",
    "data": {
        "bs": [
            {
                "label": "Cash and cash equivalents",
                "concept": "CashAndCashEquivalentsAtCarryingValue",
                "unit": "usd",
                "value": 267134000
            },
            {
                "label": "Accounts receivable (less allowance for doubtful accounts of $13,501 in 2019; $12,827 in 2018)",
                "concept": "AccountsReceivableNetCurrent",
                "unit": "usd",
                "value": 423187000
            },
            {
                "label": "Inventories (Note 9)",
                "concept": "InventoryNet",
                "unit": "usd",
                "value": 375737000
            },
            {
                "label": "Other current assets",
                "concept": "OtherAssetsCurrent",
                "unit": "usd",
                "value": 127112000
            },
            {
                "label": "Total Current Assets",
                "concept": "AssetsCurrent",
                "unit": "usd",
                "value": 1193170000
            },
            {
                "label": "Property, plant and equipment (less accumulated depreciation of $792,447 in 2019; $778,817 in 2018)",
                "concept": "PropertyPlantAndEquipmentNet",
                "unit": "usd",
                "value": 476876000
            },
            {
                "label": "Goodwill",
                "concept": "Goodwill",
                "unit": "usd",
                "value": 282512000
            },
            {
                "label": "Other assets",
                "concept": "OtherAssetsNoncurrent",
                "unit": "usd",
                "value": 402293000
            },
            {
                "label": "TOTAL ASSETS",
                "concept": "Assets",
                "unit": "usd",
                "value": 2354851000
            },
            {
                "label": "Short-term debt (Note 12)",
                "concept": "ShortTermBankLoansAndNotesPayable",
                "unit": "usd",
                "value": 110000
            },
            {
                "label": "Trade accounts payable",
                "concept": "AccountsPayableCurrent",
                "unit": "usd",
                "value": 252840000
            },
            {
                "label": "Accrued employee compensation and benefits",
                "concept": "EmployeeRelatedLiabilitiesCurrent",
                "unit": "usd",
                "value": 87126000
            },
            {
                "label": "Other current liabilities",
                "concept": "OtherLiabilitiesCurrent",
                "unit": "usd",
                "value": 185451000
            },
            {
                "label": "Total Current Liabilities",
                "concept": "LiabilitiesCurrent",
                "unit": "usd",
                "value": 525527000
            },
            {
                "label": "Long-term debt, less current portion (Note 12)",
                "concept": "LongTermDebtAndCapitalLeaseObligations",
                "unit": "usd",
                "value": 705725000
            },
            {
                "label": "Other liabilities",
                "concept": "OtherLiabilitiesNoncurrent",
                "unit": "usd",
                "value": 258934000
            },
            {
                "label": "Total Liabilities",
                "concept": "LiabilitiesNoncurrent",
                "unit": "usd",
                "value": 1490186000
            },
            {
                "label": "Common shares",
                "concept": "CommonStockValue",
                "unit": "usd",
                "value": 9858000
            },
            {
                "label": "Additional paid-in capital",
                "concept": "AdditionalPaidInCapitalCommonStock",
                "unit": "usd",
                "value": 364418000
            },
            {
                "label": "Retained earnings",
                "concept": "RetainedEarningsAccumulatedDeficit",
                "unit": "usd",
                "value": 2605265000
            },
            {
                "label": "Accumulated other comprehensive loss",
                "concept": "AccumulatedOtherComprehensiveIncomeLossNetOfTax",
                "unit": "usd",
                "value": -287524000
            },
            {
                "label": "Treasury shares",
                "concept": "TreasuryStockValue",
                "unit": "usd",
                "value": 1828025000
            },
            {
                "label": "Total Shareholders\u2019 Equity",
                "concept": "StockholdersEquity",
                "unit": "usd",
                "value": 863992000
            },
            {
                "label": "Non-controlling interests",
                "concept": "MinorityInterest",
                "unit": "usd",
                "value": 673000
            },
            {
                "label": "Total Equity",
                "concept": "StockholdersEquityIncludingPortionAttributableToNoncontrollingInterest",
                "unit": "usd",
                "value": 864665000
            },
            {
                "label": "TOTAL LIABILITIES AND TOTAL EQUITY",
                "concept": "LiabilitiesAndStockholdersEquity",
                "unit": "usd",
                "value": 2354851000
            }
        ],
        "cf": [
            {
                "label": "Net income",
                "concept": "NetIncomeLossAvailableToCommonStockholdersBasic",
                "unit": "usd",
                "value": 71480000
            },
            {
                "label": "Net income including non-controlling interests",
                "concept": "ProfitLoss",
                "unit": "usd",
                "value": 71466000
            },
            {
                "label": "Rationalization and asset impairment net charges (Note 6)",
                "concept": "RestructuringCostsAndAssetImpairmentCharges",
                "unit": "usd",
                "value": 1424000
            },
            {
                "label": "Depreciation and amortization",
                "concept": "DepreciationDepletionAndAmortization",
                "unit": "usd",
                "value": 18901000
            },
            {
                "label": "Equity earnings in affiliates, net",
                "concept": "IncomeLossFromEquityMethodInvestmentsNetOfDividendsOrDistributions",
                "unit": "usd",
                "value": 448000
            },
            {
                "label": "Deferred income taxes",
                "concept": "DeferredIncomeTaxesAndTaxCredits",
                "unit": "usd",
                "value": 1317000
            },
            {
                "label": "Stock-based compensation",
                "concept": "ShareBasedCompensation",
                "unit": "usd",
                "value": 4149000
            },
            {
                "label": "Other, net",
                "concept": "OtherNoncashIncomeExpense",
                "unit": "usd",
                "value": 1072000
            },
            {
                "label": "Increase in accounts receivable",
                "concept": "IncreaseDecreaseInAccountsReceivable",
                "unit": "usd",
                "value": 26900000
            },
            {
                "label": "Increase in inventories",
                "concept": "IncreaseDecreaseInInventories",
                "unit": "usd",
                "value": 14638000
            },
            {
                "label": "Increase in other current assets",
                "concept": "IncreaseDecreaseInOtherCurrentAssets",
                "unit": "usd",
                "value": 8701000
            },
            {
                "label": "(Decrease) increase in trade accounts payable",
                "concept": "IncreaseDecreaseInAccountsPayableTrade",
                "unit": "usd",
                "value": -15107000
            },
            {
                "label": "(Decrease) increase in other current liabilities",
                "concept": "IncreaseDecreaseInOtherCurrentLiabilities",
                "unit": "usd",
                "value": -5947000
            },
            {
                "label": "Net change in other assets and liabilities",
                "concept": "IncreaseDecreaseInOtherNoncurrentAssetsAndLiabilitiesNet",
                "unit": "usd",
                "value": -1434000
            },
            {
                "label": "NET CASH PROVIDED BY OPERATING ACTIVITIES",
                "concept": "NetCashProvidedByUsedInOperatingActivitiesContinuingOperations",
                "unit": "usd",
                "value": 25878000
            },
            {
                "label": "Capital expenditures",
                "concept": "PaymentsToAcquireProductiveAssets",
                "unit": "usd",
                "value": 16251000
            },
            {
                "label": "Payments to Acquire Businesses, Net of Cash Acquired",
                "concept": "PaymentsToAcquireBusinessesNetOfCashAcquired",
                "unit": "usd",
                "value": 0
            },
            {
                "label": "Proceeds from sale of property, plant and equipment",
                "concept": "ProceedsFromSaleOfPropertyPlantAndEquipment",
                "unit": "usd",
                "value": 302000
            },
            {
                "label": "Purchase of marketable securities",
                "concept": "PaymentsToAcquireMarketableSecurities",
                "unit": "usd",
                "value": 0
            },
            {
                "label": "Proceeds from marketable securities",
                "concept": "ProceedsFromSaleAndMaturityOfMarketableSecurities",
                "unit": "usd",
                "value": 0
            },
            {
                "label": "Other Investing Activities",
                "concept": "PaymentsForProceedsFromOtherInvestingActivities",
                "unit": "usd",
                "value": -2000000
            },
            {
                "label": "NET CASH (USED BY) PROVIDED BY INVESTING ACTIVITIES",
                "concept": "NetCashProvidedByUsedInInvestingActivitiesContinuingOperations",
                "unit": "usd",
                "value": -13949000
            },
            {
                "label": "Amounts due banks, net",
                "concept": "ProceedsFromRepaymentsOfShortTermDebtMaturingInThreeMonthsOrLess",
                "unit": "usd",
                "value": 0
            },
            {
                "label": "Payments on long-term borrowings",
                "concept": "RepaymentsOfLongTermDebt",
                "unit": "usd",
                "value": 3000
            },
            {
                "label": "Proceeds from exercise of stock options",
                "concept": "ProceedsFromStockOptionsExercised",
                "unit": "usd",
                "value": 637000
            },
            {
                "label": "Purchase of shares for treasury (Note 8)",
                "concept": "PaymentsForRepurchaseOfCommonStock",
                "unit": "usd",
                "value": 75584000
            },
            {
                "label": "Cash dividends paid to shareholders",
                "concept": "PaymentsOfDividendsCommonStock",
                "unit": "usd",
                "value": 30560000
            },
            {
                "label": "NET CASH USED BY FINANCING ACTIVITIES",
                "concept": "NetCashProvidedByUsedInFinancingActivitiesContinuingOperations",
                "unit": "usd",
                "value": -105510000
            },
            {
                "label": "Effect of Exchange Rate on Cash and Cash Equivalents",
                "concept": "EffectOfExchangeRateOnCashCashEquivalentsRestrictedCashAndRestrictedCashEquivalents",
                "unit": "usd",
                "value": 1866000
            },
            {
                "label": "Cash and Cash Equivalents, Period Increase (Decrease), Including Exchange Rate Effect",
                "concept": "CashCashEquivalentsRestrictedCashAndRestrictedCashEquivalentsPeriodIncreaseDecreaseIncludingExchangeRateEffect",
                "unit": "usd",
                "value": -91715000
            }
        ],
        "ic": [
            {
                "label": "Cost of goods sold",
                "concept": "CostOfGoodsSold",
                "unit": "usd",
                "value": 500753000
            },
            {
                "label": "Gross profit",
                "concept": "GrossProfit",
                "unit": "usd",
                "value": 258421000
            },
            {
                "label": "Selling, general & administrative expenses",
                "concept": "SellingGeneralAndAdministrativeExpense",
                "unit": "usd",
                "value": 160408000
            },
            {
                "label": "Operating income",
                "concept": "OperatingIncomeLoss",
                "unit": "usd",
                "value": 94478000
            },
            {
                "label": "Interest Income (Expense), Net",
                "concept": "InterestIncomeExpenseNet",
                "unit": "usd",
                "value": -5323000
            },
            {
                "label": "Other income (expense) (Note 14)",
                "concept": "NonoperatingIncomeExpense",
                "unit": "usd",
                "value": 3763000
            },
            {
                "label": "Net income including non-controlling interests",
                "concept": "ProfitLoss",
                "unit": "usd",
                "value": 71466000
            },
            {
                "label": "Non-controlling interests in subsidiaries\u2019 earnings (loss)",
                "concept": "NetIncomeLossAttributableToNoncontrollingInterest",
                "unit": "usd",
                "value": -14000
            },
            {
                "label": "Net income",
                "concept": "NetIncomeLossAvailableToCommonStockholdersBasic",
                "unit": "usd",
                "value": 71480000
            },
            {
                "label": "Basic earnings (loss) per share (in dollars per share)",
                "concept": "EarningsPerShareBasic",
                "unit": "usd/shares",
                "value": 1.13
            },
            {
                "label": "Diluted earnings (loss) per share (in dollars per share)",
                "concept": "EarningsPerShareDiluted",
                "unit": "usd/shares",
                "value": 1.12
            }
        ]
    }
}