{
    "startDate": "2019-01-01",
    "endDate": "2019-03-31",
    "year": "2019",
    "quarter": "Q1",
    "symbol": "VZ",
    "data": {
        "bs": [
            {
                "label": "Accounts receivable, net of allowances of $744 and $765",
                "concept": "AccountsReceivableNetCurrent",
                "unit": "usd",
                "value": 24469000000
            },
            {
                "label": "Inventories",
                "concept": "InventoryNet",
                "unit": "usd",
                "value": 1417000000
            },
            {
                "label": "Total current assets",
                "concept": "AssetsCurrent",
                "unit": "usd",
                "value": 33397000000
            },
            {
                "label": "Property, plant and equipment",
                "concept": "PropertyPlantAndEquipmentGross",
                "unit": "usd",
                "value": 254457000000
            },
            {
                "label": "Less accumulated depreciation",
                "concept": "AccumulatedDepreciationDepletionAndAmortizationPropertyPlantAndEquipment",
                "unit": "usd",
                "value": 166608000000
            },
            {
                "label": "Property, plant and equipment, net",
                "concept": "PropertyPlantAndEquipmentNet",
                "unit": "usd",
                "value": 87849000000
            },
            {
                "label": "Investments in unconsolidated businesses",
                "concept": "InvestmentsInAffiliatesSubsidiariesAssociatesAndJointVentures",
                "unit": "usd",
                "value": 674000000
            },
            {
                "label": "Goodwill",
                "concept": "Goodwill",
                "unit": "usd",
                "value": 24635000000
            },
            {
                "label": "Other intangible assets, net",
                "concept": "FiniteLivedIntangibleAssetsNet",
                "unit": "usd",
                "value": 9608000000
            },
            {
                "label": "Total assets",
                "concept": "Assets",
                "unit": "usd",
                "value": 283947000000
            },
            {
                "label": "Debt maturing within one year",
                "concept": "DebtCurrent",
                "unit": "usd",
                "value": 8614000000
            },
            {
                "label": "Total current liabilities",
                "concept": "LiabilitiesCurrent",
                "unit": "usd",
                "value": 38607000000
            },
            {
                "label": "Long-term debt",
                "concept": "LongTermDebtAndCapitalLeaseObligations",
                "unit": "usd",
                "value": 105045000000
            },
            {
                "label": "Employee benefit obligations",
                "concept": "PensionAndOtherPostretirementDefinedBenefitPlansLiabilitiesNoncurrent",
                "unit": "usd",
                "value": 17888000000
            },
            {
                "label": "Total long-term liabilities",
                "concept": "LiabilitiesNoncurrent",
                "unit": "usd",
                "value": 187880000000
            },
            {
                "label": "Note 12",
                "concept": "CommitmentsAndContingencies",
                "unit": "usd",
                "value": "N/A"
            },
            {
                "label": "Series preferred stock ($0.10 par value; 250,000,000 shares authorized; none issued)",
                "concept": "PreferredStockValue",
                "unit": "usd",
                "value": "N/A"
            },
            {
                "label": "Common stock ($0.10 par value; 6,250,000,000 shares authorized in each period; 4,291,433,646 issued in each period)",
                "concept": "CommonStockValue",
                "unit": "usd",
                "value": 429000000
            },
            {
                "label": "Additional paid in capital",
                "concept": "AdditionalPaidInCapital",
                "unit": "usd",
                "value": 13418000000
            },
            {
                "label": "Accumulated other comprehensive income",
                "concept": "AccumulatedOtherComprehensiveIncomeLossNetOfTax",
                "unit": "usd",
                "value": 2216000000
            },
            {
                "label": "Common stock in treasury, at cost (155,727,000 and 159,400,267 shares outstanding)",
                "concept": "TreasuryStockValue",
                "unit": "usd",
                "value": 6825000000
            },
            {
                "label": "Deferred compensation \u2013 employee stock ownership plans and other",
                "concept": "vz:DeferredCompensationEmployeeStockOwnershipPlansAndOther",
                "unit": "usd",
                "value": 125000000
            },
            {
                "label": "Total equity",
                "concept": "StockholdersEquityIncludingPortionAttributableToNoncontrollingInterest",
                "unit": "usd",
                "value": 57460000000
            },
            {
                "label": "Total liabilities and equity",
                "concept": "LiabilitiesAndStockholdersEquity",
                "unit": "usd",
                "value": 283947000000
            }
        ],
        "cf": [
            {
                "label": "Net Income",
                "concept": "ProfitLoss",
                "unit": "usd",
                "value": 5160000000
            },
            {
                "label": "Depreciation and amortization expense",
                "concept": "DepreciationAndAmortization",
                "unit": "usd",
                "value": 4231000000
            },
            {
                "label": "Employee retirement benefits",
                "concept": "EmployeeBenefitsAndShareBasedCompensation",
                "unit": "usd",
                "value": 195000000
            },
            {
                "label": "Deferred income taxes",
                "concept": "DeferredIncomeTaxExpenseBenefit",
                "unit": "usd",
                "value": 459000000
            },
            {
                "label": "Provision for uncollectible accounts",
                "concept": "ProvisionForDoubtfulAccounts",
                "unit": "usd",
                "value": 319000000
            },
            {
                "label": "Equity in losses of unconsolidated businesses, net of dividends received",
                "concept": "IncomeLossFromEquityMethodInvestmentsNetOfDividendsOrDistributions",
                "unit": "usd",
                "value": 21000000
            },
            {
                "label": "Changes in current assets and liabilities, net of effects from acquisition/disposition of businesses",
                "concept": "IncreaseDecreaseInOperatingCapital",
                "unit": "usd",
                "value": 2702000000
            },
            {
                "label": "Discretionary employee benefits contributions",
                "concept": "PensionAndOtherPostretirementBenefitContributions",
                "unit": "usd",
                "value": 300000000
            },
            {
                "label": "Other, net",
                "concept": "OtherOperatingActivitiesCashFlowStatement",
                "unit": "usd",
                "value": 88000000
            },
            {
                "label": "Net cash provided by operating activities",
                "concept": "NetCashProvidedByUsedInOperatingActivities",
                "unit": "usd",
                "value": 7081000000
            },
            {
                "label": "Capital expenditures (including capitalized software)",
                "concept": "PaymentsToAcquireProductiveAssets",
                "unit": "usd",
                "value": 4268000000
            },
            {
                "label": "Acquisitions of businesses, net of cash acquired",
                "concept": "PaymentsToAcquireBusinessesNetOfCashAcquired",
                "unit": "usd",
                "value": 25000000
            },
            {
                "label": "Acquisitions of wireless licenses",
                "concept": "PaymentsToAcquireIntangibleAssets",
                "unit": "usd",
                "value": 104000000
            },
            {
                "label": "Other, net",
                "concept": "PaymentsForProceedsFromOtherInvestingActivities",
                "unit": "usd",
                "value": 406000000
            },
            {
                "label": "Net cash used in investing activities",
                "concept": "NetCashProvidedByUsedInInvestingActivities",
                "unit": "usd",
                "value": 4803000000
            },
            {
                "label": "Proceeds from long-term borrowings",
                "concept": "vz:ProceedsFromIssuanceOfLongtermDebtExcludingAssetbackedDebt",
                "unit": "usd",
                "value": 2131000000
            },
            {
                "label": "Proceeds from asset-backed long-term borrowings",
                "concept": "ProceedsFromIssuanceOfSecuredDebt",
                "unit": "usd",
                "value": 1117000000
            },
            {
                "label": "Repayments of long-term borrowings and finance lease obligations",
                "concept": "RepaymentsOfLongTermDebtAndCapitalSecurities",
                "unit": "usd",
                "value": 2963000000
            },
            {
                "label": "Repayments of asset-backed long-term borrowings",
                "concept": "RepaymentsOfSecuredDebt",
                "unit": "usd",
                "value": 813000000
            },
            {
                "label": "Dividends paid",
                "concept": "PaymentsOfDividends",
                "unit": "usd",
                "value": 2489000000
            },
            {
                "label": "Other, net",
                "concept": "ProceedsFromPaymentsForOtherFinancingActivities",
                "unit": "usd",
                "value": 360000000
            },
            {
                "label": "Net cash used in financing activities",
                "concept": "NetCashProvidedByUsedInFinancingActivities",
                "unit": "usd",
                "value": 2657000000
            },
            {
                "label": "Increase (decrease) in cash, cash equivalents and restricted cash",
                "concept": "CashCashEquivalentsRestrictedCashAndRestrictedCashEquivalentsPeriodIncreaseDecreaseIncludingExchangeRateEffect",
                "unit": "usd",
                "value": 379000000
            }
        ],
        "ic": [
            {
                "label": "Selling, general and administrative expense",
                "concept": "SellingGeneralAndAdministrativeExpense",
                "unit": "usd",
                "value": 7198000000
            },
            {
                "label": "Total Operating Expenses",
                "concept": "CostsAndExpenses",
                "unit": "usd",
                "value": 24419000000
            },
            {
                "label": "Operating Income",
                "concept": "OperatingIncomeLoss",
                "unit": "usd",
                "value": 7709000000
            },
            {
                "label": "Equity in losses of unconsolidated businesses",
                "concept": "IncomeLossFromEquityMethodInvestments",
                "unit": "usd",
                "value": 6000000
            },
            {
                "label": "Other income (expense), net",
                "concept": "OtherNonoperatingIncomeExpense",
                "unit": "usd",
                "value": 295000000
            },
            {
                "label": "Interest expense",
                "concept": "InterestExpense",
                "unit": "usd",
                "value": 1210000000
            },
            {
                "label": "Income Before Provision For Income Taxes",
                "concept": "IncomeLossFromContinuingOperationsBeforeIncomeTaxesExtraordinaryItemsNoncontrollingInterest",
                "unit": "usd",
                "value": 6788000000
            },
            {
                "label": "Provision for income taxes",
                "concept": "IncomeTaxExpenseBenefit",
                "unit": "usd",
                "value": 1628000000
            },
            {
                "label": "Net Income",
                "concept": "ProfitLoss",
                "unit": "usd",
                "value": 5160000000
            },
            {
                "label": "Net income attributable to noncontrolling interests",
                "concept": "NetIncomeLossAttributableToNoncontrollingInterest",
                "unit": "usd",
                "value": 128000000
            },
            {
                "label": "Net income attributable to Verizon",
                "concept": "NetIncomeLoss",
                "unit": "usd",
                "value": 5032000000
            },
            {
                "label": "Net Income",
                "concept": "ProfitLoss",
                "unit": "usd",
                "value": 5160000000
            },
            {
                "label": "Net income attributable to Verizon (USD per share)",
                "concept": "EarningsPerShareBasic",
                "unit": "usd/shares",
                "value": 1.22
            },
            {
                "label": "Weighted-average shares outstanding (in shares)",
                "concept": "WeightedAverageNumberOfSharesOutstandingBasic",
                "unit": "shares",
                "value": 4138000000
            },
            {
                "label": "Net income attributable to Verizon (USD per share)",
                "concept": "EarningsPerShareDiluted",
                "unit": "usd/shares",
                "value": 1.22
            },
            {
                "label": "Weighted-average shares outstanding (in shares)",
                "concept": "WeightedAverageNumberOfDilutedSharesOutstanding",
                "unit": "shares",
                "value": 4140000000
            }
        ]
    }
}