{
    "startDate": "2019-01-01",
    "endDate": "2019-03-31",
    "year": "2019",
    "quarter": "Q1",
    "symbol": "IP",
    "data": {
        "bs": [
            {
                "label": "Cash and temporary investments",
                "concept": "CashCashEquivalentsAndShortTermInvestments",
                "unit": "usd",
                "value": 641000000
            },
            {
                "label": "Accounts and notes receivable, net",
                "concept": "AccountsNotesAndLoansReceivableNetCurrent",
                "unit": "usd",
                "value": 3493000000
            },
            {
                "label": "Contract assets",
                "concept": "ContractWithCustomerAssetGross",
                "unit": "usd",
                "value": 410000000
            },
            {
                "label": "Inventories",
                "concept": "InventoryNet",
                "unit": "usd",
                "value": 2301000000
            },
            {
                "label": "Other current assets",
                "concept": "OtherAssetsCurrent",
                "unit": "usd",
                "value": 217000000
            },
            {
                "label": "Total Current Assets",
                "concept": "AssetsCurrent",
                "unit": "usd",
                "value": 7062000000
            },
            {
                "label": "Plants, Properties and Equipment, net",
                "concept": "PropertyPlantAndEquipmentNet",
                "unit": "usd",
                "value": 13071000000
            },
            {
                "label": "Forestlands",
                "concept": "TimberAndTimberlands",
                "unit": "usd",
                "value": 401000000
            },
            {
                "label": "Investments",
                "concept": "LongTermInvestments",
                "unit": "usd",
                "value": 1770000000
            },
            {
                "label": "Financial Assets of Special Purpose Entities (Note 15)",
                "concept": "NotesReceivableGross",
                "unit": "usd",
                "value": 7074000000
            },
            {
                "label": "Goodwill",
                "concept": "Goodwill",
                "unit": "usd",
                "value": 3393000000
            },
            {
                "label": "Right of Use Assets",
                "concept": "OperatingLeaseRightOfUseAsset",
                "unit": "usd",
                "value": 415000000
            },
            {
                "label": "Deferred Charges and Other Assets",
                "concept": "OtherAssetsNoncurrent",
                "unit": "usd",
                "value": 992000000
            },
            {
                "label": "Total Assets",
                "concept": "Assets",
                "unit": "usd",
                "value": 34178000000
            },
            {
                "label": "Notes payable and current maturities of long-term debt",
                "concept": "DebtCurrent",
                "unit": "usd",
                "value": 809000000
            },
            {
                "label": "Accounts payable",
                "concept": "AccountsPayableCurrent",
                "unit": "usd",
                "value": 2518000000
            },
            {
                "label": "Accrued payroll and benefits",
                "concept": "EmployeeRelatedLiabilitiesCurrent",
                "unit": "usd",
                "value": 354000000
            },
            {
                "label": "Other current liabilities",
                "concept": "OtherAccruedLiabilitiesCurrent",
                "unit": "usd",
                "value": 1272000000
            },
            {
                "label": "Total Current Liabilities",
                "concept": "LiabilitiesCurrent",
                "unit": "usd",
                "value": 4953000000
            },
            {
                "label": "Long-Term Debt",
                "concept": "LongTermDebtNoncurrent",
                "unit": "usd",
                "value": 9965000000
            },
            {
                "label": "Nonrecourse Financial Liabilities of Special Purpose Entities (Note 15)",
                "concept": "OtherLongTermDebtNoncurrent",
                "unit": "usd",
                "value": 6300000000
            },
            {
                "label": "Deferred Income Taxes",
                "concept": "DeferredTaxLiabilitiesNoncurrent",
                "unit": "usd",
                "value": 2634000000
            },
            {
                "label": "Pension Benefit Obligation",
                "concept": "DefinedBenefitPensionPlanLiabilitiesNoncurrent",
                "unit": "usd",
                "value": 1727000000
            },
            {
                "label": "Postretirement and Postemployment Benefit Obligation",
                "concept": "OtherPostretirementDefinedBenefitPlanLiabilitiesNoncurrent",
                "unit": "usd",
                "value": 260000000
            },
            {
                "label": "Long-term Lease Obligations",
                "concept": "OperatingLeaseLiabilityNoncurrent",
                "unit": "usd",
                "value": 281000000
            },
            {
                "label": "Other Liabilities",
                "concept": "OtherLiabilitiesNoncurrent",
                "unit": "usd",
                "value": 589000000
            },
            {
                "label": "Common stock, $1 par value, 2019 \u2013 448.9 shares and 2018 \u2013 448.9 shares",
                "concept": "CommonStockValue",
                "unit": "usd",
                "value": 449000000
            },
            {
                "label": "Paid-in capital",
                "concept": "AdditionalPaidInCapitalCommonStock",
                "unit": "usd",
                "value": 6159000000
            },
            {
                "label": "Retained earnings",
                "concept": "RetainedEarningsAccumulatedDeficit",
                "unit": "usd",
                "value": 8211000000
            },
            {
                "label": "Accumulated other comprehensive loss",
                "concept": "AccumulatedOtherComprehensiveIncomeLossNetOfTax",
                "unit": "usd",
                "value": -4975000000
            },
            {
                "label": "Shareholders' Equity before Treasury Stock, Total",
                "concept": "StockholdersEquityBeforeTreasuryStock",
                "unit": "usd",
                "value": 9844000000
            },
            {
                "label": "Less: Common stock held in treasury, at cost, 2019 \u2013 49.9 shares and 2018 \u2013 48.3 shares",
                "concept": "TreasuryStockValue",
                "unit": "usd",
                "value": 2398000000
            },
            {
                "label": "Total International Paper Shareholders\u2019 Equity",
                "concept": "StockholdersEquity",
                "unit": "usd",
                "value": 7446000000
            },
            {
                "label": "Noncontrolling interests",
                "concept": "MinorityInterest",
                "unit": "usd",
                "value": 23000000
            },
            {
                "label": "Total Equity",
                "concept": "StockholdersEquityIncludingPortionAttributableToNoncontrollingInterest",
                "unit": "usd",
                "value": 7469000000
            },
            {
                "label": "Total Liabilities and Equity",
                "concept": "LiabilitiesAndStockholdersEquity",
                "unit": "usd",
                "value": 34178000000
            }
        ],
        "cf": [
            {
                "label": "Net earnings (loss)",
                "concept": "ProfitLoss",
                "unit": "usd",
                "value": 426000000
            },
            {
                "label": "Depreciation, amortization and cost of timber harvested",
                "concept": "ip:DepreciationAmortizationAndCostOfTimberHarvestedIncludingContinuingandDiscontinuedOperations",
                "unit": "usd",
                "value": 315000000
            },
            {
                "label": "Deferred income tax provision (benefit), net",
                "concept": "DeferredIncomeTaxExpenseBenefit",
                "unit": "usd",
                "value": 22000000
            },
            {
                "label": "Restructuring and other charges, net",
                "concept": "ip:RestructuringAndOtherCharges",
                "unit": "usd",
                "value": 0
            },
            {
                "label": "Net gain on transfer of North American Consumer Packaging business",
                "concept": "GainLossOnSaleOfBusiness",
                "unit": "usd",
                "value": 0
            },
            {
                "label": "Net (gains) losses on sales and impairments of businesses",
                "concept": "GainLossOnSalesOfAssetsAndAssetImpairmentCharges",
                "unit": "usd",
                "value": 7000000
            },
            {
                "label": "Equity (earnings) losses, net",
                "concept": "IncomeLossFromEquityMethodInvestments",
                "unit": "usd",
                "value": 114000000
            },
            {
                "label": "Periodic pension expense, net",
                "concept": "PensionExpense",
                "unit": "usd",
                "value": 26000000
            },
            {
                "label": "Other, net",
                "concept": "OtherNoncashIncomeExpense",
                "unit": "usd",
                "value": -46000000
            },
            {
                "label": "Accounts and notes receivable",
                "concept": "IncreaseDecreaseInAccountsAndNotesReceivable",
                "unit": "usd",
                "value": -26000000
            },
            {
                "label": "Contract assets",
                "concept": "ContractWithCustomerAssetReclassifiedToReceivable",
                "unit": "usd",
                "value": 15000000
            },
            {
                "label": "Inventories",
                "concept": "IncreaseDecreaseInInventories",
                "unit": "usd",
                "value": 22000000
            },
            {
                "label": "Accounts payable and accrued liabilities",
                "concept": "IncreaseDecreaseInAccountsPayableAndAccruedLiabilities",
                "unit": "usd",
                "value": 34000000
            },
            {
                "label": "Interest payable",
                "concept": "IncreaseDecreaseInInterestPayableNet",
                "unit": "usd",
                "value": -25000000
            },
            {
                "label": "Other",
                "concept": "IncreaseDecreaseInOtherOperatingCapitalNet",
                "unit": "usd",
                "value": -15000000
            },
            {
                "label": "Cash Provided By (Used For) Operations",
                "concept": "NetCashProvidedByUsedInOperatingActivities",
                "unit": "usd",
                "value": 733000000
            },
            {
                "label": "Invested in capital projects",
                "concept": "PaymentsToAcquireProductiveAssets",
                "unit": "usd",
                "value": 293000000
            },
            {
                "label": "Acquisitions, net of cash acquired",
                "concept": "PaymentsToAcquireBusinessesNetOfCashAcquired",
                "unit": "usd",
                "value": 17000000
            },
            {
                "label": "Net settlement on transfer of North American Consumer Packaging business",
                "concept": "ip:Gainlossondispositionofbusinessnetoftaxes",
                "unit": "usd",
                "value": 0
            },
            {
                "label": "Proceeds from divestitures, net of cash divested",
                "concept": "ProceedsFromDivestitureOfBusinessesNetOfCashDivested",
                "unit": "usd",
                "value": 17000000
            },
            {
                "label": "Proceeds from sale of fixed assets",
                "concept": "ProceedsFromSaleOfProductiveAssets",
                "unit": "usd",
                "value": 3000000
            },
            {
                "label": "Other",
                "concept": "PaymentsForProceedsFromOtherInvestingActivities",
                "unit": "usd",
                "value": 4000000
            },
            {
                "label": "Cash Provided By (Used For) Investment Activities",
                "concept": "NetCashProvidedByUsedInInvestingActivities",
                "unit": "usd",
                "value": -294000000
            },
            {
                "label": "Repurchases of common stock and payments of restricted stock tax withholding",
                "concept": "PaymentsForRepurchaseOfCommonStock",
                "unit": "usd",
                "value": 229000000
            },
            {
                "label": "Issuance of debt",
                "concept": "ProceedsFromIssuanceOfLongTermDebt",
                "unit": "usd",
                "value": 208000000
            },
            {
                "label": "Reduction of debt",
                "concept": "RepaymentsOfLongTermDebt",
                "unit": "usd",
                "value": 142000000
            },
            {
                "label": "Change in book overdrafts",
                "concept": "ProceedsFromRepaymentsOfBankOverdrafts",
                "unit": "usd",
                "value": -25000000
            },
            {
                "label": "Dividends paid",
                "concept": "PaymentsOfDividends",
                "unit": "usd",
                "value": 201000000
            },
            {
                "label": "Cash Provided By (Used For) Financing Activities",
                "concept": "NetCashProvidedByUsedInFinancingActivities",
                "unit": "usd",
                "value": -389000000
            },
            {
                "label": "Effect of Exchange Rate Changes on Cash",
                "concept": "EffectOfExchangeRateOnCashAndCashEquivalents",
                "unit": "usd",
                "value": 2000000
            },
            {
                "label": "Change in Cash and Temporary Investments",
                "concept": "CashAndCashEquivalentsPeriodIncreaseDecrease",
                "unit": "usd",
                "value": 52000000
            }
        ],
        "ic": [
            {
                "label": "Net Sales",
                "concept": "RevenueFromContractWithCustomerExcludingAssessedTax",
                "unit": "usd",
                "value": 5643000000
            },
            {
                "label": "Cost of products sold",
                "concept": "CostOfGoodsSoldExcludingDepreciationDepletionAndAmortization",
                "unit": "usd",
                "value": 3929000000
            },
            {
                "label": "Selling and administrative expenses",
                "concept": "SellingGeneralAndAdministrativeExpense",
                "unit": "usd",
                "value": 413000000
            },
            {
                "label": "Depreciation, amortization and cost of timber harvested",
                "concept": "DepreciationDepletionAndAmortization",
                "unit": "usd",
                "value": 315000000
            },
            {
                "label": "Distribution expenses",
                "concept": "ip:DistributionExpenses",
                "unit": "usd",
                "value": 389000000
            },
            {
                "label": "Taxes other than payroll and income taxes",
                "concept": "TaxesOther",
                "unit": "usd",
                "value": 43000000
            },
            {
                "label": "Interest expense, net",
                "concept": "InterestIncomeExpenseNet",
                "unit": "usd",
                "value": -133000000
            },
            {
                "label": "Earnings (Loss) From Continuing Operations Before Income Taxes and Equity Earnings",
                "concept": "IncomeLossFromContinuingOperationsBeforeIncomeTaxesMinorityInterestAndIncomeLossFromEquityMethodInvestments",
                "unit": "usd",
                "value": 418000000
            },
            {
                "label": "Income tax provision (benefit)",
                "concept": "IncomeTaxExpenseBenefit",
                "unit": "usd",
                "value": 106000000
            },
            {
                "label": "Discontinued operations, net of taxes",
                "concept": "IncomeLossFromDiscontinuedOperationsNetOfTaxAttributableToReportingEntity",
                "unit": "usd",
                "value": 0
            },
            {
                "label": "Net Earnings (Loss)",
                "concept": "ProfitLoss",
                "unit": "usd",
                "value": 426000000
            },
            {
                "label": "Less: Net earnings (loss) attributable to noncontrolling interests",
                "concept": "NetIncomeLossAttributableToNoncontrollingInterest",
                "unit": "usd",
                "value": 2000000
            },
            {
                "label": "Net Earnings (Loss) Attributable to International Paper Company",
                "concept": "NetIncomeLoss",
                "unit": "usd",
                "value": 424000000
            },
            {
                "label": "Earnings (loss) from continuing operations",
                "concept": "IncomeLossFromContinuingOperationsPerBasicShare",
                "unit": "usd/shares",
                "value": 1.06
            },
            {
                "label": "Discontinued operations, net of taxes",
                "concept": "IncomeLossFromDiscontinuedOperationsNetOfTaxPerBasicShare",
                "unit": "usd/shares",
                "value": 0.0
            },
            {
                "label": "Net earnings (loss)",
                "concept": "EarningsPerShareBasic",
                "unit": "usd/shares",
                "value": 1.06
            },
            {
                "label": "Earnings (loss) from continuing operations",
                "concept": "IncomeLossFromContinuingOperationsPerDilutedShare",
                "unit": "usd/shares",
                "value": 1.05
            },
            {
                "label": "Discontinued operations, net of taxes",
                "concept": "IncomeLossFromDiscontinuedOperationsNetOfTaxPerDilutedShare",
                "unit": "usd/shares",
                "value": 0.0
            },
            {
                "label": "Net earnings (loss)",
                "concept": "EarningsPerShareDiluted",
                "unit": "usd/shares",
                "value": 1.05
            },
            {
                "label": "Average Shares of Common Stock Outstanding \u2013 assuming dilution",
                "concept": "WeightedAverageNumberOfDilutedSharesOutstanding",
                "unit": "shares",
                "value": 403200000
            },
            {
                "label": "Cash Dividends Per Common Share",
                "concept": "CommonStockDividendsPerShareCashPaid",
                "unit": "usd/shares",
                "value": 0.5
            },
            {
                "label": "Earnings (loss) from continuing operations",
                "concept": "IncomeLossFromContinuingOperations",
                "unit": "usd",
                "value": 424000000
            },
            {
                "label": "Discontinued operations, net of taxes",
                "concept": "IncomeLossFromDiscontinuedOperationsNetOfTaxAttributableToReportingEntity",
                "unit": "usd",
                "value": 0
            },
            {
                "label": "Net Earnings (Loss) Attributable to International Paper Company",
                "concept": "NetIncomeLoss",
                "unit": "usd",
                "value": 424000000
            }
        ]
    }
}