{
    "startDate": "2019-01-01",
    "endDate": "2019-03-31",
    "year": "2019",
    "quarter": "Q1",
    "symbol": "SIX",
    "data": {
        "bs": [
            {
                "label": "Cash and cash equivalents",
                "concept": "CashAndCashEquivalentsAtCarryingValue",
                "unit": "usd",
                "value": 20434000
            },
            {
                "label": "Accounts receivable, net",
                "concept": "AccountsReceivableNetCurrent",
                "unit": "usd",
                "value": 93615000
            },
            {
                "label": "Inventories",
                "concept": "InventoryNet",
                "unit": "usd",
                "value": 39468000
            },
            {
                "label": "Prepaid expenses and other current assets",
                "concept": "PrepaidExpenseAndOtherAssetsCurrent",
                "unit": "usd",
                "value": 69099000
            },
            {
                "label": "Total current assets",
                "concept": "AssetsCurrent",
                "unit": "usd",
                "value": 222616000
            },
            {
                "label": "Property and equipment, at cost",
                "concept": "PropertyPlantAndEquipmentGross",
                "unit": "usd",
                "value": 2255974000
            },
            {
                "label": "Accumulated depreciation",
                "concept": "AccumulatedDepreciationDepletionAndAmortizationPropertyPlantAndEquipment",
                "unit": "usd",
                "value": 977733000
            },
            {
                "label": "Total property and equipment, net",
                "concept": "PropertyPlantAndEquipmentNet",
                "unit": "usd",
                "value": 1278241000
            },
            {
                "label": "Right-of-use operating leases, net",
                "concept": "OperatingLeaseRightOfUseAsset",
                "unit": "usd",
                "value": 205180000
            },
            {
                "label": "Debt issuance costs",
                "concept": "DeferredFinanceCostsNoncurrentNet",
                "unit": "usd",
                "value": 1493000
            },
            {
                "label": "Deposits and other assets",
                "concept": "InvestmentsAndOtherNoncurrentAssets",
                "unit": "usd",
                "value": 10745000
            },
            {
                "label": "Goodwill",
                "concept": "Goodwill",
                "unit": "usd",
                "value": 659618000
            },
            {
                "label": "Intangible assets, net of accumulated amortization of $21,422 and $21,133 as of March 31, 2019 and December 31, 2018, respectively",
                "concept": "IntangibleAssetsNetExcludingGoodwill",
                "unit": "usd",
                "value": 347014000
            },
            {
                "label": "Total other assets",
                "concept": "OtherAssetsNoncurrent",
                "unit": "usd",
                "value": 1224050000
            },
            {
                "label": "Total assets",
                "concept": "Assets",
                "unit": "usd",
                "value": 2724907000
            },
            {
                "label": "Accounts payable",
                "concept": "AccountsPayableCurrent",
                "unit": "usd",
                "value": 51457000
            },
            {
                "label": "Accrued compensation, payroll taxes and benefits",
                "concept": "EmployeeRelatedLiabilitiesCurrent",
                "unit": "usd",
                "value": 23385000
            },
            {
                "label": "Accrued insurance reserves",
                "concept": "SelfInsuranceReserveCurrent",
                "unit": "usd",
                "value": 36198000
            },
            {
                "label": "Accrued interest payable",
                "concept": "InterestPayableCurrent",
                "unit": "usd",
                "value": 26275000
            },
            {
                "label": "Other accrued liabilities",
                "concept": "OtherAccruedLiabilitiesCurrent",
                "unit": "usd",
                "value": 40574000
            },
            {
                "label": "Deferred revenue",
                "concept": "ContractWithCustomerLiabilityCurrent",
                "unit": "usd",
                "value": 178047000
            },
            {
                "label": "Short-term borrowings",
                "concept": "ShortTermBorrowings",
                "unit": "usd",
                "value": 165000000
            },
            {
                "label": "Short-term operating lease liabilities",
                "concept": "OperatingLeaseLiabilityCurrent",
                "unit": "usd",
                "value": 10240000
            },
            {
                "label": "Total current liabilities",
                "concept": "LiabilitiesCurrent",
                "unit": "usd",
                "value": 531176000
            },
            {
                "label": "Long-term debt",
                "concept": "LongTermDebtNoncurrent",
                "unit": "usd",
                "value": 2064557000
            },
            {
                "label": "Long-term operating lease liabilities",
                "concept": "OperatingLeaseLiabilityNoncurrent",
                "unit": "usd",
                "value": 196485000
            },
            {
                "label": "Other long-term liabilities",
                "concept": "OtherLiabilitiesNoncurrent",
                "unit": "usd",
                "value": 22383000
            },
            {
                "label": "Deferred income taxes",
                "concept": "DeferredIncomeTaxLiabilitiesNet",
                "unit": "usd",
                "value": 150217000
            },
            {
                "label": "Total noncurrent liabilities",
                "concept": "LiabilitiesNoncurrent",
                "unit": "usd",
                "value": 2433642000
            },
            {
                "label": "Total liabilities",
                "concept": "Liabilities",
                "unit": "usd",
                "value": 2964818000
            },
            {
                "label": "Redeemable noncontrolling interests",
                "concept": "RedeemableNoncontrollingInterestEquityCarryingAmount",
                "unit": "usd",
                "value": 525271000
            },
            {
                "label": "Preferred stock, $1.00 par value",
                "concept": "PreferredStockValue",
                "unit": "usd",
                "value": 0
            },
            {
                "label": "Common stock, $0.025 par value, 140,000,000 shares authorized; 84,245,940 and 83,962,182 shares issued and outstanding at March 31, 2019 and December 31, 2018, respectively",
                "concept": "CommonStockValue",
                "unit": "usd",
                "value": 2106000
            },
            {
                "label": "Capital in excess of par value",
                "concept": "AdditionalPaidInCapitalCommonStock",
                "unit": "usd",
                "value": 1052378000
            },
            {
                "label": "Accumulated deficit",
                "concept": "RetainedEarningsAccumulatedDeficit",
                "unit": "usd",
                "value": -1749400000
            },
            {
                "label": "Accumulated other comprehensive loss, net of tax",
                "concept": "AccumulatedOtherComprehensiveIncomeLossNetOfTax",
                "unit": "usd",
                "value": -70266000
            },
            {
                "label": "Total stockholders' deficit",
                "concept": "StockholdersEquity",
                "unit": "usd",
                "value": -765182000
            },
            {
                "label": "Total liabilities and stockholders' deficit",
                "concept": "LiabilitiesAndStockholdersEquity",
                "unit": "usd",
                "value": 2724907000
            }
        ],
        "cf": [
            {
                "label": "Net loss",
                "concept": "ProfitLoss",
                "unit": "usd",
                "value": -69132000
            },
            {
                "label": "Depreciation and amortization",
                "concept": "DepreciationDepletionAndAmortization",
                "unit": "usd",
                "value": 29073000
            },
            {
                "label": "Stock-based compensation",
                "concept": "ShareBasedCompensation",
                "unit": "usd",
                "value": 3891000
            },
            {
                "label": "Interest accretion on notes payable",
                "concept": "AccretionExpense",
                "unit": "usd",
                "value": 338000
            },
            {
                "label": "Amortization of debt issuance costs",
                "concept": "AmortizationOfFinancingCosts",
                "unit": "usd",
                "value": 1007000
            },
            {
                "label": "Other, including loss on disposal of assets",
                "concept": "OtherNoncashIncomeExpense",
                "unit": "usd",
                "value": -1053000
            },
            {
                "label": "Decrease in accounts receivable",
                "concept": "IncreaseDecreaseInAccountsReceivable",
                "unit": "usd",
                "value": -22544000
            },
            {
                "label": "Increase in inventories, prepaid expenses and other current assets",
                "concept": "IncreaseDecreaseInPrepaidDeferredExpenseAndOtherAssets",
                "unit": "usd",
                "value": 27147000
            },
            {
                "label": "Decrease in deposits and other assets",
                "concept": "IncreaseDecreaseInOtherNoncurrentAssets",
                "unit": "usd",
                "value": -534000
            },
            {
                "label": "Decrease in ROU operating leases",
                "concept": "six:OperatingLeaseRightofUseAssetIncreaseDecrease",
                "unit": "usd",
                "value": -3823000
            },
            {
                "label": "Increase in accounts payable, deferred revenue, accrued liabilities and other long-term liabilities",
                "concept": "IncreaseDecreaseInOtherOperatingLiabilities",
                "unit": "usd",
                "value": 22655000
            },
            {
                "label": "Decrease in operating lease liabilities",
                "concept": "six:OperatingLeaseLiabilityIncreaseDecrease",
                "unit": "usd",
                "value": -836000
            },
            {
                "label": "Decrease in accrued interest payable",
                "concept": "IncreaseDecreaseInInterestPayableNet",
                "unit": "usd",
                "value": -4422000
            },
            {
                "label": "Deferred income taxes",
                "concept": "IncreaseDecreaseInDeferredIncomeTaxes",
                "unit": "usd",
                "value": 24204000
            },
            {
                "label": "Net cash used in operating activities",
                "concept": "NetCashProvidedByUsedInOperatingActivities",
                "unit": "usd",
                "value": -40823000
            },
            {
                "label": "Additions to property and equipment",
                "concept": "PaymentsToAcquirePropertyPlantAndEquipment",
                "unit": "usd",
                "value": 48083000
            },
            {
                "label": "Property insurance recoveries",
                "concept": "ProceedsFromInsuranceSettlementOperatingActivities",
                "unit": "usd",
                "value": 624000
            },
            {
                "label": "Proceeds from sale of assets",
                "concept": "ProceedsFromSaleOfPropertyPlantAndEquipment",
                "unit": "usd",
                "value": 0
            },
            {
                "label": "Net cash used in investing activities",
                "concept": "NetCashProvidedByUsedInInvestingActivities",
                "unit": "usd",
                "value": -47459000
            },
            {
                "label": "Repayment of borrowings",
                "concept": "RepaymentsOfDebt",
                "unit": "usd",
                "value": 25000000
            },
            {
                "label": "Proceeds from borrowings",
                "concept": "ProceedsFromIssuanceOfDebt",
                "unit": "usd",
                "value": 147000000
            },
            {
                "label": "Payment of debt issuance costs",
                "concept": "PaymentsOfDebtIssuanceCosts",
                "unit": "usd",
                "value": 0
            },
            {
                "label": "Payment of cash dividends",
                "concept": "PaymentsOfDividendsCommonStock",
                "unit": "usd",
                "value": 69093000
            },
            {
                "label": "Proceeds from issuance of common stock",
                "concept": "ProceedsFromIssuanceOfCommonStock",
                "unit": "usd",
                "value": 10858000
            },
            {
                "label": "Stock repurchases",
                "concept": "PaymentsForRepurchaseOfCommonStock",
                "unit": "usd",
                "value": 4000
            },
            {
                "label": "Net cash provided by financing activities",
                "concept": "NetCashProvidedByUsedInFinancingActivities",
                "unit": "usd",
                "value": 63761000
            },
            {
                "label": "Effect of exchange rate on cash",
                "concept": "EffectOfExchangeRateOnCashCashEquivalentsRestrictedCashAndRestrictedCashEquivalents",
                "unit": "usd",
                "value": 347000
            },
            {
                "label": "Net decrease in cash and cash equivalents",
                "concept": "CashCashEquivalentsRestrictedCashAndRestrictedCashEquivalentsPeriodIncreaseDecreaseIncludingExchangeRateEffect",
                "unit": "usd",
                "value": -24174000
            },
            {
                "label": "Cash paid for interest",
                "concept": "InterestPaidNet",
                "unit": "usd",
                "value": 31708000
            },
            {
                "label": "Cash paid for income taxes",
                "concept": "IncomeTaxesPaid",
                "unit": "usd",
                "value": 5310000
            }
        ],
        "ic": [
            {
                "label": "Total revenues",
                "concept": "RevenueFromContractWithCustomerExcludingAssessedTax",
                "unit": "usd",
                "value": 128193000
            },
            {
                "label": "Operating expenses (excluding depreciation and amortization shown separately below)",
                "concept": "CostOfServicesExcludingDepreciationDepletionAndAmortization",
                "unit": "usd",
                "value": 114522000
            },
            {
                "label": "Selling, general and administrative expenses",
                "concept": "SellingGeneralAndAdministrativeExpense",
                "unit": "usd",
                "value": 40110000
            },
            {
                "label": "Costs of products sold",
                "concept": "CostOfGoodsSoldExcludingDepreciationDepletionAndAmortization",
                "unit": "usd",
                "value": 10275000
            },
            {
                "label": "Other net periodic pension benefit",
                "concept": "six:DefinedBenefitPlanNetPeriodicBenefitCostOtherThanServiceCost",
                "unit": "usd",
                "value": -1055000
            },
            {
                "label": "Depreciation",
                "concept": "Depreciation",
                "unit": "usd",
                "value": 28470000
            },
            {
                "label": "Amortization",
                "concept": "AmortizationOfIntangibleAssets",
                "unit": "usd",
                "value": 603000
            },
            {
                "label": "Loss on disposal of assets",
                "concept": "GainLossOnDispositionOfAssets",
                "unit": "usd",
                "value": -1136000
            },
            {
                "label": "Interest expense",
                "concept": "InterestExpense",
                "unit": "usd",
                "value": 28630000
            },
            {
                "label": "Interest income",
                "concept": "InterestIncomeOther",
                "unit": "usd",
                "value": 282000
            },
            {
                "label": "Other expense, net",
                "concept": "OtherNonoperatingIncomeExpense",
                "unit": "usd",
                "value": 427000
            },
            {
                "label": "Loss before income taxes",
                "concept": "IncomeLossFromContinuingOperationsBeforeIncomeTaxesExtraordinaryItemsNoncontrollingInterest",
                "unit": "usd",
                "value": -93789000
            },
            {
                "label": "Income tax benefit",
                "concept": "IncomeTaxExpenseBenefit",
                "unit": "usd",
                "value": -24657000
            },
            {
                "label": "Net loss",
                "concept": "ProfitLoss",
                "unit": "usd",
                "value": -69132000
            },
            {
                "label": "Weighted-average common shares outstanding - basic and diluted (in shares)",
                "concept": "WeightedAverageNumberOfShareOutstandingBasicAndDiluted",
                "unit": "shares",
                "value": 84126000
            },
            {
                "label": "Net loss per average common share outstanding - basic and diluted (in dollars per share)",
                "concept": "EarningsPerShareBasicAndDiluted",
                "unit": "usd/shares",
                "value": -0.82
            },
            {
                "label": "Cash dividends declared per common share (in dollars per share)",
                "concept": "CommonStockDividendsPerShareDeclared",
                "unit": "usd/shares",
                "value": 0.82
            }
        ]
    }
}