{
    "startDate": "2019-01-01",
    "endDate": "2019-03-31",
    "year": "2019",
    "quarter": "Q1",
    "symbol": "FCF",
    "data": {
        "bs": [
            {
                "label": "Cash and due from banks",
                "concept": "CashAndDueFromBanks",
                "unit": "usd",
                "value": 100724000
            },
            {
                "label": "Interest-bearing bank deposits",
                "concept": "InterestBearingDepositsInBanks",
                "unit": "usd",
                "value": 23168000
            },
            {
                "label": "Securities held to maturity, at amortized cost (Fair value of $380,443 and $383,993 at March 31, 2019 and December 31, 2018, respectively)",
                "concept": "HeldToMaturitySecuritiesNoncurrent",
                "unit": "usd",
                "value": 384909000
            },
            {
                "label": "Other investments",
                "concept": "OtherInvestments",
                "unit": "usd",
                "value": 25378000
            },
            {
                "label": "Loans held for sale",
                "concept": "LoansReceivableHeldForSaleNetNotPartOfDisposalGroup",
                "unit": "usd",
                "value": 9627000
            },
            {
                "label": "Portfolio loans",
                "concept": "LoansAndLeasesReceivableNetOfDeferredIncome",
                "unit": "usd",
                "value": 5871070000
            },
            {
                "label": "Allowance for credit losses",
                "concept": "LoansAndLeasesReceivableAllowance",
                "unit": "usd",
                "value": 49653000
            },
            {
                "label": "Net loans",
                "concept": "LoansAndLeasesReceivableNetReportedAmount",
                "unit": "usd",
                "value": 5821417000
            },
            {
                "label": "Premises and equipment, net",
                "concept": "PropertyPlantAndEquipmentNet",
                "unit": "usd",
                "value": 129107000
            },
            {
                "label": "Other real estate owned",
                "concept": "RealEstateAcquiredThroughForeclosure",
                "unit": "usd",
                "value": 3993000
            },
            {
                "label": "Goodwill",
                "concept": "Goodwill",
                "unit": "usd",
                "value": 274202000
            },
            {
                "label": "Amortizing intangibles, net",
                "concept": "IntangibleAssetsNetExcludingGoodwill",
                "unit": "usd",
                "value": 12876000
            },
            {
                "label": "Bank owned life insurance",
                "concept": "BankOwnedLifeInsurance",
                "unit": "usd",
                "value": 217192000
            },
            {
                "label": "Other assets",
                "concept": "OtherAssets",
                "unit": "usd",
                "value": 76979000
            },
            {
                "label": "Total assets",
                "concept": "Assets",
                "unit": "usd",
                "value": 7972673000
            },
            {
                "label": "Noninterest-bearing",
                "concept": "NoninterestBearingDepositLiabilitiesDomestic",
                "unit": "usd",
                "value": 1510566000
            },
            {
                "label": "Interest-bearing",
                "concept": "InterestBearingDepositLiabilitiesDomestic",
                "unit": "usd",
                "value": 4620194000
            },
            {
                "label": "Total deposits",
                "concept": "Deposits",
                "unit": "usd",
                "value": 6130760000
            },
            {
                "label": "Short-term borrowings",
                "concept": "ShortTermBorrowings",
                "unit": "usd",
                "value": 565616000
            },
            {
                "label": "Other long-term debt",
                "concept": "OtherLongTermDebt",
                "unit": "usd",
                "value": 7395000
            },
            {
                "label": "Capital Lease Obligations",
                "concept": "CapitalLeaseObligations",
                "unit": "usd",
                "value": 7118000
            },
            {
                "label": "Total long-term debt",
                "concept": "LongTermDebt",
                "unit": "usd",
                "value": 184841000
            },
            {
                "label": "Other liabilities",
                "concept": "OtherLiabilities",
                "unit": "usd",
                "value": 93437000
            },
            {
                "label": "Total liabilities",
                "concept": "Liabilities",
                "unit": "usd",
                "value": 6974654000
            },
            {
                "label": "Preferred stock, $1 par value per share, 3,000,000 shares authorized, none issued",
                "concept": "PreferredStockValue",
                "unit": "usd",
                "value": 0
            },
            {
                "label": "Common stock, $1 par value per share, 200,000,000 shares authorized; 113,914,902 shares issued at March 31, 2019 and December 31, 2018, and 98,625,806 and 98,518,668 shares outstanding at March 31, 2019 and December 31, 2018, respectively",
                "concept": "CommonStockValue",
                "unit": "usd",
                "value": 113915000
            },
            {
                "label": "Additional paid-in capital",
                "concept": "AdditionalPaidInCapital",
                "unit": "usd",
                "value": 493664000
            },
            {
                "label": "Retained earnings",
                "concept": "RetainedEarningsAccumulatedDeficit",
                "unit": "usd",
                "value": 526136000
            },
            {
                "label": "Accumulated other comprehensive loss, net",
                "concept": "AccumulatedOtherComprehensiveIncomeLossNetOfTax",
                "unit": "usd",
                "value": -4102000
            },
            {
                "label": "Treasury stock (15,289,096 and 15,396,234 shares at March 31, 2019 and December 31, 2018, respectively)",
                "concept": "TreasuryStockValue",
                "unit": "usd",
                "value": 131594000
            },
            {
                "label": "Total shareholders\u2019 equity",
                "concept": "StockholdersEquity",
                "unit": "usd",
                "value": 998019000
            },
            {
                "label": "Total liabilities and shareholders\u2019 equity",
                "concept": "LiabilitiesAndStockholdersEquity",
                "unit": "usd",
                "value": 7972673000
            }
        ],
        "cf": [
            {
                "label": "Net Income",
                "concept": "NetIncomeLoss",
                "unit": "usd",
                "value": 24589000
            },
            {
                "label": "Provision for credit losses",
                "concept": "ProvisionForLoanAndLeaseLosses",
                "unit": "usd",
                "value": 4095000
            },
            {
                "label": "Deferred tax expense",
                "concept": "DeferredIncomeTaxExpenseBenefit",
                "unit": "usd",
                "value": 1443000
            },
            {
                "label": "Depreciation and amortization",
                "concept": "DepreciationAmortizationAndAccretionNet",
                "unit": "usd",
                "value": 2478000
            },
            {
                "label": "Net gains on securities and other assets",
                "concept": "fcf:GainLossOnSecuritiesAndOtherAssets",
                "unit": "usd",
                "value": 2218000
            },
            {
                "label": "Net amortization of premiums and discounts on securities",
                "concept": "AccretionAmortizationOfDiscountsAndPremiumsInvestments",
                "unit": "usd",
                "value": -784000
            },
            {
                "label": "Income from increase in cash surrender value of bank owned life insurance",
                "concept": "fcf:IncreaseInCashSurrenderValueofBOLI",
                "unit": "usd",
                "value": 1426000
            },
            {
                "label": "Increase in interest receivable",
                "concept": "IncreaseDecreaseInAccruedInterestReceivableNet",
                "unit": "usd",
                "value": 2346000
            },
            {
                "label": "Mortgage loans originated for sale",
                "concept": "PaymentsForOriginationOfMortgageLoansHeldForSale",
                "unit": "usd",
                "value": 34985000
            },
            {
                "label": "Proceeds from sale of mortgage loans",
                "concept": "ProceedsFromSaleOfMortgageLoansHeldForSale",
                "unit": "usd",
                "value": 35255000
            },
            {
                "label": "Increase (decrease) in interest payable",
                "concept": "IncreaseDecreaseInInterestPayableNet",
                "unit": "usd",
                "value": 1522000
            },
            {
                "label": "Increase in income taxes payable",
                "concept": "IncreaseDecreaseInAccruedIncomeTaxesPayable",
                "unit": "usd",
                "value": 4454000
            },
            {
                "label": "Other-net",
                "concept": "IncreaseDecreaseInOtherOperatingCapitalNet",
                "unit": "usd",
                "value": 14956000
            },
            {
                "label": "Net cash provided by operating activities",
                "concept": "NetCashProvidedByUsedInOperatingActivities",
                "unit": "usd",
                "value": 18689000
            },
            {
                "label": "Proceeds from sale and maturity of held-to-maturity securities",
                "concept": "ProceedsFromSaleAndMaturityOfHeldToMaturitySecurities",
                "unit": "usd",
                "value": 8641000
            },
            {
                "label": "Payments to acquire held-to-maturity securities",
                "concept": "PaymentsToAcquireHeldToMaturitySecurities",
                "unit": "usd",
                "value": 0
            },
            {
                "label": "Proceeds from Sale of Available-for-sale Securities",
                "concept": "ProceedsFromSaleOfAvailableForSaleSecurities",
                "unit": "usd",
                "value": 0
            },
            {
                "label": "Proceeds from maturities and redemptions of available-for-sale securities",
                "concept": "ProceedsFromMaturitiesPrepaymentsAndCallsOfAvailableForSaleSecurities",
                "unit": "usd",
                "value": 31099000
            },
            {
                "label": "Purchases of available-for-sale securities",
                "concept": "PaymentsToAcquireAvailableForSaleSecurities",
                "unit": "usd",
                "value": 6401000
            },
            {
                "label": "Purchases of FHLB stock",
                "concept": "PaymentsForProceedsFromFederalHomeLoanBankStock",
                "unit": "usd",
                "value": 10293000
            },
            {
                "label": "Proceeds from the redemption of FHLB stock",
                "concept": "ProceedsFromSaleOfFederalHomeLoanBankStock",
                "unit": "usd",
                "value": 17041000
            },
            {
                "label": "Proceeds from Sale of Loans Receivable",
                "concept": "ProceedsFromSaleOfLoansReceivable",
                "unit": "usd",
                "value": 8559000
            },
            {
                "label": "Proceeds from sale of other assets",
                "concept": "ProceedsFromSaleOfOtherProductiveAssets",
                "unit": "usd",
                "value": 1144000
            },
            {
                "label": "Net (increase) decrease in loans",
                "concept": "PaymentsForProceedsFromLoansAndLeases",
                "unit": "usd",
                "value": 104189000
            },
            {
                "label": "Payments for Purchase of Other Assets",
                "concept": "PaymentsForPurchaseOfOtherAssets1",
                "unit": "usd",
                "value": 4128000
            },
            {
                "label": "Net cash used in investing activities",
                "concept": "NetCashProvidedByUsedInInvestingActivities",
                "unit": "usd",
                "value": -58527000
            },
            {
                "label": "Net (decrease) increase in federal funds purchased",
                "concept": "IncreaseDecreaseInFederalFundsPurchased",
                "unit": "usd",
                "value": 11000000
            },
            {
                "label": "Net decrease in other short-term borrowings",
                "concept": "ProceedsFromRepaymentsOfShortTermDebt",
                "unit": "usd",
                "value": -145207000
            },
            {
                "label": "Net increase in deposits",
                "concept": "IncreaseDecreaseInDeposits",
                "unit": "usd",
                "value": 232892000
            },
            {
                "label": "Repayments of other long-term debt",
                "concept": "RepaymentsOfOtherLongTermDebt",
                "unit": "usd",
                "value": 156000
            },
            {
                "label": "Repayments of Long-term Capital Lease Obligations",
                "concept": "RepaymentsOfLongTermCapitalLeaseObligations",
                "unit": "usd",
                "value": 99000
            },
            {
                "label": "Dividends paid",
                "concept": "PaymentsOfDividends",
                "unit": "usd",
                "value": 9862000
            },
            {
                "label": "Purchase of treasury stock",
                "concept": "PaymentsForRepurchaseOfCommonStock",
                "unit": "usd",
                "value": 1785000
            },
            {
                "label": "Net cash provided by (used in) financing activities",
                "concept": "NetCashProvidedByUsedInFinancingActivities",
                "unit": "usd",
                "value": 64783000
            },
            {
                "label": "Net increase (decrease) in cash and cash equivalents",
                "concept": "CashAndCashEquivalentsPeriodIncreaseDecrease",
                "unit": "usd",
                "value": 24945000
            }
        ],
        "ic": [
            {
                "label": "Interest and fees on loans",
                "concept": "InterestAndFeeIncomeLoansAndLeases",
                "unit": "usd",
                "value": 70421000
            },
            {
                "label": "Taxable interest",
                "concept": "InterestIncomeSecuritiesTaxable",
                "unit": "usd",
                "value": 8164000
            },
            {
                "label": "Interest exempt from federal income taxes",
                "concept": "InterestIncomeSecuritiesTaxExempt",
                "unit": "usd",
                "value": 418000
            },
            {
                "label": "Dividends",
                "concept": "DividendIncomeOperating",
                "unit": "usd",
                "value": 537000
            },
            {
                "label": "Interest on bank deposits",
                "concept": "InterestIncomeDepositsWithFinancialInstitutions",
                "unit": "usd",
                "value": 54000
            },
            {
                "label": "Total interest income",
                "concept": "InterestAndDividendIncomeOperating",
                "unit": "usd",
                "value": 79594000
            },
            {
                "label": "Interest on deposits",
                "concept": "InterestExpenseDeposits",
                "unit": "usd",
                "value": 8175000
            },
            {
                "label": "Interest on short-term borrowings",
                "concept": "InterestExpenseShortTermBorrowings",
                "unit": "usd",
                "value": 3438000
            },
            {
                "label": "Interest on subordinated debentures",
                "concept": "InterestExpenseSubordinatedNotesAndDebentures",
                "unit": "usd",
                "value": 2354000
            },
            {
                "label": "Interest on other long-term debt",
                "concept": "InterestExpenseOtherLongTermDebt",
                "unit": "usd",
                "value": 71000
            },
            {
                "label": "Interest on lease obligations",
                "concept": "InterestExpenseLesseeAssetsUnderCapitalLease",
                "unit": "usd",
                "value": 70000
            },
            {
                "label": "Total interest expense",
                "concept": "InterestExpense",
                "unit": "usd",
                "value": 14108000
            },
            {
                "label": "Net Interest Income",
                "concept": "InterestIncomeExpenseNet",
                "unit": "usd",
                "value": 65486000
            },
            {
                "label": "Net Interest Income after Provision for Credit Losses",
                "concept": "InterestIncomeExpenseAfterProvisionForLoanLoss",
                "unit": "usd",
                "value": 61391000
            },
            {
                "label": "Net securities gains",
                "concept": "DebtAndEquitySecuritiesGainLoss",
                "unit": "usd",
                "value": 0
            },
            {
                "label": "Income from bank owned life insurance",
                "concept": "BankOwnedLifeInsuranceIncome",
                "unit": "usd",
                "value": 1426000
            },
            {
                "label": "Gain on sale of mortgage loans",
                "concept": "GainLossOnSalesOfLoansNet",
                "unit": "usd",
                "value": 1428000
            },
            {
                "label": "Swap fee income",
                "concept": "fcf:DerivativeFeeIncome",
                "unit": "usd",
                "value": 393000
            },
            {
                "label": "Total noninterest income",
                "concept": "NoninterestIncome",
                "unit": "usd",
                "value": 18872000
            },
            {
                "label": "Salaries and employee benefits",
                "concept": "LaborAndRelatedExpense",
                "unit": "usd",
                "value": 27220000
            },
            {
                "label": "Net occupancy expense",
                "concept": "OccupancyNet",
                "unit": "usd",
                "value": 4916000
            },
            {
                "label": "Furniture and equipment expense",
                "concept": "EquipmentExpense",
                "unit": "usd",
                "value": 3668000
            },
            {
                "label": "Data processing expense",
                "concept": "InformationTechnologyAndDataProcessing",
                "unit": "usd",
                "value": 2544000
            },
            {
                "label": "Marketing and Advertising Expense",
                "concept": "MarketingAndAdvertisingExpense",
                "unit": "usd",
                "value": 1240000
            },
            {
                "label": "Pennsylvania shares tax expense",
                "concept": "fcf:SharesTax",
                "unit": "usd",
                "value": 916000
            },
            {
                "label": "Intangible amortization",
                "concept": "AmortizationOfIntangibleAssets",
                "unit": "usd",
                "value": 754000
            },
            {
                "label": "Collection and repossession expense",
                "concept": "fcf:CollectionAndRepossessionExpenses",
                "unit": "usd",
                "value": 547000
            },
            {
                "label": "Other professional fees and services",
                "concept": "ProfessionalFees",
                "unit": "usd",
                "value": 754000
            },
            {
                "label": "FDIC insurance",
                "concept": "FederalDepositInsuranceCorporationPremiumExpense",
                "unit": "usd",
                "value": 574000
            },
            {
                "label": "Loss on sale or write-down of assets",
                "concept": "GainLossOnSalesOfAssetsAndAssetImpairmentCharges",
                "unit": "usd",
                "value": -65000
            },
            {
                "label": "Litigation and operational losses",
                "concept": "fcf:OperationalLoss",
                "unit": "usd",
                "value": 401000
            },
            {
                "label": "Merger and acquisition related",
                "concept": "fcf:ConversionRelatedExpenses",
                "unit": "usd",
                "value": 0
            },
            {
                "label": "Other Noninterest Expense",
                "concept": "OtherNoninterestExpense",
                "unit": "usd",
                "value": 6131000
            },
            {
                "label": "Total noninterest expense",
                "concept": "NoninterestExpense",
                "unit": "usd",
                "value": 49730000
            },
            {
                "label": "Income Before Income Taxes",
                "concept": "IncomeLossFromContinuingOperationsBeforeIncomeTaxesMinorityInterestAndIncomeLossFromEquityMethodInvestments",
                "unit": "usd",
                "value": 30533000
            },
            {
                "label": "Income tax provision",
                "concept": "IncomeTaxExpenseBenefit",
                "unit": "usd",
                "value": 5944000
            },
            {
                "label": "Net Income",
                "concept": "NetIncomeLoss",
                "unit": "usd",
                "value": 24589000
            },
            {
                "label": "Average Shares Outstanding (in shares)",
                "concept": "WeightedAverageNumberOfSharesOutstandingBasic",
                "unit": "shares",
                "value": 98479041
            },
            {
                "label": "Average Shares Outstanding Assuming Dilution (in shares)",
                "concept": "WeightedAverageNumberOfDilutedSharesOutstanding",
                "unit": "shares",
                "value": 98706827
            },
            {
                "label": "Basic Earnings per Share (in dollars per share)",
                "concept": "EarningsPerShareBasic",
                "unit": "usd/shares",
                "value": 0.25
            },
            {
                "label": "Diluted Earnings per Share (in dollars per share)",
                "concept": "EarningsPerShareDiluted",
                "unit": "usd/shares",
                "value": 0.25
            },
            {
                "label": "Cash Dividends Declared per Common Share (in dollars per share)",
                "concept": "CommonStockDividendsPerShareDeclared",
                "unit": "usd/shares",
                "value": 0.1
            }
        ]
    }
}