{
    "startDate": "2018-12-30",
    "endDate": "2019-03-30",
    "year": "2019",
    "quarter": "Q1",
    "symbol": "DXYN",
    "data": {
        "bs": [
            {
                "label": "Stockholders' Equity Attributable to Parent",
                "concept": "StockholdersEquityIncludingPortionAttributableToNoncontrollingInterest",
                "unit": "usd",
                "value": 52096000
            },
            {
                "label": "Stockholders' Equity Attributable to Parent",
                "concept": "StockholdersEquityIncludingPortionAttributableToNoncontrollingInterest",
                "unit": "usd",
                "value": 52096000
            }
        ],
        "cf": [
            {
                "label": "Loss from continuing operations",
                "concept": "IncomeLossFromContinuingOperations",
                "unit": "usd",
                "value": -6641000
            },
            {
                "label": "Loss from discontinued operations",
                "concept": "IncomeLossFromDiscontinuedOperationsNetOfTax",
                "unit": "usd",
                "value": -31000
            },
            {
                "label": "Net loss",
                "concept": "ProfitLoss",
                "unit": "usd",
                "value": -6672000
            },
            {
                "label": "Depreciation and amortization",
                "concept": "DepreciationDepletionAndAmortization",
                "unit": "usd",
                "value": 3098000
            },
            {
                "label": "Provision for deferred income taxes",
                "concept": "IncreaseDecreaseInDeferredIncomeTaxes",
                "unit": "usd",
                "value": -64000
            },
            {
                "label": "Net (gain) loss on property, plant and equipment disposals",
                "concept": "GainLossOnSaleOfPropertyPlantEquipment",
                "unit": "usd",
                "value": -60000
            },
            {
                "label": "Impairment of assets",
                "concept": "OtherAssetImpairmentCharges",
                "unit": "usd",
                "value": 5000
            },
            {
                "label": "Stock-based compensation expense",
                "concept": "ShareBasedCompensation",
                "unit": "usd",
                "value": 157000
            },
            {
                "label": "Receivables",
                "concept": "IncreaseDecreaseInReceivables",
                "unit": "usd",
                "value": 1051000
            },
            {
                "label": "Inventories",
                "concept": "IncreaseDecreaseInInventories",
                "unit": "usd",
                "value": -1372000
            },
            {
                "label": "Other current assets",
                "concept": "IncreaseDecreaseInPrepaidDeferredExpenseAndOtherAssets",
                "unit": "usd",
                "value": 1208000
            },
            {
                "label": "Accounts payable and accrued expenses",
                "concept": "IncreaseDecreaseInAccountsPayableAndAccruedLiabilities",
                "unit": "usd",
                "value": 1267000
            },
            {
                "label": "Other operating assets and liabilities",
                "concept": "IncreaseDecreaseInOtherOperatingCapitalNet",
                "unit": "usd",
                "value": 353000
            },
            {
                "label": "NET CASH USED IN OPERATING ACTIVITIES",
                "concept": "NetCashProvidedByUsedInOperatingActivities",
                "unit": "usd",
                "value": -3172000
            },
            {
                "label": "Net proceeds from sales of property, plant and equipment",
                "concept": "ProceedsFromSaleOfPropertyPlantAndEquipment",
                "unit": "usd",
                "value": 4000
            },
            {
                "label": "Purchase of property, plant and equipment",
                "concept": "PaymentsToAcquirePropertyPlantAndEquipment",
                "unit": "usd",
                "value": 1010000
            },
            {
                "label": "NET CASH USED IN INVESTING ACTIVITIES",
                "concept": "NetCashProvidedByUsedInInvestingActivities",
                "unit": "usd",
                "value": -1006000
            },
            {
                "label": "Net borrowings on revolving credit facility",
                "concept": "ProceedsFromRepaymentsOfLinesOfCredit",
                "unit": "usd",
                "value": 518000
            },
            {
                "label": "Payments on notes payable - buildings",
                "concept": "RepaymentsOfSecuredDebt",
                "unit": "usd",
                "value": 5162000
            },
            {
                "label": "Payments on notes payable - equipment and other",
                "concept": "RepaymentsOfNotesPayable",
                "unit": "usd",
                "value": 1004000
            },
            {
                "label": "Payments on finance leases",
                "concept": "RepaymentsOfLongTermCapitalLeaseObligations",
                "unit": "usd",
                "value": 1038000
            },
            {
                "label": "Borrowings on finance leases",
                "concept": "ProceedsFromLongTermCapitalLeaseObligations",
                "unit": "usd",
                "value": 11500000
            },
            {
                "label": "Change in outstanding checks in excess of cash",
                "concept": "IncreaseDecreaseInOutstandingChecksFinancingActivities",
                "unit": "usd",
                "value": -353000
            },
            {
                "label": "Repurchases of Common Stock",
                "concept": "PaymentsForRepurchaseOfCommonStock",
                "unit": "usd",
                "value": 12000
            },
            {
                "label": "Payments for debt issuance costs",
                "concept": "PaymentsOfDebtIssuanceCosts",
                "unit": "usd",
                "value": 277000
            },
            {
                "label": "NET CASH PROVIDED BY FINANCING ACTIVITIES",
                "concept": "NetCashProvidedByUsedInFinancingActivities",
                "unit": "usd",
                "value": 4172000
            },
            {
                "label": "(DECREASE) INCREASE IN CASH AND CASH EQUIVALENTS",
                "concept": "CashAndCashEquivalentsPeriodIncreaseDecrease",
                "unit": "usd",
                "value": -6000
            },
            {
                "label": "Interest paid",
                "concept": "InterestPaid",
                "unit": "usd",
                "value": 1583000
            },
            {
                "label": "Lease liability arising from obtaining right-of-use assets",
                "concept": "RightOfUseAssetObtainedInExchangeForOperatingLeaseLiability",
                "unit": "usd",
                "value": 288000
            },
            {
                "label": "Income taxes paid, net",
                "concept": "IncomeTaxesPaidNet",
                "unit": "usd",
                "value": 76000
            },
            {
                "label": "Equipment purchased under finance leases",
                "concept": "RightOfUseAssetObtainedInExchangeForFinanceLeaseLiability",
                "unit": "usd",
                "value": 52000
            }
        ],
        "ic": [
            {
                "label": "Cost of sales",
                "concept": "CostOfGoodsAndServicesSold",
                "unit": "usd",
                "value": 69687000
            },
            {
                "label": "GROSS PROFIT",
                "concept": "GrossProfit",
                "unit": "usd",
                "value": 18919000
            },
            {
                "label": "Selling and administrative expenses",
                "concept": "SellingGeneralAndAdministrativeExpense",
                "unit": "usd",
                "value": 21660000
            },
            {
                "label": "Other operating (income) expense, net",
                "concept": "OtherOperatingIncomeExpenseNet",
                "unit": "usd",
                "value": -26000
            },
            {
                "label": "Facility consolidation and severance expenses, net",
                "concept": "RestructuringCharges",
                "unit": "usd",
                "value": 2091000
            },
            {
                "label": "Impairment of assets",
                "concept": "AssetImpairmentCharges",
                "unit": "usd",
                "value": 5000
            },
            {
                "label": "OPERATING LOSS",
                "concept": "OperatingIncomeLoss",
                "unit": "usd",
                "value": -4863000
            },
            {
                "label": "Interest expense",
                "concept": "InterestExpense",
                "unit": "usd",
                "value": 1720000
            },
            {
                "label": "Other (income) expense, net",
                "concept": "NonoperatingIncomeExpense",
                "unit": "usd",
                "value": 42000
            },
            {
                "label": "LOSS FROM CONTINUING OPERATIONS BEFORE TAXES",
                "concept": "IncomeLossFromContinuingOperationsBeforeIncomeTaxesMinorityInterestAndIncomeLossFromEquityMethodInvestments",
                "unit": "usd",
                "value": -6541000
            },
            {
                "label": "Income tax provision (benefit)",
                "concept": "IncomeTaxExpenseBenefit",
                "unit": "usd",
                "value": 100000
            },
            {
                "label": "LOSS FROM CONTINUING OPERATIONS",
                "concept": "IncomeLossFromContinuingOperations",
                "unit": "usd",
                "value": -6641000
            },
            {
                "label": "Loss from discontinued operations, net of tax",
                "concept": "IncomeLossFromDiscontinuedOperationsNetOfTax",
                "unit": "usd",
                "value": -31000
            },
            {
                "label": "NET LOSS",
                "concept": "NetIncomeLoss",
                "unit": "usd",
                "value": -6672000
            },
            {
                "label": "Continuing operations",
                "concept": "IncomeLossFromContinuingOperationsPerBasicShare",
                "unit": "usd/shares",
                "value": -0.42
            },
            {
                "label": "Discontinued operations",
                "concept": "IncomeLossFromDiscontinuedOperationsNetOfTaxPerBasicShare",
                "unit": "usd/shares",
                "value": 0.0
            },
            {
                "label": "Net loss",
                "concept": "EarningsPerShareBasic",
                "unit": "usd/shares",
                "value": -0.42
            },
            {
                "label": "BASIC SHARES OUTSTANDING",
                "concept": "WeightedAverageNumberOfSharesOutstandingBasic",
                "unit": "shares",
                "value": 15809000
            },
            {
                "label": "Continuing operations",
                "concept": "IncomeLossFromContinuingOperationsPerDilutedShare",
                "unit": "usd/shares",
                "value": -0.42
            },
            {
                "label": "Discontinued operations",
                "concept": "IncomeLossFromDiscontinuedOperationsNetOfTaxPerDilutedShare",
                "unit": "usd/shares",
                "value": 0.0
            },
            {
                "label": "Net loss",
                "concept": "EarningsPerShareDiluted",
                "unit": "usd/shares",
                "value": -0.42
            },
            {
                "label": "DILUTED SHARES OUTSTANDING",
                "concept": "WeightedAverageNumberOfDilutedSharesOutstanding",
                "unit": "shares",
                "value": 15809000
            },
            {
                "label": "Common Stock",
                "concept": "CommonStockDividendsPerShareDeclared",
                "unit": "usd/shares",
                "value": 0.0
            },
            {
                "label": "Class B Common Stock",
                "concept": "dxyn:ClassBCommonStockDividendsPerShareDeclared",
                "unit": "usd/shares",
                "value": 0.0
            }
        ]
    }
}