{
    "startDate": "2019-01-01",
    "endDate": "2019-03-31",
    "year": "2019",
    "quarter": "Q1",
    "symbol": "WST",
    "data": {
        "bs": [
            {
                "label": "Cash and cash equivalents",
                "concept": "CashAndCashEquivalentsAtCarryingValue",
                "unit": "usd",
                "value": 265500000
            },
            {
                "label": "Accounts receivable, net",
                "concept": "AccountsReceivableNetCurrent",
                "unit": "usd",
                "value": 318200000
            },
            {
                "label": "Inventories",
                "concept": "InventoryNet",
                "unit": "usd",
                "value": 226100000
            },
            {
                "label": "Other current assets",
                "concept": "OtherAssetsCurrent",
                "unit": "usd",
                "value": 57800000
            },
            {
                "label": "Total current assets",
                "concept": "AssetsCurrent",
                "unit": "usd",
                "value": 867600000
            },
            {
                "label": "Property, plant and equipment",
                "concept": "PropertyPlantAndEquipmentGross",
                "unit": "usd",
                "value": 1759900000
            },
            {
                "label": "Less: accumulated depreciation and amortization",
                "concept": "AccumulatedDepreciationDepletionAndAmortizationPropertyPlantAndEquipment",
                "unit": "usd",
                "value": 945200000
            },
            {
                "label": "Property, plant and equipment, net",
                "concept": "PropertyPlantAndEquipmentNet",
                "unit": "usd",
                "value": 814700000
            },
            {
                "label": "Investments in affiliated companies",
                "concept": "InvestmentsInAffiliatesSubsidiariesAssociatesAndJointVentures",
                "unit": "usd",
                "value": 94900000
            },
            {
                "label": "Goodwill",
                "concept": "Goodwill",
                "unit": "usd",
                "value": 105200000
            },
            {
                "label": "Deferred income taxes",
                "concept": "DeferredTaxAssetsNetNoncurrent",
                "unit": "usd",
                "value": 32700000
            },
            {
                "label": "Intangible assets, net",
                "concept": "IntangibleAssetsNetExcludingGoodwill",
                "unit": "usd",
                "value": 19500000
            },
            {
                "label": "Other noncurrent assets",
                "concept": "OtherAssetsNoncurrent",
                "unit": "usd",
                "value": 26400000
            },
            {
                "label": "Total Assets",
                "concept": "Assets",
                "unit": "usd",
                "value": 2036200000
            },
            {
                "label": "Notes payable and other current debt",
                "concept": "DebtCurrent",
                "unit": "usd",
                "value": 0
            },
            {
                "label": "Accounts payable",
                "concept": "AccountsPayableCurrent",
                "unit": "usd",
                "value": 137700000
            },
            {
                "label": "Pension and other postretirement benefits",
                "concept": "PensionAndOtherPostretirementDefinedBenefitPlansCurrentLiabilities",
                "unit": "usd",
                "value": 2200000
            },
            {
                "label": "Accrued salaries, wages and benefits",
                "concept": "EmployeeRelatedLiabilitiesCurrent",
                "unit": "usd",
                "value": 53500000
            },
            {
                "label": "Income taxes payable",
                "concept": "AccruedIncomeTaxesCurrent",
                "unit": "usd",
                "value": 17300000
            },
            {
                "label": "Operating lease liabilities, current",
                "concept": "OperatingLeaseLiabilityCurrent",
                "unit": "usd",
                "value": 10200000
            },
            {
                "label": "Other current liabilities",
                "concept": "OtherLiabilitiesCurrent",
                "unit": "usd",
                "value": 80200000
            },
            {
                "label": "Total current liabilities",
                "concept": "LiabilitiesCurrent",
                "unit": "usd",
                "value": 301100000
            },
            {
                "label": "Deferred income taxes",
                "concept": "DeferredTaxLiabilitiesNoncurrent",
                "unit": "usd",
                "value": 14300000
            },
            {
                "label": "Pension and other postretirement benefits",
                "concept": "PensionAndOtherPostretirementDefinedBenefitPlansLiabilitiesNoncurrent",
                "unit": "usd",
                "value": 54300000
            },
            {
                "label": "Operating lease liabilities, noncurrent",
                "concept": "OperatingLeaseLiabilityNoncurrent",
                "unit": "usd",
                "value": 67400000
            },
            {
                "label": "Other long-term liabilities",
                "concept": "OtherLiabilitiesNoncurrent",
                "unit": "usd",
                "value": 34100000
            },
            {
                "label": "Total Liabilities",
                "concept": "Liabilities",
                "unit": "usd",
                "value": 666700000
            },
            {
                "label": "Commitments and contingencies (Note 15)",
                "concept": "CommitmentsAndContingencies",
                "unit": "usd",
                "value": "N/A"
            },
            {
                "label": "Preferred stock, 3.0 million shares authorized; 0 shares issued and outstanding",
                "concept": "PreferredStockValue",
                "unit": "usd",
                "value": 0
            },
            {
                "label": "Common stock, par value $0.25 per share; 100.0 million shares authorized; shares issued: 75.3 million and 75.3 million; shares outstanding: 73.5 million and 74.1 million",
                "concept": "CommonStockValue",
                "unit": "usd",
                "value": 18800000
            },
            {
                "label": "Capital in excess of par value",
                "concept": "AdditionalPaidInCapital",
                "unit": "usd",
                "value": 278500000
            },
            {
                "label": "Retained earnings",
                "concept": "RetainedEarningsAccumulatedDeficit",
                "unit": "usd",
                "value": 1398200000
            },
            {
                "label": "Accumulated other comprehensive loss",
                "concept": "AccumulatedOtherComprehensiveIncomeLossNetOfTax",
                "unit": "usd",
                "value": -153400000
            },
            {
                "label": "Treasury stock, at cost (1.8 million and 1.2 million shares)",
                "concept": "TreasuryStockValue",
                "unit": "usd",
                "value": 172600000
            },
            {
                "label": "Total Equity",
                "concept": "StockholdersEquityIncludingPortionAttributableToNoncontrollingInterest",
                "unit": "usd",
                "value": 1369500000
            },
            {
                "label": "Total Liabilities and Equity",
                "concept": "LiabilitiesAndStockholdersEquity",
                "unit": "usd",
                "value": 2036200000
            }
        ],
        "cf": [
            {
                "label": "Net income",
                "concept": "ProfitLoss",
                "unit": "usd",
                "value": 55400000
            },
            {
                "label": "Depreciation",
                "concept": "Depreciation",
                "unit": "usd",
                "value": 24900000
            },
            {
                "label": "Amortization",
                "concept": "AdjustmentForAmortization",
                "unit": "usd",
                "value": 600000
            },
            {
                "label": "Stock-based compensation",
                "concept": "ShareBasedCompensation",
                "unit": "usd",
                "value": 6200000
            },
            {
                "label": "Non-cash restructuring charges",
                "concept": "RestructuringReserveSettledWithoutCash2",
                "unit": "usd",
                "value": 300000
            },
            {
                "label": "Contingent consideration payments in excess of acquisition-date liability",
                "concept": "PaymentForContingentConsiderationLiabilityOperatingActivities",
                "unit": "usd",
                "value": 200000
            },
            {
                "label": "Other non-cash items, net",
                "concept": "IncreaseDecreaseInOtherOperatingCapitalNet",
                "unit": "usd",
                "value": 800000
            },
            {
                "label": "Changes in assets and liabilities",
                "concept": "OtherNoncashIncomeExpense",
                "unit": "usd",
                "value": 38800000
            },
            {
                "label": "Net cash provided by operating activities",
                "concept": "NetCashProvidedByUsedInOperatingActivities",
                "unit": "usd",
                "value": 47600000
            },
            {
                "label": "Capital expenditures",
                "concept": "PaymentsToAcquirePropertyPlantAndEquipment",
                "unit": "usd",
                "value": 28800000
            },
            {
                "label": "Other, net",
                "concept": "PaymentsForProceedsFromOtherInvestingActivities",
                "unit": "usd",
                "value": -100000
            },
            {
                "label": "Net cash used in investing activities",
                "concept": "NetCashProvidedByUsedInInvestingActivities",
                "unit": "usd",
                "value": -28700000
            },
            {
                "label": "Borrowings under revolving credit agreements",
                "concept": "ProceedsFromLongTermLinesOfCredit",
                "unit": "usd",
                "value": 28000000
            },
            {
                "label": "Repayments under revolving credit agreements",
                "concept": "RepaymentsOfLongTermLinesOfCredit",
                "unit": "usd",
                "value": 28000000
            },
            {
                "label": "Debt issuance costs",
                "concept": "PaymentsOfDebtIssuanceCosts",
                "unit": "usd",
                "value": 800000
            },
            {
                "label": "Dividend payments",
                "concept": "PaymentsOfDividendsCommonStock",
                "unit": "usd",
                "value": 11100000
            },
            {
                "label": "Proceeds from stock-based compensation awards",
                "concept": "ProceedsFromStockOptionsExercised",
                "unit": "usd",
                "value": 3300000
            },
            {
                "label": "Employee stock purchase plan contributions",
                "concept": "ProceedsFromIssuanceOfSharesUnderIncentiveAndShareBasedCompensationPlans",
                "unit": "usd",
                "value": 1200000
            },
            {
                "label": "Shares purchased under share repurchase programs",
                "concept": "PaymentsForRepurchaseOfCommonStock",
                "unit": "usd",
                "value": 83100000
            },
            {
                "label": "Net cash used in financing activities",
                "concept": "NetCashProvidedByUsedInFinancingActivities",
                "unit": "usd",
                "value": -90500000
            },
            {
                "label": "Effect of exchange rates on cash",
                "concept": "EffectOfExchangeRateOnCashAndCashEquivalents",
                "unit": "usd",
                "value": -300000
            },
            {
                "label": "Net decrease in cash and cash equivalents",
                "concept": "CashAndCashEquivalentsPeriodIncreaseDecrease",
                "unit": "usd",
                "value": -71900000
            }
        ],
        "ic": [
            {
                "label": "Cost of goods and services sold",
                "concept": "CostOfGoodsAndServicesSold",
                "unit": "usd",
                "value": 296700000
            },
            {
                "label": "Gross profit",
                "concept": "GrossProfit",
                "unit": "usd",
                "value": 146800000
            },
            {
                "label": "Research and development",
                "concept": "ResearchAndDevelopmentExpense",
                "unit": "usd",
                "value": 9800000
            },
            {
                "label": "Selling, general and administrative expenses",
                "concept": "SellingGeneralAndAdministrativeExpense",
                "unit": "usd",
                "value": 68600000
            },
            {
                "label": "Other (income) expense (Note 15)",
                "concept": "wst:OtherIncomeExpense",
                "unit": "usd",
                "value": 2300000
            },
            {
                "label": "Operating profit",
                "concept": "OperatingIncomeLoss",
                "unit": "usd",
                "value": 70700000
            },
            {
                "label": "Income tax expense",
                "concept": "IncomeTaxExpenseBenefit",
                "unit": "usd",
                "value": 16100000
            },
            {
                "label": "Equity in net income of affiliated companies",
                "concept": "IncomeLossFromEquityMethodInvestments",
                "unit": "usd",
                "value": 1600000
            },
            {
                "label": "Basic (in dollars per share)",
                "concept": "EarningsPerShareBasic",
                "unit": "usd/shares",
                "value": 0.75
            },
            {
                "label": "Diluted (in dollars per share)",
                "concept": "EarningsPerShareDiluted",
                "unit": "usd/shares",
                "value": 0.73
            },
            {
                "label": "Basic (in shares)",
                "concept": "WeightedAverageNumberOfSharesOutstandingBasic",
                "unit": "shares",
                "value": 74100000
            },
            {
                "label": "Diluted (in shares)",
                "concept": "WeightedAverageNumberOfDilutedSharesOutstanding",
                "unit": "shares",
                "value": 75300000
            }
        ]
    }
}