{
    "startDate": "2019-01-01",
    "endDate": "2019-03-31",
    "year": "2019",
    "quarter": "Q1",
    "symbol": "ALX",
    "data": {
        "bs": [
            {
                "label": "Land",
                "concept": "Land",
                "unit": "usd",
                "value": 44971000
            },
            {
                "label": "Buildings and leasehold improvements",
                "concept": "BuildingsAndImprovementsGross",
                "unit": "usd",
                "value": 980103000
            },
            {
                "label": "Development and construction in progress",
                "concept": "DevelopmentInProcess",
                "unit": "usd",
                "value": 6292000
            },
            {
                "label": "Total",
                "concept": "RealEstateInvestmentPropertyAtCost",
                "unit": "usd",
                "value": 1031366000
            },
            {
                "label": "Accumulated depreciation and amortization",
                "concept": "RealEstateInvestmentPropertyAccumulatedDepreciation",
                "unit": "usd",
                "value": 304207000
            },
            {
                "label": "Real estate, net",
                "concept": "RealEstateInvestmentPropertyNet",
                "unit": "usd",
                "value": 727159000
            },
            {
                "label": "Cash and cash equivalents",
                "concept": "CashAndCashEquivalentsAtCarryingValue",
                "unit": "usd",
                "value": 302944000
            },
            {
                "label": "Restricted cash",
                "concept": "RestrictedCashAndCashEquivalents",
                "unit": "usd",
                "value": 9790000
            },
            {
                "label": "Marketable securities",
                "concept": "MarketableSecurities",
                "unit": "usd",
                "value": 23204000
            },
            {
                "label": "Tenant and other receivables",
                "concept": "AccountsReceivableNet",
                "unit": "usd",
                "value": 5198000
            },
            {
                "label": "Receivable arising from the straight-lining of rents",
                "concept": "DeferredRentReceivablesNet",
                "unit": "usd",
                "value": 168144000
            },
            {
                "label": "Deferred leasing costs, net, including unamortized leasing fees to Vornado of $30,897 and $31,039, respectively",
                "concept": "DeferredCostsLeasingNet",
                "unit": "usd",
                "value": 40290000
            },
            {
                "label": "Other assets",
                "concept": "OtherAssets",
                "unit": "usd",
                "value": 18983000
            },
            {
                "label": "Total assets",
                "concept": "Assets",
                "unit": "usd",
                "value": 1295712000
            },
            {
                "label": "Amounts due to Vornado",
                "concept": "DueToRelatedPartiesCurrentAndNoncurrent",
                "unit": "usd",
                "value": 1442000
            },
            {
                "label": "Accounts payable and accrued expenses",
                "concept": "AccountsPayableAndAccruedLiabilitiesCurrentAndNoncurrent",
                "unit": "usd",
                "value": 38905000
            },
            {
                "label": "Other liabilities",
                "concept": "OtherLiabilities",
                "unit": "usd",
                "value": 8311000
            },
            {
                "label": "Total liabilities",
                "concept": "Liabilities",
                "unit": "usd",
                "value": 1015770000
            },
            {
                "label": "Commitments and contingencies",
                "concept": "CommitmentsAndContingencies",
                "unit": "usd",
                "value": "N/A"
            },
            {
                "label": "Preferred stock: $1.00 par value per share; authorized, 3,000,000 shares; issued and outstanding, none",
                "concept": "PreferredStockValue",
                "unit": "usd",
                "value": "N/A"
            },
            {
                "label": "Common stock: $1.00 par value per share; authorized, 10,000,000 shares; issued, 5,173,450 shares; outstanding, 5,107,290 shares",
                "concept": "CommonStockValue",
                "unit": "usd",
                "value": 5173000
            },
            {
                "label": "Additional capital",
                "concept": "AdditionalPaidInCapital",
                "unit": "usd",
                "value": 31971000
            },
            {
                "label": "Retained earnings",
                "concept": "RetainedEarningsAccumulatedDeficit",
                "unit": "usd",
                "value": 243280000
            },
            {
                "label": "Accumulated other comprehensive loss",
                "concept": "AccumulatedOtherComprehensiveIncomeLossNetOfTax",
                "unit": "usd",
                "value": 114000
            },
            {
                "label": "Equity before treasury stock",
                "concept": "StockholdersEquityBeforeTreasuryStock",
                "unit": "usd",
                "value": 280310000
            },
            {
                "label": "Treasury stock: 66,160 shares, at cost",
                "concept": "TreasuryStockValue",
                "unit": "usd",
                "value": 368000
            },
            {
                "label": "Total equity",
                "concept": "StockholdersEquity",
                "unit": "usd",
                "value": 279942000
            },
            {
                "label": "Total liabilities and equity",
                "concept": "LiabilitiesAndStockholdersEquity",
                "unit": "usd",
                "value": 1295712000
            }
        ],
        "cf": [
            {
                "label": "Depreciation and amortization, including amortization of debt issuance costs",
                "concept": "DepreciationDepletionAndAmortization",
                "unit": "usd",
                "value": 9118000
            },
            {
                "label": "Straight-lining of rental income",
                "concept": "StraightLineRent",
                "unit": "usd",
                "value": 645000
            },
            {
                "label": "Change in fair value of marketable securities",
                "concept": "MarketableSecuritiesUnrealizedGainLoss",
                "unit": "usd",
                "value": 38000
            },
            {
                "label": "Liability related to discontinued operations (see Note 7)",
                "concept": "alx:IncreaseDecreaseinLiabilitiesRelatedtoDiscontinuedOperations",
                "unit": "usd",
                "value": "N/A"
            },
            {
                "label": "Tenant and other receivables, net",
                "concept": "IncreaseDecreaseInAccountsReceivable",
                "unit": "usd",
                "value": 1123000
            },
            {
                "label": "Other assets",
                "concept": "IncreaseDecreaseInOtherOperatingAssets",
                "unit": "usd",
                "value": 13340000
            },
            {
                "label": "Amounts due to Vornado",
                "concept": "IncreaseDecreaseInDueToRelatedParties",
                "unit": "usd",
                "value": 710000
            },
            {
                "label": "Accounts payable and accrued expenses",
                "concept": "IncreaseDecreaseInAccountsPayableAndAccruedLiabilities",
                "unit": "usd",
                "value": 7717000
            },
            {
                "label": "Other liabilities",
                "concept": "IncreaseDecreaseInOtherOperatingLiabilities",
                "unit": "usd",
                "value": 151000
            },
            {
                "label": "Net cash provided by operating activities",
                "concept": "NetCashProvidedByUsedInOperatingActivitiesContinuingOperations",
                "unit": "usd",
                "value": 48083000
            },
            {
                "label": "Construction in progress and real estate additions",
                "concept": "alx:PaymentsForCapitalImprovementsAndConstructionInProcess",
                "unit": "usd",
                "value": 1816000
            },
            {
                "label": "Repayment of Rego Park II loan participation",
                "concept": "ProceedsFromPrincipalRepaymentsOnLoansAndLeasesHeldForInvestment",
                "unit": "usd",
                "value": "N/A"
            },
            {
                "label": "Net cash (used in) provided by investing activities",
                "concept": "NetCashProvidedByUsedInInvestingActivitiesContinuingOperations",
                "unit": "usd",
                "value": 1816000
            },
            {
                "label": "Debt repayments",
                "concept": "RepaymentsOfLongTermDebt",
                "unit": "usd",
                "value": "N/A"
            },
            {
                "label": "Dividends paid",
                "concept": "PaymentsOfDividendsCommonStock",
                "unit": "usd",
                "value": 23028000
            },
            {
                "label": "Net cash used in financing activities",
                "concept": "NetCashProvidedByUsedInFinancingActivitiesContinuingOperations",
                "unit": "usd",
                "value": 23028000
            },
            {
                "label": "Net increase in cash and cash equivalents and restricted cash",
                "concept": "CashCashEquivalentsRestrictedCashAndRestrictedCashEquivalentsPeriodIncreaseDecreaseExcludingExchangeRateEffect",
                "unit": "usd",
                "value": 23239000
            },
            {
                "label": "Cash payments for interest",
                "concept": "InterestPaidNet",
                "unit": "usd",
                "value": 8965000
            },
            {
                "label": "Lease liability arising from the recognition of right-of-use asset",
                "concept": "RightOfUseAssetObtainedInExchangeForOperatingLeaseLiability",
                "unit": "usd",
                "value": 5428000
            },
            {
                "label": "Reclassification of prepaid real estate taxes to construction in progress for property in redevelopment",
                "concept": "alx:ReclassificationofPrepaidRealEstateTaxestoConstructioninProgress",
                "unit": "usd",
                "value": 1466000
            },
            {
                "label": "Liability for real estate additions, including $24 and $27 for development fees due to Vornado in 2019 and 2018, respectively",
                "concept": "alx:NonCashAdditionsToRealEstate",
                "unit": "usd",
                "value": 829000
            },
            {
                "label": "Write-off of fully amortized and/or depreciated assets",
                "concept": "alx:WriteOffOfFullyAmortizedAndDepreciatedAssets",
                "unit": "usd",
                "value": "N/A"
            }
        ],
        "ic": [
            {
                "label": "Rental revenues",
                "concept": "Revenues",
                "unit": "usd",
                "value": 56778000
            },
            {
                "label": "Operating, including fees to Vornado of $1,249 and $1,166, respectively",
                "concept": "OperatingCostsAndExpenses",
                "unit": "usd",
                "value": 21849000
            },
            {
                "label": "Depreciation and amortization",
                "concept": "DepreciationAndAmortization",
                "unit": "usd",
                "value": 7828000
            },
            {
                "label": "General and administrative, including management fees to Vornado of $595 in each period",
                "concept": "GeneralAndAdministrativeExpense",
                "unit": "usd",
                "value": 1245000
            },
            {
                "label": "Total expenses",
                "concept": "OperatingExpenses",
                "unit": "usd",
                "value": 30922000
            },
            {
                "label": "Interest and other income, net",
                "concept": "InterestAndOtherIncome",
                "unit": "usd",
                "value": 2130000
            },
            {
                "label": "Interest and debt expense",
                "concept": "InterestAndDebtExpense",
                "unit": "usd",
                "value": 10159000
            },
            {
                "label": "Change in fair value of marketable securities",
                "concept": "MarketableSecuritiesUnrealizedGainLoss",
                "unit": "usd",
                "value": 38000
            },
            {
                "label": "Income from continuing operations",
                "concept": "IncomeLossFromContinuingOperations",
                "unit": "usd",
                "value": 17865000
            },
            {
                "label": "Loss from discontinued operations (see Note 7)",
                "concept": "IncomeLossFromDiscontinuedOperationsNetOfTaxAttributableToReportingEntity",
                "unit": "usd",
                "value": "N/A"
            },
            {
                "label": "Net income (loss)",
                "concept": "NetIncomeLoss",
                "unit": "usd",
                "value": 17865000
            },
            {
                "label": "Income from continuing operations - basic and diluted (in usd per share)",
                "concept": "IncomeLossFromContinuingOperationsPerBasicAndDilutedShare",
                "unit": "usd/shares",
                "value": 3.49
            },
            {
                "label": "Loss from discontinuing operations (see Note 7) - basic and diluted (in usd per share)",
                "concept": "IncomeLossFromDiscontinuedOperationsNetOfTaxPerBasicAndDilutedShare",
                "unit": "usd/shares",
                "value": "N/A"
            },
            {
                "label": "Net income (loss) per common share - basic and diluted (in usd per share)",
                "concept": "EarningsPerShareBasicAndDiluted",
                "unit": "usd/shares",
                "value": 3.49
            },
            {
                "label": "Weighted average shares outstanding - basic and diluted (in shares)",
                "concept": "WeightedAverageNumberOfShareOutstandingBasicAndDiluted",
                "unit": "shares",
                "value": 5117347
            }
        ]
    }
}