{
    "startDate": "2019-01-01",
    "endDate": "2019-03-31",
    "year": "2019",
    "quarter": "Q1",
    "symbol": "PTVC",
    "data": {
        "bs": [
            {
                "label": "Limited partnerships",
                "concept": "EquityMethodInvestments",
                "unit": "usd",
                "value": 38239000
            }
        ],
        "cf": [
            {
                "label": "Net income",
                "concept": "NetIncomeLoss",
                "unit": "usd",
                "value": 2748000
            },
            {
                "label": "Adjustments to reconcile net income to net cash provided by operating activities",
                "concept": "AdjustmentsToReconcileNetIncomeLossToCashProvidedByUsedInOperatingActivities",
                "unit": "usd",
                "value": 8657000
            },
            {
                "label": "Net cash provided by operating activities",
                "concept": "NetCashProvidedByUsedInOperatingActivities",
                "unit": "usd",
                "value": 11405000
            },
            {
                "label": "Purchases of fixed income and equity securities",
                "concept": "PaymentsToAcquireMarketableSecurities",
                "unit": "usd",
                "value": 140645000
            },
            {
                "label": "Purchases of limited partnership interests",
                "concept": "PaymentsToAcquireLimitedPartnershipInterests",
                "unit": "usd",
                "value": 0
            },
            {
                "label": "Distributions from limited partnerships",
                "concept": "ProceedsFromLimitedPartnershipInvestments",
                "unit": "usd",
                "value": 17214000
            },
            {
                "label": "Proceeds from maturities",
                "concept": "ProceedsFromSaleAndMaturityOfMarketableSecurities",
                "unit": "usd",
                "value": 16776000
            },
            {
                "label": "Proceeds from sales of fixed income securities",
                "concept": "ProceedsFromSaleOfAvailableForSaleSecuritiesDebt",
                "unit": "usd",
                "value": 52199000
            },
            {
                "label": "Proceeds from sales of equity securities",
                "concept": "ProceedsFromSaleOfAvailableForSaleSecuritiesEquity",
                "unit": "usd",
                "value": 9169000
            },
            {
                "label": "Purchase of insurance company-owned life insurance",
                "concept": "PaymentsToAcquireLifeInsurancePolicies",
                "unit": "usd",
                "value": 0
            },
            {
                "label": "Purchase of commercial mortgage loans",
                "concept": "PaymentsToAcquireMortgageBackedSecuritiesMBSCategorizedAsAvailableForSale",
                "unit": "usd",
                "value": 1172000
            },
            {
                "label": "Purchases of property and equipment",
                "concept": "PaymentsToAcquirePropertyPlantAndEquipment",
                "unit": "usd",
                "value": 797000
            },
            {
                "label": "Proceeds from disposals of property and equipment",
                "concept": "ProceedsFromSaleOfPropertyPlantAndEquipment",
                "unit": "usd",
                "value": 0
            },
            {
                "label": "Net cash provided by (used in) investing activities",
                "concept": "NetCashProvidedByUsedInInvestingActivities",
                "unit": "usd",
                "value": -47256000
            },
            {
                "label": "Dividends paid to shareholders",
                "concept": "PaymentsOfDividendsCommonStock",
                "unit": "usd",
                "value": 1493000
            },
            {
                "label": "Repurchase of common shares",
                "concept": "PaymentsForRepurchaseOfCommonStock",
                "unit": "usd",
                "value": 468000
            },
            {
                "label": "Net cash used in financing activities",
                "concept": "NetCashProvidedByUsedInFinancingActivities",
                "unit": "usd",
                "value": -1961000
            },
            {
                "label": "Effect of foreign exchange rates on cash and cash equivalents",
                "concept": "EffectOfExchangeRateOnCashAndCashEquivalents",
                "unit": "usd",
                "value": 307000
            },
            {
                "label": "Increase (decrease) in cash, cash equivalents and restricted cash and cash equivalents",
                "concept": "CashCashEquivalentsRestrictedCashAndRestrictedCashEquivalentsPeriodIncreaseDecreaseIncludingExchangeRateEffect",
                "unit": "usd",
                "value": -37505000
            }
        ],
        "ic": [
            {
                "label": "Net income",
                "concept": "NetIncomeLoss",
                "unit": "usd",
                "value": 2748000
            },
            {
                "label": "Unrealized net gains (losses) on fixed income securities",
                "concept": "OtherComprehensiveIncomeAvailableforsaleSecuritiesAdjustmentNetOfTaxPortionAttributableToParent",
                "unit": "usd",
                "value": 8456000
            },
            {
                "label": "Foreign currency translation adjustments",
                "concept": "OtherComprehensiveIncomeForeignCurrencyTransactionAndTranslationAdjustmentNetOfTaxPortionAttributableToParent",
                "unit": "usd",
                "value": 307000
            },
            {
                "label": "Other comprehensive income (loss)",
                "concept": "OtherComprehensiveIncomeLossNetOfTaxPortionAttributableToParent",
                "unit": "usd",
                "value": 8763000
            },
            {
                "label": "Comprehensive income (loss)",
                "concept": "ComprehensiveIncomeNetOfTaxIncludingPortionAttributableToNoncontrollingInterest",
                "unit": "usd",
                "value": 11511000
            }
        ]
    }
}