{
    "startDate": "2019-01-01",
    "endDate": "2019-03-31",
    "year": "2019",
    "quarter": "Q3",
    "symbol": "CLX",
    "data": {
        "bs": [
            {
                "label": "Cash and cash equivalents",
                "concept": "CashAndCashEquivalentsAtCarryingValue",
                "unit": "usd",
                "value": 178000000
            },
            {
                "label": "Receivables, net",
                "concept": "ReceivablesNetCurrent",
                "unit": "usd",
                "value": 587000000
            },
            {
                "label": "Inventories, net",
                "concept": "InventoryNet",
                "unit": "usd",
                "value": 556000000
            },
            {
                "label": "Prepaid expenses and other current assets",
                "concept": "PrepaidExpenseAndOtherAssetsCurrent",
                "unit": "usd",
                "value": 72000000
            },
            {
                "label": "Total current assets",
                "concept": "AssetsCurrent",
                "unit": "usd",
                "value": 1393000000
            },
            {
                "label": "Property, plant and equipment, net of accumulated depreciation and amortization of $2,125 and $2,061, respectively",
                "concept": "PropertyPlantAndEquipmentNet",
                "unit": "usd",
                "value": 1000000000
            },
            {
                "label": "Trademarks, net",
                "concept": "clx:TrademarksNet",
                "unit": "usd",
                "value": 791000000
            },
            {
                "label": "Other intangible assets, net",
                "concept": "OtherIntangibleAssetsNet",
                "unit": "usd",
                "value": 124000000
            },
            {
                "label": "Other assets",
                "concept": "OtherAssetsNoncurrent",
                "unit": "usd",
                "value": 265000000
            },
            {
                "label": "Total assets",
                "concept": "Assets",
                "unit": "usd",
                "value": 5162000000
            },
            {
                "label": "Notes and loans payable",
                "concept": "CommercialPaper",
                "unit": "usd",
                "value": 321000000
            },
            {
                "label": "Accounts payable and accrued liabilities",
                "concept": "AccountsPayableAndAccruedLiabilitiesCurrent",
                "unit": "usd",
                "value": 940000000
            },
            {
                "label": "Total current liabilities",
                "concept": "LiabilitiesCurrent",
                "unit": "usd",
                "value": 1261000000
            },
            {
                "label": "Long-term debt",
                "concept": "LongTermDebtNoncurrent",
                "unit": "usd",
                "value": 2286000000
            },
            {
                "label": "Other liabilities",
                "concept": "LiabilitiesOtherThanLongtermDebtNoncurrent",
                "unit": "usd",
                "value": 774000000
            },
            {
                "label": "Deferred income taxes",
                "concept": "DeferredIncomeTaxLiabilitiesNet",
                "unit": "usd",
                "value": 60000000
            },
            {
                "label": "Total liabilities",
                "concept": "Liabilities",
                "unit": "usd",
                "value": 4381000000
            },
            {
                "label": "Commitments and contingencies",
                "concept": "CommitmentsAndContingencies",
                "unit": "usd",
                "value": "N/A"
            },
            {
                "label": "Preferred stock: $1.00 par value; 5,000,000 shares authorized; none issued or outstanding",
                "concept": "PreferredStockValue",
                "unit": "usd",
                "value": "N/A"
            },
            {
                "label": "Common stock: $1.00 par value; 750,000,000 shares authorized; 158,741,461 shares issued as of March 31, 2019 and June 30, 2018; and 127,888,226 and 127,982,767 shares outstanding as of March 31, 2019 and June 30, 2018, respectively",
                "concept": "CommonStockValue",
                "unit": "usd",
                "value": 159000000
            },
            {
                "label": "Additional paid-in capital",
                "concept": "AdditionalPaidInCapitalCommonStock",
                "unit": "usd",
                "value": 1033000000
            },
            {
                "label": "Retained earnings",
                "concept": "RetainedEarningsAccumulatedDeficit",
                "unit": "usd",
                "value": 3004000000
            },
            {
                "label": "Treasury shares, at cost: 30,853,235 and 30,758,694 shares as of March 31, 2019 and June 30, 2018, respectively",
                "concept": "TreasuryStockValue",
                "unit": "usd",
                "value": 2851000000
            },
            {
                "label": "Accumulated other comprehensive net (loss) income",
                "concept": "AccumulatedOtherComprehensiveIncomeLossNetOfTax",
                "unit": "usd",
                "value": 564000000
            },
            {
                "label": "Stockholders\u2019 equity",
                "concept": "StockholdersEquity",
                "unit": "usd",
                "value": 781000000
            },
            {
                "label": "Total liabilities and stockholders\u2019 equity",
                "concept": "LiabilitiesAndStockholdersEquity",
                "unit": "usd",
                "value": 5162000000
            }
        ],
        "cf": [],
        "ic": [
            {
                "label": "Cost of products sold",
                "concept": "CostOfGoodsAndServicesSold",
                "unit": "usd",
                "value": 878000000
            },
            {
                "label": "Gross profit",
                "concept": "GrossProfit",
                "unit": "usd",
                "value": 673000000
            },
            {
                "label": "Selling and administrative expenses",
                "concept": "SellingGeneralAndAdministrativeExpense",
                "unit": "usd",
                "value": 216000000
            },
            {
                "label": "Advertising costs",
                "concept": "AdvertisingExpense",
                "unit": "usd",
                "value": 161000000
            },
            {
                "label": "Research and development costs",
                "concept": "ResearchAndDevelopmentExpense",
                "unit": "usd",
                "value": 34000000
            },
            {
                "label": "Interest expense",
                "concept": "InterestExpense",
                "unit": "usd",
                "value": 24000000
            },
            {
                "label": "Other (income) expense, net",
                "concept": "clx:OtherExpenseIncomeNet",
                "unit": "usd",
                "value": 2000000
            },
            {
                "label": "Earnings from continuing operations before income taxes",
                "concept": "IncomeLossFromContinuingOperationsBeforeIncomeTaxesExtraordinaryItemsNoncontrollingInterest",
                "unit": "usd",
                "value": 240000000
            },
            {
                "label": "Income taxes on continuing operations",
                "concept": "IncomeTaxExpenseBenefit",
                "unit": "usd",
                "value": 53000000
            },
            {
                "label": "Earnings from continuing operations",
                "concept": "IncomeLossFromContinuingOperations",
                "unit": "usd",
                "value": 187000000
            },
            {
                "label": "Earnings (losses) from discontinued operations, net of tax",
                "concept": "IncomeLossFromDiscontinuedOperationsNetOfTaxAttributableToReportingEntity",
                "unit": "usd",
                "value": "N/A"
            },
            {
                "label": "Continuing operations, basic (in dollars per share)",
                "concept": "IncomeLossFromContinuingOperationsPerBasicShare",
                "unit": "usd/shares",
                "value": 1.46
            },
            {
                "label": "Discontinued operations, basic (in dollars per share)",
                "concept": "IncomeLossFromDiscontinuedOperationsNetOfTaxPerBasicShare",
                "unit": "usd/shares",
                "value": "N/A"
            },
            {
                "label": "Basic net earnings per share (in dollars per share)",
                "concept": "EarningsPerShareBasic",
                "unit": "usd/shares",
                "value": 1.46
            },
            {
                "label": "Continuing operations, diluted (in dollars per share)",
                "concept": "IncomeLossFromContinuingOperationsPerDilutedShare",
                "unit": "usd/shares",
                "value": 1.44
            },
            {
                "label": "Discontinued operations, diluted (in dollars per share)",
                "concept": "IncomeLossFromDiscontinuedOperationsNetOfTaxPerDilutedShare",
                "unit": "usd/shares",
                "value": "N/A"
            },
            {
                "label": "Diluted net earnings per share (in dollars per share)",
                "concept": "EarningsPerShareDiluted",
                "unit": "usd/shares",
                "value": 1.44
            },
            {
                "label": "Basic (in shares)",
                "concept": "WeightedAverageNumberOfSharesOutstandingBasic",
                "unit": "shares",
                "value": 128404000
            },
            {
                "label": "Diluted (in shares)",
                "concept": "WeightedAverageNumberOfDilutedSharesOutstanding",
                "unit": "shares",
                "value": 130266000
            },
            {
                "label": "Comprehensive income",
                "concept": "ComprehensiveIncomeNetOfTax",
                "unit": "usd",
                "value": 200000000
            }
        ]
    }
}