{
    "startDate": "2019-01-01",
    "endDate": "2019-03-31",
    "year": "2019",
    "quarter": "Q1",
    "symbol": "WASH",
    "data": {
        "bs": [
            {
                "label": "Cash and due from banks",
                "concept": "CashAndDueFromBanks",
                "unit": "usd",
                "value": 88242000
            },
            {
                "label": "Short-term investments",
                "concept": "OtherShortTermInvestments",
                "unit": "usd",
                "value": 3317000
            },
            {
                "label": "Mortgage loans held for sale",
                "concept": "TradeAndLoansReceivablesHeldForSaleNetNotPartOfDisposalGroup",
                "unit": "usd",
                "value": 14608000
            },
            {
                "label": "Available for sale debt securities, at fair value",
                "concept": "AvailableForSaleSecurities",
                "unit": "usd",
                "value": 994881000
            },
            {
                "label": "Total securities",
                "concept": "MarketableSecurities",
                "unit": "usd",
                "value": 994881000
            },
            {
                "label": "Federal Home Loan Bank stock, at cost",
                "concept": "FederalHomeLoanBankStock",
                "unit": "usd",
                "value": 48025000
            },
            {
                "label": "Less allowance for loan losses",
                "concept": "LoansAndLeasesReceivableAllowance",
                "unit": "usd",
                "value": 27644000
            },
            {
                "label": "Net loans",
                "concept": "LoansAndLeasesReceivableNetReportedAmount",
                "unit": "usd",
                "value": 3710825000
            },
            {
                "label": "Premises and equipment, net",
                "concept": "PropertyPlantAndEquipmentNet",
                "unit": "usd",
                "value": 29822000
            },
            {
                "label": "Investment in bank-owned life insurance",
                "concept": "BankOwnedLifeInsurance",
                "unit": "usd",
                "value": 80786000
            },
            {
                "label": "Goodwill",
                "concept": "Goodwill",
                "unit": "usd",
                "value": 63909000
            },
            {
                "label": "Identifiable intangible assets, net",
                "concept": "IntangibleAssetsNetExcludingGoodwill",
                "unit": "usd",
                "value": 7923000
            },
            {
                "label": "Other assets",
                "concept": "OtherAssets",
                "unit": "usd",
                "value": 84142000
            },
            {
                "label": "Total assets",
                "concept": "Assets",
                "unit": "usd",
                "value": 5154729000
            },
            {
                "label": "Noninterest-bearing deposits",
                "concept": "NoninterestBearingDomesticDepositDemand",
                "unit": "usd",
                "value": 577319000
            },
            {
                "label": "Interest-bearing deposits",
                "concept": "InterestBearingDepositLiabilities",
                "unit": "usd",
                "value": 2926941000
            },
            {
                "label": "Total deposits",
                "concept": "Deposits",
                "unit": "usd",
                "value": 3504260000
            },
            {
                "label": "Junior subordinated debentures",
                "concept": "JuniorSubordinatedDebentureOwedToUnconsolidatedSubsidiaryTrust",
                "unit": "usd",
                "value": 22681000
            },
            {
                "label": "Other liabilities",
                "concept": "OtherLiabilities",
                "unit": "usd",
                "value": 71629000
            },
            {
                "label": "Total liabilities",
                "concept": "Liabilities",
                "unit": "usd",
                "value": 4684886000
            },
            {
                "label": "Commitments and contingencies (Note 18)",
                "concept": "CommitmentsAndContingencies",
                "unit": "usd",
                "value": "N/A"
            },
            {
                "label": "Common stock",
                "concept": "CommonStockValue",
                "unit": "usd",
                "value": 1082000
            },
            {
                "label": "Paid-in capital",
                "concept": "AdditionalPaidInCapitalCommonStock",
                "unit": "usd",
                "value": 120743000
            },
            {
                "label": "Retained earnings",
                "concept": "RetainedEarningsAccumulatedDeficit",
                "unit": "usd",
                "value": 365521000
            },
            {
                "label": "Total shareholders' equity",
                "concept": "StockholdersEquity",
                "unit": "usd",
                "value": 469843000
            },
            {
                "label": "Total liabilities and shareholders\u2019 equity",
                "concept": "LiabilitiesAndStockholdersEquity",
                "unit": "usd",
                "value": 5154729000
            }
        ],
        "cf": [
            {
                "label": "Provision for loan losses",
                "concept": "ProvisionForLoanAndLeaseLosses",
                "unit": "usd",
                "value": 650000
            },
            {
                "label": "Depreciation of premises and equipment",
                "concept": "DepreciationNonproduction",
                "unit": "usd",
                "value": 838000
            },
            {
                "label": "Net amortization of premium and discount",
                "concept": "AmortizationOfDebtDiscountPremium",
                "unit": "usd",
                "value": 822000
            },
            {
                "label": "Amortization of intangibles",
                "concept": "AmortizationOfIntangibleAssets",
                "unit": "usd",
                "value": 239000
            },
            {
                "label": "Share-based compensation",
                "concept": "ShareBasedCompensation",
                "unit": "usd",
                "value": 740000
            },
            {
                "label": "Tax benefit from stock option exercises and other equity awards",
                "concept": "wash:TaxBenefitFromStockOptionExercisesAndIssuanceOfOtherCompensationRelatedEquityInstruments",
                "unit": "usd",
                "value": 7000
            },
            {
                "label": "Income from bank-owned life insurance",
                "concept": "BankOwnedLifeInsuranceIncome",
                "unit": "usd",
                "value": 649000
            },
            {
                "label": "Net gains on loan sales and commissions on loans originated for others, including fair value adjustments",
                "concept": "GainLossOnSalesOfLoansNet",
                "unit": "usd",
                "value": 2474000
            },
            {
                "label": "Proceeds from sales of loans",
                "concept": "ProceedsFromSaleOfLoansHeldForSale",
                "unit": "usd",
                "value": 51673000
            },
            {
                "label": "Loans originated for sale",
                "concept": "PaymentsForOriginationOfMortgageLoansHeldForSale",
                "unit": "usd",
                "value": 46864000
            },
            {
                "label": "(Increase) decrease in operating lease right-of-use assets",
                "concept": "wash:Increasedecreaseinoperatingleaserightofuseassets",
                "unit": "usd",
                "value": 673000
            },
            {
                "label": "Increase (decrease) in operating lease liabilities",
                "concept": "wash:IncreaseDecreaseinoperatingleaseliabilities",
                "unit": "usd",
                "value": 666000
            },
            {
                "label": "(Increase) decrease in other assets",
                "concept": "IncreaseDecreaseInOtherOperatingAssets",
                "unit": "usd",
                "value": 11022000
            },
            {
                "label": "Increase (decrease) in other liabilities",
                "concept": "IncreaseDecreaseInOtherOperatingLiabilities",
                "unit": "usd",
                "value": 9532000
            },
            {
                "label": "Net cash provided by (used in) operating activities",
                "concept": "NetCashProvidedByUsedInOperatingActivities",
                "unit": "usd",
                "value": 20994000
            },
            {
                "label": "Purchases of mortgage-backed securities available for sale",
                "concept": "PaymentsToAcquireMortgageBackedSecuritiesMBSCategorizedAsAvailableForSale",
                "unit": "usd",
                "value": 62109000
            },
            {
                "label": "Purchases of other investment securities available for sale",
                "concept": "PaymentsToAcquireAvailableForSaleSecurities",
                "unit": "usd",
                "value": 10507000
            },
            {
                "label": "Maturities and principal payments of mortgage-backed securities available for sale",
                "concept": "ProceedsFromMaturitiesPrepaymentsAndCallsOfAvailableForSaleSecurities",
                "unit": "usd",
                "value": 19718000
            },
            {
                "label": "Maturities and principal payments of other investment securities available for sale",
                "concept": "ProceedsFromMaturitiesPrepaymentsAndCallsOfOtherInvestments",
                "unit": "usd",
                "value": 10000000
            },
            {
                "label": "Maturities and principal payments of mortgage-backed securities held to maturity",
                "concept": "ProceedsFromMaturitiesPrepaymentsAndCallsOfMortgageBackedSecuritiesMBS",
                "unit": "usd",
                "value": 0
            },
            {
                "label": "Remittance (purchases) of Federal Home Loan Bank stock",
                "concept": "PaymentsForProceedsFromFederalHomeLoanBankStock",
                "unit": "usd",
                "value": 1957000
            },
            {
                "label": "Net (increase) decrease in loans",
                "concept": "PaymentsForProceedsFromLoansAndLeases",
                "unit": "usd",
                "value": 54147000
            },
            {
                "label": "Purchases of loans",
                "concept": "PaymentsToAcquireLoansHeldForInvestment",
                "unit": "usd",
                "value": 161000
            },
            {
                "label": "Purchases of premises and equipment",
                "concept": "PaymentsToAcquirePropertyPlantAndEquipment",
                "unit": "usd",
                "value": 1655000
            },
            {
                "label": "Proceeds from surrender of bank-owned life insurance",
                "concept": "ProceedsFromLifeInsurancePolicies",
                "unit": "usd",
                "value": 326000
            },
            {
                "label": "Net cash provided by (used in) investing activities",
                "concept": "NetCashProvidedByUsedInInvestingActivities",
                "unit": "usd",
                "value": -100492000
            },
            {
                "label": "Net increase (decrease) in deposits",
                "concept": "IncreaseDecreaseInDeposits",
                "unit": "usd",
                "value": -19788000
            },
            {
                "label": "Proceeds from Federal Home Loan Bank advances",
                "concept": "ProceedsFromFederalHomeLoanBankBorrowings",
                "unit": "usd",
                "value": 532000000
            },
            {
                "label": "Repayment of Federal Home Loan Bank advances",
                "concept": "RepaymentsOfFederalHomeLoanBankBorrowings",
                "unit": "usd",
                "value": 426593000
            },
            {
                "label": "Payment of contingent consideration liability",
                "concept": "PaymentForContingentConsiderationLiabilityFinancingActivities",
                "unit": "usd",
                "value": 0
            },
            {
                "label": "Net proceeds from stock option exercises and issuance of other equity awards",
                "concept": "ProceedsFromIssuanceOrSaleOfEquity",
                "unit": "usd",
                "value": 116000
            },
            {
                "label": "Cash dividends paid",
                "concept": "PaymentsOfDividends",
                "unit": "usd",
                "value": 8153000
            },
            {
                "label": "Net cash provided by (used in) financing activities",
                "concept": "NetCashProvidedByUsedInFinancingActivities",
                "unit": "usd",
                "value": 77582000
            },
            {
                "label": "Net increase (decrease) in cash and cash equivalents",
                "concept": "CashAndCashEquivalentsPeriodIncreaseDecrease",
                "unit": "usd",
                "value": -1916000
            },
            {
                "label": "Loans charged off",
                "concept": "FinancingReceivableAllowanceForCreditLossesWriteOffs",
                "unit": "usd",
                "value": 103000
            },
            {
                "label": "Loans transferred to property acquired through foreclosure or repossession",
                "concept": "wash:TransferOfLoansNetToForeclosedPropertiesAndRepossessions",
                "unit": "usd",
                "value": 0
            },
            {
                "label": "Operating lease right-of-use assets",
                "concept": "wash:Operatingleaserightofuseassets",
                "unit": "usd",
                "value": 28923000
            },
            {
                "label": "Operating lease liabilities",
                "concept": "wash:Operatingleaseliabilities",
                "unit": "usd",
                "value": 30853000
            },
            {
                "label": "Fair value of debt securities transferred from held-to-maturity to available for sale",
                "concept": "wash:Fairvalueofheldtomaturitysecuritiestransferredtoavailableforsale",
                "unit": "usd",
                "value": 10316000
            },
            {
                "label": "Interest payments",
                "concept": "InterestPaid",
                "unit": "usd",
                "value": 14082000
            },
            {
                "label": "Income tax payments",
                "concept": "IncomeTaxesPaid",
                "unit": "usd",
                "value": 1136000
            }
        ],
        "ic": [
            {
                "label": "Interest and fees on loans",
                "concept": "InterestAndFeeIncomeLoansAndLeases",
                "unit": "usd",
                "value": 41744000
            },
            {
                "label": "Interest and Fee Income, Loans Held-for-sale, Mortgages",
                "concept": "InterestAndFeeIncomeLoansHeldForSaleMortgages",
                "unit": "usd",
                "value": 180000
            },
            {
                "label": "Taxable interest on securities",
                "concept": "InterestIncomeSecuritiesTaxable",
                "unit": "usd",
                "value": 7226000
            },
            {
                "label": "Nontaxable interest on securities",
                "concept": "InterestIncomeSecuritiesTaxExempt",
                "unit": "usd",
                "value": 9000
            },
            {
                "label": "Dividends on Federal Home Loan Bank stock",
                "concept": "wash:DividendsOnCorporateStockAndFederalHomeLoanBankStock",
                "unit": "usd",
                "value": 695000
            },
            {
                "label": "Other interest income",
                "concept": "OtherInterestAndDividendIncome",
                "unit": "usd",
                "value": 340000
            },
            {
                "label": "Total interest and dividend income",
                "concept": "InterestAndDividendIncomeOperating",
                "unit": "usd",
                "value": 50194000
            },
            {
                "label": "Deposits",
                "concept": "InterestExpenseDeposits",
                "unit": "usd",
                "value": 8696000
            },
            {
                "label": "Federal Home Loan Bank advances",
                "concept": "wash:InterestExpenseFederalHomeLoanBankAdvances",
                "unit": "usd",
                "value": 6661000
            },
            {
                "label": "Junior subordinated debentures",
                "concept": "InterestExpenseJuniorSubordinatedDebentures",
                "unit": "usd",
                "value": 253000
            },
            {
                "label": "Total interest expense",
                "concept": "InterestExpense",
                "unit": "usd",
                "value": 15610000
            },
            {
                "label": "Net interest income",
                "concept": "InterestIncomeExpenseNet",
                "unit": "usd",
                "value": 34584000
            },
            {
                "label": "Provision for loan losses",
                "concept": "ProvisionForLoanAndLeaseLosses",
                "unit": "usd",
                "value": 650000
            },
            {
                "label": "Net interest income after provision for loan losses",
                "concept": "InterestIncomeExpenseAfterProvisionForLoanLoss",
                "unit": "usd",
                "value": 33934000
            },
            {
                "label": "Wealth management revenues",
                "concept": "InvestmentBankingAdvisoryBrokerageAndUnderwritingFeesAndCommissions",
                "unit": "usd",
                "value": 9252000
            },
            {
                "label": "Mortgage banking revenues",
                "concept": "FeesAndCommissionsMortgageBankingAndServicing",
                "unit": "usd",
                "value": 2646000
            },
            {
                "label": "Card interchange fees",
                "concept": "wash:CardInterchangeFees",
                "unit": "usd",
                "value": 997000
            },
            {
                "label": "Service charges on deposit accounts",
                "concept": "wash:Servicechargesondeposits",
                "unit": "usd",
                "value": 875000
            },
            {
                "label": "Loan related derivative income",
                "concept": "GainLossOnDerivativeInstrumentsNetPretax",
                "unit": "usd",
                "value": 724000
            },
            {
                "label": "Income from bank-owned life insurance",
                "concept": "BankOwnedLifeInsuranceIncome",
                "unit": "usd",
                "value": 649000
            },
            {
                "label": "Other income",
                "concept": "NoninterestIncomeOther",
                "unit": "usd",
                "value": 224000
            },
            {
                "label": "Total noninterest income",
                "concept": "NoninterestIncome",
                "unit": "usd",
                "value": 15367000
            },
            {
                "label": "Salaries and employee benefits",
                "concept": "LaborAndRelatedExpense",
                "unit": "usd",
                "value": 17619000
            },
            {
                "label": "Outsourced services",
                "concept": "wash:OutsourcedServices",
                "unit": "usd",
                "value": 2606000
            },
            {
                "label": "Net occupancy",
                "concept": "OccupancyNet",
                "unit": "usd",
                "value": 1998000
            },
            {
                "label": "Equipment",
                "concept": "EquipmentExpense",
                "unit": "usd",
                "value": 1011000
            },
            {
                "label": "Legal, audit and professional fees",
                "concept": "ProfessionalFees",
                "unit": "usd",
                "value": 534000
            },
            {
                "label": "FDIC deposit insurance costs",
                "concept": "FederalDepositInsuranceCorporationPremiumExpense",
                "unit": "usd",
                "value": 429000
            },
            {
                "label": "Advertising and promotion",
                "concept": "MarketingAndAdvertisingExpense",
                "unit": "usd",
                "value": 239000
            },
            {
                "label": "Amortization of intangibles",
                "concept": "AmortizationOfIntangibleAssets",
                "unit": "usd",
                "value": 239000
            },
            {
                "label": "Other expenses",
                "concept": "OtherNoninterestExpense",
                "unit": "usd",
                "value": 2289000
            },
            {
                "label": "Total noninterest expense",
                "concept": "NoninterestExpense",
                "unit": "usd",
                "value": 26964000
            },
            {
                "label": "Income before income taxes",
                "concept": "IncomeLossFromContinuingOperationsBeforeIncomeTaxesMinorityInterestAndIncomeLossFromEquityMethodInvestments",
                "unit": "usd",
                "value": 22337000
            },
            {
                "label": "Income tax expense",
                "concept": "IncomeTaxExpenseBenefit",
                "unit": "usd",
                "value": 4842000
            },
            {
                "label": "Net income",
                "concept": "NetIncomeLoss",
                "unit": "usd",
                "value": 17495000
            },
            {
                "label": "Net income applicable to common shareholders",
                "concept": "NetIncomeLossAvailableToCommonStockholdersDiluted",
                "unit": "usd",
                "value": 17461000
            },
            {
                "label": "Weighted average common shares outstanding - basic",
                "concept": "WeightedAverageNumberOfSharesOutstandingBasic",
                "unit": "shares",
                "value": 17304000
            },
            {
                "label": "Weighted average common shares outstanding - diluted",
                "concept": "WeightedAverageNumberOfDilutedSharesOutstanding",
                "unit": "shares",
                "value": 17401000
            },
            {
                "label": "Basic earnings per common share",
                "concept": "EarningsPerShareBasic",
                "unit": "usd/shares",
                "value": 1.01
            },
            {
                "label": "Diluted earnings per common share",
                "concept": "EarningsPerShareDiluted",
                "unit": "usd/shares",
                "value": 1.0
            },
            {
                "label": "Cash dividends declared per share",
                "concept": "CommonStockDividendsPerShareDeclared",
                "unit": "usd/shares",
                "value": 0.47
            }
        ]
    }
}