{
    "startDate": "2019-01-01",
    "endDate": "2019-03-30",
    "year": "2019",
    "quarter": "Q1",
    "symbol": "SPXC",
    "data": {
        "bs": [
            {
                "label": "",
                "concept": "OtherAssetsNoncurrent",
                "unit": "usd",
                "value": 685400000
            },
            {
                "label": "",
                "concept": "AccruedLiabilitiesCurrent",
                "unit": "usd",
                "value": 176500000
            },
            {
                "label": "",
                "concept": "OtherLiabilitiesNoncurrent",
                "unit": "usd",
                "value": 828200000
            },
            {
                "label": "",
                "concept": "RetainedEarningsAccumulatedDeficit",
                "unit": "usd",
                "value": -650900000
            }
        ],
        "cf": [
            {
                "label": "",
                "concept": "ProfitLoss",
                "unit": "usd",
                "value": -800000
            },
            {
                "label": "",
                "concept": "IncomeLossFromDiscontinuedOperationsNetOfTax",
                "unit": "usd",
                "value": -1400000
            },
            {
                "label": "",
                "concept": "IncomeLossFromContinuingOperationsIncludingPortionAttributableToNoncontrollingInterest",
                "unit": "usd",
                "value": 600000
            },
            {
                "label": "",
                "concept": "spxc:SpecialCharges",
                "unit": "usd",
                "value": 100000
            },
            {
                "label": "",
                "concept": "EquitySecuritiesFvNiGainLoss",
                "unit": "usd",
                "value": 6300000
            },
            {
                "label": "",
                "concept": "DeferredIncomeTaxesAndTaxCredits",
                "unit": "usd",
                "value": 2500000
            },
            {
                "label": "",
                "concept": "DepreciationDepletionAndAmortization",
                "unit": "usd",
                "value": 8100000
            },
            {
                "label": "",
                "concept": "PensionAndOtherPostretirementBenefitExpense",
                "unit": "usd",
                "value": 2800000
            },
            {
                "label": "",
                "concept": "ShareBasedCompensation",
                "unit": "usd",
                "value": 3500000
            },
            {
                "label": "",
                "concept": "OtherNoncashIncomeExpense",
                "unit": "usd",
                "value": -300000
            },
            {
                "label": "",
                "concept": "IncreaseDecreaseInAccountsReceivableAndOtherOperatingAssets",
                "unit": "usd",
                "value": -47500000
            },
            {
                "label": "",
                "concept": "IncreaseDecreaseInInventories",
                "unit": "usd",
                "value": 14400000
            },
            {
                "label": "",
                "concept": "IncreaseDecreaseInAccountsPayableAndAccruedLiabilities",
                "unit": "usd",
                "value": -32200000
            },
            {
                "label": "",
                "concept": "PaymentsForRestructuring",
                "unit": "usd",
                "value": 1000000
            },
            {
                "label": "",
                "concept": "NetCashProvidedByUsedInOperatingActivitiesContinuingOperations",
                "unit": "usd",
                "value": 11500000
            },
            {
                "label": "",
                "concept": "CashProvidedByUsedInOperatingActivitiesDiscontinuedOperations",
                "unit": "usd",
                "value": -900000
            },
            {
                "label": "",
                "concept": "NetCashProvidedByUsedInOperatingActivities",
                "unit": "usd",
                "value": 10600000
            },
            {
                "label": "",
                "concept": "ProceedsFromLifeInsurancePolicies",
                "unit": "usd",
                "value": 500000
            },
            {
                "label": "",
                "concept": "PaymentsToAcquireBusinessesNetOfCashAcquired",
                "unit": "usd",
                "value": 77000000
            },
            {
                "label": "",
                "concept": "spxc:ProceedsFromSaleOfAssets",
                "unit": "usd",
                "value": 5500000
            },
            {
                "label": "",
                "concept": "PaymentsToAcquireProductiveAssets",
                "unit": "usd",
                "value": 3700000
            },
            {
                "label": "",
                "concept": "NetCashProvidedByUsedInInvestingActivitiesContinuingOperations",
                "unit": "usd",
                "value": -74700000
            },
            {
                "label": "",
                "concept": "CashProvidedByUsedInInvestingActivitiesDiscontinuedOperations",
                "unit": "usd",
                "value": 0
            },
            {
                "label": "",
                "concept": "NetCashProvidedByUsedInInvestingActivities",
                "unit": "usd",
                "value": -74700000
            },
            {
                "label": "",
                "concept": "spxc:BorrowingsUnderSeniorCreditFacilities",
                "unit": "usd",
                "value": 89300000
            },
            {
                "label": "",
                "concept": "spxc:RepaymentsUnderSeniorCreditFacilities",
                "unit": "usd",
                "value": 64500000
            },
            {
                "label": "",
                "concept": "spxc:BorrowingUnderTradeReceivablesAgreement",
                "unit": "usd",
                "value": 40000000
            },
            {
                "label": "",
                "concept": "spxc:RepaymentsUnderTradeReceivablesAgreement",
                "unit": "usd",
                "value": 29000000
            },
            {
                "label": "",
                "concept": "ProceedsFromPaymentsForOtherFinancingActivities",
                "unit": "usd",
                "value": 2800000
            },
            {
                "label": "",
                "concept": "PaymentsRelatedToTaxWithholdingForShareBasedCompensation",
                "unit": "usd",
                "value": 5900000
            },
            {
                "label": "",
                "concept": "NetCashProvidedByUsedInFinancingActivitiesContinuingOperations",
                "unit": "usd",
                "value": 32700000
            },
            {
                "label": "",
                "concept": "CashProvidedByUsedInFinancingActivitiesDiscontinuedOperations",
                "unit": "usd",
                "value": 0
            },
            {
                "label": "",
                "concept": "NetCashProvidedByUsedInFinancingActivities",
                "unit": "usd",
                "value": 32700000
            },
            {
                "label": "",
                "concept": "EffectOfExchangeRateOnCashAndCashEquivalents",
                "unit": "usd",
                "value": 1600000
            },
            {
                "label": "",
                "concept": "CashCashEquivalentsRestrictedCashAndRestrictedCashEquivalentsPeriodIncreaseDecreaseIncludingExchangeRateEffect",
                "unit": "usd",
                "value": -29800000
            }
        ],
        "ic": [
            {
                "label": "",
                "concept": "RevenueFromContractWithCustomerExcludingAssessedTax",
                "unit": "usd",
                "value": 343600000
            },
            {
                "label": "",
                "concept": "CostOfGoodsAndServicesSold",
                "unit": "usd",
                "value": 260400000
            },
            {
                "label": "",
                "concept": "SellingGeneralAndAdministrativeExpense",
                "unit": "usd",
                "value": 76700000
            },
            {
                "label": "",
                "concept": "AmortizationOfIntangibleAssets",
                "unit": "usd",
                "value": 1600000
            },
            {
                "label": "",
                "concept": "spxc:SpecialCharges",
                "unit": "usd",
                "value": 100000
            },
            {
                "label": "",
                "concept": "OtherExpenses",
                "unit": "usd",
                "value": 1800000
            },
            {
                "label": "",
                "concept": "OperatingIncomeLoss",
                "unit": "usd",
                "value": 3000000
            },
            {
                "label": "",
                "concept": "OtherNonoperatingIncomeExpense",
                "unit": "usd",
                "value": 7200000
            },
            {
                "label": "",
                "concept": "InterestExpense",
                "unit": "usd",
                "value": 5300000
            },
            {
                "label": "",
                "concept": "InvestmentIncomeInterest",
                "unit": "usd",
                "value": 300000
            },
            {
                "label": "",
                "concept": "IncomeLossFromContinuingOperationsBeforeIncomeTaxesExtraordinaryItemsNoncontrollingInterest",
                "unit": "usd",
                "value": 5200000
            },
            {
                "label": "",
                "concept": "IncomeTaxExpenseBenefit",
                "unit": "usd",
                "value": 4600000
            },
            {
                "label": "",
                "concept": "IncomeLossFromContinuingOperationsIncludingPortionAttributableToNoncontrollingInterest",
                "unit": "usd",
                "value": 600000
            },
            {
                "label": "",
                "concept": "DiscontinuedOperationIncomeLossFromDiscontinuedOperationDuringPhaseOutPeriodNetOfTax",
                "unit": "usd",
                "value": 0
            },
            {
                "label": "",
                "concept": "DiscontinuedOperationGainLossOnDisposalOfDiscontinuedOperationNetOfTax",
                "unit": "usd",
                "value": -1400000
            },
            {
                "label": "",
                "concept": "IncomeLossFromDiscontinuedOperationsNetOfTax",
                "unit": "usd",
                "value": -1400000
            },
            {
                "label": "",
                "concept": "ProfitLoss",
                "unit": "usd",
                "value": -800000
            },
            {
                "label": "",
                "concept": "IncomeLossFromContinuingOperationsPerBasicShare",
                "unit": "usd/shares",
                "value": 0.01
            },
            {
                "label": "",
                "concept": "IncomeLossFromDiscontinuedOperationsNetOfTaxPerBasicShare",
                "unit": "usd/shares",
                "value": -0.03
            },
            {
                "label": "",
                "concept": "EarningsPerShareBasic",
                "unit": "usd/shares",
                "value": -0.02
            },
            {
                "label": "",
                "concept": "WeightedAverageNumberOfSharesOutstandingBasic",
                "unit": "shares",
                "value": 43618000
            },
            {
                "label": "",
                "concept": "IncomeLossFromContinuingOperationsPerDilutedShare",
                "unit": "usd/shares",
                "value": 0.01
            },
            {
                "label": "",
                "concept": "IncomeLossFromDiscontinuedOperationsNetOfTaxPerDilutedShare",
                "unit": "usd/shares",
                "value": -0.03
            },
            {
                "label": "",
                "concept": "EarningsPerShareDiluted",
                "unit": "usd/shares",
                "value": -0.02
            },
            {
                "label": "",
                "concept": "WeightedAverageNumberOfDilutedSharesOutstanding",
                "unit": "shares",
                "value": 44880000
            },
            {
                "label": "",
                "concept": "ComprehensiveIncomeNetOfTax",
                "unit": "usd",
                "value": 900000
            }
        ]
    }
}