{
    "startDate": "2018-12-29",
    "endDate": "2019-03-29",
    "year": "2019",
    "quarter": "Q1",
    "symbol": "GGG",
    "data": {
        "bs": [
            {
                "label": "Accounts receivable, less allowances of $5,400 and $5,300",
                "concept": "ReceivablesNetCurrent",
                "unit": "usd",
                "value": 289047000
            },
            {
                "label": "Inventories",
                "concept": "InventoryNet",
                "unit": "usd",
                "value": 297458000
            },
            {
                "label": "Other current assets",
                "concept": "OtherAssetsCurrent",
                "unit": "usd",
                "value": 27293000
            },
            {
                "label": "Total current assets",
                "concept": "AssetsCurrent",
                "unit": "usd",
                "value": 733509000
            },
            {
                "label": "Property, Plant and Equipment, net",
                "concept": "PropertyPlantAndEquipmentNet",
                "unit": "usd",
                "value": 256776000
            },
            {
                "label": "Goodwill",
                "concept": "Goodwill",
                "unit": "usd",
                "value": 295136000
            },
            {
                "label": "Other Intangible Assets, net",
                "concept": "IntangibleAssetsNetExcludingGoodwill",
                "unit": "usd",
                "value": 166613000
            },
            {
                "label": "Operating Lease, Right-of-Use Asset",
                "concept": "OperatingLeaseRightOfUseAsset",
                "unit": "usd",
                "value": 33726000
            },
            {
                "label": "Deferred Income Taxes",
                "concept": "DeferredTaxAssetsNetNoncurrent",
                "unit": "usd",
                "value": 33368000
            },
            {
                "label": "Other Assets",
                "concept": "OtherAssetsNoncurrent",
                "unit": "usd",
                "value": 29919000
            },
            {
                "label": "Total Assets",
                "concept": "Assets",
                "unit": "usd",
                "value": 1549047000
            },
            {
                "label": "Notes payable to banks",
                "concept": "ShortTermBankLoansAndNotesPayable",
                "unit": "usd",
                "value": 7557000
            },
            {
                "label": "Current portion of long term debt",
                "concept": "LongTermDebtCurrent",
                "unit": "usd",
                "value": 75000000
            },
            {
                "label": "Trade accounts payable",
                "concept": "AccountsPayableCurrent",
                "unit": "usd",
                "value": 67275000
            },
            {
                "label": "Salaries and incentives",
                "concept": "EmployeeRelatedLiabilitiesCurrent",
                "unit": "usd",
                "value": 39937000
            },
            {
                "label": "Dividends payable",
                "concept": "DividendsPayableCurrent",
                "unit": "usd",
                "value": 26486000
            },
            {
                "label": "Other current liabilities",
                "concept": "OtherLiabilitiesCurrent",
                "unit": "usd",
                "value": 137789000
            },
            {
                "label": "Total current liabilities",
                "concept": "LiabilitiesCurrent",
                "unit": "usd",
                "value": 354044000
            },
            {
                "label": "Long-term Debt",
                "concept": "LongTermDebtNoncurrent",
                "unit": "usd",
                "value": 173738000
            },
            {
                "label": "Retirement Benefits and Deferred Compensation",
                "concept": "PensionAndOtherPostretirementDefinedBenefitPlansLiabilitiesNoncurrent",
                "unit": "usd",
                "value": 134631000
            },
            {
                "label": "Operating Lease, Liability, Noncurrent",
                "concept": "OperatingLeaseLiabilityNoncurrent",
                "unit": "usd",
                "value": 26225000
            },
            {
                "label": "Deferred Income Taxes",
                "concept": "DeferredTaxLiabilitiesNoncurrent",
                "unit": "usd",
                "value": 15971000
            },
            {
                "label": "Other Non-current Liabilities",
                "concept": "OtherLiabilitiesNoncurrent",
                "unit": "usd",
                "value": 0
            },
            {
                "label": "Common stock",
                "concept": "CommonStockValue",
                "unit": "usd",
                "value": 166364000
            },
            {
                "label": "Additional paid-in-capital",
                "concept": "AdditionalPaidInCapitalCommonStock",
                "unit": "usd",
                "value": 539067000
            },
            {
                "label": "Retained earnings",
                "concept": "RetainedEarningsAccumulatedDeficit",
                "unit": "usd",
                "value": 281038000
            },
            {
                "label": "Accumulated other comprehensive income (loss)",
                "concept": "AccumulatedOtherComprehensiveIncomeLossNetOfTax",
                "unit": "usd",
                "value": -142031000
            },
            {
                "label": "Total shareholders\u2019 equity",
                "concept": "StockholdersEquityIncludingPortionAttributableToNoncontrollingInterest",
                "unit": "usd",
                "value": 844438000
            },
            {
                "label": "Total Liabilities and Shareholders\u2019 Equity",
                "concept": "LiabilitiesAndStockholdersEquity",
                "unit": "usd",
                "value": 1549047000
            }
        ],
        "cf": [
            {
                "label": "Net Earnings",
                "concept": "NetIncomeLoss",
                "unit": "usd",
                "value": 86749000
            },
            {
                "label": "Depreciation and amortization",
                "concept": "DepreciationDepletionAndAmortization",
                "unit": "usd",
                "value": 12013000
            },
            {
                "label": "Deferred income taxes",
                "concept": "DeferredIncomeTaxesAndTaxCredits",
                "unit": "usd",
                "value": -2215000
            },
            {
                "label": "Share-based compensation",
                "concept": "ShareBasedCompensation",
                "unit": "usd",
                "value": 7221000
            },
            {
                "label": "Accounts receivable",
                "concept": "IncreaseDecreaseInReceivables",
                "unit": "usd",
                "value": 13874000
            },
            {
                "label": "Inventories",
                "concept": "IncreaseDecreaseInInventories",
                "unit": "usd",
                "value": 13547000
            },
            {
                "label": "Trade accounts payable",
                "concept": "IncreaseDecreaseInAccountsPayableTrade",
                "unit": "usd",
                "value": 8043000
            },
            {
                "label": "Salaries and incentives",
                "concept": "IncreaseDecreaseInAccruedSalaries",
                "unit": "usd",
                "value": -23692000
            },
            {
                "label": "Retirement benefits and deferred compensation",
                "concept": "IncreaseDecreaseInPensionAndPostretirementObligations",
                "unit": "usd",
                "value": 3547000
            },
            {
                "label": "Other accrued liabilities",
                "concept": "IncreaseDecreaseInOtherAccruedLiabilities",
                "unit": "usd",
                "value": -11437000
            },
            {
                "label": "Other",
                "concept": "IncreaseDecreaseInOtherOperatingCapitalNet",
                "unit": "usd",
                "value": 2262000
            },
            {
                "label": "Net cash provided by operating activities",
                "concept": "NetCashProvidedByUsedInOperatingActivities",
                "unit": "usd",
                "value": 50546000
            },
            {
                "label": "Property, plant and equipment additions",
                "concept": "PaymentsToAcquirePropertyPlantAndEquipment",
                "unit": "usd",
                "value": 30433000
            },
            {
                "label": "Acquisition of businesses, net of cash acquired",
                "concept": "PaymentsToAcquireBusinessesNetOfCashAcquired",
                "unit": "usd",
                "value": 5353000
            },
            {
                "label": "Other",
                "concept": "PaymentsForProceedsFromOtherInvestingActivities",
                "unit": "usd",
                "value": 367000
            },
            {
                "label": "Net cash provided by (used in) investing activities",
                "concept": "NetCashProvidedByUsedInInvestingActivities",
                "unit": "usd",
                "value": -36153000
            },
            {
                "label": "Borrowings (payments) on short-term lines of credit, net",
                "concept": "ProceedsFromRepaymentsOfLinesOfCredit",
                "unit": "usd",
                "value": -3596000
            },
            {
                "label": "Borrowings on long-term lines of credit",
                "concept": "ProceedsFromIssuanceOfLongTermDebt",
                "unit": "usd",
                "value": 16057000
            },
            {
                "label": "Payments on long-term debt and lines of credit",
                "concept": "RepaymentsOfLongTermDebt",
                "unit": "usd",
                "value": 34540000
            },
            {
                "label": "Common stock issued",
                "concept": "ProceedsFromIssuanceOfCommonStock",
                "unit": "usd",
                "value": 24847000
            },
            {
                "label": "Common stock repurchased",
                "concept": "PaymentsForRepurchaseOfCommonStock",
                "unit": "usd",
                "value": 2438000
            },
            {
                "label": "Payments Related to Tax Withholding for Share-based Compensation",
                "concept": "PaymentsRelatedToTaxWithholdingForShareBasedCompensation",
                "unit": "usd",
                "value": 1268000
            },
            {
                "label": "Cash dividends paid",
                "concept": "PaymentsOfDividends",
                "unit": "usd",
                "value": 26438000
            },
            {
                "label": "Net cash provided by (used in) financing activities",
                "concept": "NetCashProvidedByUsedInFinancingActivities",
                "unit": "usd",
                "value": -27376000
            },
            {
                "label": "Effect of exchange rate changes on cash",
                "concept": "EffectOfExchangeRateOnCashAndCashEquivalents",
                "unit": "usd",
                "value": 576000
            },
            {
                "label": "Net increase (decrease) in cash and cash equivalents",
                "concept": "CashCashEquivalentsRestrictedCashAndRestrictedCashEquivalentsPeriodIncreaseDecreaseIncludingExchangeRateEffect",
                "unit": "usd",
                "value": -12407000
            }
        ],
        "ic": [
            {
                "label": "Cost of Goods and Services Sold",
                "concept": "CostOfGoodsAndServicesSold",
                "unit": "usd",
                "value": 188828000
            },
            {
                "label": "Gross Profit",
                "concept": "GrossProfit",
                "unit": "usd",
                "value": 216042000
            },
            {
                "label": "Product development",
                "concept": "ResearchAndDevelopmentExpense",
                "unit": "usd",
                "value": 16569000
            },
            {
                "label": "Selling, marketing and distribution",
                "concept": "SellingAndMarketingExpense",
                "unit": "usd",
                "value": 60817000
            },
            {
                "label": "General and administrative",
                "concept": "GeneralAndAdministrativeExpense",
                "unit": "usd",
                "value": 34129000
            },
            {
                "label": "Operating Earnings",
                "concept": "OperatingIncomeLoss",
                "unit": "usd",
                "value": 104527000
            },
            {
                "label": "Interest expense",
                "concept": "InterestExpense",
                "unit": "usd",
                "value": 3535000
            },
            {
                "label": "Other expense, net",
                "concept": "OtherNonoperatingIncomeExpense",
                "unit": "usd",
                "value": -269000
            },
            {
                "label": "Earnings Before Income Taxes",
                "concept": "IncomeLossFromContinuingOperationsBeforeIncomeTaxesMinorityInterestAndIncomeLossFromEquityMethodInvestments",
                "unit": "usd",
                "value": 100723000
            },
            {
                "label": "Income taxes",
                "concept": "IncomeTaxExpenseBenefit",
                "unit": "usd",
                "value": 13974000
            },
            {
                "label": "Net Earnings",
                "concept": "NetIncomeLoss",
                "unit": "usd",
                "value": 86749000
            },
            {
                "label": "Basic earnings per share",
                "concept": "EarningsPerShareBasic",
                "unit": "usd/shares",
                "value": 0.52
            },
            {
                "label": "Diluted earnings per share",
                "concept": "EarningsPerShareDiluted",
                "unit": "usd/shares",
                "value": 0.51
            }
        ]
    }
}