{
    "startDate": "2019-01-28",
    "endDate": "2019-04-28",
    "year": "2019",
    "quarter": "Q2",
    "symbol": "AMAT",
    "data": {
        "bs": [
            {
                "label": "Cash and cash equivalents",
                "concept": "CashAndCashEquivalentsAtCarryingValue",
                "unit": "usd",
                "value": 3116000000
            },
            {
                "label": "Short-term investments",
                "concept": "ShortTermInvestments",
                "unit": "usd",
                "value": 507000000
            },
            {
                "label": "Total current assets",
                "concept": "AssetsCurrent",
                "unit": "usd",
                "value": 10062000000
            },
            {
                "label": "Long-term investments",
                "concept": "LongTermInvestments",
                "unit": "usd",
                "value": 1609000000
            },
            {
                "label": "Property, plant and equipment, net",
                "concept": "PropertyPlantAndEquipmentNet",
                "unit": "usd",
                "value": 1494000000
            },
            {
                "label": "Purchased technology and other intangible assets, net",
                "concept": "IntangibleAssetsNetExcludingGoodwill",
                "unit": "usd",
                "value": 185000000
            },
            {
                "label": "Total assets",
                "concept": "Assets",
                "unit": "usd",
                "value": 18775000000
            },
            {
                "label": "Accounts payable and accrued expenses",
                "concept": "AccountsPayableAndAccruedLiabilitiesCurrent",
                "unit": "usd",
                "value": 2212000000
            },
            {
                "label": "Contract liabilities",
                "concept": "ContractWithCustomerLiabilityCurrent",
                "unit": "usd",
                "value": 1393000000
            },
            {
                "label": "Total current liabilities",
                "concept": "LiabilitiesCurrent",
                "unit": "usd",
                "value": 3605000000
            },
            {
                "label": "Income taxes payable",
                "concept": "AccruedIncomeTaxesNoncurrent",
                "unit": "usd",
                "value": 1326000000
            },
            {
                "label": "Long-term debt",
                "concept": "LongTermDebtNoncurrent",
                "unit": "usd",
                "value": 5311000000
            },
            {
                "label": "Other liabilities",
                "concept": "LiabilitiesOtherThanLongtermDebtNoncurrent",
                "unit": "usd",
                "value": 332000000
            },
            {
                "label": "Total liabilities",
                "concept": "Liabilities",
                "unit": "usd",
                "value": 10574000000
            },
            {
                "label": "Common stock",
                "concept": "CommonStockValueOutstanding",
                "unit": "usd",
                "value": 9000000
            },
            {
                "label": "Additional paid-in capital",
                "concept": "AdditionalPaidInCapitalCommonStock",
                "unit": "usd",
                "value": 7396000000
            },
            {
                "label": "Treasury stock",
                "concept": "TreasuryStockValue",
                "unit": "usd",
                "value": 22568000000
            },
            {
                "label": "Accumulated other comprehensive loss",
                "concept": "AccumulatedOtherComprehensiveIncomeLossNetOfTax",
                "unit": "usd",
                "value": -138000000
            },
            {
                "label": "Total stockholders\u2019 equity",
                "concept": "StockholdersEquity",
                "unit": "usd",
                "value": 8201000000
            },
            {
                "label": "Total liabilities and stockholders\u2019 equity",
                "concept": "LiabilitiesAndStockholdersEquity",
                "unit": "usd",
                "value": 18775000000
            }
        ],
        "cf": [],
        "ic": [
            {
                "label": "Net Sales",
                "concept": "Revenues",
                "unit": "usd",
                "value": 3539000000
            },
            {
                "label": "Operating Income (Loss)",
                "concept": "OperatingIncomeLoss",
                "unit": "usd",
                "value": 776000000
            }
        ]
    }
}