{
    "startDate": "2018-04-01",
    "endDate": "2019-03-31",
    "year": "2019",
    "quarter": "FY",
    "symbol": "WRLD",
    "data": {
        "bs": [
            {
                "label": "Cash and cash equivalents",
                "concept": "CashAndCashEquivalentsAtCarryingValue",
                "unit": "usd",
                "value": 9335433
            },
            {
                "label": "Loans and Leases Receivable, Deferred Income",
                "concept": "LoansAndLeasesReceivableDeferredIncome",
                "unit": "usd",
                "value": 290813752
            },
            {
                "label": "Allowance for loan losses",
                "concept": "LoansAndLeasesReceivableAllowance",
                "unit": "usd",
                "value": 81519624
            },
            {
                "label": "Loans receivable, net",
                "concept": "LoansAndLeasesReceivableNetReportedAmount",
                "unit": "usd",
                "value": 755624007
            },
            {
                "label": "Property and equipment, net",
                "concept": "PropertyPlantAndEquipmentNet",
                "unit": "usd",
                "value": 25424183
            },
            {
                "label": "Deferred income taxes",
                "concept": "DeferredTaxAssetsLiabilitiesNet",
                "unit": "usd",
                "value": 23830899
            },
            {
                "label": "Other assets, net",
                "concept": "OtherAssets",
                "unit": "usd",
                "value": 18398935
            },
            {
                "label": "Goodwill",
                "concept": "Goodwill",
                "unit": "usd",
                "value": 7034463
            },
            {
                "label": "Intangible assets, net",
                "concept": "IntangibleAssetsNetExcludingGoodwill",
                "unit": "usd",
                "value": 15340153
            },
            {
                "label": "Disposal Group, Including Discontinued Operation, Assets, Noncurrent",
                "concept": "DisposalGroupIncludingDiscontinuedOperationAssetsNoncurrent",
                "unit": "usd",
                "value": 0
            },
            {
                "label": "Total assets",
                "concept": "Assets",
                "unit": "usd",
                "value": 854988073
            },
            {
                "label": "Senior notes payable",
                "concept": "SeniorNotes",
                "unit": "usd",
                "value": 251940000
            },
            {
                "label": "Income taxes payable",
                "concept": "AccruedIncomeTaxes",
                "unit": "usd",
                "value": 11550197
            },
            {
                "label": "Accounts payable and accrued expenses",
                "concept": "AccountsPayableAndAccruedLiabilitiesCurrentAndNoncurrent",
                "unit": "usd",
                "value": 39381251
            },
            {
                "label": "Disposal Group, Including Discontinued Operation, Liabilities, Current",
                "concept": "LiabilitiesOfDisposalGroupIncludingDiscontinuedOperationCurrent",
                "unit": "usd",
                "value": 0
            },
            {
                "label": "Total liabilities",
                "concept": "Liabilities",
                "unit": "usd",
                "value": 302871448
            },
            {
                "label": "Preferred stock, no par value Authorized 5,000,000, no shares issued or outstanding",
                "concept": "PreferredStockValue",
                "unit": "usd",
                "value": 0
            },
            {
                "label": "Common stock, no par value Authorized 95,000,000 shares; issued and outstanding 12,171,075 and 13,898,265 shares at March 31, 2013 and March 31, 2012, respectively",
                "concept": "CommonStockValue",
                "unit": "usd",
                "value": 0
            },
            {
                "label": "Additional paid-in capital",
                "concept": "AdditionalPaidInCapital",
                "unit": "usd",
                "value": 198125649
            },
            {
                "label": "Retained earnings",
                "concept": "RetainedEarningsAccumulatedDeficit",
                "unit": "usd",
                "value": 353990976
            },
            {
                "label": "Accumulated other comprehensive (loss)/income",
                "concept": "AccumulatedOtherComprehensiveIncomeLossNetOfTax",
                "unit": "usd",
                "value": 0
            },
            {
                "label": "Total shareholders' equity",
                "concept": "StockholdersEquity",
                "unit": "usd",
                "value": 552116625
            },
            {
                "label": "Total liabilities and shareholders' equity",
                "concept": "LiabilitiesAndStockholdersEquity",
                "unit": "usd",
                "value": 854988073
            }
        ],
        "cf": [
            {
                "label": "Gain (Loss) on Disposition of Business",
                "concept": "GainLossOnSaleOfBusiness",
                "unit": "usd",
                "value": -38377623
            },
            {
                "label": "Amortization of loan costs and discounts",
                "concept": "AmortizationOfFinancingCostsAndDiscounts",
                "unit": "usd",
                "value": 592549
            },
            {
                "label": "Gain (Loss) on Disposition of Property Plant Equipment, Excluding Oil and Gas Property and Timber Property",
                "concept": "GainLossOnDispositionOfAssets",
                "unit": "usd",
                "value": 93199
            },
            {
                "label": "Deferred income tax benefit",
                "concept": "DeferredIncomeTaxExpenseBenefit",
                "unit": "usd",
                "value": -3655751
            },
            {
                "label": "Other assets, net",
                "concept": "IncreaseDecreaseInOtherOperatingAssets",
                "unit": "usd",
                "value": -5507068
            },
            {
                "label": "Income taxes payable",
                "concept": "IncreaseDecreaseInAccruedIncomeTaxesPayable",
                "unit": "usd",
                "value": -2547222
            },
            {
                "label": "Accounts payable and accrued expenses",
                "concept": "IncreaseDecreaseInAccountsPayableAndAccruedLiabilities",
                "unit": "usd",
                "value": 5877916
            },
            {
                "label": "Net cash provided by operating activities",
                "concept": "NetCashProvidedByUsedInOperatingActivities",
                "unit": "usd",
                "value": 244664271
            },
            {
                "label": "Increase in loans receivable, net",
                "concept": "PaymentsForProceedsFromLoansAndLeases",
                "unit": "usd",
                "value": 190976279
            },
            {
                "label": "Net assets acquired from office acquisitions, primarily loans",
                "concept": "wrld:NetAssetsAcquiredFromAcquisitionPrimarilyLoans",
                "unit": "usd",
                "value": 33922279
            },
            {
                "label": "Increase in intangible assets from acquisitions",
                "concept": "wrld:NetAssetsAcquiredFromAcquisitionIntangibles",
                "unit": "usd",
                "value": 10223508
            },
            {
                "label": "Purchases of property and equipment, net",
                "concept": "PaymentsToAcquirePropertyPlantAndEquipment",
                "unit": "usd",
                "value": 9805084
            },
            {
                "label": "Proceeds from Sale of Property, Plant, and Equipment",
                "concept": "ProceedsFromSaleOfPropertyPlantAndEquipment",
                "unit": "usd",
                "value": 466806
            },
            {
                "label": "Proceeds from Divestiture of Businesses",
                "concept": "ProceedsFromDivestitureOfBusinesses",
                "unit": "usd",
                "value": 37494505
            },
            {
                "label": "Net cash used in investing activities",
                "concept": "NetCashProvidedByUsedInInvestingActivities",
                "unit": "usd",
                "value": -206965839
            },
            {
                "label": "Borrowings from lines of credit",
                "concept": "ProceedsFromIssuanceOfSeniorLongTermDebt",
                "unit": "usd",
                "value": 364290000
            },
            {
                "label": "Payments on lines of credit",
                "concept": "RepaymentsOfSeniorDebt",
                "unit": "usd",
                "value": 357250000
            },
            {
                "label": "Payments of Loan Costs",
                "concept": "PaymentsOfLoanCosts",
                "unit": "usd",
                "value": 240000
            },
            {
                "label": "Proceeds from exercise of stock options",
                "concept": "ProceedsFromStockOptionsExercised",
                "unit": "usd",
                "value": 5997948
            },
            {
                "label": "Payments Related to Tax Withholding for Share-based Compensation",
                "concept": "PaymentsRelatedToTaxWithholdingForShareBasedCompensation",
                "unit": "usd",
                "value": 1394835
            },
            {
                "label": "Repurchase of common stock",
                "concept": "PaymentsForRepurchaseOfCommonStock",
                "unit": "usd",
                "value": 74519863
            },
            {
                "label": "Excess tax benefits from exercise of stock options",
                "concept": "ExcessTaxBenefitFromShareBasedCompensationFinancingActivities",
                "unit": "usd",
                "value": 0
            },
            {
                "label": "Net cash used in financing activities",
                "concept": "NetCashProvidedByUsedInFinancingActivities",
                "unit": "usd",
                "value": -63116750
            },
            {
                "label": "(Decrease) increase in cash and cash equivalents",
                "concept": "CashAndCashEquivalentsPeriodIncreaseDecrease",
                "unit": "usd",
                "value": -22750871
            },
            {
                "label": "Effects of foreign currency fluctuations on cash",
                "concept": "EffectOfExchangeRateOnCashAndCashEquivalents",
                "unit": "usd",
                "value": 2667447
            },
            {
                "label": "Interest Paid, Including Capitalized Interest, Operating and Investing Activities",
                "concept": "InterestPaid",
                "unit": "usd",
                "value": 16835789
            },
            {
                "label": "Income Taxes Paid",
                "concept": "IncomeTaxesPaid",
                "unit": "usd",
                "value": 23259590
            }
        ],
        "ic": [
            {
                "label": "Income (Loss) from Discontinued Operations and Disposal of Discontinued Operations, Net of Tax, Per Diluted Share",
                "concept": "IncomeLossFromDiscontinuedOperationsNetOfTaxPerDilutedShare",
                "unit": "usd/shares",
                "value": -3.98
            },
            {
                "label": "Interest and fee income",
                "concept": "InterestAndFeeIncomeLoansConsumer",
                "unit": "usd",
                "value": 469154277
            },
            {
                "label": "Personnel",
                "concept": "LaborAndRelatedExpense",
                "unit": "usd",
                "value": 180823031
            },
            {
                "label": "Occupancy and equipment",
                "concept": "OccupancyNet",
                "unit": "usd",
                "value": 41303547
            },
            {
                "label": "Amortization of intangible assets",
                "concept": "AmortizationOfIntangibleAssets",
                "unit": "usd",
                "value": 1527656
            },
            {
                "label": "Other",
                "concept": "OtherGeneralAndAdministrativeExpense",
                "unit": "usd",
                "value": 42154535
            },
            {
                "label": "Total general and administrative expenses",
                "concept": "GeneralAndAdministrativeExpense",
                "unit": "usd",
                "value": 288303715
            },
            {
                "label": "Total expenses",
                "concept": "OperatingExpenses",
                "unit": "usd",
                "value": 454664353
            },
            {
                "label": "Income before income taxes",
                "concept": "IncomeLossFromContinuingOperationsBeforeIncomeTaxesMinorityInterestAndIncomeLossFromEquityMethodInvestments",
                "unit": "usd",
                "value": 89878572
            },
            {
                "label": "Income taxes",
                "concept": "IncomeTaxExpenseBenefit",
                "unit": "usd",
                "value": 15981057
            },
            {
                "label": "Basic (in shares)",
                "concept": "WeightedAverageNumberOfSharesOutstandingBasic",
                "unit": "shares",
                "value": 8994036
            },
            {
                "label": "Diluted (in shares)",
                "concept": "WeightedAverageNumberOfDilutedSharesOutstanding",
                "unit": "shares",
                "value": 9204377
            },
            {
                "label": "Income (Loss) from Discontinued Operations and Disposal of Discontinued Operations, Net of Tax, Per Basic Share",
                "concept": "IncomeLossFromDiscontinuedOperationsNetOfTaxPerBasicShare",
                "unit": "usd/shares",
                "value": -4.08
            }
        ]
    }
}