{
    "startDate": "2019-01-01",
    "endDate": "2019-03-31",
    "year": "2019",
    "quarter": "Q1",
    "symbol": "FFBC",
    "data": {
        "bs": [],
        "cf": [
            {
                "label": "",
                "concept": "NetIncomeLoss",
                "unit": "usd",
                "value": 45839000
            },
            {
                "label": "",
                "concept": "ProvisionForLoanLeaseAndOtherLosses",
                "unit": "usd",
                "value": 14083000
            },
            {
                "label": "",
                "concept": "DepreciationAndAmortization",
                "unit": "usd",
                "value": 6489000
            },
            {
                "label": "",
                "concept": "ShareBasedCompensation",
                "unit": "usd",
                "value": 2996000
            },
            {
                "label": "",
                "concept": "PensionExpense",
                "unit": "usd",
                "value": 375000
            },
            {
                "label": "",
                "concept": "AccretionAmortizationOfDiscountsAndPremiumsInvestments",
                "unit": "usd",
                "value": 2649000
            },
            {
                "label": "",
                "concept": "GainLossOnSaleOfInvestments",
                "unit": "usd",
                "value": 178000
            },
            {
                "label": "",
                "concept": "PaymentsForOriginationAndPurchasesOfLoansHeldForSale",
                "unit": "usd",
                "value": 41227000
            },
            {
                "label": "",
                "concept": "GainLossOnSalesOfLoansNet",
                "unit": "usd",
                "value": 1890000
            },
            {
                "label": "",
                "concept": "ProceedsFromSaleOfLoansHeldForSale",
                "unit": "usd",
                "value": 39273000
            },
            {
                "label": "",
                "concept": "DeferredIncomeTaxExpenseBenefit",
                "unit": "usd",
                "value": 12625000
            },
            {
                "label": "",
                "concept": "OperatingLeaseExpense",
                "unit": "usd",
                "value": 1826000
            },
            {
                "label": "",
                "concept": "OperatingLeasePayments",
                "unit": "usd",
                "value": 1823000
            },
            {
                "label": "",
                "concept": "LifeInsuranceCorporateOrBankOwnedChangeInValue",
                "unit": "usd",
                "value": 1534000
            },
            {
                "label": "",
                "concept": "IncreaseDecreaseInAccruedInterestReceivableNet",
                "unit": "usd",
                "value": 3109000
            },
            {
                "label": "",
                "concept": "IncreaseDecreaseInInterestPayableNet",
                "unit": "usd",
                "value": 322000
            },
            {
                "label": "",
                "concept": "IncreaseDecreaseInOtherOperatingAssets",
                "unit": "usd",
                "value": 30168000
            },
            {
                "label": "",
                "concept": "IncreaseDecreaseInOtherOperatingLiabilities",
                "unit": "usd",
                "value": 8908000
            },
            {
                "label": "",
                "concept": "NetCashProvidedByUsedInOperatingActivities",
                "unit": "usd",
                "value": 37996000
            },
            {
                "label": "",
                "concept": "ProceedsFromSaleOfAvailableForSaleSecurities",
                "unit": "usd",
                "value": 0
            },
            {
                "label": "",
                "concept": "ProceedsFromMaturitiesPrepaymentsAndCallsOfAvailableForSaleSecurities",
                "unit": "usd",
                "value": 95114000
            },
            {
                "label": "",
                "concept": "PaymentsToAcquireAvailableForSaleSecurities",
                "unit": "usd",
                "value": 143290000
            },
            {
                "label": "",
                "concept": "ProceedsFromMaturitiesPrepaymentsAndCallsOfHeldToMaturitySecurities",
                "unit": "usd",
                "value": 2398000
            },
            {
                "label": "",
                "concept": "ProceedsFromPaymentsForInInterestBearingDepositsInBanks",
                "unit": "usd",
                "value": 12486000
            },
            {
                "label": "",
                "concept": "PaymentsForProceedsFromLoansAndLeases",
                "unit": "usd",
                "value": 438000
            },
            {
                "label": "",
                "concept": "ProceedsFromSaleOfOtherRealEstate",
                "unit": "usd",
                "value": 183000
            },
            {
                "label": "",
                "concept": "PaymentsToAcquirePropertyPlantAndEquipment",
                "unit": "usd",
                "value": 1268000
            },
            {
                "label": "",
                "concept": "NetCashProvidedByUsedInInvestingActivities",
                "unit": "usd",
                "value": 58911000
            },
            {
                "label": "",
                "concept": "IncreaseDecreaseInDeposits",
                "unit": "usd",
                "value": 6379000
            },
            {
                "label": "",
                "concept": "ProceedsFromRepaymentsOfShortTermDebt",
                "unit": "usd",
                "value": 6724000
            },
            {
                "label": "",
                "concept": "RepaymentsOfLongTermDebt",
                "unit": "usd",
                "value": 25187000
            },
            {
                "label": "",
                "concept": "ProceedsFromFederalHomeLoanBankBorrowings",
                "unit": "usd",
                "value": 0
            },
            {
                "label": "",
                "concept": "PaymentsOfDividendsCommonStock",
                "unit": "usd",
                "value": 21550000
            },
            {
                "label": "",
                "concept": "ProceedsFromStockOptionsExercised",
                "unit": "usd",
                "value": 90000
            },
            {
                "label": "",
                "concept": "NetCashProvidedByUsedInFinancingActivities",
                "unit": "usd",
                "value": 46302000
            },
            {
                "label": "",
                "concept": "CashAndCashEquivalentsPeriodIncreaseDecrease",
                "unit": "usd",
                "value": 67217000
            },
            {
                "label": "",
                "concept": "GoodwillAcquiredDuringPeriod",
                "unit": "usd",
                "value": 524000
            }
        ],
        "ic": [
            {
                "label": "",
                "concept": "DefinedBenefitPlanServiceCost",
                "unit": "usd",
                "value": 1750000
            },
            {
                "label": "",
                "concept": "DefinedBenefitPlanInterestCost",
                "unit": "usd",
                "value": 700000
            },
            {
                "label": "",
                "concept": "DefinedBenefitPlanExpectedReturnOnPlanAssets",
                "unit": "usd",
                "value": 2450000
            },
            {
                "label": "",
                "concept": "DefinedBenefitPlanAmortizationOfPriorServiceCostCredit",
                "unit": "usd",
                "value": 100000
            },
            {
                "label": "",
                "concept": "DefinedBenefitPlanAmortizationOfGainsLosses",
                "unit": "usd",
                "value": 475000
            },
            {
                "label": "",
                "concept": "PensionExpense",
                "unit": "usd",
                "value": 375000
            }
        ]
    }
}