{
    "startDate": "2019-01-01",
    "endDate": "2019-03-31",
    "year": "2019",
    "quarter": "Q1",
    "symbol": "NBL",
    "data": {
        "bs": [
            {
                "label": "Accounts Receivable, Net",
                "concept": "AccountsReceivableNetCurrent",
                "unit": "usd",
                "value": 573000000
            },
            {
                "label": "Other Current Assets",
                "concept": "OtherAssetsCurrent",
                "unit": "usd",
                "value": 142000000
            },
            {
                "label": "Total Current Assets",
                "concept": "AssetsCurrent",
                "unit": "usd",
                "value": 1243000000
            },
            {
                "label": "Oil and Gas Properties (Successful Efforts Method of Accounting)",
                "concept": "OilAndGasPropertySuccessfulEffortMethodGross",
                "unit": "usd",
                "value": 29364000000
            },
            {
                "label": "Property, Plant and Equipment, Other",
                "concept": "PropertyPlantAndEquipmentOther",
                "unit": "usd",
                "value": 1012000000
            },
            {
                "label": "Total Property, Plant and Equipment, Gross",
                "concept": "PropertyPlantAndEquipmentGross",
                "unit": "usd",
                "value": 30376000000
            },
            {
                "label": "Accumulated Depreciation, Depletion and Amortization",
                "concept": "AccumulatedDepreciationDepletionAndAmortizationPropertyPlantAndEquipment",
                "unit": "usd",
                "value": 11675000000
            },
            {
                "label": "Total Property, Plant and Equipment, Net",
                "concept": "PropertyPlantAndEquipmentNet",
                "unit": "usd",
                "value": 18701000000
            },
            {
                "label": "Other Noncurrent Assets",
                "concept": "OtherAssetsNoncurrent",
                "unit": "usd",
                "value": 1376000000
            },
            {
                "label": "Total Assets",
                "concept": "Assets",
                "unit": "usd",
                "value": 21320000000
            },
            {
                "label": "Accounts Payable \u2013 Trade",
                "concept": "AccountsPayableCurrentAndNoncurrent",
                "unit": "usd",
                "value": 1284000000
            },
            {
                "label": "Other Current Liabilities",
                "concept": "OtherLiabilitiesCurrent",
                "unit": "usd",
                "value": 659000000
            },
            {
                "label": "Total Current Liabilities",
                "concept": "LiabilitiesCurrent",
                "unit": "usd",
                "value": 1943000000
            },
            {
                "label": "Long-Term Debt",
                "concept": "LongTermDebtAndCapitalLeaseObligations",
                "unit": "usd",
                "value": 6738000000
            },
            {
                "label": "Deferred Income Taxes",
                "concept": "DeferredTaxLiabilitiesNoncurrent",
                "unit": "usd",
                "value": 961000000
            },
            {
                "label": "Other Noncurrent Liabilities",
                "concept": "OtherLiabilitiesNoncurrent",
                "unit": "usd",
                "value": 1438000000
            },
            {
                "label": "Total Liabilities",
                "concept": "Liabilities",
                "unit": "usd",
                "value": 11080000000
            },
            {
                "label": "Commitments and Contingencies",
                "concept": "CommitmentsAndContingencies",
                "unit": "usd",
                "value": "N/A"
            },
            {
                "label": "Preferred Stock \u2013 Par Value $1.00 per share; 4 Million Shares Authorized; None Issued",
                "concept": "PreferredStockValue",
                "unit": "usd",
                "value": "N/A"
            },
            {
                "label": "Common Stock \u2013 Par Value $0.01 per share; 1 Billion Shares Authorized; 522 Million and 520 Million Shares Issued, respectively",
                "concept": "CommonStockValue",
                "unit": "usd",
                "value": 5000000
            },
            {
                "label": "Additional Paid in Capital",
                "concept": "AdditionalPaidInCapital",
                "unit": "usd",
                "value": 8219000000
            },
            {
                "label": "Accumulated Other Comprehensive Loss",
                "concept": "AccumulatedOtherComprehensiveIncomeLossNetOfTax",
                "unit": "usd",
                "value": 32000000
            },
            {
                "label": "Treasury Stock, at Cost; 39 Million Shares",
                "concept": "TreasuryStockValue",
                "unit": "usd",
                "value": 735000000
            },
            {
                "label": "Retained Earnings",
                "concept": "RetainedEarningsAccumulatedDeficit",
                "unit": "usd",
                "value": 1614000000
            },
            {
                "label": "Noble Energy Share of Equity",
                "concept": "StockholdersEquity",
                "unit": "usd",
                "value": 9071000000
            },
            {
                "label": "Noncontrolling Interests",
                "concept": "MinorityInterest",
                "unit": "usd",
                "value": 1072000000
            },
            {
                "label": "Total Shareholders' Equity",
                "concept": "StockholdersEquityIncludingPortionAttributableToNoncontrollingInterest",
                "unit": "usd",
                "value": 10143000000
            },
            {
                "label": "Total Liabilities, Mezzanine Equity and Shareholders' Equity",
                "concept": "LiabilitiesAndStockholdersEquity",
                "unit": "usd",
                "value": 21320000000
            }
        ],
        "cf": [
            {
                "label": "Net (Loss) Income Including Noncontrolling Interests",
                "concept": "ProfitLoss",
                "unit": "usd",
                "value": 289000000
            },
            {
                "label": "Depreciation, Depletion and Amortization",
                "concept": "DepreciationDepletionAndAmortization",
                "unit": "usd",
                "value": 508000000
            },
            {
                "label": "Deferred Income Tax Benefit",
                "concept": "IncreaseDecreaseInDeferredIncomeTaxes",
                "unit": "usd",
                "value": 100000000
            },
            {
                "label": "Loss on Commodity Derivative Instruments",
                "concept": "GainLossOnDerivativeInstrumentsNetPretax",
                "unit": "usd",
                "value": 212000000
            },
            {
                "label": "Net Cash Received (Paid) in Settlement of Commodity Derivative Instruments",
                "concept": "nbl:CashReceivedPaidInSettlementOfDerivativeInstrumentsNotDesignatedAsHedgingInstruments",
                "unit": "usd",
                "value": 14000000
            },
            {
                "label": "Other Adjustments for Noncash Items Included in Income",
                "concept": "OtherNoncashIncomeExpense",
                "unit": "usd",
                "value": 28000000
            },
            {
                "label": "Gain on Divestitures, Net",
                "concept": "GainLossOnSaleOfOilAndGasProperty",
                "unit": "usd",
                "value": "N/A"
            },
            {
                "label": "Asset Impairments",
                "concept": "AssetImpairmentCharges",
                "unit": "usd",
                "value": "N/A"
            },
            {
                "label": "Firm Transportation Exit Cost",
                "concept": "GainLossOnSaleOfBusiness",
                "unit": "usd",
                "value": 92000000
            },
            {
                "label": "Decrease in Accounts Receivable",
                "concept": "IncreaseDecreaseInAccountsReceivable",
                "unit": "usd",
                "value": 9000000
            },
            {
                "label": "Increase (Decrease) in Accounts Payable",
                "concept": "IncreaseDecreaseInAccountsPayable",
                "unit": "usd",
                "value": 106000000
            },
            {
                "label": "Increase in Current Income Taxes Payable",
                "concept": "IncreaseDecreaseInAccruedIncomeTaxesPayable",
                "unit": "usd",
                "value": 45000000
            },
            {
                "label": "Other Current Assets and Liabilities, Net",
                "concept": "IncreaseDecreaseInOtherOperatingLiabilities",
                "unit": "usd",
                "value": 52000000
            },
            {
                "label": "Other Operating Assets and Liabilities, Net",
                "concept": "IncreaseDecreaseInOtherOperatingCapitalNet",
                "unit": "usd",
                "value": 45000000
            },
            {
                "label": "Net Cash Provided by Operating Activities",
                "concept": "NetCashProvidedByUsedInOperatingActivities",
                "unit": "usd",
                "value": 528000000
            },
            {
                "label": "Additions to Property, Plant and Equipment",
                "concept": "PaymentsToAcquireOilAndGasPropertyAndEquipment",
                "unit": "usd",
                "value": 763000000
            },
            {
                "label": "Acquisitions, Net of Cash Received",
                "concept": "PaymentsForProceedsFromBusinessesAndInterestInAffiliates",
                "unit": "usd",
                "value": "N/A"
            },
            {
                "label": "Additions to Equity Method Investments",
                "concept": "PaymentsToAcquireEquityMethodInvestments",
                "unit": "usd",
                "value": 271000000
            },
            {
                "label": "Proceeds from Divestitures, Net",
                "concept": "ProceedsFromDivestitureOfBusinesses",
                "unit": "usd",
                "value": 123000000
            },
            {
                "label": "Net Cash Used in Investing Activities",
                "concept": "NetCashProvidedByUsedInInvestingActivities",
                "unit": "usd",
                "value": 911000000
            },
            {
                "label": "Dividends Paid, Common Stock",
                "concept": "PaymentsOfDividendsCommonStock",
                "unit": "usd",
                "value": 53000000
            },
            {
                "label": "Purchase and Retirement of Common Stock",
                "concept": "PaymentsForRepurchaseOfEquity",
                "unit": "usd",
                "value": "N/A"
            },
            {
                "label": "Contributions from Noncontrolling Interest Owners",
                "concept": "ProceedsFromMinorityShareholders",
                "unit": "usd",
                "value": 10000000
            },
            {
                "label": "Proceeds from Issuance of Mezzanine Equity, Net of Offering Costs",
                "concept": "ProceedsFromIssuanceOfRedeemableConvertiblePreferredStock",
                "unit": "usd",
                "value": 99000000
            },
            {
                "label": "Other",
                "concept": "ProceedsFromPaymentsForOtherFinancingActivities",
                "unit": "usd",
                "value": 32000000
            },
            {
                "label": "Net Cash Provided by Financing Activities",
                "concept": "NetCashProvidedByUsedInFinancingActivities",
                "unit": "usd",
                "value": 194000000
            },
            {
                "label": "(Decrease) Increase in Cash, Cash Equivalents, and Restricted Cash",
                "concept": "CashCashEquivalentsRestrictedCashAndRestrictedCashEquivalentsPeriodIncreaseDecreaseIncludingExchangeRateEffect",
                "unit": "usd",
                "value": 189000000
            }
        ],
        "ic": [
            {
                "label": "Total",
                "concept": "Revenues",
                "unit": "usd",
                "value": 1052000000
            },
            {
                "label": "Production Expense",
                "concept": "ResultsOfOperationsProductionOrLiftingCosts",
                "unit": "usd",
                "value": 305000000
            },
            {
                "label": "General and Administrative",
                "concept": "GeneralAndAdministrativeExpense",
                "unit": "usd",
                "value": 102000000
            },
            {
                "label": "Other Operating Expense, Net",
                "concept": "OtherCostAndExpenseOperating",
                "unit": "usd",
                "value": 49000000
            },
            {
                "label": "Asset Impairments",
                "concept": "ImpairmentOfLongLivedAssetsToBeDisposedOf",
                "unit": "usd",
                "value": "N/A"
            },
            {
                "label": "Total",
                "concept": "OperatingExpenses",
                "unit": "usd",
                "value": 1143000000
            },
            {
                "label": "Operating (Expense) Income",
                "concept": "OperatingIncomeLoss",
                "unit": "usd",
                "value": 91000000
            },
            {
                "label": "Interest, Net of Amount Capitalized",
                "concept": "InterestExpense",
                "unit": "usd",
                "value": 66000000
            },
            {
                "label": "Other Non-Operating Expense, Net",
                "concept": "OtherNonoperatingIncomeExpense",
                "unit": "usd",
                "value": 4000000
            },
            {
                "label": "Total",
                "concept": "NonoperatingIncomeExpense",
                "unit": "usd",
                "value": 282000000
            },
            {
                "label": "Income Tax Benefit",
                "concept": "IncomeTaxExpenseBenefit",
                "unit": "usd",
                "value": 84000000
            },
            {
                "label": "Net (Loss) Income and Comprehensive (Loss) Income Including Noncontrolling Interests",
                "concept": "ProfitLoss",
                "unit": "usd",
                "value": 289000000
            },
            {
                "label": "Less: Net Income and Comprehensive Income Attributable to Noncontrolling Interests",
                "concept": "NetIncomeLossAttributableToNoncontrollingInterest",
                "unit": "usd",
                "value": 24000000
            },
            {
                "label": "Net (Loss) Income and Comprehensive (Loss) Income Attributable to Noble Energy",
                "concept": "NetIncomeLoss",
                "unit": "usd",
                "value": 313000000
            },
            {
                "label": "Basic ($ per share)",
                "concept": "EarningsPerShareBasic",
                "unit": "usd/shares",
                "value": 0.65
            },
            {
                "label": "Diluted ($ per share)",
                "concept": "EarningsPerShareDiluted",
                "unit": "usd/shares",
                "value": 0.65
            },
            {
                "label": "Basic (in shares)",
                "concept": "WeightedAverageNumberOfSharesOutstandingBasic",
                "unit": "shares",
                "value": 478000000
            },
            {
                "label": "Diluted (in shares)",
                "concept": "WeightedAverageNumberOfDilutedSharesOutstanding",
                "unit": "shares",
                "value": 478000000
            }
        ]
    }
}