{
    "startDate": "2019-01-01",
    "endDate": "2019-03-31",
    "year": "2019",
    "quarter": "Q1",
    "symbol": "PDCE",
    "data": {
        "bs": [
            {
                "label": "Total current assets",
                "concept": "AssetsCurrent",
                "unit": "usd",
                "value": 213156000
            },
            {
                "label": "Intercompany Receivables",
                "concept": "pdce:IntercompanyReceivables",
                "unit": "usd",
                "value": "N/A"
            },
            {
                "label": "Investments in Affiliates, Subsidiaries, Associates, and Joint Ventures, Fair Value Disclosure",
                "concept": "InvestmentsInAffiliatesSubsidiariesAssociatesAndJointVenturesFairValueDisclosure",
                "unit": "usd",
                "value": "N/A"
            },
            {
                "label": "Derivative Instruments and Hedges, Noncurrent",
                "concept": "DerivativeInstrumentsAndHedgesNoncurrent",
                "unit": "usd",
                "value": 24225000
            },
            {
                "label": "Total Assets",
                "concept": "Assets",
                "unit": "usd",
                "value": 4563928000
            },
            {
                "label": "Total current liabilities",
                "concept": "LiabilitiesCurrent",
                "unit": "usd",
                "value": 490529000
            },
            {
                "label": "Intercompany Payable",
                "concept": "pdce:IntercompanyPayable",
                "unit": "usd",
                "value": "N/A"
            },
            {
                "label": "Total liabilities",
                "concept": "Liabilities",
                "unit": "usd",
                "value": 2154173000
            },
            {
                "label": "Treasury Stock, Value",
                "concept": "TreasuryStockValue",
                "unit": "usd",
                "value": 1016000
            },
            {
                "label": "Total stockholders' equity",
                "concept": "StockholdersEquity",
                "unit": "usd",
                "value": 2409755000
            },
            {
                "label": "Total Liabilities and Stockholders' Equity",
                "concept": "LiabilitiesAndStockholdersEquity",
                "unit": "usd",
                "value": 4563928000
            }
        ],
        "cf": [
            {
                "label": "Net Cash Provided by (Used in) Operating Activities",
                "concept": "NetCashProvidedByUsedInOperatingActivities",
                "unit": "usd",
                "value": 181853000
            },
            {
                "label": "Payments to Explore and Develop Oil and Gas Properties",
                "concept": "PaymentsToExploreAndDevelopOilAndGasProperties",
                "unit": "usd",
                "value": 266940000
            },
            {
                "label": "Payments for Capital Improvements",
                "concept": "PaymentsForCapitalImprovements",
                "unit": "usd",
                "value": 4826000
            },
            {
                "label": "Proceeds from divestiture",
                "concept": "ProceedsFromDivestitureOfBusinesses",
                "unit": "usd",
                "value": "N/A"
            },
            {
                "label": "Increase (Decrease) in Restricted Cash",
                "concept": "IncreaseDecreaseInRestrictedCash",
                "unit": "usd",
                "value": "N/A"
            },
            {
                "label": "intercompany Transfer Investing Activities",
                "concept": "pdce:IntercompanyTransferInvestingActivities",
                "unit": "usd",
                "value": "N/A"
            },
            {
                "label": "Net Cash Provided by (Used in) Investing Activities",
                "concept": "NetCashProvidedByUsedInInvestingActivities",
                "unit": "usd",
                "value": 271664000
            },
            {
                "label": "Proceeds from Lines of Credit",
                "concept": "ProceedsFromLinesOfCredit",
                "unit": "usd",
                "value": 432000000
            },
            {
                "label": "Repayment of revolving credit facility",
                "concept": "RepaymentsOfLinesOfCredit",
                "unit": "usd",
                "value": 340500000
            },
            {
                "label": "Treasury Stock, Value, Acquired, Cost Method",
                "concept": "TreasuryStockValueAcquiredCostMethod",
                "unit": "usd",
                "value": 1460000
            },
            {
                "label": "Other",
                "concept": "ProceedsFromPaymentsForOtherFinancingActivities",
                "unit": "usd",
                "value": 515000
            },
            {
                "label": "Intercompany Transfers Financing Activities",
                "concept": "pdce:IntercompanyTransfersFinancingActivities",
                "unit": "usd",
                "value": "N/A"
            },
            {
                "label": "Net Cash Provided by (Used in) Financing Activities",
                "concept": "NetCashProvidedByUsedInFinancingActivities",
                "unit": "usd",
                "value": 89525000
            },
            {
                "label": "Net change in cash, cash equivalents, and restricted cash",
                "concept": "CashAndCashEquivalentsPeriodIncreaseDecrease",
                "unit": "usd",
                "value": 286000
            }
        ],
        "ic": [
            {
                "label": "Crude oil, natural gas and NGLs sales",
                "concept": "ResultsOfOperationsRevenueFromOilAndGasProducingActivities",
                "unit": "usd",
                "value": 321099000
            },
            {
                "label": "Other income",
                "concept": "OtherOperatingIncome",
                "unit": "usd",
                "value": 3475000
            },
            {
                "label": "Revenues",
                "concept": "Revenues",
                "unit": "usd",
                "value": 134500000
            },
            {
                "label": "Lease operating expenses",
                "concept": "ResultsOfOperationsProductionOrLiftingCosts",
                "unit": "usd",
                "value": 35221000
            },
            {
                "label": "Production taxes",
                "concept": "ProductionTaxExpense",
                "unit": "usd",
                "value": 22168000
            },
            {
                "label": "Transportation, gathering and processing expenses",
                "concept": "ResultsOfOperationsTransportationCosts",
                "unit": "usd",
                "value": 11424000
            },
            {
                "label": "Exploration, geologic and geophysical expense",
                "concept": "ExplorationExpense",
                "unit": "usd",
                "value": 2643000
            },
            {
                "label": "General and administrative expense",
                "concept": "GeneralAndAdministrativeExpense",
                "unit": "usd",
                "value": 39598000
            },
            {
                "label": "Results of Operations, Depreciation, Depletion, Amortization and Accretion",
                "concept": "ResultsOfOperationsDepreciationDepletionAmortizationAndAccretion",
                "unit": "usd",
                "value": 151422000
            },
            {
                "label": "Accretion of asset retirement obligations",
                "concept": "AssetRetirementObligationAccretionExpense",
                "unit": "usd",
                "value": 1584000
            },
            {
                "label": "GainLossonSaleOfOilAndGasPropertyFromContinuingOperations",
                "concept": "pdce:Gainlossonsaleofoilandgaspropertyfromcontinuingoperations",
                "unit": "usd",
                "value": 369000
            },
            {
                "label": "Other Cost and Expense, Operating",
                "concept": "OtherCostAndExpenseOperating",
                "unit": "usd",
                "value": 3554000
            },
            {
                "label": "Costs and Expenses",
                "concept": "CostsAndExpenses",
                "unit": "usd",
                "value": 275120000
            },
            {
                "label": "Operating Income (Loss)",
                "concept": "OperatingIncomeLoss",
                "unit": "usd",
                "value": 140620000
            },
            {
                "label": "Interest Expense",
                "concept": "InterestExpense",
                "unit": "usd",
                "value": 16978000
            },
            {
                "label": "Interest income",
                "concept": "InterestIncomeOther",
                "unit": "usd",
                "value": 10000
            },
            {
                "label": "Income (Loss) from Continuing Operations before Equity Method Investments, Income Taxes, Noncontrolling Interest",
                "concept": "IncomeLossFromContinuingOperationsBeforeIncomeTaxesMinorityInterestAndIncomeLossFromEquityMethodInvestments",
                "unit": "usd",
                "value": 157588000
            },
            {
                "label": "Income tax (expense) benefit",
                "concept": "IncomeTaxExpenseBenefit",
                "unit": "usd",
                "value": 37412000
            },
            {
                "label": "Income (Loss) from Subsidiaries, Net of Tax",
                "concept": "IncomeLossFromSubsidiariesNetOfTax",
                "unit": "usd",
                "value": "N/A"
            },
            {
                "label": "Net Income (Loss) Attributable to Parent",
                "concept": "NetIncomeLoss",
                "unit": "usd",
                "value": 120176000
            }
        ]
    }
}