{
    "startDate": "2019-01-01",
    "endDate": "2019-03-31",
    "year": "2019",
    "quarter": "Q1",
    "symbol": "MSC",
    "data": {
        "bs": [
            {
                "label": "Cash and cash equivalents (including restricted cash of $15)",
                "concept": "CashCashEquivalentsRestrictedCashAndRestrictedCashEquivalents",
                "unit": "usd",
                "value": 111000000
            },
            {
                "label": "Accounts receivable (net of allowance for doubtful accounts of $15 and $16, respectively)",
                "concept": "AccountsReceivableNet",
                "unit": "usd",
                "value": 496000000
            },
            {
                "label": "Finished and in-process goods",
                "concept": "InventoryFinishedGoodsAndWorkInProcessNetOfReserves",
                "unit": "usd",
                "value": 258000000
            },
            {
                "label": "Raw materials and supplies",
                "concept": "InventoryRawMaterialsAndSuppliesNetOfReserves",
                "unit": "usd",
                "value": 94000000
            },
            {
                "label": "Other current assets",
                "concept": "OtherAssetsCurrent",
                "unit": "usd",
                "value": 67000000
            },
            {
                "label": "Total current assets",
                "concept": "AssetsCurrent",
                "unit": "usd",
                "value": 1026000000
            },
            {
                "label": "Investment in unconsolidated entities",
                "concept": "InvestmentsInAffiliatesSubsidiariesAssociatesAndJointVentures",
                "unit": "usd",
                "value": 20000000
            },
            {
                "label": "Other assets, net",
                "concept": "OtherAssetsNoncurrent",
                "unit": "usd",
                "value": 40000000
            },
            {
                "label": "Land",
                "concept": "Land",
                "unit": "usd",
                "value": 90000000
            },
            {
                "label": "Buildings",
                "concept": "BuildingsAndImprovementsGross",
                "unit": "usd",
                "value": 285000000
            },
            {
                "label": "Machinery and equipment",
                "concept": "MachineryAndEquipmentGross",
                "unit": "usd",
                "value": 2289000000
            },
            {
                "label": "Property, plant and equipment, gross",
                "concept": "PropertyPlantAndEquipmentGross",
                "unit": "usd",
                "value": 2664000000
            },
            {
                "label": "Less accumulated depreciation",
                "concept": "AccumulatedDepreciationDepletionAndAmortizationPropertyPlantAndEquipment",
                "unit": "usd",
                "value": 1840000000
            },
            {
                "label": "Property, plant and equipment, net",
                "concept": "PropertyPlantAndEquipmentNet",
                "unit": "usd",
                "value": 824000000
            },
            {
                "label": "Goodwill",
                "concept": "Goodwill",
                "unit": "usd",
                "value": 108000000
            },
            {
                "label": "Other intangible assets, net",
                "concept": "IntangibleAssetsNetExcludingGoodwill",
                "unit": "usd",
                "value": 25000000
            },
            {
                "label": "Total assets",
                "concept": "Assets",
                "unit": "usd",
                "value": 2142000000
            },
            {
                "label": "Accounts payable",
                "concept": "AccountsPayableCurrent",
                "unit": "usd",
                "value": 354000000
            },
            {
                "label": "Debt payable within one year",
                "concept": "DebtCurrent",
                "unit": "usd",
                "value": 3875000000
            },
            {
                "label": "Interest payable",
                "concept": "InterestPayableCurrent",
                "unit": "usd",
                "value": 100000000
            },
            {
                "label": "Income taxes payable",
                "concept": "TaxesPayableCurrent",
                "unit": "usd",
                "value": 8000000
            },
            {
                "label": "Accrued payroll and incentive compensation",
                "concept": "EmployeeRelatedLiabilitiesCurrent",
                "unit": "usd",
                "value": 47000000
            },
            {
                "label": "Other current liabilities",
                "concept": "OtherLiabilitiesCurrent",
                "unit": "usd",
                "value": 105000000
            },
            {
                "label": "Total current liabilities",
                "concept": "LiabilitiesCurrent",
                "unit": "usd",
                "value": 4512000000
            },
            {
                "label": "Long-term pension and post employment benefit obligations",
                "concept": "PensionAndOtherPostretirementDefinedBenefitPlansLiabilitiesNoncurrent",
                "unit": "usd",
                "value": 215000000
            },
            {
                "label": "Deferred income taxes",
                "concept": "DeferredTaxLiabilitiesNoncurrent",
                "unit": "usd",
                "value": 15000000
            },
            {
                "label": "Other long-term liabilities",
                "concept": "OtherLiabilitiesNoncurrent",
                "unit": "usd",
                "value": 196000000
            },
            {
                "label": "Total liabilities",
                "concept": "Liabilities",
                "unit": "usd",
                "value": 5108000000
            },
            {
                "label": "Common stock\u2014$0.01 par value; 300,000,000 shares authorized, 170,605,906 issued and 82,556,847 outstanding at March 31, 2019 and December 31, 2018",
                "concept": "CommonStockValue",
                "unit": "usd",
                "value": 1000000
            },
            {
                "label": "Paid-in capital",
                "concept": "AdditionalPaidInCapitalCommonStock",
                "unit": "usd",
                "value": 526000000
            },
            {
                "label": "Treasury stock, at cost\u201488,049,059 shares",
                "concept": "TreasuryStockValue",
                "unit": "usd",
                "value": 296000000
            },
            {
                "label": "Accumulated other comprehensive loss",
                "concept": "AccumulatedOtherComprehensiveIncomeLossNetOfTax",
                "unit": "usd",
                "value": -18000000
            },
            {
                "label": "Accumulated deficit",
                "concept": "RetainedEarningsAccumulatedDeficit",
                "unit": "usd",
                "value": -3177000000
            },
            {
                "label": "Total Hexion Inc. shareholder\u2019s deficit",
                "concept": "StockholdersEquity",
                "unit": "usd",
                "value": -2964000000
            },
            {
                "label": "Noncontrolling interest",
                "concept": "MinorityInterest",
                "unit": "usd",
                "value": -2000000
            },
            {
                "label": "Total deficit",
                "concept": "StockholdersEquityIncludingPortionAttributableToNoncontrollingInterest",
                "unit": "usd",
                "value": -2966000000
            },
            {
                "label": "Total liabilities and deficit",
                "concept": "LiabilitiesAndStockholdersEquity",
                "unit": "usd",
                "value": 2142000000
            }
        ],
        "cf": [
            {
                "label": "Depreciation and amortization",
                "concept": "DepreciationAmortizationAndAccretionNet",
                "unit": "usd",
                "value": 26000000
            },
            {
                "label": "Non-cash asset impairments",
                "concept": "msc:NonCashAssetImpairmentsAndAcceleratedDepreciation",
                "unit": "usd",
                "value": 0
            },
            {
                "label": "Deferred tax expense",
                "concept": "DeferredIncomeTaxExpenseBenefit",
                "unit": "usd",
                "value": 0
            },
            {
                "label": "Gain on disposition",
                "concept": "GainLossOnSaleOfBusiness",
                "unit": "usd",
                "value": 0
            },
            {
                "label": "Amortization of deferred financing fees",
                "concept": "AmortizationOfFinancingCosts",
                "unit": "usd",
                "value": 0
            },
            {
                "label": "Unrealized foreign currency losses",
                "concept": "ForeignCurrencyTransactionGainLossUnrealized",
                "unit": "usd",
                "value": 0
            },
            {
                "label": "Other non-cash adjustments",
                "concept": "AdjustmentsNoncashItemsToReconcileNetIncomeLossToCashProvidedByUsedInOperatingActivities",
                "unit": "usd",
                "value": 0
            },
            {
                "label": "Accounts receivable",
                "concept": "IncreaseDecreaseInAccountsReceivable",
                "unit": "usd",
                "value": 84000000
            },
            {
                "label": "Inventories",
                "concept": "IncreaseDecreaseInInventories",
                "unit": "usd",
                "value": 20000000
            },
            {
                "label": "Accounts payable",
                "concept": "IncreaseDecreaseInAccountsPayable",
                "unit": "usd",
                "value": -21000000
            },
            {
                "label": "Income taxes payable",
                "concept": "IncreaseDecreaseInAccruedIncomeTaxesPayable",
                "unit": "usd",
                "value": 4000000
            },
            {
                "label": "Other assets, current and non-current",
                "concept": "IncreaseDecreaseInOtherOperatingAssets",
                "unit": "usd",
                "value": 9000000
            },
            {
                "label": "Other liabilities, current and long-term",
                "concept": "IncreaseDecreaseInOtherOperatingLiabilities",
                "unit": "usd",
                "value": 2000000
            },
            {
                "label": "Net cash used in operating activities",
                "concept": "NetCashProvidedByUsedInOperatingActivities",
                "unit": "usd",
                "value": -154000000
            },
            {
                "label": "Proceeds from disposition, net",
                "concept": "ProceedsFromDivestitureOfBusinesses",
                "unit": "usd",
                "value": 0
            },
            {
                "label": "Proceeds from sale of assets, net",
                "concept": "ProceedsFromSaleOfPropertyPlantAndEquipment",
                "unit": "usd",
                "value": 0
            },
            {
                "label": "Net cash (used in) provided by investing activities",
                "concept": "NetCashProvidedByUsedInInvestingActivities",
                "unit": "usd",
                "value": -19000000
            },
            {
                "label": "Long-term debt and credit facility financing fees",
                "concept": "PaymentsOfFinancingCosts",
                "unit": "usd",
                "value": 0
            },
            {
                "label": "Net cash provided by financing activities",
                "concept": "NetCashProvidedByUsedInFinancingActivities",
                "unit": "usd",
                "value": 156000000
            },
            {
                "label": "Effect of exchange rates on cash and cash equivalents",
                "concept": "EffectOfExchangeRateOnCashCashEquivalentsRestrictedCashAndRestrictedCashEquivalents",
                "unit": "usd",
                "value": 0
            },
            {
                "label": "Change in cash and cash equivalents",
                "concept": "CashCashEquivalentsRestrictedCashAndRestrictedCashEquivalentsPeriodIncreaseDecreaseIncludingExchangeRateEffect",
                "unit": "usd",
                "value": -17000000
            },
            {
                "label": "Interest, net",
                "concept": "InterestPaidNet",
                "unit": "usd",
                "value": 62000000
            },
            {
                "label": "Income taxes, net of cash refunds",
                "concept": "IncomeTaxesPaidNet",
                "unit": "usd",
                "value": 5000000
            }
        ],
        "ic": [
            {
                "label": "Gross profit",
                "concept": "GrossProfit",
                "unit": "usd",
                "value": 136000000
            },
            {
                "label": "Business realignment costs",
                "concept": "msc:BusinessRealignmentCosts",
                "unit": "usd",
                "value": 4000000
            },
            {
                "label": "Loss before income tax and earnings from unconsolidated entities",
                "concept": "IncomeLossFromContinuingOperationsBeforeIncomeTaxesMinorityInterestAndIncomeLossFromEquityMethodInvestments",
                "unit": "usd",
                "value": -46000000
            },
            {
                "label": "Earnings from unconsolidated entities, net of taxes",
                "concept": "IncomeLossFromEquityMethodInvestments",
                "unit": "usd",
                "value": 1000000
            },
            {
                "label": "Net loss",
                "concept": "ProfitLoss",
                "unit": "usd",
                "value": -52000000
            }
        ]
    }
}