{
    "startDate": "2019-01-01",
    "endDate": "2019-03-31",
    "year": "2019",
    "quarter": "Q1",
    "symbol": "KMB",
    "data": {
        "bs": [
            {
                "label": "Cash and cash equivalents",
                "concept": "CashAndCashEquivalentsAtCarryingValue",
                "unit": "usd",
                "value": 491000000
            },
            {
                "label": "Accounts receivable, net",
                "concept": "AccountsReceivableNetCurrent",
                "unit": "usd",
                "value": 2377000000
            },
            {
                "label": "Inventories",
                "concept": "InventoryNet",
                "unit": "usd",
                "value": 1857000000
            },
            {
                "label": "Other current assets",
                "concept": "OtherAssetsCurrent",
                "unit": "usd",
                "value": 530000000
            },
            {
                "label": "Total Current Assets",
                "concept": "AssetsCurrent",
                "unit": "usd",
                "value": 5255000000
            },
            {
                "label": "Property, Plant and Equipment, Net",
                "concept": "PropertyPlantAndEquipmentNet",
                "unit": "usd",
                "value": 7139000000
            },
            {
                "label": "Investments in Equity Companies",
                "concept": "EquityMethodInvestments",
                "unit": "usd",
                "value": 246000000
            },
            {
                "label": "Goodwill",
                "concept": "Goodwill",
                "unit": "usd",
                "value": 1476000000
            },
            {
                "label": "Other Assets",
                "concept": "OtherAssetsNoncurrent",
                "unit": "usd",
                "value": 1088000000
            },
            {
                "label": "TOTAL ASSETS",
                "concept": "Assets",
                "unit": "usd",
                "value": 15204000000
            },
            {
                "label": "Debt payable within one year",
                "concept": "DebtCurrent",
                "unit": "usd",
                "value": 1900000000
            },
            {
                "label": "Trade accounts payable",
                "concept": "AccountsPayableCurrent",
                "unit": "usd",
                "value": 3027000000
            },
            {
                "label": "Accrued expenses and other current liabilities",
                "concept": "AccruedLiabilitiesCurrent",
                "unit": "usd",
                "value": 1916000000
            },
            {
                "label": "Dividends payable",
                "concept": "DividendsPayableCurrent",
                "unit": "usd",
                "value": 354000000
            },
            {
                "label": "Total Current Liabilities",
                "concept": "LiabilitiesCurrent",
                "unit": "usd",
                "value": 7197000000
            },
            {
                "label": "Long-Term Debt",
                "concept": "LongTermDebtAndCapitalLeaseObligations",
                "unit": "usd",
                "value": 5990000000
            },
            {
                "label": "Noncurrent Employee Benefits",
                "concept": "PensionAndOtherPostretirementDefinedBenefitPlansLiabilitiesNoncurrent",
                "unit": "usd",
                "value": 922000000
            },
            {
                "label": "Deferred Income Taxes",
                "concept": "DeferredTaxLiabilitiesNoncurrent",
                "unit": "usd",
                "value": 496000000
            },
            {
                "label": "Other Liabilities",
                "concept": "OtherLiabilitiesNoncurrent",
                "unit": "usd",
                "value": 617000000
            },
            {
                "label": "Redeemable Preferred Securities of Subsidiaries",
                "concept": "kmb:RedeemablePreferredSecuritiesofSubsidiaries",
                "unit": "usd",
                "value": 64000000
            },
            {
                "label": "Kimberly-Clark Corporation",
                "concept": "StockholdersEquity",
                "unit": "usd",
                "value": 305000000
            },
            {
                "label": "Noncontrolling Interests",
                "concept": "MinorityInterest",
                "unit": "usd",
                "value": 223000000
            },
            {
                "label": "Total Stockholders' Equity",
                "concept": "StockholdersEquityIncludingPortionAttributableToNoncontrollingInterest",
                "unit": "usd",
                "value": 82000000
            },
            {
                "label": "TOTAL LIABILITIES AND STOCKHOLDERS' EQUITY",
                "concept": "LiabilitiesAndStockholdersEquity",
                "unit": "usd",
                "value": 15204000000
            }
        ],
        "cf": [
            {
                "label": "Depreciation and amortization",
                "concept": "DepreciationDepletionAndAmortization",
                "unit": "usd",
                "value": 234000000
            },
            {
                "label": "Asset impairments",
                "concept": "AssetImpairmentCharges",
                "unit": "usd",
                "value": "N/A"
            },
            {
                "label": "Stock-based compensation",
                "concept": "ShareBasedCompensation",
                "unit": "usd",
                "value": 16000000
            },
            {
                "label": "Deferred income taxes",
                "concept": "DeferredIncomeTaxExpenseBenefit",
                "unit": "usd",
                "value": 11000000
            },
            {
                "label": "Net losses on asset dispositions",
                "concept": "GainLossOnDispositionOfAssets1",
                "unit": "usd",
                "value": 6000000
            },
            {
                "label": "Equity companies' earnings in excess of dividends paid",
                "concept": "IncomeLossFromEquityMethodInvestmentsNetOfDividendsOrDistributions",
                "unit": "usd",
                "value": 27000000
            },
            {
                "label": "Operating working capital",
                "concept": "IncreaseDecreaseInOperatingCapital",
                "unit": "usd",
                "value": 375000000
            },
            {
                "label": "Postretirement benefits",
                "concept": "PensionAndOtherPostretirementBenefitExpense",
                "unit": "usd",
                "value": 12000000
            },
            {
                "label": "Other",
                "concept": "OtherOperatingActivitiesCashFlowStatement",
                "unit": "usd",
                "value": 2000000
            },
            {
                "label": "Cash Provided by Operations",
                "concept": "NetCashProvidedByUsedInOperatingActivities",
                "unit": "usd",
                "value": 317000000
            },
            {
                "label": "Capital spending",
                "concept": "PaymentsToAcquireProductiveAssets",
                "unit": "usd",
                "value": 316000000
            },
            {
                "label": "Investments in time deposits",
                "concept": "kmb:InvestmentsInTimeDeposits",
                "unit": "usd",
                "value": 80000000
            },
            {
                "label": "Maturities of time deposits",
                "concept": "kmb:MaturitiesOfTimeDeposits",
                "unit": "usd",
                "value": 72000000
            },
            {
                "label": "Other",
                "concept": "PaymentsForProceedsFromOtherInvestingActivities",
                "unit": "usd",
                "value": "N/A"
            },
            {
                "label": "Cash Used for Investing",
                "concept": "NetCashProvidedByUsedInInvestingActivities",
                "unit": "usd",
                "value": 324000000
            },
            {
                "label": "Cash dividends paid",
                "concept": "PaymentsOfDividends",
                "unit": "usd",
                "value": 345000000
            },
            {
                "label": "Change in short-term debt",
                "concept": "ProceedsFromRepaymentsOfShortTermDebtMaturingInThreeMonthsOrLess",
                "unit": "usd",
                "value": 851000000
            },
            {
                "label": "Debt repayments",
                "concept": "RepaymentsOfLongTermDebt",
                "unit": "usd",
                "value": 402000000
            },
            {
                "label": "Proceeds from exercise of stock options",
                "concept": "ProceedsFromStockOptionsExercised",
                "unit": "usd",
                "value": 26000000
            },
            {
                "label": "Acquisitions of common stock for the treasury",
                "concept": "PaymentsForRepurchaseOfCommonStock",
                "unit": "usd",
                "value": 164000000
            },
            {
                "label": "Other",
                "concept": "ProceedsFromPaymentsForOtherFinancingActivities",
                "unit": "usd",
                "value": 8000000
            },
            {
                "label": "Cash Used for Financing",
                "concept": "NetCashProvidedByUsedInFinancingActivities",
                "unit": "usd",
                "value": 42000000
            },
            {
                "label": "Effect of Exchange Rate Changes on Cash and Cash Equivalents",
                "concept": "EffectOfExchangeRateOnCashAndCashEquivalents",
                "unit": "usd",
                "value": 1000000
            },
            {
                "label": "Change in Cash and Cash Equivalents",
                "concept": "CashAndCashEquivalentsPeriodIncreaseDecrease",
                "unit": "usd",
                "value": 48000000
            }
        ],
        "ic": [
            {
                "label": "Net Income",
                "concept": "ProfitLoss",
                "unit": "usd",
                "value": 466000000
            },
            {
                "label": "Unrealized currency translation adjustments",
                "concept": "OtherComprehensiveIncomeLossForeignCurrencyTransactionAndTranslationAdjustmentNetOfTax",
                "unit": "usd",
                "value": 26000000
            },
            {
                "label": "Employee postretirement benefits",
                "concept": "OtherComprehensiveIncomeLossPensionAndOtherPostretirementBenefitPlansAdjustmentNetOfTax",
                "unit": "usd",
                "value": 4000000
            },
            {
                "label": "Other",
                "concept": "OtherComprehensiveIncomeOtherNetOfTax",
                "unit": "usd",
                "value": 17000000
            },
            {
                "label": "Total Other Comprehensive Income (Loss), Net of Tax",
                "concept": "OtherComprehensiveIncomeLossNetOfTax",
                "unit": "usd",
                "value": 5000000
            },
            {
                "label": "Comprehensive income attributable to noncontrolling interests",
                "concept": "ComprehensiveIncomeNetOfTaxAttributableToNoncontrollingInterest",
                "unit": "usd",
                "value": 7000000
            },
            {
                "label": "Comprehensive Income Attributable to Kimberly-Clark Corporation",
                "concept": "ComprehensiveIncomeNetOfTax",
                "unit": "usd",
                "value": 464000000
            }
        ]
    }
}