{
    "startDate": "2019-01-01",
    "endDate": "2019-03-31",
    "year": "2019",
    "quarter": "Q1",
    "symbol": "BCO",
    "data": {
        "bs": [
            {
                "label": "Accounts receivable, net",
                "concept": "AccountsReceivableNetCurrent",
                "unit": "usd",
                "value": 641000000
            },
            {
                "label": "Prepaid expenses and other",
                "concept": "PrepaidExpenseCurrent",
                "unit": "usd",
                "value": 133000000
            },
            {
                "label": "Total current assets",
                "concept": "AssetsCurrent",
                "unit": "usd",
                "value": 1154300000
            },
            {
                "label": "Property and equipment, net",
                "concept": "PropertyPlantAndEquipmentNet",
                "unit": "usd",
                "value": 698100000
            },
            {
                "label": "Other intangibles",
                "concept": "OtherIntangibleAssetsNet",
                "unit": "usd",
                "value": 266600000
            },
            {
                "label": "Deferred income taxes",
                "concept": "DeferredIncomeTaxAssetsNet",
                "unit": "usd",
                "value": 235600000
            },
            {
                "label": "Other",
                "concept": "OtherAssetsNoncurrent",
                "unit": "usd",
                "value": 203500000
            },
            {
                "label": "Total assets",
                "concept": "Assets",
                "unit": "usd",
                "value": 3602000000
            },
            {
                "label": "Current maturities of long-term debt",
                "concept": "LongTermDebtCurrent",
                "unit": "usd",
                "value": 69500000
            },
            {
                "label": "Accounts payable",
                "concept": "AccountsPayableCurrent",
                "unit": "usd",
                "value": 147000000
            },
            {
                "label": "Accrued liabilities",
                "concept": "AccruedLiabilitiesCurrent",
                "unit": "usd",
                "value": 553600000
            },
            {
                "label": "Restricted cash held for customers",
                "concept": "CustomerDepositsCurrent",
                "unit": "usd",
                "value": 51900000
            },
            {
                "label": "Total current liabilities",
                "concept": "LiabilitiesCurrent",
                "unit": "usd",
                "value": 845400000
            },
            {
                "label": "Long-term debt",
                "concept": "LongTermDebtNoncurrent",
                "unit": "usd",
                "value": 1596500000
            },
            {
                "label": "Accrued pension costs",
                "concept": "DefinedBenefitPensionPlanLiabilitiesNoncurrent",
                "unit": "usd",
                "value": 191900000
            },
            {
                "label": "Retirement benefits other than pensions",
                "concept": "OtherPostretirementDefinedBenefitPlanLiabilitiesNoncurrent",
                "unit": "usd",
                "value": 365700000
            },
            {
                "label": "Lease liabilities",
                "concept": "OperatingLeaseLiabilityNoncurrent",
                "unit": "usd",
                "value": 237600000
            },
            {
                "label": "Deferred income taxes",
                "concept": "DeferredIncomeTaxLiabilitiesNet",
                "unit": "usd",
                "value": 16500000
            },
            {
                "label": "Other",
                "concept": "OtherLiabilitiesNoncurrent",
                "unit": "usd",
                "value": 169100000
            },
            {
                "label": "Total liabilities",
                "concept": "Liabilities",
                "unit": "usd",
                "value": 3422700000
            },
            {
                "label": "Commitments and contingent liabilities (notes 4, 8 and 14)",
                "concept": "CommitmentsAndContingencies",
                "unit": "usd",
                "value": "N/A"
            },
            {
                "label": "Shares issued and outstanding: 2019 - 49.9; 2018 - 49.7",
                "concept": "CommonStockValue",
                "unit": "usd",
                "value": 49900000
            },
            {
                "label": "Capital in excess of par value",
                "concept": "AdditionalPaidInCapitalCommonStock",
                "unit": "usd",
                "value": 630900000
            },
            {
                "label": "Retained earnings",
                "concept": "RetainedEarningsAccumulatedDeficit",
                "unit": "usd",
                "value": 464700000
            },
            {
                "label": "Accumulated other comprehensive loss",
                "concept": "AccumulatedOtherComprehensiveIncomeLossNetOfTax",
                "unit": "usd",
                "value": -980200000
            },
            {
                "label": "Brink\u2019s shareholders",
                "concept": "StockholdersEquity",
                "unit": "usd",
                "value": 165300000
            },
            {
                "label": "Noncontrolling interests",
                "concept": "MinorityInterest",
                "unit": "usd",
                "value": 14000000
            },
            {
                "label": "Total equity",
                "concept": "StockholdersEquityIncludingPortionAttributableToNoncontrollingInterest",
                "unit": "usd",
                "value": 179300000
            },
            {
                "label": "Total liabilities and equity",
                "concept": "LiabilitiesAndStockholdersEquity",
                "unit": "usd",
                "value": 3602000000
            }
        ],
        "cf": [
            {
                "label": "Net income",
                "concept": "ProfitLoss",
                "unit": "usd",
                "value": 14500000
            },
            {
                "label": "Loss from discontinued operations, net of tax",
                "concept": "IncomeLossFromDiscontinuedOperationsNetOfTax",
                "unit": "usd",
                "value": 0
            },
            {
                "label": "Depreciation and amortization",
                "concept": "DepreciationDepletionAndAmortization",
                "unit": "usd",
                "value": 47800000
            },
            {
                "label": "Share-based compensation expense",
                "concept": "ShareBasedCompensation",
                "unit": "usd",
                "value": 9400000
            },
            {
                "label": "Deferred income taxes",
                "concept": "DeferredIncomeTaxExpenseBenefit",
                "unit": "usd",
                "value": 1100000
            },
            {
                "label": "Gains on sale of property, equipment and marketable securities",
                "concept": "GainLossOnSaleOfOtherAssets",
                "unit": "usd",
                "value": 200000
            },
            {
                "label": "Impairment losses",
                "concept": "OtherAssetImpairmentCharges",
                "unit": "usd",
                "value": 1200000
            },
            {
                "label": "Pension",
                "concept": "PensionExpense",
                "unit": "usd",
                "value": 300000
            },
            {
                "label": "Other than pension",
                "concept": "OtherPostretirementBenefitExpense",
                "unit": "usd",
                "value": 4500000
            },
            {
                "label": "Remeasurement losses due to Argentina and Venezuela currency devaluations",
                "concept": "ForeignCurrencyTransactionGainLossBeforeTax",
                "unit": "usd",
                "value": -3900000
            },
            {
                "label": "Other operating",
                "concept": "OtherNoncashIncomeExpense",
                "unit": "usd",
                "value": -3200000
            },
            {
                "label": "Accounts receivable and income taxes receivable",
                "concept": "IncreaseDecreaseInReceivables",
                "unit": "usd",
                "value": 36800000
            },
            {
                "label": "Accounts payable, income taxes payable and accrued liabilities",
                "concept": "bco:AccountsPayableIncomeTaxesPayableAndAccruedLiabilities",
                "unit": "usd",
                "value": -47900000
            },
            {
                "label": "Restricted cash held for customers",
                "concept": "IncreaseDecreaseInRestrictedCashForOperatingActivities",
                "unit": "usd",
                "value": 36800000
            },
            {
                "label": "Customer obligations",
                "concept": "IncreaseDecreaseInCustomerDeposits",
                "unit": "usd",
                "value": 11300000
            },
            {
                "label": "Prepaid and other current assets",
                "concept": "IncreaseDecreaseInPrepaidDeferredExpenseAndOtherAssets",
                "unit": "usd",
                "value": 10200000
            },
            {
                "label": "Other",
                "concept": "IncreaseDecreaseInOtherOperatingCapitalNet",
                "unit": "usd",
                "value": 3300000
            },
            {
                "label": "Net cash provided by operating activities",
                "concept": "NetCashProvidedByUsedInOperatingActivities",
                "unit": "usd",
                "value": -38000000
            },
            {
                "label": "Capital expenditures",
                "concept": "PaymentsToAcquirePropertyPlantAndEquipment",
                "unit": "usd",
                "value": 35200000
            },
            {
                "label": "Acquisitions, net of cash acquired",
                "concept": "PaymentsToAcquireBusinessesNetOfCashAcquired",
                "unit": "usd",
                "value": 129900000
            },
            {
                "label": "Purchases",
                "concept": "PaymentsToAcquireAvailableForSaleSecuritiesDebt",
                "unit": "usd",
                "value": 1100000
            },
            {
                "label": "Sales",
                "concept": "ProceedsFromSaleOfAvailableForSaleSecuritiesDebt",
                "unit": "usd",
                "value": 400000
            },
            {
                "label": "Cash proceeds from sale of property and equipment",
                "concept": "ProceedsFromSaleOfPropertyPlantAndEquipment",
                "unit": "usd",
                "value": 1600000
            },
            {
                "label": "Net cash used by investing activities",
                "concept": "NetCashProvidedByUsedInInvestingActivities",
                "unit": "usd",
                "value": -164200000
            },
            {
                "label": "Short-term borrowings",
                "concept": "ProceedsFromRepaymentsOfShortTermDebt",
                "unit": "usd",
                "value": -5500000
            },
            {
                "label": "Cash supply chain customer debt",
                "concept": "ProceedsFromRepaymentsOfOtherDebt",
                "unit": "usd",
                "value": 0
            },
            {
                "label": "Borrowings",
                "concept": "ProceedsFromLongTermLinesOfCredit",
                "unit": "usd",
                "value": 310200000
            },
            {
                "label": "Repayments",
                "concept": "RepaymentsOfLongTermLinesOfCredit",
                "unit": "usd",
                "value": 502900000
            },
            {
                "label": "Borrowings",
                "concept": "ProceedsFromIssuanceOfOtherLongTermDebt",
                "unit": "usd",
                "value": 333200000
            },
            {
                "label": "Repayments",
                "concept": "RepaymentsOfOtherLongTermDebt",
                "unit": "usd",
                "value": 8000000
            },
            {
                "label": "Payment of acquisition-related obligation",
                "concept": "PaymentForContingentConsiderationLiabilityFinancingActivities",
                "unit": "usd",
                "value": 1500000
            },
            {
                "label": "Debt financing costs",
                "concept": "PaymentsOfDebtIssuanceCosts",
                "unit": "usd",
                "value": 3900000
            },
            {
                "label": "Shareholders of Brink\u2019s",
                "concept": "PaymentsOfDividendsCommonStock",
                "unit": "usd",
                "value": 7400000
            },
            {
                "label": "Noncontrolling interests in subsidiaries",
                "concept": "PaymentsOfDividendsMinorityInterest",
                "unit": "usd",
                "value": 0
            },
            {
                "label": "Tax withholdings associated with share-based compensation",
                "concept": "PaymentsRelatedToTaxWithholdingForShareBasedCompensation",
                "unit": "usd",
                "value": 7300000
            },
            {
                "label": "Other",
                "concept": "ProceedsFromPaymentsForOtherFinancingActivities",
                "unit": "usd",
                "value": -300000
            },
            {
                "label": "Net cash provided by financing activities",
                "concept": "NetCashProvidedByUsedInFinancingActivities",
                "unit": "usd",
                "value": 106600000
            },
            {
                "label": "Effect of exchange rate changes on cash",
                "concept": "EffectOfExchangeRateOnCashAndCashEquivalents",
                "unit": "usd",
                "value": -3600000
            },
            {
                "label": "Increase (decrease)",
                "concept": "CashCashEquivalentsRestrictedCashAndRestrictedCashEquivalentsPeriodIncreaseDecreaseExcludingExchangeRateEffect",
                "unit": "usd",
                "value": -99200000
            }
        ],
        "ic": [
            {
                "label": "Total costs and expenses",
                "concept": "CostsAndExpenses",
                "unit": "usd",
                "value": 844400000
            },
            {
                "label": "Other operating income (expense)",
                "concept": "OtherOperatingIncomeExpenseNet",
                "unit": "usd",
                "value": -2200000
            },
            {
                "label": "Operating profit",
                "concept": "OperatingIncomeLoss",
                "unit": "usd",
                "value": 58400000
            },
            {
                "label": "Interest expense",
                "concept": "InterestExpense",
                "unit": "usd",
                "value": 23000000
            },
            {
                "label": "Interest and other nonoperating income (expense)",
                "concept": "NonoperatingIncomeExpense",
                "unit": "usd",
                "value": -11200000
            },
            {
                "label": "Income from continuing operations before tax",
                "concept": "IncomeLossFromContinuingOperationsBeforeIncomeTaxesMinorityInterestAndIncomeLossFromEquityMethodInvestments",
                "unit": "usd",
                "value": 24200000
            },
            {
                "label": "Provision for income taxes",
                "concept": "IncomeTaxExpenseBenefit",
                "unit": "usd",
                "value": 9700000
            },
            {
                "label": "Income from continuing operations",
                "concept": "IncomeLossFromContinuingOperationsIncludingPortionAttributableToNoncontrollingInterest",
                "unit": "usd",
                "value": 14500000
            },
            {
                "label": "Loss from discontinued operations, net of tax",
                "concept": "IncomeLossFromDiscontinuedOperationsNetOfTaxAttributableToReportingEntity",
                "unit": "usd",
                "value": 0
            },
            {
                "label": "Net income",
                "concept": "ProfitLoss",
                "unit": "usd",
                "value": 14500000
            },
            {
                "label": "Less net income attributable to noncontrolling interests",
                "concept": "NetIncomeLossAttributableToNoncontrollingInterest",
                "unit": "usd",
                "value": 800000
            },
            {
                "label": "Net income attributable to Brink\u2019s",
                "concept": "NetIncomeLoss",
                "unit": "usd",
                "value": 13700000
            },
            {
                "label": "Continuing operations",
                "concept": "IncomeLossFromContinuingOperations",
                "unit": "usd",
                "value": 13700000
            },
            {
                "label": "Discontinued operations",
                "concept": "IncomeLossFromDiscontinuedOperationsNetOfTax",
                "unit": "usd",
                "value": 0
            },
            {
                "label": "Net income attributable to Brink\u2019s",
                "concept": "NetIncomeLoss",
                "unit": "usd",
                "value": 13700000
            },
            {
                "label": "Continuing operations (dollars per share)",
                "concept": "IncomeLossFromContinuingOperationsPerBasicShare",
                "unit": "usd/shares",
                "value": 0.27
            },
            {
                "label": "Discontinued operations (dollars per share)",
                "concept": "IncomeLossFromDiscontinuedOperationsNetOfTaxPerBasicShare",
                "unit": "usd/shares",
                "value": 0.0
            },
            {
                "label": "Net income (dollars per share)",
                "concept": "EarningsPerShareBasic",
                "unit": "usd/shares",
                "value": 0.27
            },
            {
                "label": "Continuing operations (dollars per share)",
                "concept": "IncomeLossFromContinuingOperationsPerDilutedShare",
                "unit": "usd/shares",
                "value": 0.27
            },
            {
                "label": "Discontinued operations (dollars per share)",
                "concept": "IncomeLossFromDiscontinuedOperationsNetOfTaxPerDilutedShare",
                "unit": "usd/shares",
                "value": 0.0
            },
            {
                "label": "Net income (dollars per share)",
                "concept": "EarningsPerShareDiluted",
                "unit": "usd/shares",
                "value": 0.27
            },
            {
                "label": "Basic (shares)",
                "concept": "WeightedAverageNumberOfSharesOutstandingBasic",
                "unit": "shares",
                "value": 50000000
            },
            {
                "label": "Diluted (shares)",
                "concept": "WeightedAverageNumberOfDilutedSharesOutstanding",
                "unit": "shares",
                "value": 50900000
            },
            {
                "label": "Cash dividends paid per common share (dollars per share)",
                "concept": "CommonStockDividendsPerShareCashPaid",
                "unit": "usd/shares",
                "value": 0.15
            }
        ]
    }
}