{
    "startDate": "2019-01-01",
    "endDate": "2019-03-31",
    "year": "2019",
    "quarter": "Q1",
    "symbol": "OMC",
    "data": {
        "bs": [
            {
                "label": "Cash and cash equivalents",
                "concept": "CashAndCashEquivalentsAtCarryingValue",
                "unit": "usd",
                "value": 3449700000
            },
            {
                "label": "Short-term investments, at cost",
                "concept": "ShortTermInvestments",
                "unit": "usd",
                "value": 5400000
            },
            {
                "label": "Accounts receivable, net of allowance for doubtful accounts of $25.2 and $26.8",
                "concept": "AccountsReceivableNetCurrent",
                "unit": "usd",
                "value": 7036700000
            },
            {
                "label": "Work in process",
                "concept": "InventoryWorkInProcess",
                "unit": "usd",
                "value": 1314400000
            },
            {
                "label": "Other current assets",
                "concept": "OtherAssetsCurrent",
                "unit": "usd",
                "value": 1266000000
            },
            {
                "label": "Total Current Assets",
                "concept": "AssetsCurrent",
                "unit": "usd",
                "value": 13072200000
            },
            {
                "label": "Property and Equipment at cost, less accumulated depreciation of $1,150.4 and $1,185.0",
                "concept": "PropertyPlantAndEquipmentNet",
                "unit": "usd",
                "value": 686400000
            },
            {
                "label": "Operating Lease Right-Of-Use Assets",
                "concept": "OperatingLeaseRightOfUseAsset",
                "unit": "usd",
                "value": 1298800000
            },
            {
                "label": "Equity Method Investments",
                "concept": "EquityMethodInvestments",
                "unit": "usd",
                "value": 118400000
            },
            {
                "label": "Goodwill",
                "concept": "Goodwill",
                "unit": "usd",
                "value": 9378800000
            },
            {
                "label": "Intangible Assets, net of accumulated amortization of $739.4 and $737.4",
                "concept": "IntangibleAssetsNetExcludingGoodwill",
                "unit": "usd",
                "value": 367900000
            },
            {
                "label": "Other Assets",
                "concept": "OtherAssetsNoncurrent",
                "unit": "usd",
                "value": 288700000
            },
            {
                "label": "TOTAL ASSETS",
                "concept": "Assets",
                "unit": "usd",
                "value": 25211200000
            },
            {
                "label": "Accounts payable",
                "concept": "AccountsPayableCurrent",
                "unit": "usd",
                "value": 10342900000
            },
            {
                "label": "Customer advances",
                "concept": "CustomerAdvancesCurrent",
                "unit": "usd",
                "value": 1104100000
            },
            {
                "label": "Current portion of debt",
                "concept": "LongTermDebtCurrent",
                "unit": "usd",
                "value": 499800000
            },
            {
                "label": "Short-term debt",
                "concept": "ShortTermBorrowings",
                "unit": "eur",
                "value": 520000000
            },
            {
                "label": "Taxes payable",
                "concept": "TaxesPayableCurrent",
                "unit": "usd",
                "value": 184500000
            },
            {
                "label": "Other current liabilities",
                "concept": "OtherLiabilitiesCurrent",
                "unit": "usd",
                "value": 2186400000
            },
            {
                "label": "Total Current Liabilities",
                "concept": "LiabilitiesCurrent",
                "unit": "usd",
                "value": 14913100000
            },
            {
                "label": "Long-Term Liabilities",
                "concept": "OtherLiabilitiesNoncurrent",
                "unit": "usd",
                "value": 1027100000
            },
            {
                "label": "Long-Term Liability - Operating Leases",
                "concept": "OperatingLeaseLiabilityNoncurrent",
                "unit": "usd",
                "value": 1218000000
            },
            {
                "label": "Long-Term Debt",
                "concept": "LongTermNotesPayable",
                "unit": "usd",
                "value": 4402000000
            },
            {
                "label": "Deferred Tax Liabilities",
                "concept": "DeferredIncomeTaxLiabilitiesNet",
                "unit": "usd",
                "value": 418900000
            },
            {
                "label": "Commitments and Contingent Liabilities (Note 13)",
                "concept": "CommitmentsAndContingencies",
                "unit": "usd",
                "value": "N/A"
            },
            {
                "label": "Temporary Equity - Redeemable Noncontrolling Interests",
                "concept": "RedeemableNoncontrollingInterestEquityFairValue",
                "unit": "usd",
                "value": 262500000
            },
            {
                "label": "Preferred stock",
                "concept": "PreferredStockValue",
                "unit": "usd",
                "value": 0
            },
            {
                "label": "Common stock",
                "concept": "CommonStockValue",
                "unit": "usd",
                "value": 44600000
            },
            {
                "label": "Additional paid-in capital",
                "concept": "AdditionalPaidInCapitalCommonStock",
                "unit": "usd",
                "value": 718000000
            },
            {
                "label": "Retained earnings",
                "concept": "RetainedEarningsAccumulatedDeficit",
                "unit": "usd",
                "value": 7157000000
            },
            {
                "label": "Accumulated other comprehensive income (loss)",
                "concept": "AccumulatedOtherComprehensiveIncomeLossNetOfTax",
                "unit": "usd",
                "value": -1218000000
            },
            {
                "label": "Treasury stock, at cost",
                "concept": "TreasuryStockValue",
                "unit": "usd",
                "value": 4288300000
            },
            {
                "label": "Total Shareholders\u2019 Equity",
                "concept": "StockholdersEquity",
                "unit": "usd",
                "value": 2413300000
            },
            {
                "label": "Noncontrolling interests",
                "concept": "MinorityInterest",
                "unit": "usd",
                "value": 556300000
            },
            {
                "label": "Total Equity",
                "concept": "StockholdersEquityIncludingPortionAttributableToNoncontrollingInterest",
                "unit": "usd",
                "value": 2969600000
            },
            {
                "label": "TOTAL LIABILITIES AND EQUITY",
                "concept": "LiabilitiesAndStockholdersEquity",
                "unit": "usd",
                "value": 25211200000
            }
        ],
        "cf": [
            {
                "label": "Net Income",
                "concept": "ProfitLoss",
                "unit": "usd",
                "value": 279700000
            },
            {
                "label": "Depreciation and amortization of right-of-use assets",
                "concept": "Depreciation",
                "unit": "usd",
                "value": 38000000
            },
            {
                "label": "Amortization of intangible assets",
                "concept": "AmortizationOfIntangibleAssets",
                "unit": "usd",
                "value": 21600000
            },
            {
                "label": "Amortization of net deferred gain on interest rate swaps",
                "concept": "AmortizationOfDeferredHedgeGains",
                "unit": "usd",
                "value": -3200000
            },
            {
                "label": "Share-based compensation",
                "concept": "ShareBasedCompensation",
                "unit": "usd",
                "value": 16800000
            },
            {
                "label": "Other, net",
                "concept": "OtherOperatingActivitiesCashFlowStatement",
                "unit": "usd",
                "value": -12200000
            },
            {
                "label": "Use of operating capital",
                "concept": "IncreaseDecreaseInOperatingCapital",
                "unit": "usd",
                "value": 736300000
            },
            {
                "label": "Net Cash Used In Operating Activities",
                "concept": "NetCashProvidedByUsedInOperatingActivities",
                "unit": "usd",
                "value": -395600000
            },
            {
                "label": "Capital expenditures",
                "concept": "PaymentsToAcquirePropertyPlantAndEquipment",
                "unit": "usd",
                "value": 27200000
            },
            {
                "label": "Acquisition of businesses and interests in affiliates, net of cash acquired",
                "concept": "PaymentsToAcquireBusinessesAndInterestInAffiliates",
                "unit": "usd",
                "value": 700000
            },
            {
                "label": "Proceeds from disposition of subsidiaries and sale of investments",
                "concept": "ProceedsFromDivestitureOfBusinessesAndInterestsInAffiliates",
                "unit": "usd",
                "value": 64900000
            },
            {
                "label": "Net Cash Provided By (Used In) Investing Activities",
                "concept": "NetCashProvidedByUsedInInvestingActivities",
                "unit": "usd",
                "value": 37000000
            },
            {
                "label": "Change in short-term debt",
                "concept": "ProceedsFromRepaymentsOfShortTermDebt",
                "unit": "usd",
                "value": 587100000
            },
            {
                "label": "Dividends paid to common shareholders",
                "concept": "PaymentsOfDividends",
                "unit": "usd",
                "value": 134800000
            },
            {
                "label": "Repurchases of common stock",
                "concept": "PaymentsForRepurchaseOfCommonStock",
                "unit": "usd",
                "value": 286100000
            },
            {
                "label": "Proceeds from stock plans",
                "concept": "ProceedsFromStockPlans",
                "unit": "usd",
                "value": 2000000
            },
            {
                "label": "Acquisition of additional noncontrolling interests",
                "concept": "PaymentsToMinorityShareholders",
                "unit": "usd",
                "value": 2700000
            },
            {
                "label": "Dividends paid to noncontrolling interest shareholders",
                "concept": "PaymentsOfDividendsMinorityInterest",
                "unit": "usd",
                "value": 17000000
            },
            {
                "label": "Payment of contingent purchase price obligations",
                "concept": "PaymentForContingentConsiderationLiabilityFinancingActivities",
                "unit": "usd",
                "value": 3800000
            },
            {
                "label": "Other, net",
                "concept": "ProceedsFromPaymentsForOtherFinancingActivities",
                "unit": "usd",
                "value": -12400000
            },
            {
                "label": "Net Cash Provided By (Used In) Financing Activities",
                "concept": "NetCashProvidedByUsedInFinancingActivities",
                "unit": "usd",
                "value": 132300000
            },
            {
                "label": "Effect of foreign exchange rate changes on cash and cash equivalents",
                "concept": "EffectOfExchangeRateOnCashAndCashEquivalents",
                "unit": "usd",
                "value": 23600000
            },
            {
                "label": "Net Decrease in Cash and Cash Equivalents",
                "concept": "CashAndCashEquivalentsPeriodIncreaseDecrease",
                "unit": "usd",
                "value": -202700000
            }
        ],
        "ic": [
            {
                "label": "Salary and service costs",
                "concept": "omc:SalaryAndServiceCosts",
                "unit": "usd",
                "value": 2567600000
            },
            {
                "label": "Occupancy and other costs",
                "concept": "omc:OccupancyandOtherCosts",
                "unit": "usd",
                "value": 309200000
            },
            {
                "label": "Cost of services",
                "concept": "CostOfGoodsAndServicesSold",
                "unit": "usd",
                "value": 2876800000
            },
            {
                "label": "Selling, general and administrative expenses",
                "concept": "SellingGeneralAndAdministrativeExpense",
                "unit": "usd",
                "value": 103600000
            },
            {
                "label": "Depreciation and amortization",
                "concept": "DepreciationAndAmortization",
                "unit": "usd",
                "value": 59600000
            },
            {
                "label": "Operating Expenses",
                "concept": "OperatingExpenses",
                "unit": "usd",
                "value": 3040000000
            },
            {
                "label": "Operating Profit",
                "concept": "OperatingIncomeLoss",
                "unit": "usd",
                "value": 428900000
            },
            {
                "label": "Interest Expense",
                "concept": "InterestExpense",
                "unit": "usd",
                "value": 63000000
            },
            {
                "label": "Interest Income",
                "concept": "InvestmentIncomeInterest",
                "unit": "usd",
                "value": 17000000
            },
            {
                "label": "Income Before Income Taxes and Income (Loss) From Equity Method Investments",
                "concept": "IncomeLossFromContinuingOperationsBeforeIncomeTaxesMinorityInterestAndIncomeLossFromEquityMethodInvestments",
                "unit": "usd",
                "value": 382900000
            },
            {
                "label": "Income Tax Expense",
                "concept": "IncomeTaxExpenseBenefit",
                "unit": "usd",
                "value": 102700000
            },
            {
                "label": "Income (Loss) From Equity Method Investments",
                "concept": "IncomeLossFromEquityMethodInvestments",
                "unit": "usd",
                "value": -500000
            },
            {
                "label": "Net Income",
                "concept": "ProfitLoss",
                "unit": "usd",
                "value": 279700000
            },
            {
                "label": "Net Income Attributed To Noncontrolling Interests",
                "concept": "NetIncomeLossAttributableToNoncontrollingInterest",
                "unit": "usd",
                "value": 16500000
            },
            {
                "label": "Net Income - Omnicom Group Inc.",
                "concept": "NetIncomeLoss",
                "unit": "usd",
                "value": 263200000
            },
            {
                "label": "Basic",
                "concept": "EarningsPerShareBasic",
                "unit": "usd/shares",
                "value": 1.18
            },
            {
                "label": "Diluted",
                "concept": "EarningsPerShareDiluted",
                "unit": "usd/shares",
                "value": 1.17
            }
        ]
    }
}