{
    "startDate": "2019-01-01",
    "endDate": "2019-03-31",
    "year": "2019",
    "quarter": "Q1",
    "symbol": "JPM",
    "data": {
        "bs": [
            {
                "label": "Total structured notes",
                "concept": "jpm:StructuredNotesBalanceUnderFairValueOption",
                "unit": "usd",
                "value": 95806000000
            }
        ],
        "cf": [
            {
                "label": "Depreciation and amortization",
                "concept": "DepreciationAmortizationAndAccretionNet",
                "unit": "usd",
                "value": 2038000000
            },
            {
                "label": "Deferred tax (benefit)/expense",
                "concept": "DeferredIncomeTaxExpenseBenefit",
                "unit": "usd",
                "value": 233000000
            },
            {
                "label": "Other",
                "concept": "OtherNoncashIncomeExpense",
                "unit": "usd",
                "value": 640000000
            },
            {
                "label": "Originations and purchases of loans held-for-sale",
                "concept": "PaymentsForOriginationAndPurchasesOfLoansHeldForSale",
                "unit": "usd",
                "value": 15611000000
            },
            {
                "label": "Proceeds from sales, securitizations and paydowns of loans held-for-sale",
                "concept": "jpm:ProceedsFromSalesSecuritizationsAndPaydownsOfLoansHeldForSale",
                "unit": "usd",
                "value": 23528000000
            },
            {
                "label": "Trading assets",
                "concept": "IncreaseDecreaseInFinancialInstrumentsUsedInOperatingActivities",
                "unit": "usd",
                "value": 123064000000
            },
            {
                "label": "Securities borrowed",
                "concept": "IncreaseDecreaseInCashCollateralForBorrowedSecurities",
                "unit": "usd",
                "value": 11154000000
            },
            {
                "label": "Accrued interest and accounts receivable",
                "concept": "jpm:IncreaseDecreaseInAccruedInterestsAndAccountsReceivable",
                "unit": "usd",
                "value": 869000000
            },
            {
                "label": "Other assets",
                "concept": "IncreaseDecreaseInPrepaidDeferredExpenseAndOtherAssets",
                "unit": "usd",
                "value": 2292000000
            },
            {
                "label": "Trading liabilities",
                "concept": "IncreaseDecreaseInTradingLiabilities",
                "unit": "usd",
                "value": 13353000000
            },
            {
                "label": "Accounts payable and other liabilities",
                "concept": "jpm:IncreaseDecreaseInAccountsPayableAndOtherLiabilities",
                "unit": "usd",
                "value": 10705000000
            },
            {
                "label": "Other operating adjustments",
                "concept": "OtherOperatingActivitiesCashFlowStatement",
                "unit": "usd",
                "value": 4617000000
            },
            {
                "label": "Net cash (used in) operating activities",
                "concept": "NetCashProvidedByUsedInOperatingActivities",
                "unit": "usd",
                "value": 80880000000
            },
            {
                "label": "Federal funds sold and securities purchased under resale agreements",
                "concept": "ProceedsFromPaymentsForFederalFundsSoldAndSecuritiesPurchasedUnderAgreementsToResellNet",
                "unit": "usd",
                "value": 22459000000
            },
            {
                "label": "Proceeds from paydowns and maturities",
                "concept": "ProceedsFromMaturitiesPrepaymentsAndCallsOfHeldToMaturitySecurities",
                "unit": "usd",
                "value": 570000000
            },
            {
                "label": "Purchases",
                "concept": "PaymentsToAcquireHeldToMaturitySecurities",
                "unit": "usd",
                "value": "N/A"
            },
            {
                "label": "Proceeds from paydowns and maturities",
                "concept": "ProceedsFromMaturitiesPrepaymentsAndCallsOfAvailableForSaleSecurities",
                "unit": "usd",
                "value": 7613000000
            },
            {
                "label": "Proceeds from sales",
                "concept": "ProceedsFromSaleOfAvailableForSaleSecuritiesDebt",
                "unit": "usd",
                "value": 22289000000
            },
            {
                "label": "Purchases",
                "concept": "PaymentsToAcquireAvailableForSaleSecuritiesDebt",
                "unit": "usd",
                "value": 33244000000
            },
            {
                "label": "Proceeds from sales and securitizations of loans held-for-investment",
                "concept": "ProceedsFromSaleOfLoansAndLeasesHeldForInvestment",
                "unit": "usd",
                "value": 14584000000
            },
            {
                "label": "Other changes in loans, net",
                "concept": "jpm:ProceedsfromOtherLoansandLeases",
                "unit": "usd",
                "value": 3799000000
            },
            {
                "label": "All other investing activities, net",
                "concept": "PaymentsForProceedsFromOtherInvestingActivities",
                "unit": "usd",
                "value": 1769000000
            },
            {
                "label": "Net cash provided by/(used in) investing activities",
                "concept": "NetCashProvidedByUsedInInvestingActivities",
                "unit": "usd",
                "value": 36301000000
            },
            {
                "label": "Deposits",
                "concept": "IncreaseDecreaseInDeposits",
                "unit": "usd",
                "value": 26799000000
            },
            {
                "label": "Federal funds purchased and securities loaned or sold under repurchase agreements",
                "concept": "IncreaseDecreaseInFederalFundsPurchasedAndSecuritiesSoldUnderAgreementsToRepurchaseNet",
                "unit": "usd",
                "value": 40352000000
            },
            {
                "label": "Short-term borrowings",
                "concept": "ProceedsFromShortTermDebt",
                "unit": "usd",
                "value": 1455000000
            },
            {
                "label": "Beneficial interests issued by consolidated VIEs",
                "concept": "jpm:IncreaseDecreaseInBeneficialInterestsIssuedByConsolidatedVariableInterestEntities",
                "unit": "usd",
                "value": 5671000000
            },
            {
                "label": "Proceeds from long-term borrowings",
                "concept": "ProceedsFromIssuanceOfLongTermDebtAndCapitalSecuritiesNet",
                "unit": "usd",
                "value": 15560000000
            },
            {
                "label": "Payments of long-term borrowings",
                "concept": "RepaymentsOfLongTermDebtAndCapitalSecurities",
                "unit": "usd",
                "value": 12425000000
            },
            {
                "label": "Proceeds from issuance of preferred stock",
                "concept": "ProceedsFromIssuanceOfPreferredStockAndPreferenceStock",
                "unit": "usd",
                "value": 1850000000
            },
            {
                "label": "Redemption of preferred stock",
                "concept": "PaymentsForRepurchaseOfRedeemablePreferredStock",
                "unit": "usd",
                "value": 925000000
            },
            {
                "label": "Treasury stock repurchased",
                "concept": "PaymentsForRepurchaseOfCommonStock",
                "unit": "usd",
                "value": 5091000000
            },
            {
                "label": "Dividends paid",
                "concept": "PaymentsOfDividends",
                "unit": "usd",
                "value": 3033000000
            },
            {
                "label": "All other financing activities, net",
                "concept": "ProceedsFromPaymentsForOtherFinancingActivities",
                "unit": "usd",
                "value": 778000000
            },
            {
                "label": "Net cash provided by financing activities",
                "concept": "NetCashProvidedByUsedInFinancingActivities",
                "unit": "usd",
                "value": 69435000000
            },
            {
                "label": "Effect of exchange rate changes on cash and due from banks and deposits with banks",
                "concept": "EffectOfExchangeRateOnCashCashEquivalentsRestrictedCashAndRestrictedCashEquivalents",
                "unit": "usd",
                "value": 1045000000
            },
            {
                "label": "Net increase/(decrease) in cash and due from banks and deposits with banks",
                "concept": "CashCashEquivalentsRestrictedCashAndRestrictedCashEquivalentsPeriodIncreaseDecreaseIncludingExchangeRateEffect",
                "unit": "usd",
                "value": 23811000000
            },
            {
                "label": "Cash interest paid",
                "concept": "InterestPaidNet",
                "unit": "usd",
                "value": 7336000000
            },
            {
                "label": "Cash income taxes paid, net",
                "concept": "IncomeTaxesPaidNet",
                "unit": "usd",
                "value": 534000000
            }
        ],
        "ic": [
            {
                "label": "Investment banking fees",
                "concept": "InvestmentBankingRevenue",
                "unit": "usd",
                "value": 1840000000
            },
            {
                "label": "Principal transactions",
                "concept": "PrincipalTransactionsRevenue",
                "unit": "usd",
                "value": 4076000000
            },
            {
                "label": "Lending- and deposit-related fees",
                "concept": "jpm:LendingAndDepositRelatedFees",
                "unit": "usd",
                "value": 1482000000
            },
            {
                "label": "Asset management, administration and commissions",
                "concept": "jpm:AssetManagementAdministrationAndCommissions",
                "unit": "usd",
                "value": 4114000000
            },
            {
                "label": "Investment securities gains/(losses)",
                "concept": "DebtSecuritiesAvailableForSaleRealizedGainLoss",
                "unit": "usd",
                "value": 13000000
            },
            {
                "label": "Mortgage fees and related income",
                "concept": "jpm:MortgageFeesAndRelatedIncome",
                "unit": "usd",
                "value": 396000000
            },
            {
                "label": "Card income",
                "concept": "jpm:FeesAndCommissionsCreditAndDebitCards1",
                "unit": "usd",
                "value": 1274000000
            },
            {
                "label": "Other income",
                "concept": "NoninterestIncomeOther",
                "unit": "usd",
                "value": 1475000000
            },
            {
                "label": "Noninterest revenue",
                "concept": "NoninterestIncome",
                "unit": "usd",
                "value": 14670000000
            },
            {
                "label": "Interest income",
                "concept": "InterestIncomeOperating",
                "unit": "usd",
                "value": 21894000000
            },
            {
                "label": "Interest expense",
                "concept": "InterestExpense",
                "unit": "usd",
                "value": 7441000000
            },
            {
                "label": "Compensation expense",
                "concept": "LaborAndRelatedExpense",
                "unit": "usd",
                "value": 8937000000
            },
            {
                "label": "Occupancy expense",
                "concept": "OccupancyNet",
                "unit": "usd",
                "value": 1068000000
            },
            {
                "label": "Technology, communications and equipment expense",
                "concept": "CommunicationsAndInformationTechnology",
                "unit": "usd",
                "value": 2364000000
            },
            {
                "label": "Professional and outside services",
                "concept": "ProfessionalAndContractServicesExpense",
                "unit": "usd",
                "value": 2039000000
            },
            {
                "label": "Marketing",
                "concept": "MarketingAndAdvertisingExpense",
                "unit": "usd",
                "value": 879000000
            },
            {
                "label": "Other expense",
                "concept": "OtherNoninterestExpense",
                "unit": "usd",
                "value": 1108000000
            },
            {
                "label": "Total noninterest expense",
                "concept": "NoninterestExpense",
                "unit": "usd",
                "value": 16395000000
            },
            {
                "label": "Income tax expense",
                "concept": "IncomeTaxExpenseBenefit",
                "unit": "usd",
                "value": 2054000000
            },
            {
                "label": "Net income applicable to common stockholders",
                "concept": "NetIncomeLossAvailableToCommonStockholdersBasic",
                "unit": "usd",
                "value": 8753000000
            },
            {
                "label": "Basic earnings per share (in dollars per share)",
                "concept": "EarningsPerShareBasic",
                "unit": "usd/shares",
                "value": 2.65
            },
            {
                "label": "Diluted earnings per share (in dollars per share)",
                "concept": "EarningsPerShareDiluted",
                "unit": "usd/shares",
                "value": 2.65
            },
            {
                "label": "Weighted-average basic shares (in shares)",
                "concept": "WeightedAverageNumberOfSharesOutstandingBasic",
                "unit": "shares",
                "value": 3298000000.0
            },
            {
                "label": "Weighted-average diluted shares (in shares)",
                "concept": "WeightedAverageNumberOfDilutedSharesOutstanding",
                "unit": "shares",
                "value": 3308200000.0
            }
        ]
    }
}