{
    "startDate": "2019-01-01",
    "endDate": "2019-03-31",
    "year": "2019",
    "quarter": "Q1",
    "symbol": "TGPL",
    "data": {
        "bs": [
            {
                "label": "Cash",
                "concept": "Cash",
                "unit": "usd",
                "value": 0
            },
            {
                "label": "Affiliates",
                "concept": "DueFromRelatedPartiesCurrent",
                "unit": "usd",
                "value": 399000
            },
            {
                "label": "Trade and other",
                "concept": "AccountsReceivableNetCurrent",
                "unit": "usd",
                "value": 234245000
            },
            {
                "label": "Transportation and exchange gas receivables",
                "concept": "GasImbalanceAssetLiability",
                "unit": "usd",
                "value": 6339000
            },
            {
                "label": "Inventories",
                "concept": "OtherInventory",
                "unit": "usd",
                "value": 67736000
            },
            {
                "label": "Regulatory assets",
                "concept": "RegulatoryAssetsCurrent",
                "unit": "usd",
                "value": 103903000
            },
            {
                "label": "Other",
                "concept": "OtherAssetsCurrent",
                "unit": "usd",
                "value": 7474000
            },
            {
                "label": "Total current assets",
                "concept": "AssetsCurrent",
                "unit": "usd",
                "value": 420096000
            },
            {
                "label": "Investments, at cost plus equity in undistributed earnings",
                "concept": "EquityMethodInvestments",
                "unit": "usd",
                "value": 25815000
            },
            {
                "label": "Natural gas transmission plant",
                "concept": "PropertyPlantAndEquipmentGross",
                "unit": "usd",
                "value": 16073782000
            },
            {
                "label": "Less-Accumulated depreciation and amortization",
                "concept": "AccumulatedDepreciationDepletionAndAmortizationPropertyPlantAndEquipment",
                "unit": "usd",
                "value": 4240363000
            },
            {
                "label": "Total property, plant and equipment, net",
                "concept": "PropertyPlantAndEquipmentNet",
                "unit": "usd",
                "value": 11833419000
            },
            {
                "label": "Regulatory assets",
                "concept": "RegulatoryAssetsNoncurrent",
                "unit": "usd",
                "value": 273733000
            },
            {
                "label": "Other",
                "concept": "OtherAssetsNoncurrent",
                "unit": "usd",
                "value": 187070000
            },
            {
                "label": "Total other assets",
                "concept": "AssetsNoncurrent",
                "unit": "usd",
                "value": 550627000
            },
            {
                "label": "Total Assets",
                "concept": "Assets",
                "unit": "usd",
                "value": 12829957000
            },
            {
                "label": "Affiliates",
                "concept": "DueToRelatedPartiesCurrent",
                "unit": "usd",
                "value": 46485000
            },
            {
                "label": "Trade and other",
                "concept": "AccountsPayableTradeCurrent",
                "unit": "usd",
                "value": 165998000
            },
            {
                "label": "Transportation and exchange gas payables",
                "concept": "GasImbalancePayableCurrent",
                "unit": "usd",
                "value": 3480000
            },
            {
                "label": "Regulatory liabilities",
                "concept": "RegulatoryLiabilityCurrent",
                "unit": "usd",
                "value": 44226000
            },
            {
                "label": "Accrued liabilities",
                "concept": "AccruedLiabilitiesCurrent",
                "unit": "usd",
                "value": 208382000
            },
            {
                "label": "Long-term debt due within one year",
                "concept": "LongTermDebtCurrent",
                "unit": "usd",
                "value": 15810000
            },
            {
                "label": "Total current liabilities",
                "concept": "LiabilitiesCurrent",
                "unit": "usd",
                "value": 570961000
            },
            {
                "label": "Asset retirement obligations",
                "concept": "AssetRetirementObligationsNoncurrent",
                "unit": "usd",
                "value": 366945000
            },
            {
                "label": "Regulatory liabilities",
                "concept": "RegulatoryLiabilityNoncurrent",
                "unit": "usd",
                "value": 991779000
            },
            {
                "label": "Deferred revenue",
                "concept": "DeferredRevenueNoncurrent",
                "unit": "usd",
                "value": 223526000
            },
            {
                "label": "Other",
                "concept": "OtherLiabilitiesNoncurrent",
                "unit": "usd",
                "value": 5657000
            },
            {
                "label": "Total other long-term liabilities",
                "concept": "LiabilitiesOtherThanLongtermDebtNoncurrent",
                "unit": "usd",
                "value": 1673666000
            },
            {
                "label": "Contingent Liabilities and Commitments (Note 4)",
                "concept": "CommitmentsAndContingencies",
                "unit": "usd",
                "value": "N/A"
            },
            {
                "label": "Member's capital",
                "concept": "MembersCapital",
                "unit": "usd",
                "value": 4428499000
            },
            {
                "label": "Retained earnings",
                "concept": "RetainedEarningsAccumulatedDeficit",
                "unit": "usd",
                "value": 2153269000
            },
            {
                "label": "Accumulated other comprehensive income",
                "concept": "AccumulatedOtherComprehensiveIncomeLossNetOfTax",
                "unit": "usd",
                "value": 304000
            },
            {
                "label": "Total member's equity",
                "concept": "MembersEquity",
                "unit": "usd",
                "value": 6582072000
            },
            {
                "label": "Total liabilities and member's equity",
                "concept": "LiabilitiesAndStockholdersEquity",
                "unit": "usd",
                "value": 12829957000
            }
        ],
        "cf": [
            {
                "label": "Depreciation and amortization",
                "concept": "DepreciationDepletionAndAmortization",
                "unit": "usd",
                "value": 104623000
            },
            {
                "label": "Allowance for equity funds used during construction (equity AFUDC)",
                "concept": "IncreaseDecreaseInAllowanceForEquityFundsUsedDuringConstruction",
                "unit": "usd",
                "value": 6510000
            },
            {
                "label": "Regulatory credit resulting from Tax Reform",
                "concept": "tgpl:RegulatorycreditresultingfromTaxReform",
                "unit": "usd",
                "value": 1749000
            },
            {
                "label": "Equity in (earnings) losses of unconsolidated affiliates",
                "concept": "IncomeLossFromEquityMethodInvestments",
                "unit": "usd",
                "value": 771000
            },
            {
                "label": "Distribution from unconsolidated affiliates",
                "concept": "EquityMethodInvestmentDividendsOrDistributions",
                "unit": "usd",
                "value": 1200000
            },
            {
                "label": "Receivables - affiliates",
                "concept": "IncreaseDecreaseInDueFromAffiliatesCurrent",
                "unit": "usd",
                "value": -619000
            },
            {
                "label": "Receivables - trade and other",
                "concept": "IncreaseDecreaseInOtherReceivables",
                "unit": "usd",
                "value": 33047000
            },
            {
                "label": "Transportation and exchange gas receivable",
                "concept": "tgpl:IncreaseDecreaseInTransportationAndExchangeGasReceivable",
                "unit": "usd",
                "value": 1824000
            },
            {
                "label": "Inventories",
                "concept": "IncreaseDecreaseInInventories",
                "unit": "usd",
                "value": 4531000
            },
            {
                "label": "Payables - affiliates",
                "concept": "IncreaseDecreaseInDueToAffiliatesCurrent",
                "unit": "usd",
                "value": -4242000
            },
            {
                "label": "Payables - trade",
                "concept": "IncreaseDecreaseInAccountsPayable",
                "unit": "usd",
                "value": -45546000
            },
            {
                "label": "Accrued liabilities",
                "concept": "IncreaseDecreaseInAccruedLiabilities",
                "unit": "usd",
                "value": -13105000
            },
            {
                "label": "Asset retirement obligations - non-current",
                "concept": "IncreaseDecreaseInAssetRetirementObligations",
                "unit": "usd",
                "value": 18577000
            },
            {
                "label": "Deferred revenue",
                "concept": "IncreaseDecreaseInDeferredRevenue",
                "unit": "usd",
                "value": -2638000
            },
            {
                "label": "Other, net",
                "concept": "OtherOperatingActivitiesCashFlowStatement",
                "unit": "usd",
                "value": 3419000
            },
            {
                "label": "Net cash provided by operating activities",
                "concept": "NetCashProvidedByUsedInOperatingActivitiesContinuingOperations",
                "unit": "usd",
                "value": 244225000
            },
            {
                "label": "Proceeds from long-term debt",
                "concept": "ProceedsFromIssuanceOfSeniorLongTermDebt",
                "unit": "usd",
                "value": 0
            },
            {
                "label": "Proceeds from other financing obligations",
                "concept": "ProceedsFromPaymentsForOtherFinancingActivities",
                "unit": "usd",
                "value": 7914000
            },
            {
                "label": "Payments on other financing obligations",
                "concept": "PaymentsOfFinancingCosts",
                "unit": "usd",
                "value": 3680000
            },
            {
                "label": "Payments for debt issuance costs",
                "concept": "PaymentsOfDebtIssuanceCosts",
                "unit": "usd",
                "value": 0
            },
            {
                "label": "Advances from affiliate, net",
                "concept": "IncreaseDecreaseInNotesPayableRelatedPartiesCurrent",
                "unit": "usd",
                "value": 86580000
            },
            {
                "label": "Net cash provided by (used in) financing activities",
                "concept": "NetCashProvidedByUsedInFinancingActivitiesContinuingOperations",
                "unit": "usd",
                "value": -85186000
            },
            {
                "label": "Property, plant and equipment additions, net of equity AFUDC",
                "concept": "PaymentsToAcquirePropertyPlantAndEquipment",
                "unit": "usd",
                "value": 184556000
            },
            {
                "label": "Contributions and advances for construction costs",
                "concept": "ProceedsFromContributionInAidOfConstruction",
                "unit": "usd",
                "value": 10057000
            },
            {
                "label": "Disposal of property, plant and equipment, net",
                "concept": "PaymentsForProceedsFromRemovalCosts",
                "unit": "usd",
                "value": 5477000
            },
            {
                "label": "Advances to affiliate, net",
                "concept": "IncreaseDecreaseInNotesReceivableRelatedPartiesCurrent",
                "unit": "usd",
                "value": -33034000
            },
            {
                "label": "Purchase of ARO Trust investments",
                "concept": "PaymentsToInvestInDecommissioningFund",
                "unit": "usd",
                "value": 19518000
            },
            {
                "label": "Proceeds from sale of ARO Trust investments",
                "concept": "ProceedsFromDecommissioningFund",
                "unit": "usd",
                "value": 9767000
            },
            {
                "label": "Other, net",
                "concept": "PaymentsForProceedsFromOtherInvestingActivities",
                "unit": "usd",
                "value": 2346000
            },
            {
                "label": "Net cash used in investing activities",
                "concept": "NetCashProvidedByUsedInInvestingActivitiesContinuingOperations",
                "unit": "usd",
                "value": -159039000
            },
            {
                "label": "Increase (decrease) in cash",
                "concept": "CashPeriodIncreaseDecrease",
                "unit": "usd",
                "value": 0
            },
            {
                "label": "Increase to property, plant and equipment, net of equity AFUDC",
                "concept": "PaymentsToAcquireOilAndGasPropertyAndEquipment",
                "unit": "usd",
                "value": 161741000
            },
            {
                "label": "Changes in related accounts payable and accrued liabilities",
                "concept": "IncreaseDecreaseInAccountsPayableAndAccruedLiabilities",
                "unit": "usd",
                "value": -22815000
            },
            {
                "label": "Property, plant and equipment additions, net of equity AFUDC",
                "concept": "PaymentsToAcquirePropertyPlantAndEquipment",
                "unit": "usd",
                "value": 184556000
            }
        ],
        "ic": [
            {
                "label": "Natural gas sales",
                "concept": "ResultsOfOperationsSalesRevenueToUnaffiliatedEnterprises",
                "unit": "usd",
                "value": 24086000
            },
            {
                "label": "Natural gas transportation",
                "concept": "RegulatedOperatingRevenuePipelines",
                "unit": "usd",
                "value": 534160000
            },
            {
                "label": "Natural gas storage",
                "concept": "RevenueFromContractWithCustomerExcludingAssessedTax",
                "unit": "usd",
                "value": 36085000
            },
            {
                "label": "Other",
                "concept": "ResultsOfOperationsRevenueOther",
                "unit": "usd",
                "value": 2762000
            },
            {
                "label": "Total operating revenues",
                "concept": "ResultsOfOperationsRevenueFromOilAndGasProducingActivities",
                "unit": "usd",
                "value": 597093000
            },
            {
                "label": "Cost of natural gas sales",
                "concept": "CostOfGoodsAndServicesSold",
                "unit": "usd",
                "value": 24086000
            },
            {
                "label": "Cost of natural gas transportation",
                "concept": "CostOfRevenue",
                "unit": "usd",
                "value": 14635000
            },
            {
                "label": "Operation and maintenance",
                "concept": "UtilitiesOperatingExpenseMaintenanceAndOperations",
                "unit": "usd",
                "value": 83448000
            },
            {
                "label": "Administrative and general",
                "concept": "GeneralAndAdministrativeExpense",
                "unit": "usd",
                "value": 48151000
            },
            {
                "label": "Taxes - other than income taxes",
                "concept": "TaxesExcludingIncomeAndExciseTaxes",
                "unit": "usd",
                "value": 20277000
            },
            {
                "label": "Other expense, net",
                "concept": "OtherOperatingIncomeExpenseNet",
                "unit": "usd",
                "value": -13349000
            },
            {
                "label": "Total operating costs and expenses",
                "concept": "CostsAndExpenses",
                "unit": "usd",
                "value": 306820000
            },
            {
                "label": "Operating Income",
                "concept": "OperatingIncomeLoss",
                "unit": "usd",
                "value": 290273000
            },
            {
                "label": "Interest expense",
                "concept": "InterestExpense",
                "unit": "usd",
                "value": 71091000
            },
            {
                "label": "Allowance for equity and borrowed funds used during construction (AFUDC)",
                "concept": "PublicUtilitiesAllowanceForFundsUsedDuringConstructionAdditions",
                "unit": "usd",
                "value": 8714000
            },
            {
                "label": "Miscellaneous other (income) expenses, net",
                "concept": "OtherNonoperatingIncomeExpense",
                "unit": "usd",
                "value": 1035000
            },
            {
                "label": "Total other (income) and other expenses",
                "concept": "NonoperatingIncomeExpense",
                "unit": "usd",
                "value": -60571000
            },
            {
                "label": "Net Income",
                "concept": "NetIncomeLoss",
                "unit": "usd",
                "value": 229702000
            },
            {
                "label": "Equity interest in unrealized gain (loss) on interest rate hedges (includes $(78) for 2019 and $6 for 2018, of accumulated other comprehensive income reclassification for equity interest in realized losses (gains) on interest rate hedges)",
                "concept": "OtherComprehensiveIncomeDerivativesQualifyingAsHedgesNetOfTaxPortionAttributableToParent",
                "unit": "usd",
                "value": -230000
            },
            {
                "label": "Comprehensive Income",
                "concept": "ComprehensiveIncomeNetOfTax",
                "unit": "usd",
                "value": 229472000
            }
        ]
    }
}