{
    "startDate": "2019-01-01",
    "endDate": "2019-03-31",
    "year": "2019",
    "quarter": "Q1",
    "symbol": "HUM",
    "data": {
        "bs": [
            {
                "label": "Cash and cash equivalents",
                "concept": "CashAndCashEquivalentsAtCarryingValue",
                "unit": "usd",
                "value": 3877000000
            },
            {
                "label": "Investment securities",
                "concept": "AvailableForSaleSecuritiesDebtSecuritiesCurrent",
                "unit": "usd",
                "value": 9876000000
            },
            {
                "label": "Receivables, less allowance for doubtful accounts of $78 in 2019 and $79 in 2018",
                "concept": "ReceivablesNetCurrent",
                "unit": "usd",
                "value": 1955000000
            },
            {
                "label": "Other current assets",
                "concept": "OtherAssetsCurrent",
                "unit": "usd",
                "value": 3965000000
            },
            {
                "label": "Total current assets",
                "concept": "AssetsCurrent",
                "unit": "usd",
                "value": 19673000000
            },
            {
                "label": "Property and equipment, net",
                "concept": "PropertyPlantAndEquipmentNet",
                "unit": "usd",
                "value": 1754000000
            },
            {
                "label": "Long-term investment securities",
                "concept": "AvailableForSaleSecuritiesDebtSecuritiesNoncurrent",
                "unit": "usd",
                "value": 422000000
            },
            {
                "label": "Equity method investment in Kindred at Home",
                "concept": "EquityMethodInvestments",
                "unit": "usd",
                "value": 1048000000
            },
            {
                "label": "Goodwill",
                "concept": "Goodwill",
                "unit": "usd",
                "value": 3897000000
            },
            {
                "label": "Other long-term assets",
                "concept": "OtherAssetsNoncurrent",
                "unit": "usd",
                "value": 1555000000
            },
            {
                "label": "Total assets",
                "concept": "Assets",
                "unit": "usd",
                "value": 28349000000
            },
            {
                "label": "Trade accounts payable and accrued expenses",
                "concept": "AccountsPayableAndAccruedLiabilitiesCurrent",
                "unit": "usd",
                "value": 3719000000
            },
            {
                "label": "Book overdraft",
                "concept": "OtherShortTermBorrowings",
                "unit": "usd",
                "value": 154000000
            },
            {
                "label": "Unearned revenues",
                "concept": "ContractWithCustomerLiabilityCurrent",
                "unit": "usd",
                "value": 312000000
            },
            {
                "label": "Short-term debt",
                "concept": "DebtCurrent",
                "unit": "usd",
                "value": 1718000000
            },
            {
                "label": "Total current liabilities",
                "concept": "LiabilitiesCurrent",
                "unit": "usd",
                "value": 11927000000
            },
            {
                "label": "Long-term debt",
                "concept": "LongTermDebtNoncurrent",
                "unit": "usd",
                "value": 4376000000
            },
            {
                "label": "Future policy benefits payable",
                "concept": "LiabilityForFuturePolicyBenefits",
                "unit": "usd",
                "value": 213000000
            },
            {
                "label": "Other long-term liabilities",
                "concept": "OtherLiabilitiesNoncurrent",
                "unit": "usd",
                "value": 992000000
            },
            {
                "label": "Total liabilities",
                "concept": "Liabilities",
                "unit": "usd",
                "value": 17508000000
            },
            {
                "label": "Commitments and contingencies (Note 14)",
                "concept": "CommitmentsAndContingencies",
                "unit": "usd",
                "value": "N/A"
            },
            {
                "label": "Preferred stock, $1 par; 10,000,000 shares authorized; none issued",
                "concept": "PreferredStockValue",
                "unit": "usd",
                "value": 0
            },
            {
                "label": "Common stock, $0.16 2/3 par; 300,000,000 shares authorized; 198,594,841 shares issued at March 31, 2019 and 198,594,841 shares issued at December 31, 2018",
                "concept": "CommonStockValue",
                "unit": "usd",
                "value": 33000000
            },
            {
                "label": "Capital in excess of par value",
                "concept": "AdditionalPaidInCapitalCommonStock",
                "unit": "usd",
                "value": 2722000000
            },
            {
                "label": "Retained earnings",
                "concept": "RetainedEarningsAccumulatedDeficit",
                "unit": "usd",
                "value": 15563000000
            },
            {
                "label": "Accumulated other comprehensive loss",
                "concept": "AccumulatedOtherComprehensiveIncomeLossNetOfTax",
                "unit": "usd",
                "value": -10000000
            },
            {
                "label": "Treasury stock, at cost, 63,559,823 shares at March 31, 2019 and 63,028,169 shares at December 31, 2018",
                "concept": "TreasuryStockValue",
                "unit": "usd",
                "value": 7467000000
            },
            {
                "label": "Total stockholders\u2019 equity",
                "concept": "StockholdersEquity",
                "unit": "usd",
                "value": 10841000000
            },
            {
                "label": "Total liabilities and stockholders\u2019 equity",
                "concept": "LiabilitiesAndStockholdersEquity",
                "unit": "usd",
                "value": 28349000000
            }
        ],
        "cf": [
            {
                "label": "Net income",
                "concept": "NetIncomeLoss",
                "unit": "usd",
                "value": 566000000
            },
            {
                "label": "Net realized capital losses (gains)",
                "concept": "DebtSecuritiesAvailableForSaleRealizedGainLoss",
                "unit": "usd",
                "value": -2000000
            },
            {
                "label": "Equity in net earnings of Kindred at Home",
                "concept": "IncomeLossFromEquityMethodInvestments",
                "unit": "usd",
                "value": 3000000
            },
            {
                "label": "Stock-based compensation",
                "concept": "ShareBasedCompensation",
                "unit": "usd",
                "value": 33000000
            },
            {
                "label": "Depreciation",
                "concept": "DepreciationAndAmortization",
                "unit": "usd",
                "value": 118000000
            },
            {
                "label": "Amortization",
                "concept": "AmortizationOfIntangibleAssets",
                "unit": "usd",
                "value": 18000000
            },
            {
                "label": "(Benefit) provision for deferred income taxes",
                "concept": "IncreaseDecreaseInDeferredIncomeTaxes",
                "unit": "usd",
                "value": 21000000
            },
            {
                "label": "Receivables",
                "concept": "IncreaseDecreaseInReceivables",
                "unit": "usd",
                "value": 940000000
            },
            {
                "label": "Other assets",
                "concept": "IncreaseDecreaseInOtherOperatingAssets",
                "unit": "usd",
                "value": 102000000
            },
            {
                "label": "Benefits payable",
                "concept": "IncreaseDecreaseInHealthCareInsuranceLiabilities",
                "unit": "usd",
                "value": 1162000000
            },
            {
                "label": "Other liabilities",
                "concept": "IncreaseDecreaseInOtherOperatingLiabilities",
                "unit": "usd",
                "value": 16000000
            },
            {
                "label": "Unearned revenues",
                "concept": "IncreaseDecreaseInContractWithCustomerLiability",
                "unit": "usd",
                "value": 29000000
            },
            {
                "label": "Other",
                "concept": "IncreaseDecreaseInOtherOperatingCapitalNet",
                "unit": "usd",
                "value": -18000000
            },
            {
                "label": "Net cash provided by operating activities",
                "concept": "NetCashProvidedByUsedInOperatingActivities",
                "unit": "usd",
                "value": 896000000
            },
            {
                "label": "Acquisitions, net of cash acquired",
                "concept": "PaymentsToAcquireBusinessesNetOfCashAcquired",
                "unit": "usd",
                "value": 0
            },
            {
                "label": "Purchases of property and equipment",
                "concept": "PaymentsToAcquirePropertyPlantAndEquipment",
                "unit": "usd",
                "value": 139000000
            },
            {
                "label": "Purchases of investment securities",
                "concept": "PaymentsToAcquireAvailableForSaleSecuritiesDebt",
                "unit": "usd",
                "value": 2175000000
            },
            {
                "label": "Maturities of investment securities",
                "concept": "ProceedsFromMaturitiesPrepaymentsAndCallsOfAvailableForSaleSecurities",
                "unit": "usd",
                "value": 397000000
            },
            {
                "label": "Proceeds from sales of investment securities",
                "concept": "ProceedsFromSaleOfAvailableForSaleSecuritiesDebt",
                "unit": "usd",
                "value": 2062000000
            },
            {
                "label": "Net cash provided by (used in) investing activities",
                "concept": "NetCashProvidedByUsedInInvestingActivities",
                "unit": "usd",
                "value": 145000000
            },
            {
                "label": "Receipts from contract deposits, net",
                "concept": "IncreaseDecreaseInOtherDeposits",
                "unit": "usd",
                "value": 554000000
            },
            {
                "label": "Proceeds from issuance of commercial paper, net",
                "concept": "ProceedsFromRepaymentsOfCommercialPaper",
                "unit": "usd",
                "value": 17000000
            },
            {
                "label": "Change in book overdraft",
                "concept": "IncreaseDecreaseInBookOverdrafts",
                "unit": "usd",
                "value": -17000000
            },
            {
                "label": "Common stock repurchases",
                "concept": "PaymentsForRepurchaseOfCommonStock",
                "unit": "usd",
                "value": 10000000
            },
            {
                "label": "Dividends paid",
                "concept": "PaymentsOfDividends",
                "unit": "usd",
                "value": 68000000
            },
            {
                "label": "Proceeds from stock option exercises and other, net",
                "concept": "ProceedsFromStockOptionsExercised",
                "unit": "usd",
                "value": 17000000
            },
            {
                "label": "Net cash provided by financing activities",
                "concept": "NetCashProvidedByUsedInFinancingActivities",
                "unit": "usd",
                "value": 493000000
            },
            {
                "label": "Increase in cash and cash equivalents",
                "concept": "CashCashEquivalentsRestrictedCashAndRestrictedCashEquivalentsPeriodIncreaseDecreaseExcludingExchangeRateEffect",
                "unit": "usd",
                "value": 1534000000
            },
            {
                "label": "Interest payments",
                "concept": "InterestPaidNet",
                "unit": "usd",
                "value": 29000000
            },
            {
                "label": "Income tax (refunds) payments, net",
                "concept": "IncomeTaxesPaidNet",
                "unit": "usd",
                "value": -22000000
            }
        ],
        "ic": [
            {
                "label": "Services",
                "concept": "RevenueFromContractWithCustomerIncludingAssessedTax",
                "unit": "usd",
                "value": 355000000
            },
            {
                "label": "Provision for income taxes",
                "concept": "IncomeTaxExpenseBenefit",
                "unit": "usd",
                "value": 183000000
            },
            {
                "label": "Net income",
                "concept": "NetIncomeLoss",
                "unit": "usd",
                "value": 566000000
            },
            {
                "label": "Basic earnings per common share (in dollars per share)",
                "concept": "EarningsPerShareBasic",
                "unit": "usd/shares",
                "value": 4.18
            },
            {
                "label": "Diluted earnings per common share (in dollars per share)",
                "concept": "EarningsPerShareDiluted",
                "unit": "usd/shares",
                "value": 4.16
            }
        ]
    }
}