{
    "startDate": "2019-01-01",
    "endDate": "2019-03-31",
    "year": "2019",
    "quarter": "Q1",
    "symbol": "MUR",
    "data": {
        "bs": [
            {
                "label": "Stockholders' Equity, Including Portion Attributable to Noncontrolling Interest",
                "concept": "StockholdersEquityIncludingPortionAttributableToNoncontrollingInterest",
                "unit": "usd",
                "value": 5326677000
            },
            {
                "label": "Stockholders' Equity, Including Portion Attributable to Noncontrolling Interest",
                "concept": "StockholdersEquityIncludingPortionAttributableToNoncontrollingInterest",
                "unit": "usd",
                "value": 5326677000
            }
        ],
        "cf": [
            {
                "label": "Net Income (Loss), Including Portion Attributable to Noncontrolling Interest",
                "concept": "ProfitLoss",
                "unit": "usd",
                "value": 72769000
            },
            {
                "label": "Income Loss From Discontinued Operations Net Of Tax",
                "concept": "IncomeLossFromDiscontinuedOperationsNetOfTax",
                "unit": "usd",
                "value": 49846000
            },
            {
                "label": "Depreciation Depletion And Amortization",
                "concept": "DepreciationDepletionAndAmortization",
                "unit": "usd",
                "value": 229406000
            },
            {
                "label": "Previously Suspended Exploration Costs (Credit)",
                "concept": "mur:PreviouslySuspendedExplorationCostsCredit",
                "unit": "usd",
                "value": 13251000
            },
            {
                "label": "Amortization Of Leased Asset",
                "concept": "AmortizationOfLeasedAsset",
                "unit": "usd",
                "value": 8045000
            },
            {
                "label": "Asset Retirement Obligation Accretion Expense",
                "concept": "AssetRetirementObligationAccretionExpense",
                "unit": "usd",
                "value": 9340000
            },
            {
                "label": "Deferred Income Tax Expense Benefit",
                "concept": "DeferredIncomeTaxExpenseBenefit",
                "unit": "usd",
                "value": 15589000
            },
            {
                "label": "Gains Losses On Sales Of Assets",
                "concept": "GainLossOnDispositionOfAssets1",
                "unit": "usd",
                "value": 12000
            },
            {
                "label": "Business Combination, Contingent Consideration Arrangements, Change in Amount of Contingent Consideration, Liability",
                "concept": "BusinessCombinationContingentConsiderationArrangementsChangeInAmountOfContingentConsiderationLiability1",
                "unit": "usd",
                "value": 13530000
            },
            {
                "label": "Employee Benefits and Share-based Compensation, Noncash",
                "concept": "EmployeeBenefitsAndShareBasedCompensationNoncash",
                "unit": "usd",
                "value": 22388000
            },
            {
                "label": "Increase Decrease In Operating Capital",
                "concept": "IncreaseDecreaseInOperatingCapital",
                "unit": "usd",
                "value": 98505000
            },
            {
                "label": "Other Noncash Income Expense",
                "concept": "OtherOperatingActivitiesCashFlowStatement",
                "unit": "usd",
                "value": -18758000
            },
            {
                "label": "Net Cash Provided By Used In Operating Activities Continuing Operations",
                "concept": "NetCashProvidedByUsedInOperatingActivitiesContinuingOperations",
                "unit": "usd",
                "value": 217197000
            },
            {
                "label": "Payments To Acquire Productive Assets",
                "concept": "PaymentsToAcquireProductiveAssets",
                "unit": "usd",
                "value": 270338000
            },
            {
                "label": "Net Cash Provided by (Used in) Investing Activities, Continuing Operations",
                "concept": "NetCashProvidedByUsedInInvestingActivitiesContinuingOperations",
                "unit": "usd",
                "value": -270338000
            },
            {
                "label": "Reduction of Short-term Capital Lease Obligations",
                "concept": "RepaymentsOfLongTermCapitalLeaseObligations",
                "unit": "usd",
                "value": 160000
            },
            {
                "label": "Payments Related To Tax Withholding For Share Based Compensation",
                "concept": "PaymentsRelatedToTaxWithholdingForShareBasedCompensation",
                "unit": "usd",
                "value": 6991000
            },
            {
                "label": "Payments to Noncontrolling Interests",
                "concept": "PaymentsToMinorityShareholders",
                "unit": "usd",
                "value": 18437000
            },
            {
                "label": "Payments Of Dividends Common Stock",
                "concept": "PaymentsOfDividendsCommonStock",
                "unit": "usd",
                "value": 43398000
            },
            {
                "label": "Net Cash Provided By Used In Financing Activities",
                "concept": "NetCashProvidedByUsedInFinancingActivitiesContinuingOperations",
                "unit": "usd",
                "value": -68986000
            },
            {
                "label": "Cash Provided By Used In Operating Activities Discontinued Operations",
                "concept": "CashProvidedByUsedInOperatingActivitiesDiscontinuedOperations",
                "unit": "usd",
                "value": 123469000
            },
            {
                "label": "Cash Provided by (Used in) Investing Activities, Discontinued Operations",
                "concept": "CashProvidedByUsedInInvestingActivitiesDiscontinuedOperations",
                "unit": "usd",
                "value": -26438000
            },
            {
                "label": "Cash And Cash Equivalents Period Increase Decrease, Discontinued Operations",
                "concept": "CashProvidedByUsedInFinancingActivitiesDiscontinuedOperations",
                "unit": "usd",
                "value": -2547000
            },
            {
                "label": "Net Cash Provided by (Used in) Discontinued Operations",
                "concept": "NetCashProvidedByUsedInDiscontinuedOperations",
                "unit": "usd",
                "value": 94484000
            },
            {
                "label": "Cash Transferred To Continuing Operations From Discontinued Operations",
                "concept": "mur:CashTransferredToContinuingOperationsFromDiscontinuedOperations",
                "unit": "usd",
                "value": 46080000
            },
            {
                "label": "Effect Of Exchange Rate On Cash And Cash Equivalents",
                "concept": "EffectOfExchangeRateOnCashCashEquivalentsRestrictedCashAndRestrictedCashEquivalentsIncludingDisposalGroupAndDiscontinuedOperations",
                "unit": "usd",
                "value": 2405000
            },
            {
                "label": "Cash And Cash Equivalents Period Increase Decrease",
                "concept": "CashCashEquivalentsRestrictedCashAndRestrictedCashEquivalentsPeriodIncreaseDecreaseIncludingExchangeRateEffect",
                "unit": "usd",
                "value": -73642000
            }
        ],
        "ic": [
            {
                "label": "Net income (loss) for the period",
                "concept": "NetIncomeLoss",
                "unit": "usd",
                "value": 40182000
            },
            {
                "label": "Other Comprehensive Income Loss Foreign Currency Transaction And Translation Adjustment Net Of Tax",
                "concept": "OtherComprehensiveIncomeLossForeignCurrencyTransactionAndTranslationAdjustmentNetOfTax",
                "unit": "usd",
                "value": 25449000
            },
            {
                "label": "Other Comprehensive Income Loss Pension And Other Postretirement Benefit Plans Adjustment Net Of Tax",
                "concept": "OtherComprehensiveIncomeLossReclassificationAdjustmentFromAOCIPensionAndOtherPostretirementBenefitPlansNetOfTax",
                "unit": "usd",
                "value": 2754000
            },
            {
                "label": "Other Comprehensive Income (Loss), Derivatives Qualifying as Hedges, Net of Tax",
                "concept": "OtherComprehensiveIncomeLossDerivativesQualifyingAsHedgesNetOfTax",
                "unit": "usd",
                "value": 585000
            },
            {
                "label": "Other Comprehensive Income Loss Net Of Tax",
                "concept": "OtherComprehensiveIncomeLossNetOfTax",
                "unit": "usd",
                "value": 28788000
            },
            {
                "label": "Comprehensive Income Net Of Tax",
                "concept": "ComprehensiveIncomeNetOfTax",
                "unit": "usd",
                "value": 68970000
            }
        ]
    }
}