{
    "startDate": "2019-01-01",
    "endDate": "2019-03-31",
    "year": "2018",
    "quarter": "Q1",
    "symbol": "DOV",
    "data": {
        "bs": [
            {
                "label": "Foreign currency cash flow hedges - asset",
                "concept": "ForeignCurrencyContractAssetFairValueDisclosure",
                "unit": "usd",
                "value": 3996000
            },
            {
                "label": "Foreign currency cash flow hedges - liability",
                "concept": "ForeignCurrencyContractsLiabilityFairValueDisclosure",
                "unit": "usd",
                "value": 637000
            }
        ],
        "cf": [
            {
                "label": "Net earnings",
                "concept": "NetIncomeLoss",
                "unit": "usd",
                "value": 105705000
            },
            {
                "label": "Earnings (loss) from discontinued operations",
                "concept": "IncomeLossFromDiscontinuedOperationsNetOfTaxAttributableToReportingEntity",
                "unit": "usd",
                "value": "N/A"
            },
            {
                "label": "Loss on assets held for sale",
                "concept": "GainLossOnSalesOfAssetsAndAssetImpairmentCharges",
                "unit": "usd",
                "value": 46946000
            },
            {
                "label": "Depreciation and amortization",
                "concept": "DepreciationDepletionAndAmortization",
                "unit": "usd",
                "value": 67738000
            },
            {
                "label": "Share-based compensation expense",
                "concept": "ShareBasedCompensation",
                "unit": "usd",
                "value": 8182000
            },
            {
                "label": "Other, net",
                "concept": "IncreaseDecreaseInOtherOperatingCapitalNet",
                "unit": "usd",
                "value": 2363000
            },
            {
                "label": "Accounts receivable, net",
                "concept": "IncreaseDecreaseInAccountsReceivable",
                "unit": "usd",
                "value": 42252000
            },
            {
                "label": "Inventories",
                "concept": "IncreaseDecreaseInInventories",
                "unit": "usd",
                "value": 73041000
            },
            {
                "label": "Prepaid expenses and other assets",
                "concept": "IncreaseDecreaseInPrepaidDeferredExpenseAndOtherAssets",
                "unit": "usd",
                "value": 14921000
            },
            {
                "label": "Accounts payable",
                "concept": "IncreaseDecreaseInAccountsPayable",
                "unit": "usd",
                "value": 22638000
            },
            {
                "label": "Accrued compensation and employee benefits",
                "concept": "IncreaseDecreaseInEmployeeRelatedLiabilities",
                "unit": "usd",
                "value": 55559000
            },
            {
                "label": "Accrued expenses and other liabilities",
                "concept": "IncreaseDecreaseInAccruedLiabilities",
                "unit": "usd",
                "value": 16107000
            },
            {
                "label": "Accrued and deferred taxes, net",
                "concept": "IncreaseDecreaseInAccruedIncomeTaxesPayable",
                "unit": "usd",
                "value": 18108000
            },
            {
                "label": "Net cash provided by operating activities",
                "concept": "NetCashProvidedByUsedInOperatingActivitiesContinuingOperations",
                "unit": "usd",
                "value": 24524000
            },
            {
                "label": "Additions to property, plant and equipment",
                "concept": "PaymentsToAcquirePropertyPlantAndEquipment",
                "unit": "usd",
                "value": 37122000
            },
            {
                "label": "Acquisitions, net of cash and cash equivalents acquired",
                "concept": "PaymentsToAcquireBusinessesNetOfCashAcquired",
                "unit": "usd",
                "value": 175083000
            },
            {
                "label": "Proceeds from sale of property, plant, and equipment",
                "concept": "ProceedsFromSaleOfPropertyPlantAndEquipment",
                "unit": "usd",
                "value": 170000
            },
            {
                "label": "Proceeds from sale of businesses",
                "concept": "ProceedsFromDivestitureOfBusinesses",
                "unit": "usd",
                "value": 2245000
            },
            {
                "label": "Other",
                "concept": "PaymentsForProceedsFromOtherInvestingActivities",
                "unit": "usd",
                "value": 7900000
            },
            {
                "label": "Net cash (used in) provided by investing activities",
                "concept": "NetCashProvidedByUsedInInvestingActivitiesContinuingOperations",
                "unit": "usd",
                "value": 217690000
            },
            {
                "label": "Repurchase of common stock, including prepayment under an accelerated share repurchase program",
                "concept": "PaymentsForRepurchaseOfCommonStock",
                "unit": "usd",
                "value": "N/A"
            },
            {
                "label": "Change in commercial paper and notes payable",
                "concept": "ProceedsFromRepaymentsOfCommercialPaper",
                "unit": "usd",
                "value": 125893000
            },
            {
                "label": "Dividends paid to stockholders",
                "concept": "PaymentsOfDividendsCommonStock",
                "unit": "usd",
                "value": 69809000
            },
            {
                "label": "Payments to settle employee tax obligations on exercise of share-based awards",
                "concept": "PaymentsRelatedToTaxWithholdingForShareBasedCompensation",
                "unit": "usd",
                "value": 19608000
            },
            {
                "label": "Repayments of long-term debt",
                "concept": "RepaymentsOfLongTermDebt",
                "unit": "usd",
                "value": "N/A"
            },
            {
                "label": "Other",
                "concept": "ProceedsFromPaymentsForOtherFinancingActivities",
                "unit": "usd",
                "value": 409000
            },
            {
                "label": "Net cash used in by financing activities",
                "concept": "NetCashProvidedByUsedInFinancingActivities",
                "unit": "usd",
                "value": 36067000
            },
            {
                "label": "Cash Provided by (Used in) Operating Activities, Discontinued Operations",
                "concept": "CashProvidedByUsedInOperatingActivitiesDiscontinuedOperations",
                "unit": "usd",
                "value": "N/A"
            },
            {
                "label": "Cash Provided by (Used in) Investing Activities, Discontinued Operations",
                "concept": "CashProvidedByUsedInInvestingActivitiesDiscontinuedOperations",
                "unit": "usd",
                "value": "N/A"
            },
            {
                "label": "Net Cash Provided by (Used in) Discontinued Operations",
                "concept": "NetCashProvidedByUsedInDiscontinuedOperations",
                "unit": "usd",
                "value": "N/A"
            },
            {
                "label": "Effect of Exchange Rate on Cash and Cash Equivalents",
                "concept": "EffectOfExchangeRateOnCashAndCashEquivalents",
                "unit": "usd",
                "value": 3892000
            },
            {
                "label": "Net (decrease) increase in cash and cash equivalents",
                "concept": "CashAndCashEquivalentsPeriodIncreaseDecrease",
                "unit": "usd",
                "value": 153207000
            }
        ],
        "ic": [
            {
                "label": "Net earnings",
                "concept": "NetIncomeLoss",
                "unit": "usd",
                "value": 105705000
            },
            {
                "label": "Foreign currency translation (losses) gains",
                "concept": "OtherComprehensiveIncomeForeignCurrencyTransactionAndTranslationGainLossArisingDuringPeriodNetOfTax",
                "unit": "usd",
                "value": 23700000
            },
            {
                "label": "Reclassification of foreign currency translation losses to earnings",
                "concept": "OtherComprehensiveIncomeLossForeignCurrencyTransactionAndTranslationReclassificationAdjustmentFromAOCIRealizedUponSaleOrLiquidationNetOfTax",
                "unit": "usd",
                "value": 25339000
            },
            {
                "label": "Total foreign currency translation adjustment",
                "concept": "OtherComprehensiveIncomeLossForeignCurrencyTransactionAndTranslationAdjustmentNetOfTax",
                "unit": "usd",
                "value": 49039000
            },
            {
                "label": "Amortization of actuarial losses included in net periodic pension cost",
                "concept": "OtherComprehensiveIncomeLossReclassificationAdjustmentFromAOCIPensionAndOtherPostretirementBenefitPlansForNetGainLossNetOfTax",
                "unit": "usd",
                "value": 175000
            },
            {
                "label": "Amortization of prior service cost included in net periodic pension cost",
                "concept": "OtherComprehensiveIncomeLossAmortizationAdjustmentFromAOCIPensionAndOtherPostretirementBenefitPlansForNetPriorServiceCostCreditNetOfTax",
                "unit": "usd",
                "value": 572000
            },
            {
                "label": "Total pension and other postretirement benefit plans",
                "concept": "OtherComprehensiveIncomeLossPensionAndOtherPostretirementBenefitPlansAdjustmentNetOfTax",
                "unit": "usd",
                "value": 747000
            },
            {
                "label": "Unrealized net (losses) gains arising during period",
                "concept": "OtherComprehensiveIncomeUnrealizedGainLossOnDerivativesArisingDuringPeriodNetOfTax",
                "unit": "usd",
                "value": 2594000
            },
            {
                "label": "Net losses (gains) reclassified into earnings",
                "concept": "OtherComprehensiveIncomeLossReclassificationAdjustmentFromAOCIOnDerivativesNetOfTax",
                "unit": "usd",
                "value": 230000
            },
            {
                "label": "Total cash flow hedges",
                "concept": "OtherComprehensiveIncomeLossDerivativesQualifyingAsHedgesNetOfTax",
                "unit": "usd",
                "value": 2364000
            },
            {
                "label": "Other comprehensive (loss) earnings",
                "concept": "OtherComprehensiveIncomeLossNetOfTaxPortionAttributableToParent",
                "unit": "usd",
                "value": 52150000
            },
            {
                "label": "Comprehensive earnings",
                "concept": "ComprehensiveIncomeNetOfTax",
                "unit": "usd",
                "value": 157855000
            }
        ]
    }
}