{
    "startDate": "2018-05-01",
    "endDate": "2019-04-30",
    "year": "2019",
    "quarter": "FY",
    "symbol": "CASY",
    "data": {
        "bs": [
            {
                "label": "Cash and cash equivalents",
                "concept": "CashAndCashEquivalentsAtCarryingValue",
                "unit": "usd",
                "value": 63296000
            },
            {
                "label": "Receivables",
                "concept": "ReceivablesNetCurrent",
                "unit": "usd",
                "value": 37856000
            },
            {
                "label": "Inventories",
                "concept": "InventoryNet",
                "unit": "usd",
                "value": 273040000
            },
            {
                "label": "Prepaid expenses",
                "concept": "PrepaidExpenseCurrent",
                "unit": "usd",
                "value": 7493000
            },
            {
                "label": "Income taxes receivable",
                "concept": "IncomeTaxesReceivable",
                "unit": "usd",
                "value": 28895000
            },
            {
                "label": "Total current assets",
                "concept": "AssetsCurrent",
                "unit": "usd",
                "value": 410580000
            },
            {
                "label": "Land",
                "concept": "Land",
                "unit": "usd",
                "value": 792601000
            },
            {
                "label": "Buildings and leasehold improvements",
                "concept": "BuildingsAndImprovementsGross",
                "unit": "usd",
                "value": 1770695000
            },
            {
                "label": "Machinery and equipment",
                "concept": "MachineryAndEquipmentGross",
                "unit": "usd",
                "value": 2224330000
            },
            {
                "label": "Leasehold interest in property and equipment",
                "concept": "CapitalLeasedAssetsGross",
                "unit": "usd",
                "value": 25323000
            },
            {
                "label": "Construction in process",
                "concept": "ConstructionInProgressGross",
                "unit": "usd",
                "value": 124613000
            },
            {
                "label": "Property and equipment, at cost",
                "concept": "PropertyPlantAndEquipmentGross",
                "unit": "usd",
                "value": 4937562000
            },
            {
                "label": "Less accumulated depreciation and amortization",
                "concept": "AccumulatedDepreciationDepletionAndAmortizationPropertyPlantAndEquipment",
                "unit": "usd",
                "value": 1826936000
            },
            {
                "label": "Net property and equipment",
                "concept": "PropertyPlantAndEquipmentNet",
                "unit": "usd",
                "value": 3110626000
            },
            {
                "label": "Other assets, net of amortization",
                "concept": "OtherAssetsNoncurrent",
                "unit": "usd",
                "value": 52947000
            },
            {
                "label": "Total assets",
                "concept": "Assets",
                "unit": "usd",
                "value": 3731376000
            },
            {
                "label": "Lines of credit",
                "concept": "LineOfCredit",
                "unit": "usd",
                "value": 75000000
            },
            {
                "label": "Current maturities of long-term debt",
                "concept": "LongTermDebtCurrent",
                "unit": "usd",
                "value": 17205000
            },
            {
                "label": "Accounts payable",
                "concept": "AccountsPayableCurrent",
                "unit": "usd",
                "value": 335240000
            },
            {
                "label": "Wages and related taxes",
                "concept": "EmployeeRelatedLiabilitiesCurrent",
                "unit": "usd",
                "value": 39950000
            },
            {
                "label": "Property taxes",
                "concept": "casy:AccruedPropertyTaxes",
                "unit": "usd",
                "value": 32931000
            },
            {
                "label": "Insurance accruals",
                "concept": "SelfInsuranceReserveCurrent",
                "unit": "usd",
                "value": 21671000
            },
            {
                "label": "Other",
                "concept": "OtherLiabilitiesCurrent",
                "unit": "usd",
                "value": 68935000
            },
            {
                "label": "Total current liabilities",
                "concept": "LiabilitiesCurrent",
                "unit": "usd",
                "value": 590932000
            },
            {
                "label": "Deferred compensation",
                "concept": "DeferredCompensationLiabilityClassifiedNoncurrent",
                "unit": "usd",
                "value": 15881000
            },
            {
                "label": "Insurance accruals, net of current portion",
                "concept": "SelfInsuranceReserveNoncurrent",
                "unit": "usd",
                "value": 22663000
            },
            {
                "label": "Other long-term liabilities",
                "concept": "OtherLiabilitiesNoncurrent",
                "unit": "usd",
                "value": 24068000
            },
            {
                "label": "Total liabilities",
                "concept": "Liabilities",
                "unit": "usd",
                "value": 2322607000
            },
            {
                "label": "Commitments and contingencies",
                "concept": "CommitmentsAndContingencies",
                "unit": "usd",
                "value": "N/A"
            },
            {
                "label": "Preferred stock, no par value, none issued",
                "concept": "PreferredStockValue",
                "unit": "usd",
                "value": 0
            },
            {
                "label": "Common stock, no par value, 36,664,521 and 36,874,322 shares issued and outstanding at April 30, 2019 and 2018, respectively",
                "concept": "CommonStockValue",
                "unit": "usd",
                "value": 15600000
            },
            {
                "label": "Retained earnings",
                "concept": "RetainedEarningsAccumulatedDeficit",
                "unit": "usd",
                "value": 1393169000
            },
            {
                "label": "Total shareholders\u2019 equity",
                "concept": "StockholdersEquity",
                "unit": "usd",
                "value": 1408769000
            },
            {
                "label": "Total liabilities and shareholders\u2019 equity",
                "concept": "LiabilitiesAndStockholdersEquity",
                "unit": "usd",
                "value": 3731376000
            }
        ],
        "cf": [
            {
                "label": "Depreciation and amortization",
                "concept": "DepreciationAndAmortization",
                "unit": "usd",
                "value": 244387000
            },
            {
                "label": "Stock-based compensation",
                "concept": "ShareBasedCompensation",
                "unit": "usd",
                "value": 16410000
            },
            {
                "label": "Loss on disposal of assets and impairment charges",
                "concept": "GainLossOnSaleOfPropertyPlantEquipment",
                "unit": "usd",
                "value": -1384000
            },
            {
                "label": "Deferred income taxes",
                "concept": "IncreaseDecreaseInDeferredIncomeTaxes",
                "unit": "usd",
                "value": -45337000
            },
            {
                "label": "Receivables",
                "concept": "IncreaseDecreaseInAccountsReceivable",
                "unit": "usd",
                "value": -7189000
            },
            {
                "label": "Inventories",
                "concept": "IncreaseDecreaseInInventories",
                "unit": "usd",
                "value": 29648000
            },
            {
                "label": "Prepaid expenses",
                "concept": "IncreaseDecreaseInPrepaidExpense",
                "unit": "usd",
                "value": 1727000
            },
            {
                "label": "Accounts payable",
                "concept": "IncreaseDecreaseInAccountsPayable",
                "unit": "usd",
                "value": 12451000
            },
            {
                "label": "Accrued expenses",
                "concept": "IncreaseDecreaseInAccruedLiabilities",
                "unit": "usd",
                "value": 30927000
            },
            {
                "label": "Income taxes",
                "concept": "IncreaseDecreaseInIncomeTaxesReceivable",
                "unit": "usd",
                "value": -22545000
            },
            {
                "label": "Other, net",
                "concept": "OtherNoncashIncomeExpense",
                "unit": "usd",
                "value": 22527000
            },
            {
                "label": "Net cash provided by operating activities",
                "concept": "NetCashProvidedByUsedInOperatingActivities",
                "unit": "usd",
                "value": 530614000
            },
            {
                "label": "Purchase of property and equipment",
                "concept": "PaymentsToAcquirePropertyPlantAndEquipment",
                "unit": "usd",
                "value": 394699000
            },
            {
                "label": "Payments for acquisitions of businesses, net of cash acquired",
                "concept": "PaymentsToAcquireBusinessesNetOfCashAcquired",
                "unit": "usd",
                "value": 68200000
            },
            {
                "label": "Proceeds from sales of property and equipment",
                "concept": "ProceedsFromSaleOfPropertyPlantAndEquipment",
                "unit": "usd",
                "value": 5069000
            },
            {
                "label": "Net cash used in investing activities",
                "concept": "NetCashProvidedByUsedInInvestingActivities",
                "unit": "usd",
                "value": -457830000
            },
            {
                "label": "Proceeds from long-term debt",
                "concept": "ProceedsFromIssuanceOfLongTermDebt",
                "unit": "usd",
                "value": 0
            },
            {
                "label": "Repayments of long-term debt",
                "concept": "RepaymentsOfLongTermDebt",
                "unit": "usd",
                "value": 16000000
            },
            {
                "label": "Net borrowings of short-term debt",
                "concept": "ProceedsFromShortTermDebt",
                "unit": "usd",
                "value": 35400000
            },
            {
                "label": "Proceeds from exercise of stock options",
                "concept": "ProceedsFromStockOptionsExercised",
                "unit": "usd",
                "value": 2290000
            },
            {
                "label": "Payments of cash dividends",
                "concept": "PaymentsOfDividends",
                "unit": "usd",
                "value": 41430000
            },
            {
                "label": "Repurchase of common stock",
                "concept": "PaymentsForRepurchaseOfCommonStock",
                "unit": "usd",
                "value": 37479000
            },
            {
                "label": "Tax withholdings on employee share-based awards",
                "concept": "PaymentsRelatedToTaxWithholdingForShareBasedCompensation",
                "unit": "usd",
                "value": 5948000
            },
            {
                "label": "Net cash (used in) provided by financing activities",
                "concept": "NetCashProvidedByUsedInFinancingActivities",
                "unit": "usd",
                "value": -63167000
            },
            {
                "label": "Net increase (decrease) in cash and cash equivalents",
                "concept": "CashCashEquivalentsRestrictedCashAndRestrictedCashEquivalentsPeriodIncreaseDecreaseIncludingExchangeRateEffect",
                "unit": "usd",
                "value": 9617000
            },
            {
                "label": "Cash paid during the year for interest, net of amount capitalized",
                "concept": "InterestPaidNet",
                "unit": "usd",
                "value": 56306000
            },
            {
                "label": "Cash (received) paid for income taxes, net",
                "concept": "IncomeTaxesPaidNet",
                "unit": "usd",
                "value": -11433000
            },
            {
                "label": "Purchased property and equipment in accounts payable",
                "concept": "CapitalExpendituresIncurredButNotYetPaid",
                "unit": "usd",
                "value": 15616000
            },
            {
                "label": "Shares repurchased in accounts payable",
                "concept": "casy:NoncashOrPartNoncashTransactionSharesRepurchased",
                "unit": "usd",
                "value": 0
            }
        ],
        "ic": [
            {
                "label": "Operating expenses",
                "concept": "OperatingExpenses",
                "unit": "usd",
                "value": 1391279000
            },
            {
                "label": "Interest, net",
                "concept": "InterestExpense",
                "unit": "usd",
                "value": 55656000
            },
            {
                "label": "Income before income taxes",
                "concept": "IncomeLossFromContinuingOperationsBeforeIncomeTaxesMinorityInterestAndIncomeLossFromEquityMethodInvestments",
                "unit": "usd",
                "value": 263402000
            },
            {
                "label": "Federal and state income taxes",
                "concept": "IncomeTaxExpenseBenefit",
                "unit": "usd",
                "value": 59516000
            },
            {
                "label": "Net income",
                "concept": "NetIncomeLoss",
                "unit": "usd",
                "value": 203886000
            },
            {
                "label": "Dividends declared (in Dollars per share)",
                "concept": "CommonStockDividendsPerShareDeclared",
                "unit": "usd/shares",
                "value": 1.16
            }
        ]
    }
}