{
    "startDate": "2019-01-01",
    "endDate": "2019-03-31",
    "year": "2019",
    "quarter": "Q1",
    "symbol": "VSEC",
    "data": {
        "bs": [
            {
                "label": "Cash and cash equivalents",
                "concept": "CashAndCashEquivalentsAtCarryingValue",
                "unit": "usd",
                "value": 829000
            },
            {
                "label": "Receivables, net",
                "concept": "AccountsReceivableNetCurrent",
                "unit": "usd",
                "value": 64746000
            },
            {
                "label": "Inventories, net",
                "concept": "InventoryFinishedGoods",
                "unit": "usd",
                "value": 181069000
            },
            {
                "label": "Other current assets",
                "concept": "OtherAssetsCurrent",
                "unit": "usd",
                "value": 18456000
            },
            {
                "label": "Total current assets",
                "concept": "AssetsCurrent",
                "unit": "usd",
                "value": 309550000
            },
            {
                "label": "Property and equipment, net",
                "concept": "PropertyPlantAndEquipmentNet",
                "unit": "usd",
                "value": 40167000
            },
            {
                "label": "Intangible assets, net",
                "concept": "IntangibleAssetsNetExcludingGoodwill",
                "unit": "usd",
                "value": 152901000
            },
            {
                "label": "Operating lease right-of-use assets",
                "concept": "OperatingLeaseRightOfUseAsset",
                "unit": "usd",
                "value": 26371000
            },
            {
                "label": "Other assets",
                "concept": "OtherAssetsNoncurrent",
                "unit": "usd",
                "value": 15844000
            },
            {
                "label": "Total assets",
                "concept": "Assets",
                "unit": "usd",
                "value": 804045000
            },
            {
                "label": "Current portion of long-term debt",
                "concept": "LongTermDebtCurrent",
                "unit": "usd",
                "value": 9466000
            },
            {
                "label": "Accounts payable",
                "concept": "AccountsPayableCurrent",
                "unit": "usd",
                "value": 59106000
            },
            {
                "label": "Current portion of earn-out obligation",
                "concept": "BusinessCombinationContingentConsiderationLiabilityCurrent",
                "unit": "usd",
                "value": 10700000
            },
            {
                "label": "Accrued expenses and other current liabilities",
                "concept": "AccruedLiabilitiesAndOtherLiabilities",
                "unit": "usd",
                "value": 39919000
            },
            {
                "label": "Dividends payable",
                "concept": "DividendsPayableCurrent",
                "unit": "usd",
                "value": 876000
            },
            {
                "label": "Total current liabilities",
                "concept": "LiabilitiesCurrent",
                "unit": "usd",
                "value": 120067000
            },
            {
                "label": "Long-term debt, less current portion",
                "concept": "LongTermDebtNoncurrent",
                "unit": "usd",
                "value": 265681000
            },
            {
                "label": "Deferred compensation",
                "concept": "DeferredCompensationLiabilityClassifiedNoncurrent",
                "unit": "usd",
                "value": 20909000
            },
            {
                "label": "Long-term lease obligations, less current portion",
                "concept": "vsec:LongTermLeaseObligations",
                "unit": "usd",
                "value": 0
            },
            {
                "label": "Earn-out obligation",
                "concept": "BusinessCombinationContingentConsiderationLiabilityNoncurrent",
                "unit": "usd",
                "value": 14300000
            },
            {
                "label": "Deferred tax liabilities",
                "concept": "DeferredIncomeTaxLiabilitiesNet",
                "unit": "usd",
                "value": 18712000
            },
            {
                "label": "Total liabilities",
                "concept": "Liabilities",
                "unit": "usd",
                "value": 466514000
            },
            {
                "label": "Commitments and contingencies (Note 6)",
                "concept": "CommitmentsAndContingencies",
                "unit": "usd",
                "value": "N/A"
            },
            {
                "label": "Common stock, par value $0.05 per share, authorized 15,000,000 shares; issued and outstanding 10,949,775 and 10,881,106, respectively",
                "concept": "CommonStockValue",
                "unit": "usd",
                "value": 547000
            },
            {
                "label": "Additional paid-in capital",
                "concept": "AdditionalPaidInCapitalCommonStock",
                "unit": "usd",
                "value": 28788000
            },
            {
                "label": "Retained earnings",
                "concept": "RetainedEarningsAccumulatedDeficit",
                "unit": "usd",
                "value": 308742000
            },
            {
                "label": "Accumulated other comprehensive (loss) income",
                "concept": "AccumulatedOtherComprehensiveIncomeLossNetOfTax",
                "unit": "usd",
                "value": -546000
            },
            {
                "label": "Total stockholders' equity",
                "concept": "StockholdersEquity",
                "unit": "usd",
                "value": 337531000
            },
            {
                "label": "Total liabilities and stockholders' equity",
                "concept": "LiabilitiesAndStockholdersEquity",
                "unit": "usd",
                "value": 804045000
            }
        ],
        "cf": [
            {
                "label": "Net income",
                "concept": "NetIncomeLoss",
                "unit": "usd",
                "value": 6603000
            },
            {
                "label": "Depreciation and amortization",
                "concept": "DepreciationDepletionAndAmortization",
                "unit": "usd",
                "value": 7430000
            },
            {
                "label": "Deferred taxes",
                "concept": "DeferredIncomeTaxesAndTaxCredits",
                "unit": "usd",
                "value": -564000
            },
            {
                "label": "Stock-based compensation",
                "concept": "ShareBasedCompensation",
                "unit": "usd",
                "value": 1640000
            },
            {
                "label": "Receivables, net",
                "concept": "IncreaseDecreaseInAccountsReceivable",
                "unit": "usd",
                "value": -2667000
            },
            {
                "label": "Unbilled receivables, net",
                "concept": "IncreaseDecreaseInContractWithCustomerAsset",
                "unit": "usd",
                "value": 3195000
            },
            {
                "label": "Inventories, net",
                "concept": "IncreaseDecreaseInInventories",
                "unit": "usd",
                "value": 7798000
            },
            {
                "label": "Other current assets and noncurrent assets",
                "concept": "IncreaseDecreaseInOtherOperatingAssets",
                "unit": "usd",
                "value": 4990000
            },
            {
                "label": "Accounts payable and deferred compensation",
                "concept": "IncreaseDecreaseInAccountsPayable",
                "unit": "usd",
                "value": 2653000
            },
            {
                "label": "Accrued expenses and other current and noncurrent liabilities",
                "concept": "IncreaseDecreaseInOtherAccountsPayableAndAccruedLiabilities",
                "unit": "usd",
                "value": -1675000
            },
            {
                "label": "Long-term lease obligations",
                "concept": "vsec:LongTermLeaseObligation",
                "unit": "usd",
                "value": 0
            },
            {
                "label": "Net cash provided by operating activities",
                "concept": "NetCashProvidedByUsedInOperatingActivities",
                "unit": "usd",
                "value": 2771000
            },
            {
                "label": "Purchases of property and equipment",
                "concept": "PaymentsToAcquirePropertyPlantAndEquipment",
                "unit": "usd",
                "value": 601000
            },
            {
                "label": "Proceeds from the sale of property and equipment",
                "concept": "ProceedsFromSaleOfPropertyPlantAndEquipment",
                "unit": "usd",
                "value": 3000
            },
            {
                "label": "Cash paid for acquisitions, net of cash acquired",
                "concept": "PaymentsToAcquireBusinessesNetOfCashAcquired",
                "unit": "usd",
                "value": 112660000
            },
            {
                "label": "Net cash used in investing activities",
                "concept": "NetCashProvidedByUsedInInvestingActivities",
                "unit": "usd",
                "value": -113258000
            },
            {
                "label": "Borrowings on loan agreement",
                "concept": "ProceedsFromIssuanceOfLongTermDebt",
                "unit": "usd",
                "value": 194598000
            },
            {
                "label": "Repayments on loan agreement",
                "concept": "RepaymentsOfLongTermDebt",
                "unit": "usd",
                "value": 80183000
            },
            {
                "label": "Payment of debt financing costs",
                "concept": "PaymentsOfDebtIssuanceCosts",
                "unit": "usd",
                "value": 1702000
            },
            {
                "label": "Payments on capital lease obligations",
                "concept": "RepaymentsOfLongTermCapitalLeaseObligations",
                "unit": "usd",
                "value": 0
            },
            {
                "label": "Payments of taxes for equity transactions",
                "concept": "PaymentsRelatedToTaxWithholdingForShareBasedCompensation",
                "unit": "usd",
                "value": 687000
            },
            {
                "label": "Dividends paid",
                "concept": "PaymentsOfDividendsCommonStock",
                "unit": "usd",
                "value": 872000
            },
            {
                "label": "Net cash provided by (used in) financing activities",
                "concept": "NetCashProvidedByUsedInFinancingActivities",
                "unit": "usd",
                "value": 111154000
            },
            {
                "label": "Net increase (decrease) in cash and cash equivalents",
                "concept": "CashCashEquivalentsRestrictedCashAndRestrictedCashEquivalentsPeriodIncreaseDecreaseIncludingExchangeRateEffect",
                "unit": "usd",
                "value": 667000
            }
        ],
        "ic": [
            {
                "label": "Total revenues",
                "concept": "RevenueFromContractWithCustomerExcludingAssessedTax",
                "unit": "usd",
                "value": 169919000
            },
            {
                "label": "Selling, general and administrative expenses",
                "concept": "SellingGeneralAndAdministrativeExpense",
                "unit": "usd",
                "value": 1382000
            },
            {
                "label": "Amortization of intangible assets",
                "concept": "AmortizationOfIntangibleAssets",
                "unit": "usd",
                "value": 4991000
            },
            {
                "label": "Total costs and operating expenses",
                "concept": "OperatingCostsAndExpenses",
                "unit": "usd",
                "value": 158106000
            },
            {
                "label": "Operating income",
                "concept": "OperatingIncomeLoss",
                "unit": "usd",
                "value": 11813000
            },
            {
                "label": "Interest expense, net",
                "concept": "InterestIncomeExpenseNet",
                "unit": "usd",
                "value": -3158000
            },
            {
                "label": "Income before income taxes",
                "concept": "IncomeLossFromContinuingOperationsBeforeIncomeTaxesExtraordinaryItemsNoncontrollingInterest",
                "unit": "usd",
                "value": 8655000
            },
            {
                "label": "Provision for income taxes",
                "concept": "IncomeTaxExpenseBenefit",
                "unit": "usd",
                "value": 2052000
            },
            {
                "label": "Net income",
                "concept": "NetIncomeLoss",
                "unit": "usd",
                "value": 6603000
            },
            {
                "label": "Basic earnings per share (in dollars per share)",
                "concept": "EarningsPerShareBasic",
                "unit": "usd/shares",
                "value": 0.6
            },
            {
                "label": "Diluted earnings per share (in dollars per share)",
                "concept": "EarningsPerShareDiluted",
                "unit": "usd/shares",
                "value": 0.6
            },
            {
                "label": "Diluted weighted average shares outstanding (in shares)",
                "concept": "WeightedAverageNumberOfDilutedSharesOutstanding",
                "unit": "shares",
                "value": 10974081
            },
            {
                "label": "Dividends declared per share (in dollars per share)",
                "concept": "CommonStockDividendsPerShareDeclared",
                "unit": "usd/shares",
                "value": 0.08
            }
        ]
    }
}