{
    "startDate": "2019-01-01",
    "endDate": "2019-03-31",
    "year": "2019",
    "quarter": "Q1",
    "symbol": "GNTX",
    "data": {
        "bs": [
            {
                "label": "Cash and cash equivalents",
                "concept": "CashAndCashEquivalentsAtCarryingValue",
                "unit": "usd",
                "value": 221688575
            },
            {
                "label": "Short-term investments",
                "concept": "ShortTermInvestments",
                "unit": "usd",
                "value": 180313222
            },
            {
                "label": "Accounts receivable, net",
                "concept": "AccountsReceivableNetCurrent",
                "unit": "usd",
                "value": 244266296
            },
            {
                "label": "Inventories",
                "concept": "InventoryNet",
                "unit": "usd",
                "value": 225303042
            },
            {
                "label": "Prepaid expenses and other",
                "concept": "PrepaidExpenseAndOtherAssetsCurrent",
                "unit": "usd",
                "value": 14824876
            },
            {
                "label": "Total current assets",
                "concept": "AssetsCurrent",
                "unit": "usd",
                "value": 886396011
            },
            {
                "label": "PLANT AND EQUIPMENT\u2014NET",
                "concept": "PropertyPlantAndEquipmentNet",
                "unit": "usd",
                "value": 492613112
            },
            {
                "label": "Goodwill",
                "concept": "Goodwill",
                "unit": "usd",
                "value": 307365845
            },
            {
                "label": "Long-term investments",
                "concept": "LongTermInvestments",
                "unit": "usd",
                "value": 126528508
            },
            {
                "label": "Intangible assets, net",
                "concept": "IntangibleAssetsNetExcludingGoodwill",
                "unit": "usd",
                "value": 264850000
            },
            {
                "label": "Patents and other assets, net",
                "concept": "gntx:PatentandOtherAssetsNet",
                "unit": "usd",
                "value": 22612152
            },
            {
                "label": "Total other assets",
                "concept": "OtherAssetsNoncurrent",
                "unit": "usd",
                "value": 721356505
            },
            {
                "label": "Total assets",
                "concept": "Assets",
                "unit": "usd",
                "value": 2100365628
            },
            {
                "label": "Accounts payable",
                "concept": "AccountsPayableCurrent",
                "unit": "usd",
                "value": 90117496
            },
            {
                "label": "Accrued liabilities",
                "concept": "AccruedLiabilitiesCurrent",
                "unit": "usd",
                "value": 94376376
            },
            {
                "label": "Total current liabilities",
                "concept": "LiabilitiesCurrent",
                "unit": "usd",
                "value": 184493872
            },
            {
                "label": "OTHER NON-CURRENT LIABILITIES",
                "concept": "OtherLiabilitiesNoncurrent",
                "unit": "usd",
                "value": 5509373
            },
            {
                "label": "DEFERRED INCOME TAXES",
                "concept": "DeferredTaxLiabilitiesNoncurrent",
                "unit": "usd",
                "value": 53287636
            },
            {
                "label": "Total liabilities",
                "concept": "Liabilities",
                "unit": "usd",
                "value": 243290881
            },
            {
                "label": "Common stock",
                "concept": "CommonStockValue",
                "unit": "usd",
                "value": 15335060
            },
            {
                "label": "Additional paid-in capital",
                "concept": "AdditionalPaidInCapitalCommonStock",
                "unit": "usd",
                "value": 748641461
            },
            {
                "label": "Retained earnings",
                "concept": "RetainedEarningsAccumulatedDeficit",
                "unit": "usd",
                "value": 1093373960
            },
            {
                "label": "Accumulated other comprehensive (loss) income",
                "concept": "AccumulatedOtherComprehensiveIncomeLossNetOfTax",
                "unit": "usd",
                "value": 275734
            },
            {
                "label": "Total shareholders\u2019 investment",
                "concept": "StockholdersEquity",
                "unit": "usd",
                "value": 1857074747
            },
            {
                "label": "Total liabilities and shareholders\u2019 investment",
                "concept": "LiabilitiesAndStockholdersEquity",
                "unit": "usd",
                "value": 2100365628
            }
        ],
        "cf": [
            {
                "label": "NET INCOME",
                "concept": "NetIncomeLoss",
                "unit": "usd",
                "value": 104280411
            },
            {
                "label": "Depreciation and amortization",
                "concept": "DepreciationDepletionAndAmortization",
                "unit": "usd",
                "value": 28098804
            },
            {
                "label": "(Gain) on disposal of assets",
                "concept": "GainLossOnSaleOfOtherAssets",
                "unit": "usd",
                "value": 43338
            },
            {
                "label": "Loss on disposal of assets",
                "concept": "GainLossOnDispositionOfAssets",
                "unit": "usd",
                "value": 122296
            },
            {
                "label": "(Gain) on sale of investments",
                "concept": "GainOnSaleOfInvestments",
                "unit": "usd",
                "value": 88576
            },
            {
                "label": "Loss on sale of investments",
                "concept": "GainLossOnSaleOfInvestments",
                "unit": "usd",
                "value": "N/A"
            },
            {
                "label": "Deferred income taxes",
                "concept": "DeferredIncomeTaxExpenseBenefit",
                "unit": "usd",
                "value": 1233853
            },
            {
                "label": "Stock-based compensation expense related to employee stock options, employee stock purchases and restricted stock",
                "concept": "ShareBasedCompensation",
                "unit": "usd",
                "value": 4862947
            },
            {
                "label": "Accounts receivable, net",
                "concept": "IncreaseDecreaseInAccountsReceivable",
                "unit": "usd",
                "value": 30728497
            },
            {
                "label": "Inventories",
                "concept": "IncreaseDecreaseInInventories",
                "unit": "usd",
                "value": 21443
            },
            {
                "label": "Prepaid expenses and other",
                "concept": "IncreaseDecreaseInPrepaidDeferredExpenseAndOtherAssets",
                "unit": "usd",
                "value": 10847705
            },
            {
                "label": "Accounts payable",
                "concept": "IncreaseDecreaseInAccountsPayable",
                "unit": "usd",
                "value": 2692820
            },
            {
                "label": "Accrued liabilities, excluding dividends declared and short-term debt",
                "concept": "IncreaseDecreaseInAccruedLiabilities",
                "unit": "usd",
                "value": 20436582
            },
            {
                "label": "Net cash provided by operating activities",
                "concept": "NetCashProvidedByUsedInOperatingActivities",
                "unit": "usd",
                "value": 133840218
            },
            {
                "label": "Sales proceeds",
                "concept": "ProceedsFromSaleOfAvailableForSaleSecurities",
                "unit": "usd",
                "value": 17139689
            },
            {
                "label": "Maturities and calls",
                "concept": "ProceedsFromMaturitiesPrepaymentsAndCallsOfAvailableForSaleSecurities",
                "unit": "usd",
                "value": 3000000
            },
            {
                "label": "Purchases",
                "concept": "PaymentsToAcquireAvailableForSaleSecurities",
                "unit": "usd",
                "value": 18475158
            },
            {
                "label": "Plant and equipment additions",
                "concept": "PaymentsToAcquireProductiveAssets",
                "unit": "usd",
                "value": 16844301
            },
            {
                "label": "Proceeds from sale of plant and equipment",
                "concept": "ProceedsFromSaleOfPropertyPlantAndEquipment",
                "unit": "usd",
                "value": 117455
            },
            {
                "label": "Decrease in other assets",
                "concept": "IncreaseDecreaseInOtherOperatingAssets",
                "unit": "usd",
                "value": 164215
            },
            {
                "label": "Net cash (used for) provided by investing activities",
                "concept": "NetCashProvidedByUsedInInvestingActivities",
                "unit": "usd",
                "value": 14898100
            },
            {
                "label": "Repayment of debt",
                "concept": "RepaymentsOfLongTermDebt",
                "unit": "usd",
                "value": "N/A"
            },
            {
                "label": "Issuance of common stock from stock plan transactions",
                "concept": "ProceedsFromIssuanceOfCommonStock",
                "unit": "usd",
                "value": 10514554
            },
            {
                "label": "Cash dividends paid",
                "concept": "PaymentsOfDividendsCommonStock",
                "unit": "usd",
                "value": 28526146
            },
            {
                "label": "Repurchases of common stock",
                "concept": "PaymentsForRepurchaseOfCommonStock",
                "unit": "usd",
                "value": 96267229
            },
            {
                "label": "Net cash (used for) financing activities",
                "concept": "NetCashProvidedByUsedInFinancingActivities",
                "unit": "usd",
                "value": 114278821
            },
            {
                "label": "NET INCREASE (DECREASE) IN CASH AND CASH EQUIVALENTS",
                "concept": "CashCashEquivalentsRestrictedCashAndRestrictedCashEquivalentsPeriodIncreaseDecreaseIncludingExchangeRateEffect",
                "unit": "usd",
                "value": 4663297
            }
        ],
        "ic": [
            {
                "label": "NET INCOME",
                "concept": "NetIncomeLoss",
                "unit": "usd",
                "value": 104280411
            },
            {
                "label": "Foreign currency translation adjustments",
                "concept": "OtherComprehensiveIncomeForeignCurrencyTransactionAndTranslationGainLossArisingDuringPeriodNetOfTax",
                "unit": "usd",
                "value": 298999
            },
            {
                "label": "Unrealized gains on derivatives",
                "concept": "OtherComprehensiveIncomeUnrealizedGainLossOnDerivativesArisingDuringPeriodBeforeTax",
                "unit": "usd",
                "value": "N/A"
            },
            {
                "label": "Unrealized gains (losses) on debt securities, net",
                "concept": "OtherComprehensiveIncomeUnrealizedHoldingGainLossOnSecuritiesArisingDuringPeriodBeforeTax",
                "unit": "usd",
                "value": 1298236
            },
            {
                "label": "Other comprehensive income, before tax",
                "concept": "OtherComprehensiveIncomeLossBeforeTaxPortionAttributableToParent",
                "unit": "usd",
                "value": 1597235
            },
            {
                "label": "Expense for income taxes related to components of other comprehensive income",
                "concept": "OtherComprehensiveIncomeLossTax",
                "unit": "usd",
                "value": 272631
            },
            {
                "label": "Other comprehensive income, net of tax",
                "concept": "OtherComprehensiveIncomeLossNetOfTaxPortionAttributableToParent",
                "unit": "usd",
                "value": 1324604
            },
            {
                "label": "Comprehensive Income",
                "concept": "ComprehensiveIncomeNetOfTax",
                "unit": "usd",
                "value": 105605015
            }
        ]
    }
}