{
    "startDate": "2018-12-31",
    "endDate": "2019-03-31",
    "year": "2019",
    "quarter": "Q1",
    "symbol": "KELYA",
    "data": {
        "bs": [
            {
                "label": "Cash and equivalents",
                "concept": "CashAndCashEquivalentsAtCarryingValue",
                "unit": "usd",
                "value": 30900000
            },
            {
                "label": "Trade accounts receivable, less allowances of $12.0 and $13.2, respectively",
                "concept": "AccountsReceivableNetCurrent",
                "unit": "usd",
                "value": 1283100000
            },
            {
                "label": "Prepaid expenses and other current assets",
                "concept": "PrepaidExpenseAndOtherAssetsCurrent",
                "unit": "usd",
                "value": 86200000
            },
            {
                "label": "Total current assets",
                "concept": "AssetsCurrent",
                "unit": "usd",
                "value": 1400200000
            },
            {
                "label": "Property and equipment",
                "concept": "PropertyPlantAndEquipmentGross",
                "unit": "usd",
                "value": 368200000
            },
            {
                "label": "Accumulated depreciation",
                "concept": "AccumulatedDepreciationDepletionAndAmortizationPropertyPlantAndEquipment",
                "unit": "usd",
                "value": 212700000
            },
            {
                "label": "Net property and equipment",
                "concept": "PropertyPlantAndEquipmentNet",
                "unit": "usd",
                "value": 155500000
            },
            {
                "label": "Deferred taxes",
                "concept": "DeferredTaxAssetsNetNoncurrent",
                "unit": "usd",
                "value": 204600000
            },
            {
                "label": "Goodwill",
                "concept": "Goodwill",
                "unit": "usd",
                "value": 127800000
            },
            {
                "label": "Other assets",
                "concept": "OtherAssetsNoncurrent",
                "unit": "usd",
                "value": 315700000
            },
            {
                "label": "Total noncurrent assets",
                "concept": "AssetsNoncurrent",
                "unit": "usd",
                "value": 1072000000
            },
            {
                "label": "Total Assets",
                "concept": "Assets",
                "unit": "usd",
                "value": 2472200000
            },
            {
                "label": "Short-term borrowings",
                "concept": "ShortTermBorrowings",
                "unit": "usd",
                "value": 74200000
            },
            {
                "label": "Accrued payroll and related taxes",
                "concept": "EmployeeRelatedLiabilitiesCurrent",
                "unit": "usd",
                "value": 292100000
            },
            {
                "label": "Accrued workers\u2019 compensation and other claims",
                "concept": "WorkersCompensationLiabilityCurrent",
                "unit": "usd",
                "value": 24400000
            },
            {
                "label": "Income and other taxes",
                "concept": "TaxesPayableCurrent",
                "unit": "usd",
                "value": 64900000
            },
            {
                "label": "Total current liabilities",
                "concept": "LiabilitiesCurrent",
                "unit": "usd",
                "value": 973400000
            },
            {
                "label": "Accrued workers\u2019 compensation and other claims",
                "concept": "WorkersCompensationLiabilityNoncurrent",
                "unit": "usd",
                "value": 47900000
            },
            {
                "label": "Accrued retirement benefits",
                "concept": "DeferredCompensationLiabilityClassifiedNoncurrent",
                "unit": "usd",
                "value": 176000000
            },
            {
                "label": "Other long-term liabilities",
                "concept": "OtherLiabilitiesNoncurrent",
                "unit": "usd",
                "value": 97100000
            },
            {
                "label": "Total noncurrent liabilities",
                "concept": "LiabilitiesNoncurrent",
                "unit": "usd",
                "value": 321000000
            },
            {
                "label": "Commitments and contingencies (see Contingencies footnote)",
                "concept": "CommitmentsAndContingencies",
                "unit": "usd",
                "value": "N/A"
            },
            {
                "label": "Paid-in capital",
                "concept": "AdditionalPaidInCapital",
                "unit": "usd",
                "value": 21000000
            },
            {
                "label": "Accumulated other comprehensive income (loss)",
                "concept": "AccumulatedOtherComprehensiveIncomeLossNetOfTax",
                "unit": "usd",
                "value": -18600000
            },
            {
                "label": "Total stockholders\u2019 equity",
                "concept": "StockholdersEquity",
                "unit": "usd",
                "value": 1177800000
            },
            {
                "label": "Total Liabilities and Stockholders\u2019 Equity",
                "concept": "LiabilitiesAndStockholdersEquity",
                "unit": "usd",
                "value": 2472200000
            }
        ],
        "cf": [
            {
                "label": "Depreciation and amortization",
                "concept": "DepreciationDepletionAndAmortization",
                "unit": "usd",
                "value": 7600000
            },
            {
                "label": "Provision for bad debts",
                "concept": "ProvisionForDoubtfulAccounts",
                "unit": "usd",
                "value": 300000
            },
            {
                "label": "Stock-based compensation",
                "concept": "ShareBasedCompensation",
                "unit": "usd",
                "value": 3200000
            },
            {
                "label": "Gain on investment in Persol Holdings",
                "concept": "GainLossOnInvestmentsExcludingOtherThanTemporaryImpairments",
                "unit": "usd",
                "value": 13200000
            },
            {
                "label": "Equity in net earnings of PersolKelly Asia Pacific",
                "concept": "IncomeLossFromEquityMethodInvestments",
                "unit": "usd",
                "value": -400000
            },
            {
                "label": "Other, net",
                "concept": "OtherNoncashIncomeExpense",
                "unit": "usd",
                "value": 400000
            },
            {
                "label": "Changes in operating assets and liabilities, net of acquisitions",
                "concept": "IncreaseDecreaseInOperatingCapital",
                "unit": "usd",
                "value": -1200000
            },
            {
                "label": "Net cash from (used in) operating activities",
                "concept": "NetCashProvidedByUsedInOperatingActivitiesContinuingOperations",
                "unit": "usd",
                "value": 21200000
            },
            {
                "label": "Capital expenditures",
                "concept": "PaymentsToAcquireProductiveAssets",
                "unit": "usd",
                "value": 4200000
            },
            {
                "label": "Acquisition of companies, net of cash received",
                "concept": "PaymentsToAcquireBusinessesNetOfCashAcquired",
                "unit": "usd",
                "value": 86400000
            },
            {
                "label": "Other investing activities",
                "concept": "PaymentsForProceedsFromOtherInvestingActivities",
                "unit": "usd",
                "value": -300000
            },
            {
                "label": "Net cash used in investing activities",
                "concept": "NetCashProvidedByUsedInInvestingActivitiesContinuingOperations",
                "unit": "usd",
                "value": -90300000
            },
            {
                "label": "Net change in short-term borrowings",
                "concept": "ProceedsFromRepaymentsOfShortTermDebt",
                "unit": "usd",
                "value": 72000000
            },
            {
                "label": "Dividend payments",
                "concept": "PaymentsOfDividendsCommonStock",
                "unit": "usd",
                "value": 3000000
            },
            {
                "label": "Payments of tax withholding for stock awards",
                "concept": "PaymentsRelatedToTaxWithholdingForShareBasedCompensation",
                "unit": "usd",
                "value": 2300000
            },
            {
                "label": "Net cash from financing activities",
                "concept": "NetCashProvidedByUsedInFinancingActivitiesContinuingOperations",
                "unit": "usd",
                "value": 66700000
            },
            {
                "label": "Effect of exchange rates on cash, cash equivalents and restricted cash",
                "concept": "EffectOfExchangeRateOnCashCashEquivalentsRestrictedCashAndRestrictedCashEquivalents",
                "unit": "usd",
                "value": -1900000
            },
            {
                "label": "Net change in cash, cash equivalents and restricted cash",
                "concept": "CashCashEquivalentsRestrictedCashAndRestrictedCashEquivalentsPeriodIncreaseDecreaseIncludingExchangeRateEffect",
                "unit": "usd",
                "value": -4300000
            }
        ],
        "ic": [
            {
                "label": "Revenue from services",
                "concept": "RevenueFromContractWithCustomerExcludingAssessedTax",
                "unit": "usd",
                "value": 1382600000
            },
            {
                "label": "Cost of services",
                "concept": "CostOfGoodsAndServicesSold",
                "unit": "usd",
                "value": 1131000000
            },
            {
                "label": "Gross profit",
                "concept": "GrossProfit",
                "unit": "usd",
                "value": 251600000
            },
            {
                "label": "Selling, general and administrative expenses",
                "concept": "SellingGeneralAndAdministrativeExpense",
                "unit": "usd",
                "value": 234800000
            },
            {
                "label": "Earnings from operations",
                "concept": "OperatingIncomeLoss",
                "unit": "usd",
                "value": 16800000
            },
            {
                "label": "Other expense, net",
                "concept": "OtherNonoperatingIncomeExpense",
                "unit": "usd",
                "value": -1100000
            },
            {
                "label": "Earnings before taxes and equity in net earnings (loss) of affiliate",
                "concept": "IncomeLossFromContinuingOperationsBeforeIncomeTaxesMinorityInterestAndIncomeLossFromEquityMethodInvestments",
                "unit": "usd",
                "value": 28900000
            },
            {
                "label": "Income tax expense",
                "concept": "IncomeTaxExpenseBenefit",
                "unit": "usd",
                "value": 6400000
            },
            {
                "label": "Net earnings before equity in net earnings (loss) of affiliate",
                "concept": "kelya:IncomeLossfromContinuingOperationsBeforeEquityMethodInvestments",
                "unit": "usd",
                "value": 22500000
            },
            {
                "label": "Equity in net earnings (loss) of affiliate",
                "concept": "IncomeLossFromEquityMethodInvestments",
                "unit": "usd",
                "value": -400000
            },
            {
                "label": "Net earnings",
                "concept": "NetIncomeLoss",
                "unit": "usd",
                "value": 22100000
            },
            {
                "label": "Basic earnings per share (in dollars per share)",
                "concept": "EarningsPerShareBasic",
                "unit": "usd/shares",
                "value": 0.56
            },
            {
                "label": "Diluted earnings per share (in dollars per share)",
                "concept": "EarningsPerShareDiluted",
                "unit": "usd/shares",
                "value": 0.56
            },
            {
                "label": "Basic (in shares)",
                "concept": "WeightedAverageNumberOfSharesOutstandingBasic",
                "unit": "shares",
                "value": 39000000
            },
            {
                "label": "Diluted (in shares)",
                "concept": "WeightedAverageNumberOfDilutedSharesOutstanding",
                "unit": "shares",
                "value": 39100000
            }
        ]
    }
}