{
    "startDate": "2019-01-01",
    "endDate": "2019-03-31",
    "year": "2019",
    "quarter": "Q3",
    "symbol": "KBAL",
    "data": {
        "bs": [
            {
                "label": "",
                "concept": "ReceivablesNetCurrent",
                "unit": "usd",
                "value": 55722000
            },
            {
                "label": "",
                "concept": "AccruedLiabilitiesCurrent",
                "unit": "usd",
                "value": 45818000
            }
        ],
        "cf": [],
        "ic": [
            {
                "label": "",
                "concept": "RevenueFromContractWithCustomerExcludingAssessedTax",
                "unit": "usd",
                "value": 177369000
            },
            {
                "label": "",
                "concept": "CostOfGoodsAndServicesSold",
                "unit": "usd",
                "value": 120808000
            },
            {
                "label": "",
                "concept": "GrossProfit",
                "unit": "usd",
                "value": 56561000
            },
            {
                "label": "",
                "concept": "SellingGeneralAndAdministrativeExpense",
                "unit": "usd",
                "value": 47508000
            },
            {
                "label": "",
                "concept": "OperatingIncomeLoss",
                "unit": "usd",
                "value": 9053000
            }
        ]
    }
}