{
    "startDate": "2019-02-03",
    "endDate": "2019-05-04",
    "year": "2019",
    "quarter": "Q1",
    "symbol": "CATO",
    "data": {
        "bs": [
            {
                "label": "",
                "concept": "CashCashEquivalentsRestrictedCashAndRestrictedCashEquivalents",
                "unit": "usd",
                "value": 37103000
            }
        ],
        "cf": [
            {
                "label": "",
                "concept": "NetIncomeLoss",
                "unit": "usd",
                "value": 21255000
            },
            {
                "label": "",
                "concept": "DepreciationAndAmortization",
                "unit": "usd",
                "value": 3843000
            },
            {
                "label": "",
                "concept": "ProvisionForDoubtfulAccounts",
                "unit": "usd",
                "value": 178000
            },
            {
                "label": "",
                "concept": "cato:Purchasepremiumandpremiumamortization",
                "unit": "usd",
                "value": 58000
            },
            {
                "label": "",
                "concept": "ShareBasedCompensation",
                "unit": "usd",
                "value": 691000
            },
            {
                "label": "",
                "concept": "ExcessTaxBenefitFromShareBasedCompensationOperatingActivities",
                "unit": "usd",
                "value": 0
            },
            {
                "label": "",
                "concept": "DeferredIncomeTaxExpenseBenefit",
                "unit": "usd",
                "value": 0
            },
            {
                "label": "",
                "concept": "GainLossOnSaleOfPropertyPlantEquipment",
                "unit": "usd",
                "value": -182000
            },
            {
                "label": "",
                "concept": "ImpairmentOfLeasehold",
                "unit": "usd",
                "value": 0
            },
            {
                "label": "",
                "concept": "IncreaseDecreaseInAccountsAndOtherReceivables",
                "unit": "usd",
                "value": 1926000
            },
            {
                "label": "",
                "concept": "IncreaseDecreaseInRetailRelatedInventories",
                "unit": "usd",
                "value": -8370000
            },
            {
                "label": "",
                "concept": "IncreaseDecreaseInOtherOperatingAssets",
                "unit": "usd",
                "value": -8643000
            },
            {
                "label": "",
                "concept": "IncreaseDecreaseInAccruedIncomeTaxesPayable",
                "unit": "usd",
                "value": 2629000
            },
            {
                "label": "",
                "concept": "IncreaseDecreaseInAccountsPayable",
                "unit": "usd",
                "value": -29255000
            },
            {
                "label": "",
                "concept": "NetCashProvidedByUsedInOperatingActivities",
                "unit": "usd",
                "value": 14668000
            },
            {
                "label": "",
                "concept": "PaymentsToAcquirePropertyPlantAndEquipment",
                "unit": "usd",
                "value": 995000
            },
            {
                "label": "",
                "concept": "PaymentsToAcquireShortTermInvestments",
                "unit": "usd",
                "value": 44709000
            },
            {
                "label": "",
                "concept": "ProceedsFromSaleMaturityAndCollectionsOfInvestments",
                "unit": "usd",
                "value": 53639000
            },
            {
                "label": "",
                "concept": "cato:PaymentsToAcquire",
                "unit": "usd",
                "value": 22000
            },
            {
                "label": "",
                "concept": "cato:ProceedsFromSaleOfInvest",
                "unit": "usd",
                "value": 4000
            },
            {
                "label": "",
                "concept": "NetCashProvidedByUsedInInvestingActivities",
                "unit": "usd",
                "value": 7917000
            },
            {
                "label": "",
                "concept": "PaymentsOfDividends",
                "unit": "usd",
                "value": 8118000
            },
            {
                "label": "",
                "concept": "PaymentsForRepurchaseOfCommonStock",
                "unit": "usd",
                "value": 2834000
            },
            {
                "label": "",
                "concept": "ProceedsFromLinesOfCredit",
                "unit": "usd",
                "value": 0
            },
            {
                "label": "",
                "concept": "RepaymentsOfLinesOfCredit",
                "unit": "usd",
                "value": 0
            },
            {
                "label": "",
                "concept": "ProceedsFromStockPlans",
                "unit": "usd",
                "value": 261000
            },
            {
                "label": "",
                "concept": "ExcessTaxBenefitFromShareBasedCompensationFinancingActivities",
                "unit": "usd",
                "value": 0
            },
            {
                "label": "",
                "concept": "ProceedsFromStockOptionsExercised",
                "unit": "usd",
                "value": 0
            },
            {
                "label": "",
                "concept": "NetCashProvidedByUsedInFinancingActivities",
                "unit": "usd",
                "value": -10691000
            },
            {
                "label": "",
                "concept": "CashAndCashEquivalentsPeriodIncreaseDecrease",
                "unit": "usd",
                "value": 11894000
            },
            {
                "label": "",
                "concept": "cato:EffectOfExchangeRateOnCash1",
                "unit": "usd",
                "value": 0
            },
            {
                "label": "",
                "concept": "CapitalExpendituresIncurredButNotYetPaid",
                "unit": "usd",
                "value": 256000
            }
        ],
        "ic": []
    }
}