{
    "startDate": "2019-01-01",
    "endDate": "2019-03-31",
    "year": "2019",
    "quarter": "Q1",
    "symbol": "AFL",
    "data": {
        "bs": [
            {
                "label": "Held to maturity, fixed maturity securities",
                "concept": "HeldToMaturitySecurities",
                "unit": "usd",
                "value": 30163000000
            },
            {
                "label": "Cash and cash equivalents",
                "concept": "CashAndCashEquivalentsAtCarryingValue",
                "unit": "usd",
                "value": 3892000000
            },
            {
                "label": "Total investments and cash",
                "concept": "InvestmentsAndCash",
                "unit": "usd",
                "value": 131438000000
            },
            {
                "label": "Receivables",
                "concept": "PremiumsAndOtherReceivablesNet",
                "unit": "usd",
                "value": 858000000
            },
            {
                "label": "Accrued investment income",
                "concept": "AccruedInvestmentIncomeReceivable",
                "unit": "usd",
                "value": 728000000
            },
            {
                "label": "Deferred policy acquisition costs",
                "concept": "DeferredPolicyAcquisitionCosts",
                "unit": "usd",
                "value": 9892000000
            },
            {
                "label": "Property and equipment, at cost less accumulated depreciation",
                "concept": "PropertyPlantAndEquipmentNet",
                "unit": "usd",
                "value": 559000000
            },
            {
                "label": "Other",
                "concept": "OtherAssets",
                "unit": "usd",
                "value": 2204000000
            },
            {
                "label": "Total assets",
                "concept": "Assets",
                "unit": "usd",
                "value": 145679000000
            },
            {
                "label": "Future policy benefits",
                "concept": "LiabilityForFuturePolicyBenefits",
                "unit": "usd",
                "value": 87011000000
            },
            {
                "label": "Unpaid policy claims",
                "concept": "LiabilityForUnpaidClaimsAndClaimsAdjustmentExpenseNet",
                "unit": "usd",
                "value": 4625000000
            },
            {
                "label": "Unearned premiums",
                "concept": "UnearnedPremiums",
                "unit": "usd",
                "value": 4859000000
            },
            {
                "label": "Total policy liabilities",
                "concept": "afl:TotalPolicyLiabilities",
                "unit": "usd",
                "value": 103680000000
            },
            {
                "label": "Income taxes",
                "concept": "TaxesPayableCurrentAndNoncurrent",
                "unit": "usd",
                "value": 5182000000
            },
            {
                "label": "Payables for return of cash collateral on loaned securities",
                "concept": "afl:ObligationToReturnCashOrSecuritiesReceivedAsCollateral",
                "unit": "usd",
                "value": 1969000000
            },
            {
                "label": "Other",
                "concept": "OtherLiabilities",
                "unit": "usd",
                "value": 2899000000
            },
            {
                "label": "Total liabilities",
                "concept": "Liabilities",
                "unit": "usd",
                "value": 119630000000
            },
            {
                "label": "Commitments and contingent liabilities (Note 12)",
                "concept": "CommitmentsAndContingencies",
                "unit": "usd",
                "value": "N/A"
            },
            {
                "label": "Common stock of $.10 par value. In thousands: authorized 1,900,000 shares in 2019 and 2018; issued 1,348,600 shares in 2019 and 1,347,540 shares in 2018",
                "concept": "CommonStockValue",
                "unit": "usd",
                "value": 135000000
            },
            {
                "label": "Additional paid-in capital",
                "concept": "AdditionalPaidInCapitalCommonStock",
                "unit": "usd",
                "value": 2208000000
            },
            {
                "label": "Retained earnings",
                "concept": "RetainedEarningsAccumulatedDeficit",
                "unit": "usd",
                "value": 32513000000
            },
            {
                "label": "Unrealized foreign currency translation gains (losses)",
                "concept": "AccumulatedOtherComprehensiveIncomeLossForeignCurrencyTranslationAdjustmentNetOfTax",
                "unit": "usd",
                "value": 1848000000
            },
            {
                "label": "Unrealized gain (losses) on fixed maturity securities",
                "concept": "AccumulatedOtherComprehensiveIncomeLossAvailableForSaleSecuritiesAdjustmentNetOfTax",
                "unit": "usd",
                "value": 6561000000
            },
            {
                "label": "Unrealized gains (losses) on derivatives",
                "concept": "AccumulatedOtherComprehensiveIncomeLossCumulativeChangesInNetGainLossFromCashFlowHedgesEffectNetOfTax",
                "unit": "usd",
                "value": 26000000
            },
            {
                "label": "Pension liability adjustment",
                "concept": "AccumulatedOtherComprehensiveIncomeLossDefinedBenefitPensionAndOtherPostretirementPlansNetOfTax",
                "unit": "usd",
                "value": 206000000
            },
            {
                "label": "Treasury stock, at average cost",
                "concept": "TreasuryStockValue",
                "unit": "usd",
                "value": 13288000000
            },
            {
                "label": "Total shareholders\u2019 equity",
                "concept": "StockholdersEquity",
                "unit": "usd",
                "value": 26049000000
            },
            {
                "label": "Total liabilities and shareholders\u2019 equity",
                "concept": "LiabilitiesAndStockholdersEquity",
                "unit": "usd",
                "value": 145679000000
            }
        ],
        "cf": [
            {
                "label": "Change in receivables and advance premiums",
                "concept": "IncreaseDecreaseInReceivables",
                "unit": "usd",
                "value": 35000000
            },
            {
                "label": "Capitalization of deferred policy acquisition costs",
                "concept": "afl:CapitalizationofDeferredPolicyAcquisitionCosts",
                "unit": "usd",
                "value": 357000000
            },
            {
                "label": "Amortization of deferred policy acquisition costs",
                "concept": "DeferredPolicyAcquisitionCostAmortizationExpense",
                "unit": "usd",
                "value": 340000000
            },
            {
                "label": "Increase in policy liabilities",
                "concept": "IncreaseDecreaseInInsuranceLiabilities",
                "unit": "usd",
                "value": 468000000
            },
            {
                "label": "Change in income tax liabilities",
                "concept": "IncreaseDecreaseInAccruedIncomeTaxesPayable",
                "unit": "usd",
                "value": 316000000
            },
            {
                "label": "Realized investment (gains) losses",
                "concept": "GainLossOnInvestments",
                "unit": "usd",
                "value": 71000000
            },
            {
                "label": "Other, net",
                "concept": "OtherNoncashIncomeExpense",
                "unit": "usd",
                "value": 115000000
            },
            {
                "label": "Net cash provided (used) by operating activities",
                "concept": "NetCashProvidedByUsedInOperatingActivities",
                "unit": "usd",
                "value": 1544000000
            },
            {
                "label": "Available-for-sale fixed maturity securities",
                "concept": "ProceedsFromSaleAndMaturityOfAvailableForSaleSecurities",
                "unit": "usd",
                "value": 760000000
            },
            {
                "label": "Equity securities",
                "concept": "afl:ProceedsFromSaleOfEquitySecuritiesFVNI",
                "unit": "usd",
                "value": 153000000
            },
            {
                "label": "Held-to-maturity fixed maturity securities",
                "concept": "ProceedsFromMaturitiesPrepaymentsAndCallsOfHeldToMaturitySecurities",
                "unit": "usd",
                "value": 155000000
            },
            {
                "label": "Commercial mortgage and other loans",
                "concept": "ProceedsFromSaleAndCollectionOfLoansReceivable",
                "unit": "usd",
                "value": 493000000
            },
            {
                "label": "Available for sale fixed maturity securities",
                "concept": "PaymentsToAcquireAvailableForSaleSecuritiesDebt",
                "unit": "usd",
                "value": 2548000000
            },
            {
                "label": "Equity securities",
                "concept": "afl:PaymentstoAcquireEquitySecurities",
                "unit": "usd",
                "value": 151000000
            },
            {
                "label": "Commercial mortgage and other loans",
                "concept": "PaymentsToAcquireLoansReceivable",
                "unit": "usd",
                "value": 669000000
            },
            {
                "label": "Other investments, net",
                "concept": "afl:PaymentsForProceedsFromOtherInvestmentsNet",
                "unit": "usd",
                "value": 442000000
            },
            {
                "label": "Settlement of derivatives, net",
                "concept": "PaymentsForProceedsFromHedgeInvestingActivities",
                "unit": "usd",
                "value": 3000000
            },
            {
                "label": "Cash received (pledged or returned) as collateral, net",
                "concept": "afl:IncreaseDecreaseInCollateralHeldForSecuritiesLendingAndDerivatives",
                "unit": "usd",
                "value": 976000000
            },
            {
                "label": "Other, net",
                "concept": "PaymentsForProceedsFromOtherInvestingActivities",
                "unit": "usd",
                "value": 15000000
            },
            {
                "label": "Net cash provided (used) by investing activities",
                "concept": "NetCashProvidedByUsedInInvestingActivities",
                "unit": "usd",
                "value": 1291000000
            },
            {
                "label": "Purchases of treasury stock",
                "concept": "PaymentsForRepurchaseOfCommonStock",
                "unit": "usd",
                "value": 490000000
            },
            {
                "label": "Proceeds from borrowings",
                "concept": "ProceedsFromIssuanceOfLongTermDebtAndCapitalSecuritiesNet",
                "unit": "usd",
                "value": 0
            },
            {
                "label": "Dividends paid to shareholders",
                "concept": "PaymentsOfDividends",
                "unit": "usd",
                "value": 195000000
            },
            {
                "label": "Change in investment-type contracts, net",
                "concept": "NetChangeAnnuitiesAndInvestmentCertificates",
                "unit": "usd",
                "value": 13000000
            },
            {
                "label": "Treasury stock reissued",
                "concept": "ProceedsFromSaleOfTreasuryStock",
                "unit": "usd",
                "value": 12000000
            },
            {
                "label": "Other, net",
                "concept": "ProceedsFromPaymentsForOtherFinancingActivities",
                "unit": "usd",
                "value": 0
            },
            {
                "label": "Net cash provided (used) by financing activities",
                "concept": "NetCashProvidedByUsedInFinancingActivities",
                "unit": "usd",
                "value": 686000000
            },
            {
                "label": "Effect of exchange rate changes on cash and cash equivalents",
                "concept": "EffectOfExchangeRateOnCashAndCashEquivalents",
                "unit": "usd",
                "value": 12000000
            },
            {
                "label": "Net change in cash and cash equivalents",
                "concept": "CashAndCashEquivalentsPeriodIncreaseDecrease",
                "unit": "usd",
                "value": 445000000
            },
            {
                "label": "Income taxes paid",
                "concept": "IncomeTaxesPaidNet",
                "unit": "usd",
                "value": 2000000
            },
            {
                "label": "Interest paid",
                "concept": "InterestPaid",
                "unit": "usd",
                "value": 36000000
            },
            {
                "label": "Noncash interest",
                "concept": "OtherNoncashExpense",
                "unit": "usd",
                "value": 22000000
            },
            {
                "label": "Impairment losses included in realized investment losses",
                "concept": "OtherThanTemporaryImpairmentLossDebtSecuritiesPortionRecognizedInEarnings",
                "unit": "usd",
                "value": 2000000
            },
            {
                "label": "Lease obligations",
                "concept": "CapitalLeaseObligationsIncurred",
                "unit": "usd",
                "value": 1000000
            }
        ],
        "ic": [
            {
                "label": "Net premiums, principally supplemental health insurance",
                "concept": "PremiumsEarnedNet",
                "unit": "usd",
                "value": 4691000000
            },
            {
                "label": "Other gains (losses)",
                "concept": "afl:RealizedGainLossDerivativeInstrumentsAndOtherAndDebtAndEquitySecuritiesRealizedGainLossExcludingOtherthantemporaryImpairment",
                "unit": "usd",
                "value": 73000000
            },
            {
                "label": "Other income (loss)",
                "concept": "afl:Otherincomeloss",
                "unit": "usd",
                "value": 17000000
            },
            {
                "label": "Benefits and claims, net",
                "concept": "PolicyholderBenefitsAndClaimsIncurredNet",
                "unit": "usd",
                "value": 2967000000
            },
            {
                "label": "Insurance commissions",
                "concept": "InsuranceCommissions",
                "unit": "usd",
                "value": 331000000
            },
            {
                "label": "Insurance and other expenses",
                "concept": "SellingGeneralAndAdministrativeExpense",
                "unit": "usd",
                "value": 719000000
            },
            {
                "label": "Interest expense",
                "concept": "InterestExpense",
                "unit": "usd",
                "value": 58000000
            },
            {
                "label": "Total acquisition and operating expenses",
                "concept": "afl:AcquisitionAndOperatingCostAndExpenses",
                "unit": "usd",
                "value": 1448000000
            },
            {
                "label": "Total benefits and expenses",
                "concept": "BenefitsLossesAndExpenses",
                "unit": "usd",
                "value": 4415000000
            },
            {
                "label": "Earnings before income taxes",
                "concept": "IncomeLossFromContinuingOperationsBeforeIncomeTaxesMinorityInterestAndIncomeLossFromEquityMethodInvestments",
                "unit": "usd",
                "value": 1242000000
            },
            {
                "label": "Income taxes",
                "concept": "IncomeTaxExpenseBenefit",
                "unit": "usd",
                "value": 314000000
            },
            {
                "label": "Net earnings",
                "concept": "NetIncomeLoss",
                "unit": "usd",
                "value": 928000000
            },
            {
                "label": "Basic (in dollars per share)",
                "concept": "EarningsPerShareBasic",
                "unit": "usd/shares",
                "value": 1.23
            },
            {
                "label": "Diluted (in dollars per share)",
                "concept": "EarningsPerShareDiluted",
                "unit": "usd/shares",
                "value": 1.23
            },
            {
                "label": "Basic (in shares)",
                "concept": "WeightedAverageNumberOfSharesOutstandingBasic",
                "unit": "shares",
                "value": 751423000
            },
            {
                "label": "Diluted (in shares)",
                "concept": "WeightedAverageNumberOfDilutedSharesOutstanding",
                "unit": "shares",
                "value": 755790000
            },
            {
                "label": "Cash dividends per share",
                "concept": "CommonStockDividendsPerShareCashPaid",
                "unit": "usd/shares",
                "value": 0.27
            }
        ]
    }
}