{
    "startDate": "2019-01-01",
    "endDate": "2019-03-31",
    "year": "2019",
    "quarter": "Q1",
    "symbol": "OII",
    "data": {
        "bs": [
            {
                "label": "Cash, Cash Equivalents, Restricted Cash and Restricted Cash Equivalents",
                "concept": "CashCashEquivalentsRestrictedCashAndRestrictedCashEquivalents",
                "unit": "usd",
                "value": 341763000
            },
            {
                "label": "Accounts receivable, net of allowances for doubtful accounts of $6,698 and $7,116",
                "concept": "AccountsReceivableNetCurrent",
                "unit": "usd",
                "value": 381455000
            },
            {
                "label": "Contract assets",
                "concept": "ContractWithCustomerAssetNetCurrent",
                "unit": "usd",
                "value": 221451000
            },
            {
                "label": "Inventory, net",
                "concept": "InventoryNet",
                "unit": "usd",
                "value": 203010000
            },
            {
                "label": "Other current assets",
                "concept": "OtherAssetsCurrent",
                "unit": "usd",
                "value": 72713000
            },
            {
                "label": "Total Current Assets",
                "concept": "AssetsCurrent",
                "unit": "usd",
                "value": 1220392000
            },
            {
                "label": "Property and Equipment, at cost",
                "concept": "PropertyPlantAndEquipmentGross",
                "unit": "usd",
                "value": 2857688000
            },
            {
                "label": "Property and Equipment, at cost",
                "concept": "AccumulatedDepreciationDepletionAndAmortizationPropertyPlantAndEquipment",
                "unit": "usd",
                "value": 1901949000
            },
            {
                "label": "Net Property and Equipment",
                "concept": "PropertyPlantAndEquipmentNet",
                "unit": "usd",
                "value": 955739000
            },
            {
                "label": "Goodwill",
                "concept": "Goodwill",
                "unit": "usd",
                "value": 421572000
            },
            {
                "label": "Other non-current assets",
                "concept": "OtherAssetsNoncurrent",
                "unit": "usd",
                "value": 191504000
            },
            {
                "label": "Right-of-Use Operating Lease asset",
                "concept": "OperatingLeaseRightOfUseAsset",
                "unit": "usd",
                "value": 182311000
            },
            {
                "label": "Total Other Assets",
                "concept": "oii:TotalOtherAssets",
                "unit": "usd",
                "value": 795387000
            },
            {
                "label": "Total Assets",
                "concept": "Assets",
                "unit": "usd",
                "value": 2971518000
            },
            {
                "label": "Accounts payable",
                "concept": "AccountsPayableCurrent",
                "unit": "usd",
                "value": 111741000
            },
            {
                "label": "Accrued liabilities",
                "concept": "AccruedLiabilitiesCurrent",
                "unit": "usd",
                "value": 309902000
            },
            {
                "label": "Contract liabilities",
                "concept": "ContractWithCustomerLiabilityCurrent",
                "unit": "usd",
                "value": 78668000
            },
            {
                "label": "Total Current Liabilities",
                "concept": "LiabilitiesCurrent",
                "unit": "usd",
                "value": 500311000
            },
            {
                "label": "Long-term Debt",
                "concept": "LongTermDebtNoncurrent",
                "unit": "usd",
                "value": 790969000
            },
            {
                "label": "Long-term Operating Lease Liabilities",
                "concept": "OperatingLeaseLiabilityNoncurrent",
                "unit": "usd",
                "value": 166453000
            },
            {
                "label": "Other Long-term Liabilities",
                "concept": "OtherLiabilitiesNoncurrent",
                "unit": "usd",
                "value": 122285000
            },
            {
                "label": "Commitments and Contingencies",
                "concept": "CommitmentsAndContingencies",
                "unit": "usd",
                "value": "N/A"
            },
            {
                "label": "Common Stock, par value $0.25 per share; 360,000,000 shares authorized; 110,834,088 shares issued",
                "concept": "CommonStockValue",
                "unit": "usd",
                "value": 27709000
            },
            {
                "label": "Additional paid-in capital",
                "concept": "AdditionalPaidInCapitalCommonStock",
                "unit": "usd",
                "value": 198784000
            },
            {
                "label": "Treasury stock; 11,905,789 and 12,294,873 shares, at cost",
                "concept": "TreasuryStockValue",
                "unit": "usd",
                "value": 681786000
            },
            {
                "label": "Retained earnings",
                "concept": "RetainedEarningsAccumulatedDeficit",
                "unit": "usd",
                "value": 2173861000
            },
            {
                "label": "Accumulated other comprehensive loss",
                "concept": "AccumulatedOtherComprehensiveIncomeLossNetOfTax",
                "unit": "usd",
                "value": -333131000
            },
            {
                "label": "Oceaneering Shareholders' Equity",
                "concept": "StockholdersEquity",
                "unit": "usd",
                "value": 1385437000
            },
            {
                "label": "Noncontrolling interest",
                "concept": "MinorityInterest",
                "unit": "usd",
                "value": 6063000
            },
            {
                "label": "Total Equity",
                "concept": "StockholdersEquityIncludingPortionAttributableToNoncontrollingInterest",
                "unit": "usd",
                "value": 1391500000
            },
            {
                "label": "Total Liabilities and Equity",
                "concept": "LiabilitiesAndStockholdersEquity",
                "unit": "usd",
                "value": 2971518000
            }
        ],
        "cf": [
            {
                "label": "Net Income (Loss)",
                "concept": "ProfitLoss",
                "unit": "usd",
                "value": -24827000
            },
            {
                "label": "Deferred income tax provision (benefit)",
                "concept": "DeferredIncomeTaxExpenseBenefit",
                "unit": "usd",
                "value": -2907000
            },
            {
                "label": "Net loss (gain) on sales of property and equipment",
                "concept": "GainLossOnSaleOfPropertyPlantEquipment",
                "unit": "usd",
                "value": 11000
            },
            {
                "label": "Noncash compensation",
                "concept": "ShareBasedCompensation",
                "unit": "usd",
                "value": 2980000
            },
            {
                "label": "Accounts receivable and contract assets",
                "concept": "oii:IncreaseDecreaseinAccountsReceivableandContractAssets",
                "unit": "usd",
                "value": -22181000
            },
            {
                "label": "Inventory",
                "concept": "IncreaseDecreaseInInventories",
                "unit": "usd",
                "value": 15026000
            },
            {
                "label": "Other operating assets",
                "concept": "IncreaseDecreaseInOtherOperatingAssets",
                "unit": "usd",
                "value": -1010000
            },
            {
                "label": "Currency translation effect on working capital, excluding cash",
                "concept": "oii:EffectOfExchangeRateOnWorkingCapital",
                "unit": "usd",
                "value": 371000
            },
            {
                "label": "Current liabilities",
                "concept": "IncreaseDecreaseInOtherCurrentLiabilities",
                "unit": "usd",
                "value": -15058000
            },
            {
                "label": "Other operating liabilities",
                "concept": "IncreaseDecreaseInOtherOperatingLiabilities",
                "unit": "usd",
                "value": -2075000
            },
            {
                "label": "Total adjustments to net income",
                "concept": "AdjustmentsToReconcileNetIncomeLossToCashProvidedByUsedInOperatingActivities",
                "unit": "usd",
                "value": 43951000
            },
            {
                "label": "Net Cash Provided by Operating Activities",
                "concept": "NetCashProvidedByUsedInOperatingActivities",
                "unit": "usd",
                "value": 19124000
            },
            {
                "label": "Purchases of property and equipment",
                "concept": "PaymentsToAcquirePropertyPlantAndEquipment",
                "unit": "usd",
                "value": 29964000
            },
            {
                "label": "Business acquisitions, net of cash acquired",
                "concept": "PaymentsToAcquireBusinessesNetOfCashAcquired",
                "unit": "usd",
                "value": 0
            },
            {
                "label": "Other investing activities",
                "concept": "PaymentsForProceedsFromOtherInvestingActivities",
                "unit": "usd",
                "value": 0
            },
            {
                "label": "Distributions of capital from unconsolidated affiliates",
                "concept": "ProceedsFromEquityMethodInvestmentDividendsOrDistributionsReturnOfCapital",
                "unit": "usd",
                "value": 0
            },
            {
                "label": "Dispositions of property and equipment",
                "concept": "ProceedsFromSaleOfPropertyPlantAndEquipment",
                "unit": "usd",
                "value": 50000
            },
            {
                "label": "Net Cash Used in Investing Activities",
                "concept": "NetCashProvidedByUsedInInvestingActivities",
                "unit": "usd",
                "value": -29914000
            },
            {
                "label": "Net proceeds from issuance of 6.000% Senior Notes, net of issuance costs",
                "concept": "ProceedsFromIssuanceOfLongTermDebt",
                "unit": "usd",
                "value": 0
            },
            {
                "label": "Repayment of term loan facility",
                "concept": "RepaymentsOfLongTermDebt",
                "unit": "usd",
                "value": 0
            },
            {
                "label": "Other financing activities",
                "concept": "ProceedsFromPaymentsForOtherFinancingActivities",
                "unit": "usd",
                "value": -2338000
            },
            {
                "label": "Net Cash Used in Financing Activities",
                "concept": "NetCashProvidedByUsedInFinancingActivities",
                "unit": "usd",
                "value": -2338000
            },
            {
                "label": "Effect of exchange rates on cash",
                "concept": "EffectOfExchangeRateOnCashAndCashEquivalents",
                "unit": "usd",
                "value": 632000
            },
            {
                "label": "Net Increase (Decrease) in Cash and Cash Equivalents",
                "concept": "CashCashEquivalentsRestrictedCashAndRestrictedCashEquivalentsPeriodIncreaseDecreaseIncludingExchangeRateEffect",
                "unit": "usd",
                "value": -12496000
            }
        ],
        "ic": [
            {
                "label": "Cost of services and products",
                "concept": "CostOfGoodsAndServicesSold",
                "unit": "usd",
                "value": 466299000
            },
            {
                "label": "Gross Margin",
                "concept": "GrossProfit",
                "unit": "usd",
                "value": 27587000
            },
            {
                "label": "Selling, general and administrative expense",
                "concept": "SellingGeneralAndAdministrativeExpense",
                "unit": "usd",
                "value": 49301000
            },
            {
                "label": "Income (Loss) from Operations",
                "concept": "OperatingIncomeLoss",
                "unit": "usd",
                "value": -21714000
            },
            {
                "label": "Interest income",
                "concept": "InvestmentIncomeInterest",
                "unit": "usd",
                "value": 2604000
            },
            {
                "label": "Interest expense, net of amounts capitalized",
                "concept": "InterestExpense",
                "unit": "usd",
                "value": 9424000
            },
            {
                "label": "Equity in income (losses) of unconsolidated affiliates",
                "concept": "IncomeLossFromEquityMethodInvestments",
                "unit": "usd",
                "value": -164000
            },
            {
                "label": "Other income (expense), net",
                "concept": "OtherNonoperatingIncomeExpense",
                "unit": "usd",
                "value": 719000
            },
            {
                "label": "Income (Loss) Before Income Taxes",
                "concept": "IncomeLossFromContinuingOperationsBeforeIncomeTaxesExtraordinaryItemsNoncontrollingInterest",
                "unit": "usd",
                "value": -27979000
            },
            {
                "label": "Provision (benefit) for income taxes",
                "concept": "IncomeTaxExpenseBenefit",
                "unit": "usd",
                "value": -3152000
            },
            {
                "label": "Net Income (Loss)",
                "concept": "ProfitLoss",
                "unit": "usd",
                "value": -24827000
            },
            {
                "label": "Basic (in shares)",
                "concept": "WeightedAverageNumberOfSharesOutstandingBasic",
                "unit": "shares",
                "value": 98714000
            },
            {
                "label": "Diluted (in shares)",
                "concept": "WeightedAverageNumberOfDilutedSharesOutstanding",
                "unit": "shares",
                "value": 98714000
            },
            {
                "label": "Basic (in dollars per share)",
                "concept": "EarningsPerShareBasic",
                "unit": "usd/shares",
                "value": -0.25
            },
            {
                "label": "Diluted (in dollars per share)",
                "concept": "EarningsPerShareDiluted",
                "unit": "usd/shares",
                "value": -0.25
            }
        ]
    }
}