{
    "startDate": "2018-12-30",
    "endDate": "2019-03-30",
    "year": "2019",
    "quarter": "Q1",
    "symbol": "RCMT",
    "data": {
        "bs": [
            {
                "label": "us-gaap_StockholdersEquity",
                "concept": "StockholdersEquity",
                "unit": "usd",
                "value": 29079000
            },
            {
                "label": "us-gaap_StockholdersEquity",
                "concept": "StockholdersEquity",
                "unit": "usd",
                "value": 29079000
            }
        ],
        "cf": [
            {
                "label": "Net income",
                "concept": "NetIncomeLoss",
                "unit": "usd",
                "value": 1463000
            },
            {
                "label": "Depreciation and amortization",
                "concept": "DepreciationAndAmortization",
                "unit": "usd",
                "value": 397000
            },
            {
                "label": "Change in contingent consideration",
                "concept": "BusinessCombinationContingentConsiderationArrangementsChangeInAmountOfContingentConsiderationLiability1",
                "unit": "usd",
                "value": 48000
            },
            {
                "label": "us-gaap_ShareBasedCompensation",
                "concept": "ShareBasedCompensation",
                "unit": "usd",
                "value": 241000
            },
            {
                "label": "Provision for losses on accounts receivable",
                "concept": "ProvisionForDoubtfulAccounts",
                "unit": "usd",
                "value": 11000
            },
            {
                "label": "us-gaap_IncreaseDecreaseInDeferredIncomeTaxes",
                "concept": "IncreaseDecreaseInDeferredIncomeTaxes",
                "unit": "usd",
                "value": -36000
            },
            {
                "label": "us-gaap_IncreaseDecreaseInAccountsReceivable",
                "concept": "IncreaseDecreaseInAccountsReceivable",
                "unit": "usd",
                "value": 6264000
            },
            {
                "label": "us-gaap_IncreaseDecreaseInPrepaidDeferredExpenseAndOtherAssets",
                "concept": "IncreaseDecreaseInPrepaidDeferredExpenseAndOtherAssets",
                "unit": "usd",
                "value": -110000
            },
            {
                "label": "us-gaap_IncreaseDecreaseInOtherReceivables",
                "concept": "IncreaseDecreaseInOtherReceivables",
                "unit": "usd",
                "value": -45000
            },
            {
                "label": "Accounts payable and accrued expenses",
                "concept": "IncreaseDecreaseInAccountsPayableAndAccruedLiabilities",
                "unit": "usd",
                "value": -826000
            },
            {
                "label": "Accrued payroll and related costs",
                "concept": "IncreaseDecreaseInEmployeeRelatedLiabilities",
                "unit": "usd",
                "value": -872000
            },
            {
                "label": "Right of use assets and liabilities",
                "concept": "rcmt:IncreaseDecreaseInRightofuseAssetsAndLiabilities",
                "unit": "usd",
                "value": 266000
            },
            {
                "label": "Income taxes payable",
                "concept": "IncreaseDecreaseInAccruedIncomeTaxesPayable",
                "unit": "usd",
                "value": -210000
            },
            {
                "label": "us-gaap_AdjustmentsToReconcileNetIncomeLossToCashProvidedByUsedInOperatingActivities",
                "concept": "AdjustmentsToReconcileNetIncomeLossToCashProvidedByUsedInOperatingActivities",
                "unit": "usd",
                "value": -7018000
            },
            {
                "label": "us-gaap_NetCashProvidedByUsedInOperatingActivities",
                "concept": "NetCashProvidedByUsedInOperatingActivities",
                "unit": "usd",
                "value": -5555000
            },
            {
                "label": "us-gaap_PaymentsToAcquirePropertyPlantAndEquipment",
                "concept": "PaymentsToAcquirePropertyPlantAndEquipment",
                "unit": "usd",
                "value": 101000
            },
            {
                "label": "Decrease in deposits",
                "concept": "IncreaseDecreaseInDeposits",
                "unit": "usd",
                "value": -1000
            },
            {
                "label": "us-gaap_NetCashProvidedByUsedInInvestingActivities",
                "concept": "NetCashProvidedByUsedInInvestingActivities",
                "unit": "usd",
                "value": -102000
            },
            {
                "label": "Borrowings under line of credit",
                "concept": "ProceedsFromLongTermLinesOfCredit",
                "unit": "usd",
                "value": 27422000
            },
            {
                "label": "us-gaap_RepaymentsOfLongTermLinesOfCredit",
                "concept": "RepaymentsOfLongTermLinesOfCredit",
                "unit": "usd",
                "value": 20533000
            },
            {
                "label": "Issuance of stock for employee stock purchase plan",
                "concept": "ProceedsFromStockPlans",
                "unit": "usd",
                "value": 165000
            },
            {
                "label": "Net changes in finance lease obligations",
                "concept": "rcmt:IncreaseDecreaseInFinanceLeaseLiability",
                "unit": "usd",
                "value": 73000
            },
            {
                "label": "us-gaap_PaymentForContingentConsiderationLiabilityFinancingActivities",
                "concept": "PaymentForContingentConsiderationLiabilityFinancingActivities",
                "unit": "usd",
                "value": 244000
            },
            {
                "label": "us-gaap_NetCashProvidedByUsedInFinancingActivities",
                "concept": "NetCashProvidedByUsedInFinancingActivities",
                "unit": "usd",
                "value": 6883000
            },
            {
                "label": "Effect of exchange rate changes on cash and cash equivalents",
                "concept": "EffectOfExchangeRateOnCashAndCashEquivalents",
                "unit": "usd",
                "value": -15000
            },
            {
                "label": "us-gaap_CashAndCashEquivalentsPeriodIncreaseDecrease",
                "concept": "CashAndCashEquivalentsPeriodIncreaseDecrease",
                "unit": "usd",
                "value": 1211000
            },
            {
                "label": "Interest",
                "concept": "InterestPaidNet",
                "unit": "usd",
                "value": 407000
            },
            {
                "label": "Income taxes",
                "concept": "IncomeTaxesPaid",
                "unit": "usd",
                "value": 14000
            },
            {
                "label": "Vesting of restricted stock units",
                "concept": "rcmt:VestingOfRestrictedStockUnits",
                "unit": "usd",
                "value": 217000
            }
        ],
        "ic": [
            {
                "label": "Revenues",
                "concept": "RevenueFromContractWithCustomerIncludingAssessedTax",
                "unit": "usd",
                "value": 51595000
            },
            {
                "label": "Cost of services",
                "concept": "CostOfGoodsAndServicesSold",
                "unit": "usd",
                "value": 39078000
            },
            {
                "label": "Gross profit",
                "concept": "GrossProfit",
                "unit": "usd",
                "value": 12517000
            },
            {
                "label": "Selling, general and administrative",
                "concept": "SellingGeneralAndAdministrativeExpense",
                "unit": "usd",
                "value": 10466000
            },
            {
                "label": "Depreciation and amortization of property and equipment",
                "concept": "Depreciation",
                "unit": "usd",
                "value": 315000
            },
            {
                "label": "Amortization of acquired intangible assets",
                "concept": "AmortizationOfIntangibleAssets",
                "unit": "usd",
                "value": 82000
            },
            {
                "label": "us-gaap_OperatingExpenses",
                "concept": "OperatingExpenses",
                "unit": "usd",
                "value": 10863000
            },
            {
                "label": "Operating income",
                "concept": "OperatingIncomeLoss",
                "unit": "usd",
                "value": 1654000
            },
            {
                "label": "Interest expense and other, net",
                "concept": "InterestIncomeExpenseNet",
                "unit": "usd",
                "value": -428000
            },
            {
                "label": "rcmt_ImputedInterestOnContingentConsideration",
                "concept": "rcmt:ImputedInterestOnContingentConsideration",
                "unit": "usd",
                "value": 48000
            },
            {
                "label": "Gain (loss) on foreign currency transactions",
                "concept": "ForeignCurrencyTransactionGainLossBeforeTax",
                "unit": "usd",
                "value": 11000
            },
            {
                "label": "us-gaap_OtherNonoperatingIncomeExpense",
                "concept": "OtherNonoperatingIncomeExpense",
                "unit": "usd",
                "value": -465000
            },
            {
                "label": "us-gaap_IncomeLossFromContinuingOperationsBeforeIncomeTaxesMinorityInterestAndIncomeLossFromEquityMethodInvestments",
                "concept": "IncomeLossFromContinuingOperationsBeforeIncomeTaxesMinorityInterestAndIncomeLossFromEquityMethodInvestments",
                "unit": "usd",
                "value": 1189000
            },
            {
                "label": "Income tax (benefit) expense",
                "concept": "IncomeTaxExpenseBenefit",
                "unit": "usd",
                "value": -274000
            },
            {
                "label": "Net income",
                "concept": "NetIncomeLoss",
                "unit": "usd",
                "value": 1463000
            },
            {
                "label": "Basic and diluted net earnings per share (in dollars per share)",
                "concept": "EarningsPerShareBasicAndDiluted",
                "unit": "usd/shares",
                "value": 0.11
            }
        ]
    }
}