{
    "startDate": "2019-01-01",
    "endDate": "2019-03-31",
    "year": "2019",
    "quarter": "Q1",
    "symbol": "DNBF",
    "data": {
        "bs": [
            {
                "label": "Cash, Cash Equivalents, and Federal Funds Sold",
                "concept": "CashCashEquivalentsRestrictedCashAndRestrictedCashEquivalents",
                "unit": "usd",
                "value": 34893000
            },
            {
                "label": "Cash, Cash Equivalents, and Federal Funds Sold",
                "concept": "CashCashEquivalentsRestrictedCashAndRestrictedCashEquivalents",
                "unit": "usd",
                "value": 34893000
            }
        ],
        "cf": [
            {
                "label": "Net Income (Loss) Attributable to Parent",
                "concept": "NetIncomeLoss",
                "unit": "usd",
                "value": 2587000
            },
            {
                "label": "Depreciation, Amortization and Accretion, Net",
                "concept": "DepreciationAmortizationAndAccretionNet",
                "unit": "usd",
                "value": 350000
            },
            {
                "label": "Provision for Loan and Lease Losses",
                "concept": "ProvisionForLoanAndLeaseLosses",
                "unit": "usd",
                "value": 200000
            },
            {
                "label": "Share-based Compensation",
                "concept": "ShareBasedCompensation",
                "unit": "usd",
                "value": 61000
            },
            {
                "label": "Pension and Other Postretirement Benefits Expense (Reversal of Expense), Noncash",
                "concept": "PensionAndOtherPostretirementBenefitsExpenseReversalOfExpenseNoncash",
                "unit": "usd",
                "value": 154000
            },
            {
                "label": "Gain (Loss) on Sale of Securities, Net",
                "concept": "DebtAndEquitySecuritiesGainLoss",
                "unit": "usd",
                "value": 3000
            },
            {
                "label": "Gains (Losses) on Sales of Other Real Estate",
                "concept": "GainsLossesOnSalesOfOtherRealEstate",
                "unit": "usd",
                "value": -113000
            },
            {
                "label": "Bank Owned Life Insurance Income",
                "concept": "BankOwnedLifeInsuranceIncome",
                "unit": "usd",
                "value": 52000
            },
            {
                "label": "Deferred Income Tax Expense (Benefit)",
                "concept": "DeferredIncomeTaxExpenseBenefit",
                "unit": "usd",
                "value": 185000
            },
            {
                "label": "Proceeds from Sale of Mortgage Loans Held-for-sale",
                "concept": "ProceedsFromSaleOfMortgageLoansHeldForSale",
                "unit": "usd",
                "value": 3632000
            },
            {
                "label": "Payments for Origination of Mortgage Loans Held-for-sale",
                "concept": "PaymentsForOriginationOfMortgageLoansHeldForSale",
                "unit": "usd",
                "value": 3588000
            },
            {
                "label": "Gain (Loss) on Sale of Mortgage Loans",
                "concept": "GainLossOnSaleOfMortgageLoans",
                "unit": "usd",
                "value": 74000
            },
            {
                "label": "Increase (Decrease) in Accrued Investment Income Receivable",
                "concept": "IncreaseDecreaseInAccruedInvestmentIncomeReceivable",
                "unit": "usd",
                "value": 189000
            },
            {
                "label": "Increase (Decrease) in Other Operating Assets",
                "concept": "IncreaseDecreaseInOtherOperatingAssets",
                "unit": "usd",
                "value": -31000
            },
            {
                "label": "Increase (Decrease) in Interest Payable, Net",
                "concept": "IncreaseDecreaseInInterestPayableNet",
                "unit": "usd",
                "value": 53000
            },
            {
                "label": "Increase (Decrease) in Other Operating Liabilities",
                "concept": "IncreaseDecreaseInOtherOperatingLiabilities",
                "unit": "usd",
                "value": -750000
            },
            {
                "label": "Amortization Of Operating Lease Asset",
                "concept": "dnbf:AmortizationOfOperatingLeaseAsset",
                "unit": "usd",
                "value": 566000
            },
            {
                "label": "Accretion Of Operating Lease Liability",
                "concept": "dnbf:AccretionOfOperatingLeaseLiability",
                "unit": "usd",
                "value": -184000
            },
            {
                "label": "Net Cash Provided by (Used in) Operating Activities",
                "concept": "NetCashProvidedByUsedInOperatingActivities",
                "unit": "usd",
                "value": 3092000
            },
            {
                "label": "Proceeds from Maturities, Prepayments and Calls of Available-for-sale Securities",
                "concept": "ProceedsFromMaturitiesPrepaymentsAndCallsOfAvailableForSaleSecurities",
                "unit": "usd",
                "value": 21617000
            },
            {
                "label": "Payments to Acquire Available-for-sale Securities",
                "concept": "PaymentsToAcquireAvailableForSaleSecurities",
                "unit": "usd",
                "value": 11346000
            },
            {
                "label": "Proceeds from Maturities, Prepayments and Calls of Held-to-maturity Securities",
                "concept": "ProceedsFromMaturitiesPrepaymentsAndCallsOfHeldToMaturitySecurities",
                "unit": "usd",
                "value": 1063000
            },
            {
                "label": "Payments for (Proceeds from) Federal Home Loan Bank Stock",
                "concept": "PaymentsForProceedsFromFederalHomeLoanBankStock",
                "unit": "usd",
                "value": 773000
            },
            {
                "label": "Increase (Decrease) in Finance Receivables",
                "concept": "IncreaseDecreaseInFinanceReceivables",
                "unit": "usd",
                "value": -614000
            },
            {
                "label": "Payments to Acquire Property, Plant, and Equipment",
                "concept": "PaymentsToAcquirePropertyPlantAndEquipment",
                "unit": "usd",
                "value": 26000
            },
            {
                "label": "Expenses capitalized in Other Real Estate Owned",
                "concept": "dnbf:ExpensesCapitalizedInOtherRealEstateOwned",
                "unit": "usd",
                "value": 165000
            },
            {
                "label": "Proceeds from Sale of Other Real Estate",
                "concept": "ProceedsFromSaleOfOtherRealEstate",
                "unit": "usd",
                "value": 2141000
            },
            {
                "label": "Net Cash Provided by (Used in) Investing Activities",
                "concept": "NetCashProvidedByUsedInInvestingActivities",
                "unit": "usd",
                "value": 13125000
            },
            {
                "label": "Increase (Decrease) in Deposits",
                "concept": "IncreaseDecreaseInDeposits",
                "unit": "usd",
                "value": -4309000
            },
            {
                "label": "Repayments of Federal Home Loan Bank Borrowings",
                "concept": "RepaymentsOfFederalHomeLoanBankBorrowings",
                "unit": "usd",
                "value": 56017000
            },
            {
                "label": "Proceeds from Federal Home Loan Bank Borrowings",
                "concept": "ProceedsFromFederalHomeLoanBankBorrowings",
                "unit": "usd",
                "value": 65000000
            },
            {
                "label": "Proceeds from (Repayments of) Other Debt",
                "concept": "ProceedsFromRepaymentsOfOtherDebt",
                "unit": "usd",
                "value": -3016000
            },
            {
                "label": "Payments of Dividends",
                "concept": "PaymentsOfDividends",
                "unit": "usd",
                "value": 303000
            },
            {
                "label": "Net Cash Provided by (Used in) Financing Activities",
                "concept": "NetCashProvidedByUsedInFinancingActivities",
                "unit": "usd",
                "value": 1355000
            },
            {
                "label": "Cash and Cash Equivalents, Period Increase (Decrease)",
                "concept": "CashCashEquivalentsRestrictedCashAndRestrictedCashEquivalentsPeriodIncreaseDecreaseExcludingExchangeRateEffect",
                "unit": "usd",
                "value": 17572000
            },
            {
                "label": "Cash paid during the period for: Interest",
                "concept": "InterestPaidNet",
                "unit": "usd",
                "value": 2909000
            },
            {
                "label": "Transfer Other Real Estate",
                "concept": "TransferOfOtherRealEstate",
                "unit": "usd",
                "value": 504000
            }
        ],
        "ic": [
            {
                "label": "Net Income (Loss) Attributable to Parent",
                "concept": "NetIncomeLoss",
                "unit": "usd",
                "value": 2587000
            },
            {
                "label": "Other Comprehensive Income (Loss), Unrealized Holding Gain (Loss) on Securities Arising During Period, before Tax",
                "concept": "OtherComprehensiveIncomeUnrealizedHoldingGainLossOnSecuritiesArisingDuringPeriodBeforeTax",
                "unit": "usd",
                "value": 810000
            },
            {
                "label": "Other Comprehensive Income (Loss), Unrealized Holding Gain (Loss) on Securities Arising During Period, Tax",
                "concept": "OtherComprehensiveIncomeUnrealizedHoldingGainLossOnSecuritiesArisingDuringPeriodTax",
                "unit": "usd",
                "value": 169000
            },
            {
                "label": "Other Comprehensive Income (Loss), Net of Tax, Portion Attributable to Parent",
                "concept": "OtherComprehensiveIncomeLossNetOfTaxPortionAttributableToParent",
                "unit": "usd",
                "value": 641000
            },
            {
                "label": "Comprehensive Income, Net of Tax, Attributable to Parent",
                "concept": "ComprehensiveIncomeNetOfTax",
                "unit": "usd",
                "value": 3228000
            }
        ]
    }
}