{
    "startDate": "2019-01-01",
    "endDate": "2019-03-31",
    "year": "2019",
    "quarter": "Q1",
    "symbol": "AVA",
    "data": {
        "bs": [
            {
                "label": "Cash and cash equivalents",
                "concept": "CashAndCashEquivalentsAtCarryingValue",
                "unit": "usd",
                "value": 14861000
            },
            {
                "label": "Accounts and notes receivable-less allowances of $6,395 and $5,233, respectively",
                "concept": "AccountsNotesAndLoansReceivableNetCurrent",
                "unit": "usd",
                "value": 170200000
            },
            {
                "label": "Materials and supplies, fuel stock and stored natural gas",
                "concept": "InventoryNet",
                "unit": "usd",
                "value": 61354000
            },
            {
                "label": "Other current assets",
                "concept": "OtherAssetsCurrent",
                "unit": "usd",
                "value": 60948000
            },
            {
                "label": "Total current assets",
                "concept": "AssetsCurrent",
                "unit": "usd",
                "value": 364803000
            },
            {
                "label": "Net utility property",
                "concept": "PublicUtilitiesPropertyPlantAndEquipmentNet",
                "unit": "usd",
                "value": 4626054000
            },
            {
                "label": "Goodwill",
                "concept": "Goodwill",
                "unit": "usd",
                "value": 52426000
            },
            {
                "label": "Other regulatory assets",
                "concept": "RegulatoryAssetsNoncurrent",
                "unit": "usd",
                "value": 605497000
            },
            {
                "label": "Other property and investments-net",
                "concept": "InvestmentsAndOtherNoncurrentAssets",
                "unit": "usd",
                "value": 241203000
            },
            {
                "label": "Total assets",
                "concept": "Assets",
                "unit": "usd",
                "value": 5889983000
            },
            {
                "label": "Accounts payable",
                "concept": "AccountsPayableCurrent",
                "unit": "usd",
                "value": 109922000
            },
            {
                "label": "Current portion of long-term debt and capital leases",
                "concept": "LongTermDebtAndCapitalLeaseObligationsCurrent",
                "unit": "usd",
                "value": 104989000
            },
            {
                "label": "Short-term borrowings",
                "concept": "ShortTermBorrowings",
                "unit": "usd",
                "value": 119000000
            },
            {
                "label": "Other current liabilities",
                "concept": "OtherLiabilitiesCurrent",
                "unit": "usd",
                "value": 175454000
            },
            {
                "label": "Liabilities held for sale",
                "concept": "LiabilitiesOfDisposalGroupIncludingDiscontinuedOperation",
                "unit": "usd",
                "value": 1813000
            },
            {
                "label": "Total current liabilities",
                "concept": "LiabilitiesCurrent",
                "unit": "usd",
                "value": 566642000
            },
            {
                "label": "Long-term debt and capital leases",
                "concept": "LongTermDebtAndCapitalLeaseObligations",
                "unit": "usd",
                "value": 1701207000
            },
            {
                "label": "Long-term debt to affiliated trusts",
                "concept": "JuniorSubordinatedDebentureOwedToUnconsolidatedSubsidiaryTrustNoncurrent",
                "unit": "usd",
                "value": 51547000
            },
            {
                "label": "Pensions and other postretirement benefits",
                "concept": "PensionAndOtherPostretirementDefinedBenefitPlansLiabilitiesNoncurrent",
                "unit": "usd",
                "value": 218456000
            },
            {
                "label": "Deferred income taxes",
                "concept": "DeferredTaxLiabilitiesNoncurrent",
                "unit": "usd",
                "value": 501928000
            },
            {
                "label": "Other non-current liabilities and deferred credits",
                "concept": "OtherLiabilitiesNoncurrent",
                "unit": "usd",
                "value": 195748000
            },
            {
                "label": "Total liabilities",
                "concept": "Liabilities",
                "unit": "usd",
                "value": 4021761000
            },
            {
                "label": "Common stock, no par value; 200,000,000 shares authorized; 65,668,477 and 65,494,333 shares issued and outstanding as of March 31, 2018 and December 31, 2017, respectively",
                "concept": "CommonStockValue",
                "unit": "usd",
                "value": 1140242000
            },
            {
                "label": "Accumulated other comprehensive loss",
                "concept": "AccumulatedOtherComprehensiveIncomeLossNetOfTax",
                "unit": "usd",
                "value": -7706000
            },
            {
                "label": "Retained earnings",
                "concept": "RetainedEarningsAccumulatedDeficit",
                "unit": "usd",
                "value": 734774000
            },
            {
                "label": "Total Avista Corporation shareholders\u2019 equity",
                "concept": "StockholdersEquity",
                "unit": "usd",
                "value": 1867310000
            },
            {
                "label": "Noncontrolling Interests",
                "concept": "MinorityInterest",
                "unit": "usd",
                "value": 912000
            },
            {
                "label": "Total equity",
                "concept": "StockholdersEquityIncludingPortionAttributableToNoncontrollingInterest",
                "unit": "usd",
                "value": 1868222000
            },
            {
                "label": "Total liabilities and equity",
                "concept": "LiabilitiesAndStockholdersEquity",
                "unit": "usd",
                "value": 5889983000
            }
        ],
        "cf": [
            {
                "label": "Net income",
                "concept": "ProfitLoss",
                "unit": "usd",
                "value": 115881000
            },
            {
                "label": "Depreciation and amortization",
                "concept": "DepreciationDepletionAndAmortization",
                "unit": "usd",
                "value": 49123000
            },
            {
                "label": "Provision for deferred income taxes",
                "concept": "DeferredIncomeTaxExpenseBenefit",
                "unit": "usd",
                "value": 8883000
            },
            {
                "label": "Power and natural gas cost amortizations (deferrals), net",
                "concept": "OtherAmortizationOfDeferredCharges",
                "unit": "usd",
                "value": -48084000
            },
            {
                "label": "Amortization of debt expense",
                "concept": "AmortizationOfFinancingCosts",
                "unit": "usd",
                "value": 669000
            },
            {
                "label": "Amortization of investment in exchange power",
                "concept": "AmortizationOfPowerContractsEmissionCredits",
                "unit": "usd",
                "value": 613000
            },
            {
                "label": "Stock-based compensation expense",
                "concept": "ShareBasedCompensation",
                "unit": "usd",
                "value": 4845000
            },
            {
                "label": "Equity-related AFUDC",
                "concept": "PublicUtilitiesAllowanceForFundsUsedDuringConstructionCapitalizedCostOfEquity",
                "unit": "usd",
                "value": 1485000
            },
            {
                "label": "Pension and other postretirement benefit expense",
                "concept": "PensionAndOtherPostretirementBenefitExpense",
                "unit": "usd",
                "value": 9084000
            },
            {
                "label": "Other regulatory assets and liabilities and deferred debits and credits",
                "concept": "IncreaseDecreaseInRegulatoryAssetsAndLiabilities",
                "unit": "usd",
                "value": -1016000
            },
            {
                "label": "Change in decoupling regulatory deferral",
                "concept": "ava:IncreaseDecreaseInRegulatoryAssetsAndLiabilitiesAssociatedwithAlternativeRevenuePrograms",
                "unit": "usd",
                "value": -4471000
            },
            {
                "label": "Other",
                "concept": "OtherOperatingActivitiesCashFlowStatement",
                "unit": "usd",
                "value": -1943000
            },
            {
                "label": "Contributions to defined benefit pension plan",
                "concept": "PensionContributions",
                "unit": "usd",
                "value": 7300000
            },
            {
                "label": "Accounts and notes receivable",
                "concept": "IncreaseDecreaseInAccountsAndNotesReceivable",
                "unit": "usd",
                "value": 9787000
            },
            {
                "label": "Materials and supplies, fuel stock and natural gas stored",
                "concept": "IncreaseDecreaseInInventories",
                "unit": "usd",
                "value": 394000
            },
            {
                "label": "Collateral posted for derivative instruments",
                "concept": "IncreaseDecreaseInDepositOtherAssets",
                "unit": "usd",
                "value": -3432000
            },
            {
                "label": "Other current assets",
                "concept": "IncreaseDecreaseInOtherOperatingAssets",
                "unit": "usd",
                "value": -1705000
            },
            {
                "label": "Accounts payable",
                "concept": "IncreaseDecreaseInAccountsPayable",
                "unit": "usd",
                "value": 16697000
            },
            {
                "label": "Income taxes payable",
                "concept": "IncreaseDecreaseInAccruedIncomeTaxesPayable",
                "unit": "usd",
                "value": 19360000
            },
            {
                "label": "Other current liabilities",
                "concept": "IncreaseDecreaseInOtherOperatingLiabilities",
                "unit": "usd",
                "value": 30095000
            },
            {
                "label": "Net cash provided by operating activities",
                "concept": "NetCashProvidedByUsedInOperatingActivities",
                "unit": "usd",
                "value": 196881000
            },
            {
                "label": "Utility property capital expenditures (excluding equity-related AFUDC)",
                "concept": "PaymentsToAcquirePropertyPlantAndEquipment",
                "unit": "usd",
                "value": 93615000
            },
            {
                "label": "Issuance of notes receivable at subsidiaries",
                "concept": "PaymentsToAcquireNotesReceivable",
                "unit": "usd",
                "value": 200000
            },
            {
                "label": "Repayments of notes receivable at subsidiaries",
                "concept": "ProceedsFromSaleAndCollectionOfNotesReceivable",
                "unit": "usd",
                "value": 261000
            },
            {
                "label": "Equity and property investments made by subsidiaries",
                "concept": "PaymentsToAcquireInvestments",
                "unit": "usd",
                "value": 3504000
            },
            {
                "label": "Distributions received from investments",
                "concept": "ProceedsFromEquityMethodInvestmentDividendsOrDistributionsReturnOfCapital",
                "unit": "usd",
                "value": 149000
            },
            {
                "label": "Other",
                "concept": "PaymentsForProceedsFromOtherInvestingActivities",
                "unit": "usd",
                "value": 755000
            },
            {
                "label": "Net cash used in investing activities",
                "concept": "NetCashProvidedByUsedInInvestingActivities",
                "unit": "usd",
                "value": -97664000
            },
            {
                "label": "Net decrease in short-term borrowings",
                "concept": "ProceedsFromRepaymentsOfShortTermDebt",
                "unit": "usd",
                "value": -71000000
            },
            {
                "label": "Maturity of long-term debt and capital leases",
                "concept": "RepaymentsOfLongTermDebt",
                "unit": "usd",
                "value": 665000
            },
            {
                "label": "Issuance of common stock",
                "concept": "ProceedsFromIssuanceOfCommonStock",
                "unit": "usd",
                "value": 190000
            },
            {
                "label": "Cash dividends paid",
                "concept": "PaymentsOfDividends",
                "unit": "usd",
                "value": 25615000
            },
            {
                "label": "Other",
                "concept": "ProceedsFromPaymentsForOtherFinancingActivities",
                "unit": "usd",
                "value": -896000
            },
            {
                "label": "Net cash used in financing activities",
                "concept": "NetCashProvidedByUsedInFinancingActivities",
                "unit": "usd",
                "value": -97986000
            },
            {
                "label": "Cash And Cash Equivalents Period Increase (Decrease) Including Cash Held for Sale",
                "concept": "ava:CashAndCashEquivalentsPeriodIncreaseDecreaseIncludingCashHeldforSale",
                "unit": "usd",
                "value": 1231000
            },
            {
                "label": "Net increase in cash and cash equivalents for cash classified within assets held for sale",
                "concept": "ava:CashAndCashEquivalentsPeriodIncreaseDecreaseForCashHeldforSale",
                "unit": "usd",
                "value": 1026000
            },
            {
                "label": "Net increase in cash and cash equivalents",
                "concept": "CashAndCashEquivalentsPeriodIncreaseDecrease",
                "unit": "usd",
                "value": 205000
            }
        ],
        "ic": [
            {
                "label": "Utility revenues, exclusive of alternative revenue programs",
                "concept": "ava:RegulatedRevenuesExcludingAlternativeRevenuePrograms",
                "unit": "usd",
                "value": 393241000
            },
            {
                "label": "Alternative revenue programs",
                "concept": "ava:RevenuefromAlternativeRevenuePrograms",
                "unit": "usd",
                "value": -4658000
            },
            {
                "label": "Total utility revenues",
                "concept": "RegulatedOperatingRevenue",
                "unit": "usd",
                "value": 388583000
            },
            {
                "label": "Non-utility revenues",
                "concept": "UnregulatedOperatingRevenue",
                "unit": "usd",
                "value": 7898000
            },
            {
                "label": "Total operating revenues",
                "concept": "Revenues",
                "unit": "usd",
                "value": 396481000
            },
            {
                "label": "Resource costs",
                "concept": "UtilitiesOperatingExpenseProductsAndServices",
                "unit": "usd",
                "value": 137347000
            },
            {
                "label": "Other operating expenses",
                "concept": "UtilitiesOperatingExpenseMaintenanceOperationsAndOtherCostsAndExpenses",
                "unit": "usd",
                "value": 83978000
            },
            {
                "label": "Depreciation and amortization",
                "concept": "UtilitiesOperatingExpenseDepreciationAndAmortization",
                "unit": "usd",
                "value": 48914000
            },
            {
                "label": "Taxes other than income taxes",
                "concept": "UtilitiesOperatingExpenseTaxes",
                "unit": "usd",
                "value": 31943000
            },
            {
                "label": "Other operating expenses",
                "concept": "OtherCostAndExpenseOperating",
                "unit": "usd",
                "value": 7355000
            },
            {
                "label": "Depreciation and amortization",
                "concept": "DepreciationAndAmortization",
                "unit": "usd",
                "value": 209000
            },
            {
                "label": "Total operating expenses",
                "concept": "CostsAndExpenses",
                "unit": "usd",
                "value": 329410000
            },
            {
                "label": "Income from operations",
                "concept": "OperatingIncomeLoss",
                "unit": "usd",
                "value": 67071000
            },
            {
                "label": "Interest expense",
                "concept": "InterestExpense",
                "unit": "usd",
                "value": 25651000
            },
            {
                "label": "Interest Expense, Other",
                "concept": "InterestExpenseOther",
                "unit": "usd",
                "value": 357000
            },
            {
                "label": "Capitalized interest",
                "concept": "PublicUtilitiesAllowanceForFundsUsedDuringConstructionAdditions",
                "unit": "usd",
                "value": 928000
            },
            {
                "label": "Merger termination fee",
                "concept": "ava:TerminationFeeReceivedfromCanceledBusinessAcquisition",
                "unit": "usd",
                "value": 103000000
            },
            {
                "label": "Other income-net",
                "concept": "OtherNonoperatingIncomeExpense",
                "unit": "usd",
                "value": 907000
            },
            {
                "label": "Income before income taxes",
                "concept": "IncomeLossFromContinuingOperationsBeforeIncomeTaxesMinorityInterestAndIncomeLossFromEquityMethodInvestments",
                "unit": "usd",
                "value": 145898000
            },
            {
                "label": "Income tax expense",
                "concept": "IncomeTaxExpenseBenefit",
                "unit": "usd",
                "value": 30017000
            },
            {
                "label": "Net income",
                "concept": "ProfitLoss",
                "unit": "usd",
                "value": 115881000
            },
            {
                "label": "Net income attributable to noncontrolling interests",
                "concept": "ComprehensiveIncomeNetOfTaxAttributableToNoncontrollingInterest",
                "unit": "usd",
                "value": 87000
            },
            {
                "label": "Net income attributable to Avista Corporation shareholders",
                "concept": "NetIncomeLoss",
                "unit": "usd",
                "value": 115794000
            },
            {
                "label": "Weighted-average common shares outstanding (thousands), basic",
                "concept": "WeightedAverageNumberOfSharesOutstandingBasic",
                "unit": "shares",
                "value": 65733000
            },
            {
                "label": "Weighted-average common shares outstanding (thousands), diluted",
                "concept": "WeightedAverageNumberOfDilutedSharesOutstanding",
                "unit": "shares",
                "value": 65941000
            },
            {
                "label": "Basic",
                "concept": "EarningsPerShareBasic",
                "unit": "usd/shares",
                "value": 1.76
            },
            {
                "label": "Diluted",
                "concept": "EarningsPerShareDiluted",
                "unit": "usd/shares",
                "value": 1.76
            }
        ]
    }
}