{
    "startDate": "2018-12-01",
    "endDate": "2019-02-28",
    "year": "2019",
    "quarter": "Q3",
    "symbol": "CTAS",
    "data": {
        "bs": [
            {
                "label": "Cash and cash equivalents",
                "concept": "CashAndCashEquivalentsAtCarryingValue",
                "unit": "usd",
                "value": 80859000
            },
            {
                "label": "Uniforms and other rental items in service",
                "concept": "ctas:UniformsAndOtherRentalItemsInService",
                "unit": "usd",
                "value": 773534000
            },
            {
                "label": "Income taxes, current",
                "concept": "IncomeTaxesReceivable",
                "unit": "usd",
                "value": 42552000
            },
            {
                "label": "Total current assets",
                "concept": "AssetsCurrent",
                "unit": "usd",
                "value": 2223756000
            },
            {
                "label": "Property and equipment, net",
                "concept": "PropertyPlantAndEquipmentNet",
                "unit": "usd",
                "value": 1424063000
            },
            {
                "label": "Investments",
                "concept": "Investments",
                "unit": "usd",
                "value": 191800000
            },
            {
                "label": "Goodwill",
                "concept": "Goodwill",
                "unit": "usd",
                "value": 2847783000
            },
            {
                "label": "Service contracts, net",
                "concept": "ctas:ServiceContractsFiniteLivedIntangibleAssetsNet",
                "unit": "usd",
                "value": 508402000
            },
            {
                "label": "Total assets",
                "concept": "Assets",
                "unit": "usd",
                "value": 7433673000
            },
            {
                "label": "Accounts payable",
                "concept": "AccountsPayableCurrent",
                "unit": "usd",
                "value": 214567000
            },
            {
                "label": "Accrued compensation and related liabilities",
                "concept": "EmployeeRelatedLiabilitiesCurrent",
                "unit": "usd",
                "value": 136814000
            },
            {
                "label": "Accrued liabilities",
                "concept": "AccruedLiabilitiesCurrent",
                "unit": "usd",
                "value": 425470000
            },
            {
                "label": "Debt due within one year",
                "concept": "LongTermDebtCurrent",
                "unit": "usd",
                "value": 217500000
            },
            {
                "label": "Total current liabilities",
                "concept": "LiabilitiesCurrent",
                "unit": "usd",
                "value": 994351000
            },
            {
                "label": "Debt due after one year",
                "concept": "LongTermDebtNoncurrent",
                "unit": "usd",
                "value": 2536958000
            },
            {
                "label": "Accrued liabilities",
                "concept": "AccountsPayableAndAccruedLiabilitiesNoncurrent",
                "unit": "usd",
                "value": 283861000
            },
            {
                "label": "Total long-term liabilities",
                "concept": "LiabilitiesNoncurrent",
                "unit": "usd",
                "value": 3259830000
            },
            {
                "label": "Preferred stock, no par value: 100,000 shares authorized, none outstanding",
                "concept": "PreferredStockValue",
                "unit": "usd",
                "value": 0
            },
            {
                "label": "Common stock, no par value: 425,000,000 shares authorized, FY 2019: 184,559,502 shares issued and 104,932,029 shares outstanding; FY 2018: 182,723,471 shares issued and 106,326,383 shares outstanding",
                "concept": "CommonStockValueOutstanding",
                "unit": "usd",
                "value": 826175000
            },
            {
                "label": "Paid-in capital",
                "concept": "AdditionalPaidInCapitalCommonStock",
                "unit": "usd",
                "value": 197327000
            },
            {
                "label": "Treasury stock: FY 2019: 79,627,473 shares, FY 2018: 76,397,088 shares",
                "concept": "TreasuryStockValue",
                "unit": "usd",
                "value": 4309543000
            },
            {
                "label": "Accumulated other comprehensive income",
                "concept": "AccumulatedOtherComprehensiveIncomeLossNetOfTax",
                "unit": "usd",
                "value": 412000
            },
            {
                "label": "Total shareholders\u2019 equity",
                "concept": "StockholdersEquity",
                "unit": "usd",
                "value": 3179492000
            },
            {
                "label": "Total liabilities and shareholders' equity",
                "concept": "LiabilitiesAndStockholdersEquity",
                "unit": "usd",
                "value": 7433673000
            }
        ],
        "cf": [],
        "ic": [
            {
                "label": "Total revenue",
                "concept": "RevenueFromContractWithCustomerExcludingAssessedTax",
                "unit": "usd",
                "value": 1682330000
            },
            {
                "label": "Interest expense",
                "concept": "InterestExpense",
                "unit": "usd",
                "value": 26770000
            },
            {
                "label": "Income tax expense (benefit)",
                "concept": "IncomeTaxExpenseBenefit",
                "unit": "usd",
                "value": 50632000
            },
            {
                "label": "Income from discontinued operations, net of tax expense of $772, tax benefit of $6,157, tax expense of $768 and tax expense of $34,946, respectively",
                "concept": "IncomeLossFromDiscontinuedOperationsNetOfTaxAttributableToReportingEntity",
                "unit": "usd",
                "value": 2411000
            },
            {
                "label": "Continuing operations (in dollars per share)",
                "concept": "IncomeLossFromContinuingOperationsPerBasicShare",
                "unit": "usd/shares",
                "value": 1.89
            },
            {
                "label": "Discontinued operations (in dollars per share)",
                "concept": "IncomeLossFromDiscontinuedOperationsNetOfTaxPerBasicShare",
                "unit": "usd/shares",
                "value": 0.02
            },
            {
                "label": "Basic earnings per share (in dollars per share)",
                "concept": "EarningsPerShareBasic",
                "unit": "usd/shares",
                "value": 1.91
            },
            {
                "label": "Continuing operations (in dollars per share)",
                "concept": "IncomeLossFromContinuingOperationsPerDilutedShare",
                "unit": "usd/shares",
                "value": 1.83
            },
            {
                "label": "Discontinued operations (in dollars per share)",
                "concept": "IncomeLossFromDiscontinuedOperationsNetOfTaxPerDilutedShare",
                "unit": "usd/shares",
                "value": 0.02
            },
            {
                "label": "Diluted earnings per share (in dollars per share)",
                "concept": "EarningsPerShareDiluted",
                "unit": "usd/shares",
                "value": 1.85
            },
            {
                "label": "Dividends declared per share (in dollars per share)",
                "concept": "CommonStockDividendsPerShareDeclared",
                "unit": "usd/shares",
                "value": 2.05
            }
        ]
    }
}