{
    "startDate": "2019-01-01",
    "endDate": "2019-03-31",
    "year": "2019",
    "quarter": "Q1",
    "symbol": "ITT",
    "data": {
        "bs": [
            {
                "label": "Stockholders' Equity, Including Portion Attributable to Noncontrolling Interest",
                "concept": "StockholdersEquityIncludingPortionAttributableToNoncontrollingInterest",
                "unit": "usd",
                "value": 1871300000.0
            }
        ],
        "cf": [
            {
                "label": "Income from continuing operations attributable to ITT Inc.",
                "concept": "IncomeLossFromContinuingOperations",
                "unit": "usd",
                "value": 71300000.0
            },
            {
                "label": "Depreciation and amortization",
                "concept": "DepreciationDepletionAndAmortization",
                "unit": "usd",
                "value": 26400000.0
            },
            {
                "label": "Equity-based compensation",
                "concept": "ShareBasedCompensation",
                "unit": "usd",
                "value": 4500000.0
            },
            {
                "label": "Non-cash lease expense",
                "concept": "itt:Noncashleaseexpense",
                "unit": "usd",
                "value": 5000000.0
            },
            {
                "label": "Asbestos-related costs (benefit), net",
                "concept": "itt:AsbestosRelatedCostsNet",
                "unit": "usd",
                "value": 12600000.0
            },
            {
                "label": "Asbestos-related payments, net",
                "concept": "itt:AsbestosRelatedPayments",
                "unit": "usd",
                "value": 9900000.0
            },
            {
                "label": "Change in receivables",
                "concept": "IncreaseDecreaseInReceivables",
                "unit": "usd",
                "value": 47100000.0
            },
            {
                "label": "Change in inventories",
                "concept": "IncreaseDecreaseInInventories",
                "unit": "usd",
                "value": 17300000.0
            },
            {
                "label": "Change in accounts payable",
                "concept": "IncreaseDecreaseInAccountsPayable",
                "unit": "usd",
                "value": 18800000.0
            },
            {
                "label": "Change in accrued expenses",
                "concept": "IncreaseDecreaseInAccruedLiabilities",
                "unit": "usd",
                "value": 29500000.0
            },
            {
                "label": "Change in income taxes",
                "concept": "itt:IncreaseDecreaseinAccruedandDeferredIncomeTaxes",
                "unit": "usd",
                "value": 9500000.0
            },
            {
                "label": "Other, net",
                "concept": "IncreaseDecreaseInOtherOperatingCapitalNet",
                "unit": "usd",
                "value": 2200000.0
            },
            {
                "label": "Net Cash \u2013 Operating activities",
                "concept": "NetCashProvidedByUsedInOperatingActivitiesContinuingOperations",
                "unit": "usd",
                "value": 42100000.0
            },
            {
                "label": "Capital expenditures",
                "concept": "PaymentsToAcquireProductiveAssets",
                "unit": "usd",
                "value": 29200000.0
            },
            {
                "label": "Other, net",
                "concept": "PaymentsForProceedsFromOtherInvestingActivities",
                "unit": "usd",
                "value": 400000.0
            },
            {
                "label": "Net Cash \u2013 Investing activities",
                "concept": "NetCashProvidedByUsedInInvestingActivitiesContinuingOperations",
                "unit": "usd",
                "value": 28800000.0
            },
            {
                "label": "Commercial paper, net repayments",
                "concept": "ProceedsFromRepaymentsOfCommercialPaper",
                "unit": "usd",
                "value": "N/A"
            },
            {
                "label": "Short-term revolving loans, borrowings",
                "concept": "ProceedsFromShortTermDebt",
                "unit": "usd",
                "value": "N/A"
            },
            {
                "label": "Long-term debt, issued",
                "concept": "ProceedsFromIssuanceOfLongTermDebt",
                "unit": "usd",
                "value": 7100000.0
            },
            {
                "label": "Long-term debt, repayments",
                "concept": "RepaymentsOfLongTermDebt",
                "unit": "usd",
                "value": 200000.0
            },
            {
                "label": "Repurchase of common stock",
                "concept": "PaymentsForRepurchaseOfCommonStock",
                "unit": "usd",
                "value": 19900000.0
            },
            {
                "label": "Proceeds from issuance of common stock",
                "concept": "ProceedsFromIssuanceOfCommonStock",
                "unit": "usd",
                "value": 5100000.0
            },
            {
                "label": "Dividends paid",
                "concept": "PaymentsOfDividendsCommonStock",
                "unit": "usd",
                "value": 13200000.0
            },
            {
                "label": "Other, net",
                "concept": "ProceedsFromPaymentsForOtherFinancingActivities",
                "unit": "usd",
                "value": 100000.0
            },
            {
                "label": "Net Cash \u2013 Financing activities",
                "concept": "NetCashProvidedByUsedInFinancingActivitiesContinuingOperations",
                "unit": "usd",
                "value": 21000000.0
            },
            {
                "label": "Exchange rate effects on cash and cash equivalents",
                "concept": "EffectOfExchangeRateOnCashAndCashEquivalents",
                "unit": "usd",
                "value": 700000.0
            },
            {
                "label": "Net Cash \u2013 Operating activities of discontinued operations",
                "concept": "NetCashProvidedByUsedInDiscontinuedOperations",
                "unit": "usd",
                "value": 400000.0
            },
            {
                "label": "Net change in cash and cash equivalents",
                "concept": "CashAndCashEquivalentsPeriodIncreaseDecrease",
                "unit": "usd",
                "value": 7400000.0
            },
            {
                "label": "Interest",
                "concept": "InterestPaidNet",
                "unit": "usd",
                "value": 1000000.0
            },
            {
                "label": "Income taxes, net of refunds received",
                "concept": "IncomeTaxesPaidNet",
                "unit": "usd",
                "value": 9300000.0
            }
        ],
        "ic": [
            {
                "label": "Revenue",
                "concept": "Revenues",
                "unit": "usd",
                "value": 695500000.0
            },
            {
                "label": "Costs of revenue",
                "concept": "CostOfRevenue",
                "unit": "usd",
                "value": 476700000.0
            },
            {
                "label": "Gross profit",
                "concept": "GrossProfit",
                "unit": "usd",
                "value": 218800000.0
            },
            {
                "label": "General and administrative expenses",
                "concept": "GeneralAndAdministrativeExpense",
                "unit": "usd",
                "value": 51900000.0
            },
            {
                "label": "Sales and marketing expenses",
                "concept": "SellingAndMarketingExpense",
                "unit": "usd",
                "value": 40200000.0
            },
            {
                "label": "Research and development expenses",
                "concept": "ResearchAndDevelopmentExpense",
                "unit": "usd",
                "value": 23500000.0
            },
            {
                "label": "Operating income",
                "concept": "OperatingIncomeLoss",
                "unit": "usd",
                "value": 90600000.0
            },
            {
                "label": "Interest and non-operating (income) expenses, net",
                "concept": "NonoperatingIncomeExpense",
                "unit": "usd",
                "value": 500000.0
            },
            {
                "label": "Income from continuing operations before income tax expense",
                "concept": "IncomeLossFromContinuingOperationsBeforeIncomeTaxesMinorityInterestAndIncomeLossFromEquityMethodInvestments",
                "unit": "usd",
                "value": 91100000.0
            },
            {
                "label": "Income tax expense",
                "concept": "IncomeTaxExpenseBenefit",
                "unit": "usd",
                "value": 19700000.0
            },
            {
                "label": "Income from continuing operations",
                "concept": "IncomeLossFromContinuingOperationsIncludingPortionAttributableToNoncontrollingInterest",
                "unit": "usd",
                "value": 71400000.0
            },
            {
                "label": "Income from discontinued operations, net of tax",
                "concept": "IncomeLossFromDiscontinuedOperationsNetOfTaxAttributableToReportingEntity",
                "unit": "usd",
                "value": "N/A"
            },
            {
                "label": "Net income",
                "concept": "ProfitLoss",
                "unit": "usd",
                "value": 71400000.0
            },
            {
                "label": "Less: Income attributable to noncontrolling interests",
                "concept": "NetIncomeLossAttributableToNoncontrollingInterest",
                "unit": "usd",
                "value": 100000.0
            },
            {
                "label": "Net income attributable to ITT Inc.",
                "concept": "NetIncomeLoss",
                "unit": "usd",
                "value": 71300000.0
            },
            {
                "label": "Income from continuing operations, net of tax",
                "concept": "IncomeLossFromContinuingOperations",
                "unit": "usd",
                "value": 71300000.0
            },
            {
                "label": "Income from discontinued operations, net of tax",
                "concept": "IncomeLossFromDiscontinuedOperationsNetOfTaxAttributableToReportingEntity",
                "unit": "usd",
                "value": "N/A"
            },
            {
                "label": "Net income attributable to ITT Inc.",
                "concept": "NetIncomeLoss",
                "unit": "usd",
                "value": 71300000.0
            },
            {
                "label": "Continuing operations",
                "concept": "IncomeLossFromContinuingOperationsPerBasicShare",
                "unit": "usd/shares",
                "value": 0.81
            },
            {
                "label": "Net income",
                "concept": "EarningsPerShareBasic",
                "unit": "usd/shares",
                "value": 0.81
            },
            {
                "label": "Continuing operations",
                "concept": "IncomeLossFromContinuingOperationsPerDilutedShare",
                "unit": "usd/shares",
                "value": 0.8
            },
            {
                "label": "Net income",
                "concept": "EarningsPerShareDiluted",
                "unit": "usd/shares",
                "value": 0.8
            },
            {
                "label": "Weighted average common shares \u2013 diluted",
                "concept": "WeightedAverageNumberOfDilutedSharesOutstanding",
                "unit": "shares",
                "value": 88600000.0
            }
        ]
    }
}