{
    "startDate": "2019-01-01",
    "endDate": "2019-03-31",
    "year": "2019",
    "quarter": "Q1",
    "symbol": "CMI",
    "data": {
        "bs": [
            {
                "label": "Cash and cash equivalents",
                "concept": "CashAndCashEquivalentsAtCarryingValue",
                "unit": "usd",
                "value": 1328000000
            },
            {
                "label": "Marketable securities (Note 6)",
                "concept": "AvailableForSaleSecuritiesCurrent",
                "unit": "usd",
                "value": 246000000
            },
            {
                "label": "Total cash, cash equivalents and marketable securities",
                "concept": "CashCashEquivalentsAndShortTermInvestments",
                "unit": "usd",
                "value": 1574000000
            },
            {
                "label": "Trade and other",
                "concept": "AccountsNotesAndLoansReceivableNetCurrent",
                "unit": "usd",
                "value": 3765000000
            },
            {
                "label": "Nonconsolidated equity investees",
                "concept": "DueFromRelatedPartiesCurrent",
                "unit": "usd",
                "value": 260000000
            },
            {
                "label": "Inventories (Note 7)",
                "concept": "InventoryNet",
                "unit": "usd",
                "value": 3893000000
            },
            {
                "label": "Prepaid expenses and other current assets",
                "concept": "PrepaidExpenseAndOtherAssetsCurrent",
                "unit": "usd",
                "value": 599000000
            },
            {
                "label": "Total current assets",
                "concept": "AssetsCurrent",
                "unit": "usd",
                "value": 10091000000
            },
            {
                "label": "Property, plant and equipment",
                "concept": "PropertyPlantAndEquipmentGross",
                "unit": "usd",
                "value": 8349000000
            },
            {
                "label": "Accumulated depreciation",
                "concept": "AccumulatedDepreciationDepletionAndAmortizationPropertyPlantAndEquipment",
                "unit": "usd",
                "value": 4283000000
            },
            {
                "label": "Property, plant and equipment, net",
                "concept": "PropertyPlantAndEquipmentNet",
                "unit": "usd",
                "value": 4066000000
            },
            {
                "label": "Investments and advances related to equity method investees",
                "concept": "InvestmentsInAffiliatesSubsidiariesAssociatesAndJointVentures",
                "unit": "usd",
                "value": 1303000000
            },
            {
                "label": "Goodwill",
                "concept": "Goodwill",
                "unit": "usd",
                "value": 1125000000
            },
            {
                "label": "Other intangible assets, net",
                "concept": "IntangibleAssetsNetExcludingGoodwill",
                "unit": "usd",
                "value": 895000000
            },
            {
                "label": "Pension assets",
                "concept": "DefinedBenefitPlanAssetsForPlanBenefitsNoncurrent",
                "unit": "usd",
                "value": 939000000
            },
            {
                "label": "Other assets",
                "concept": "OtherAssetsNoncurrent",
                "unit": "usd",
                "value": 1427000000
            },
            {
                "label": "Total assets",
                "concept": "Assets",
                "unit": "usd",
                "value": 19846000000
            },
            {
                "label": "Accounts payable (principally trade)",
                "concept": "AccountsPayableCurrent",
                "unit": "usd",
                "value": 3018000000
            },
            {
                "label": "Loans payable (Note 9)",
                "concept": "ShortTermBankLoansAndNotesPayable",
                "unit": "usd",
                "value": 70000000
            },
            {
                "label": "Commercial paper (Note 9)",
                "concept": "CommercialPaper",
                "unit": "usd",
                "value": 709000000
            },
            {
                "label": "Accrued compensation, benefits and retirement costs",
                "concept": "EmployeeRelatedLiabilitiesCurrent",
                "unit": "usd",
                "value": 364000000
            },
            {
                "label": "Current portion of accrued product warranty (Note 10)",
                "concept": "ProductWarrantyAccrualClassifiedCurrent",
                "unit": "usd",
                "value": 762000000
            },
            {
                "label": "Current portion of deferred revenue (Note 3)",
                "concept": "DeferredRevenueCurrent",
                "unit": "usd",
                "value": 509000000
            },
            {
                "label": "Other accrued expenses (Note 11)",
                "concept": "AccruedLiabilitiesCurrent",
                "unit": "usd",
                "value": 958000000
            },
            {
                "label": "Current maturities of long-term debt (Note 9)",
                "concept": "LongTermDebtCurrent",
                "unit": "usd",
                "value": 37000000
            },
            {
                "label": "Total current liabilities",
                "concept": "LiabilitiesCurrent",
                "unit": "usd",
                "value": 6427000000
            },
            {
                "label": "Long-term debt (Note 9)",
                "concept": "LongTermDebtAndCapitalLeaseObligations",
                "unit": "usd",
                "value": 1605000000
            },
            {
                "label": "Pensions and other postretirement benefits",
                "concept": "DefinedBenefitPensionPlanLiabilitiesNoncurrent",
                "unit": "usd",
                "value": 520000000
            },
            {
                "label": "Accrued product warranty (Note 10)",
                "concept": "ProductWarrantyAccrualNoncurrent",
                "unit": "usd",
                "value": 682000000
            },
            {
                "label": "Deferred Revenue, Noncurrent",
                "concept": "DeferredRevenueNoncurrent",
                "unit": "usd",
                "value": 697000000
            },
            {
                "label": "Other liabilities (Note 11)",
                "concept": "OtherLiabilitiesNoncurrent",
                "unit": "usd",
                "value": 1188000000
            },
            {
                "label": "Total liabilities",
                "concept": "Liabilities",
                "unit": "usd",
                "value": 11119000000
            },
            {
                "label": "Commitments and contingencies (Note 12)",
                "concept": "CommitmentsAndContingencies",
                "unit": "usd",
                "value": "N/A"
            },
            {
                "label": "Common stock, $2.50 par value, 500 shares authorized, 222.4 and 222.4 shares issued",
                "concept": "CommonStockValueOutstanding",
                "unit": "usd",
                "value": 2273000000
            },
            {
                "label": "Retained earnings",
                "concept": "RetainedEarningsAccumulatedDeficit",
                "unit": "usd",
                "value": 13401000000
            },
            {
                "label": "Treasury stock, at cost, 64.9 and 64.4 shares",
                "concept": "TreasuryStockValue",
                "unit": "usd",
                "value": 6111000000
            },
            {
                "label": "Common stock held by employee benefits trust, at cost, 0.3 and 0.4 shares",
                "concept": "CommonStockIssuedEmployeeStockTrust",
                "unit": "usd",
                "value": 4000000
            },
            {
                "label": "Accumulated other comprehensive loss (Note 13)",
                "concept": "AccumulatedOtherComprehensiveIncomeLossNetOfTax",
                "unit": "usd",
                "value": 1739000000
            },
            {
                "label": "Total Cummins Inc. shareholders' equity",
                "concept": "StockholdersEquity",
                "unit": "usd",
                "value": 7820000000
            },
            {
                "label": "Noncontrolling interests",
                "concept": "MinorityInterest",
                "unit": "usd",
                "value": 907000000
            },
            {
                "label": "Total equity",
                "concept": "StockholdersEquityIncludingPortionAttributableToNoncontrollingInterest",
                "unit": "usd",
                "value": 8727000000
            },
            {
                "label": "Total liabilities and equity",
                "concept": "LiabilitiesAndStockholdersEquity",
                "unit": "usd",
                "value": 19846000000
            }
        ],
        "cf": [
            {
                "label": "Consolidated net income",
                "concept": "ProfitLoss",
                "unit": "usd",
                "value": 669000000
            },
            {
                "label": "Depreciation and amortization",
                "concept": "DepreciationDepletionAndAmortization",
                "unit": "usd",
                "value": 157000000
            },
            {
                "label": "Deferred income taxes",
                "concept": "DeferredIncomeTaxesAndTaxCredits",
                "unit": "usd",
                "value": 11000000
            },
            {
                "label": "Equity in income of investees, net of dividends",
                "concept": "IncomeLossFromEquityMethodInvestmentsNetOfDividendsOrDistributions",
                "unit": "usd",
                "value": 64000000
            },
            {
                "label": "Pension contributions (in excess of) under expense, net (Note 4)",
                "concept": "PensionContributions",
                "unit": "usd",
                "value": 17000000
            },
            {
                "label": "Other postretirement benefits payments in excess of expense, net (Note 4)",
                "concept": "OtherPostretirementBenefitsPayments",
                "unit": "usd",
                "value": 12000000
            },
            {
                "label": "Stock-based compensation expense",
                "concept": "ShareBasedCompensation",
                "unit": "usd",
                "value": 9000000
            },
            {
                "label": "(Gain) loss on corporate owned life insurance",
                "concept": "PaymentsForProceedsFromLifeInsurancePolicies",
                "unit": "usd",
                "value": 37000000
            },
            {
                "label": "Foreign currency remeasurement and transaction exposure",
                "concept": "ForeignCurrencyTransactionGainLossBeforeTax",
                "unit": "usd",
                "value": 79000000
            },
            {
                "label": "Accounts and notes receivable",
                "concept": "IncreaseDecreaseInAccountsAndNotesReceivable",
                "unit": "usd",
                "value": 135000000
            },
            {
                "label": "Inventories",
                "concept": "IncreaseDecreaseInInventories",
                "unit": "usd",
                "value": 107000000
            },
            {
                "label": "Other current assets",
                "concept": "IncreaseDecreaseInOtherOperatingAssets",
                "unit": "usd",
                "value": 67000000
            },
            {
                "label": "Accounts payable",
                "concept": "IncreaseDecreaseInAccountsPayable",
                "unit": "usd",
                "value": 166000000
            },
            {
                "label": "Accrued expenses",
                "concept": "IncreaseDecreaseInAccruedLiabilities",
                "unit": "usd",
                "value": 293000000
            },
            {
                "label": "Changes in other liabilities",
                "concept": "IncreaseDecreaseInOtherNoncurrentAssetsAndLiabilitiesNet",
                "unit": "usd",
                "value": 64000000
            },
            {
                "label": "Other, net",
                "concept": "OtherNoncashIncomeExpense",
                "unit": "usd",
                "value": 145000000
            },
            {
                "label": "Net cash provided by (used in) operating activities",
                "concept": "NetCashProvidedByUsedInOperatingActivities",
                "unit": "usd",
                "value": 412000000
            },
            {
                "label": "Capital expenditures",
                "concept": "PaymentsToAcquirePropertyPlantAndEquipment",
                "unit": "usd",
                "value": 109000000
            },
            {
                "label": "Investments in internal use software",
                "concept": "PaymentsToDevelopSoftware",
                "unit": "usd",
                "value": 20000000
            },
            {
                "label": "Investments in and advances to equity investees",
                "concept": "PaymentsToAcquireEquityMethodInvestments",
                "unit": "usd",
                "value": 10000000
            },
            {
                "label": "Investments in marketable securities\u2014acquisitions (Note 6)",
                "concept": "PaymentsToAcquireMarketableSecurities",
                "unit": "usd",
                "value": 121000000
            },
            {
                "label": "Investments in marketable securities\u2014liquidations (Note 6)",
                "concept": "ProceedsFromSaleAndMaturityOfMarketableSecurities",
                "unit": "usd",
                "value": 103000000
            },
            {
                "label": "Cash flows from derivatives not designated as hedges",
                "concept": "PaymentsForProceedsFromDerivativeInstrumentInvestingActivities",
                "unit": "usd",
                "value": 55000000
            },
            {
                "label": "Other, net",
                "concept": "PaymentsForProceedsFromOtherInvestingActivities",
                "unit": "usd",
                "value": 31000000
            },
            {
                "label": "Net cash used in investing activities",
                "concept": "NetCashProvidedByUsedInInvestingActivitiesContinuingOperations",
                "unit": "usd",
                "value": 71000000
            },
            {
                "label": "Net (payments) borrowings of commercial paper (Note 9)",
                "concept": "ProceedsFromRepaymentsOfCommercialPaper",
                "unit": "usd",
                "value": 71000000
            },
            {
                "label": "Payments on borrowings and capital lease obligations",
                "concept": "RepaymentsOfLongTermDebtAndCapitalSecurities",
                "unit": "usd",
                "value": 10000000
            },
            {
                "label": "Distributions to noncontrolling interests",
                "concept": "PaymentsToMinorityShareholders",
                "unit": "usd",
                "value": 13000000
            },
            {
                "label": "Dividend payments on common stock",
                "concept": "PaymentsOfDividends",
                "unit": "usd",
                "value": 179000000
            },
            {
                "label": "Repurchases of common stock",
                "concept": "PaymentsForRepurchaseOfCommonStock",
                "unit": "usd",
                "value": 100000000
            },
            {
                "label": "Other, net",
                "concept": "ProceedsFromPaymentsForOtherFinancingActivities",
                "unit": "usd",
                "value": 26000000
            },
            {
                "label": "Net cash used in financing activities",
                "concept": "NetCashProvidedByUsedInFinancingActivitiesContinuingOperations",
                "unit": "usd",
                "value": 347000000
            },
            {
                "label": "EFFECT OF EXCHANGE RATE CHANGES ON CASH AND CASH EQUIVALENTS",
                "concept": "EffectOfExchangeRateOnCashAndCashEquivalents",
                "unit": "usd",
                "value": 31000000
            },
            {
                "label": "Net increase (decrease) in cash and cash equivalents",
                "concept": "CashAndCashEquivalentsPeriodIncreaseDecrease",
                "unit": "usd",
                "value": 25000000
            }
        ],
        "ic": [
            {
                "label": "Cost of sales",
                "concept": "CostOfRevenue",
                "unit": "usd",
                "value": 4472000000
            },
            {
                "label": "GROSS MARGIN",
                "concept": "GrossProfit",
                "unit": "usd",
                "value": 1532000000
            },
            {
                "label": "Selling, general and administrative expenses",
                "concept": "SellingGeneralAndAdministrativeExpense",
                "unit": "usd",
                "value": 593000000
            },
            {
                "label": "Research, development and engineering expenses",
                "concept": "ResearchAndDevelopmentExpense",
                "unit": "usd",
                "value": 237000000
            },
            {
                "label": "Equity, royalty and interest income from investees (Note 5)",
                "concept": "IncomeLossFromEquityMethodInvestments",
                "unit": "usd",
                "value": 92000000
            },
            {
                "label": "Other operating income (expense), net",
                "concept": "OtherOperatingIncomeExpenseNet",
                "unit": "usd",
                "value": 5000000
            },
            {
                "label": "OPERATING INCOME",
                "concept": "OperatingIncomeLoss",
                "unit": "usd",
                "value": 799000000
            },
            {
                "label": "Interest income",
                "concept": "InvestmentIncomeInterest",
                "unit": "usd",
                "value": 12000000
            },
            {
                "label": "Interest expense",
                "concept": "InterestExpense",
                "unit": "usd",
                "value": 32000000
            },
            {
                "label": "Other income, net",
                "concept": "OtherNonoperatingIncomeExpense",
                "unit": "usd",
                "value": 66000000
            },
            {
                "label": "INCOME BEFORE INCOME TAXES",
                "concept": "IncomeLossIncludingPortionAttributableToNoncontrollingInterest",
                "unit": "usd",
                "value": 845000000
            },
            {
                "label": "Income tax expense",
                "concept": "IncomeTaxExpenseBenefit",
                "unit": "usd",
                "value": 176000000
            },
            {
                "label": "CONSOLIDATED NET INCOME",
                "concept": "ProfitLoss",
                "unit": "usd",
                "value": 669000000
            },
            {
                "label": "Less: Net income attributable to noncontrolling interests",
                "concept": "NetIncomeLossAttributableToNoncontrollingInterest",
                "unit": "usd",
                "value": 6000000
            },
            {
                "label": "NET INCOME ATTRIBUTABLE TO CUMMINS INC.",
                "concept": "NetIncomeLossAvailableToCommonStockholdersBasic",
                "unit": "usd",
                "value": 663000000
            },
            {
                "label": "Basic (in dollars per share)",
                "concept": "EarningsPerShareBasic",
                "unit": "usd/shares",
                "value": 4.22
            },
            {
                "label": "Diluted (in dollars per share)",
                "concept": "EarningsPerShareDiluted",
                "unit": "usd/shares",
                "value": 4.2
            },
            {
                "label": "Basic (in shares)",
                "concept": "WeightedAverageNumberOfSharesOutstandingBasic",
                "unit": "shares",
                "value": 157200000.0
            },
            {
                "label": "Dilutive effect of stock compensation awards (in shares)",
                "concept": "IncrementalCommonSharesAttributableToShareBasedPaymentArrangements",
                "unit": "shares",
                "value": 500000.0
            },
            {
                "label": "Diluted (in shares)",
                "concept": "WeightedAverageNumberOfDilutedSharesOutstanding",
                "unit": "shares",
                "value": 157700000.0
            },
            {
                "label": "Sales to nonconsolidated equity investees",
                "concept": "RevenueFromRelatedParties",
                "unit": "usd",
                "value": 285000000
            }
        ]
    }
}