{
    "startDate": "2018-03-01",
    "endDate": "2019-02-28",
    "year": "2019",
    "quarter": "FY",
    "symbol": "AZZ",
    "data": {
        "bs": [
            {
                "label": "Cash and cash equivalents",
                "concept": "CashAndCashEquivalentsAtCarryingValue",
                "unit": "usd",
                "value": 24005000
            },
            {
                "label": "Accounts receivable, net of allowance for doubtful accounts of $2,267 and $569 at February 28, 2019 and 2018, respectively",
                "concept": "AccountsReceivableNetCurrent",
                "unit": "usd",
                "value": 144887000
            },
            {
                "label": "Inventories, net",
                "concept": "InventoryNet",
                "unit": "usd",
                "value": 124847000
            },
            {
                "label": "Contract with Customer, Asset, Net",
                "concept": "ContractWithCustomerAssetNet",
                "unit": "usd",
                "value": 75561000
            },
            {
                "label": "Prepaid expenses and other",
                "concept": "PrepaidExpenseAndOtherAssets",
                "unit": "usd",
                "value": 9245000
            },
            {
                "label": "Total current assets",
                "concept": "AssetsCurrent",
                "unit": "usd",
                "value": 378545000
            },
            {
                "label": "Operating Lease, Right-of-Use Asset",
                "concept": "OperatingLeaseRightOfUseAsset",
                "unit": "usd",
                "value": 45870000
            },
            {
                "label": "Goodwill",
                "concept": "Goodwill",
                "unit": "usd",
                "value": 323756000
            },
            {
                "label": "Intangibles and other assets",
                "concept": "IntangibleAssetsNetExcludingGoodwill",
                "unit": "usd",
                "value": 130172000
            },
            {
                "label": "Total Assets",
                "concept": "Assets",
                "unit": "usd",
                "value": 1088570000
            },
            {
                "label": "Accounts payable",
                "concept": "AccountsPayableCurrent",
                "unit": "usd",
                "value": 53047000
            },
            {
                "label": "Income tax payable",
                "concept": "AccruedIncomeTaxesCurrent",
                "unit": "usd",
                "value": 632000
            },
            {
                "label": "Accrued salaries and wages",
                "concept": "EmployeeRelatedLiabilitiesCurrent",
                "unit": "usd",
                "value": 30395000
            },
            {
                "label": "Other accrued liabilities",
                "concept": "OtherLiabilitiesCurrent",
                "unit": "usd",
                "value": 17631000
            },
            {
                "label": "Customer advance payment",
                "concept": "CustomerAdvancesCurrent",
                "unit": "usd",
                "value": 481000
            },
            {
                "label": "Contract with Customer, Liability",
                "concept": "ContractWithCustomerLiability",
                "unit": "usd",
                "value": 56928000
            },
            {
                "label": "Operating Lease, Liability, Current",
                "concept": "OperatingLeaseLiabilityCurrent",
                "unit": "usd",
                "value": 5657000
            },
            {
                "label": "Long-term debt due within one year",
                "concept": "DebtCurrent",
                "unit": "usd",
                "value": 0
            },
            {
                "label": "Total Current Liabilities",
                "concept": "LiabilitiesCurrent",
                "unit": "usd",
                "value": 164771000
            },
            {
                "label": "Long-term debt due after one year",
                "concept": "LongTermDebtNoncurrent",
                "unit": "usd",
                "value": 240745000
            },
            {
                "label": "Deferred income tax liabilities",
                "concept": "DeferredTaxLiabilitiesNoncurrent",
                "unit": "usd",
                "value": 36623000
            },
            {
                "label": "Other Liabilities, Noncurrent",
                "concept": "OtherLiabilitiesNoncurrent",
                "unit": "usd",
                "value": 1513000
            },
            {
                "label": "Operating Lease, Liability, Noncurrent",
                "concept": "OperatingLeaseLiabilityNoncurrent",
                "unit": "usd",
                "value": 41190000
            },
            {
                "label": "Total liabilities",
                "concept": "Liabilities",
                "unit": "usd",
                "value": 484842000
            },
            {
                "label": "Common Stock, $1.00 par value; 100,000 shares authorized; 26,115 and 25,959 shares issued and outstanding at February 28, 2019 and 2018, respectively",
                "concept": "CommonStockValue",
                "unit": "usd",
                "value": 26115000
            },
            {
                "label": "Capital in excess of par value",
                "concept": "AdditionalPaidInCapitalCommonStock",
                "unit": "usd",
                "value": 46141000
            },
            {
                "label": "Accumulated other comprehensive income (loss)",
                "concept": "AccumulatedOtherComprehensiveIncomeLossNetOfTax",
                "unit": "usd",
                "value": -28752000
            },
            {
                "label": "Total Shareholders\u2019 Equity",
                "concept": "StockholdersEquity",
                "unit": "usd",
                "value": 603728000
            },
            {
                "label": "Total Liabilities and Shareholders\u2019 Equity",
                "concept": "LiabilitiesAndStockholdersEquity",
                "unit": "usd",
                "value": 1088570000
            }
        ],
        "cf": [
            {
                "label": "Net Income",
                "concept": "NetIncomeLoss",
                "unit": "usd",
                "value": 51208000
            },
            {
                "label": "Depreciation, Amortization and Accretion, Net",
                "concept": "DepreciationAmortizationAndAccretionNet",
                "unit": "usd",
                "value": 50245000
            },
            {
                "label": "Deferred income taxes",
                "concept": "IncreaseDecreaseInDeferredIncomeTaxes",
                "unit": "usd",
                "value": -3731000
            },
            {
                "label": "Share-based compensation expense",
                "concept": "ShareBasedCompensation",
                "unit": "usd",
                "value": 4659000
            },
            {
                "label": "Amortization of deferred debt issuance costs",
                "concept": "PaidInKindInterest",
                "unit": "usd",
                "value": 541000
            },
            {
                "label": "Provision for doubtful accounts",
                "concept": "ProvisionForDoubtfulAccounts",
                "unit": "usd",
                "value": 2153000
            },
            {
                "label": "Gain (Loss) on Disposition of Assets",
                "concept": "GainLossOnDispositionOfAssets1",
                "unit": "usd",
                "value": -810000
            },
            {
                "label": "Net loss on sale of property, plant & equipment and insurance proceeds",
                "concept": "GainLossOnSaleOfPropertyPlantEquipment",
                "unit": "usd",
                "value": -9000
            },
            {
                "label": "Accounts Receivable",
                "concept": "IncreaseDecreaseInAccountsReceivable",
                "unit": "usd",
                "value": 8131000
            },
            {
                "label": "Inventories",
                "concept": "IncreaseDecreaseInInventories",
                "unit": "usd",
                "value": 595000
            },
            {
                "label": "Prepaid expenses and other assets",
                "concept": "IncreaseDecreaseInPrepaidDeferredExpenseAndOtherAssets",
                "unit": "usd",
                "value": 4883000
            },
            {
                "label": "Net change in contract assets and liabilities",
                "concept": "IncreaseDecreaseInBillingInExcessOfCostOfEarnings",
                "unit": "usd",
                "value": 3091000
            },
            {
                "label": "Accounts payable",
                "concept": "IncreaseDecreaseInAccountsPayable",
                "unit": "usd",
                "value": -171000
            },
            {
                "label": "Other accrued liabilities and income taxes payable",
                "concept": "IncreaseDecreaseInOtherOperatingLiabilities",
                "unit": "usd",
                "value": 12001000
            },
            {
                "label": "Net cash provided by operating activities:",
                "concept": "NetCashProvidedByUsedInOperatingActivities",
                "unit": "usd",
                "value": 114668000
            },
            {
                "label": "Proceeds from the sale or insurance settlement of property, plant, and equipment",
                "concept": "ProceedsFromSaleOfPropertyPlantAndEquipment",
                "unit": "usd",
                "value": 1543000
            },
            {
                "label": "Purchases of property, plant and equipment",
                "concept": "PaymentsToAcquirePropertyPlantAndEquipment",
                "unit": "usd",
                "value": 25616000
            },
            {
                "label": "Net cash used in investing activities:",
                "concept": "NetCashProvidedByUsedInInvestingActivities",
                "unit": "usd",
                "value": -32073000
            },
            {
                "label": "Payments on revolving loan",
                "concept": "RepaymentsOfLinesOfCredit",
                "unit": "usd",
                "value": 310000000
            },
            {
                "label": "Proceeds from Lines of Credit",
                "concept": "ProceedsFromLinesOfCredit",
                "unit": "usd",
                "value": 264000000
            },
            {
                "label": "Proceeds from long-term debt",
                "concept": "RepaymentsOfLongTermDebt",
                "unit": "usd",
                "value": 14286000
            },
            {
                "label": "Cash dividends paid",
                "concept": "PaymentsOfDividends",
                "unit": "usd",
                "value": 17718000
            },
            {
                "label": "Net cash provided by (used in) financing activities",
                "concept": "NetCashProvidedByUsedInFinancingActivities",
                "unit": "usd",
                "value": -78004000
            },
            {
                "label": "Payments for Repurchase of Common Stock",
                "concept": "PaymentsForRepurchaseOfCommonStock",
                "unit": "usd",
                "value": 0
            },
            {
                "label": "Effect of exchange rate changes on cash",
                "concept": "EffectOfExchangeRateOnCashAndCashEquivalents",
                "unit": "usd",
                "value": -1439000
            },
            {
                "label": "Net increase (decrease) in cash and cash equivalents",
                "concept": "CashAndCashEquivalentsPeriodIncreaseDecrease",
                "unit": "usd",
                "value": 3152000
            },
            {
                "label": "Interest",
                "concept": "InterestPaid",
                "unit": "usd",
                "value": 14880000
            },
            {
                "label": "Income taxes",
                "concept": "IncomeTaxesPaid",
                "unit": "usd",
                "value": 3291000
            }
        ],
        "ic": [
            {
                "label": "Cost of Sales",
                "concept": "CostOfGoodsSold",
                "unit": "usd",
                "value": 728466000
            },
            {
                "label": "Selling, General and Administrative",
                "concept": "SellingGeneralAndAdministrativeExpense",
                "unit": "usd",
                "value": 121665000
            },
            {
                "label": "Operating Income (Loss)",
                "concept": "OperatingIncomeLoss",
                "unit": "usd",
                "value": 76956000
            },
            {
                "label": "Interest Expense",
                "concept": "InterestExpense",
                "unit": "usd",
                "value": 14971000
            },
            {
                "label": "Other Expense (Income) - net",
                "concept": "OtherNonoperatingIncomeExpense",
                "unit": "usd",
                "value": 1020000
            },
            {
                "label": "Income Tax Expense",
                "concept": "IncomeTaxExpenseBenefit",
                "unit": "usd",
                "value": 11797000
            },
            {
                "label": "Net Income",
                "concept": "NetIncomeLoss",
                "unit": "usd",
                "value": 51208000
            },
            {
                "label": "Basic Earnings Per Share (usd per share)",
                "concept": "EarningsPerShareBasic",
                "unit": "usd/shares",
                "value": 1.97
            },
            {
                "label": "Diluted Earnings Per Share (usd per share)",
                "concept": "EarningsPerShareDiluted",
                "unit": "usd/shares",
                "value": 1.96
            },
            {
                "label": "Weighted average number common shares (shares)",
                "concept": "WeightedAverageNumberOfSharesOutstandingBasic",
                "unit": "shares",
                "value": 26038000
            },
            {
                "label": "Weighted average number common shares and potentially dilutive common shares (shares)",
                "concept": "WeightedAverageNumberOfDilutedSharesOutstanding",
                "unit": "shares",
                "value": 26107000
            },
            {
                "label": "Common Stock, Dividends, Per Share, Declared",
                "concept": "CommonStockDividendsPerShareDeclared",
                "unit": "usd/shares",
                "value": 0.68
            }
        ]
    }
}