{
    "startDate": "2019-01-01",
    "endDate": "2019-03-31",
    "year": "2019",
    "quarter": "Q2",
    "symbol": "ASYS",
    "data": {
        "bs": [
            {
                "label": "Cash and cash equivalents",
                "concept": "CashAndCashEquivalentsAtCarryingValue",
                "unit": "usd",
                "value": 47921000
            },
            {
                "label": "Restricted cash",
                "concept": "RestrictedCashAndCashEquivalentsAtCarryingValue",
                "unit": "usd",
                "value": 502000
            },
            {
                "label": "Trade (less allowance for doubtful accounts of $444 and $454 at March 31, 2019, and September 30, 2018, respectively)",
                "concept": "AccountsReceivableNetCurrent",
                "unit": "usd",
                "value": 17093000
            },
            {
                "label": "Unbilled and other",
                "concept": "ReceivablesLongTermContractsOrPrograms",
                "unit": "usd",
                "value": 0
            },
            {
                "label": "Inventories",
                "concept": "InventoryNet",
                "unit": "usd",
                "value": 19272000
            },
            {
                "label": "Contract assets",
                "concept": "ContractWithCustomerAssetGrossCurrent",
                "unit": "usd",
                "value": 107000
            },
            {
                "label": "Held-for-sale assets",
                "concept": "AssetsOfDisposalGroupIncludingDiscontinuedOperationCurrent",
                "unit": "usd",
                "value": 25977000
            },
            {
                "label": "Other current assets",
                "concept": "OtherAssetsCurrent",
                "unit": "usd",
                "value": 2091000
            },
            {
                "label": "Total current assets",
                "concept": "AssetsCurrent",
                "unit": "usd",
                "value": 112963000
            },
            {
                "label": "Property, Plant and Equipment - Net",
                "concept": "PropertyPlantAndEquipmentNet",
                "unit": "usd",
                "value": 10180000
            },
            {
                "label": "Intangible Assets - Net",
                "concept": "IntangibleAssetsNetExcludingGoodwill",
                "unit": "usd",
                "value": 1000000
            },
            {
                "label": "Goodwill - Net",
                "concept": "Goodwill",
                "unit": "usd",
                "value": 6633000
            },
            {
                "label": "Other Assets",
                "concept": "OtherAssetsNoncurrent",
                "unit": "usd",
                "value": 828000
            },
            {
                "label": "Total Assets",
                "concept": "Assets",
                "unit": "usd",
                "value": 131604000
            },
            {
                "label": "Accounts payable",
                "concept": "AccountsPayableCurrent",
                "unit": "usd",
                "value": 6128000
            },
            {
                "label": "Accrued compensation and related taxes",
                "concept": "EmployeeRelatedLiabilitiesCurrent",
                "unit": "usd",
                "value": 3604000
            },
            {
                "label": "Accrued warranty expense",
                "concept": "ProductWarrantyAccrualClassifiedCurrent",
                "unit": "usd",
                "value": 530000
            },
            {
                "label": "Other accrued liabilities",
                "concept": "AccruedLiabilitiesCurrent",
                "unit": "usd",
                "value": 1171000
            },
            {
                "label": "Current maturities of long-term debt",
                "concept": "LongTermDebtCurrent",
                "unit": "usd",
                "value": 356000
            },
            {
                "label": "Deferred profit",
                "concept": "ContractWithCustomerLiabilityCurrent",
                "unit": "usd",
                "value": 2015000
            },
            {
                "label": "Income taxes payable",
                "concept": "AccruedIncomeTaxesCurrent",
                "unit": "usd",
                "value": 2630000
            },
            {
                "label": "Held-for-sale liabilities",
                "concept": "LiabilitiesOfDisposalGroupIncludingDiscontinuedOperationCurrent",
                "unit": "usd",
                "value": 21965000
            },
            {
                "label": "Total current liabilities",
                "concept": "LiabilitiesCurrent",
                "unit": "usd",
                "value": 38399000
            },
            {
                "label": "Long-term Debt",
                "concept": "LongTermDebtNoncurrent",
                "unit": "usd",
                "value": 5361000
            },
            {
                "label": "Income Taxes Payable",
                "concept": "LiabilityForUncertainTaxPositionsNoncurrent",
                "unit": "usd",
                "value": 3147000
            },
            {
                "label": "Total liabilities",
                "concept": "Liabilities",
                "unit": "usd",
                "value": 46907000
            },
            {
                "label": "Commitments and Contingencies",
                "concept": "CommitmentsAndContingencies",
                "unit": "usd",
                "value": "N/A"
            },
            {
                "label": "Preferred stock; 100,000,000 shares authorized; none issued",
                "concept": "PreferredStockValue",
                "unit": "usd",
                "value": 0
            },
            {
                "label": "Common stock; $0.01 par value; 100,000,000 shares authorized; shares issued and outstanding: 13,150,222 and 9,848,253 at June 30, 2015, and September 30, 2014, respectively",
                "concept": "CommonStockValue",
                "unit": "usd",
                "value": 142000
            },
            {
                "label": "Additional paid-in capital",
                "concept": "AdditionalPaidInCapital",
                "unit": "usd",
                "value": 124716000
            },
            {
                "label": "Accumulated other comprehensive loss",
                "concept": "AccumulatedOtherComprehensiveIncomeLossNetOfTax",
                "unit": "usd",
                "value": -10760000
            },
            {
                "label": "Retained deficit",
                "concept": "RetainedEarningsAccumulatedDeficit",
                "unit": "usd",
                "value": -29401000
            },
            {
                "label": "Total shareholders\u2019 equity",
                "concept": "StockholdersEquity",
                "unit": "usd",
                "value": 84697000
            },
            {
                "label": "Total Liabilities and Shareholders\u2019 Equity",
                "concept": "LiabilitiesAndStockholdersEquity",
                "unit": "usd",
                "value": 131604000
            }
        ],
        "cf": [],
        "ic": [
            {
                "label": "Revenues, net of returns and allowances",
                "concept": "RevenueFromContractWithCustomerIncludingAssessedTax",
                "unit": "usd",
                "value": 20633000
            },
            {
                "label": "Cost of sales",
                "concept": "CostOfGoodsAndServicesSold",
                "unit": "usd",
                "value": 12706000
            },
            {
                "label": "Gross profit",
                "concept": "GrossProfit",
                "unit": "usd",
                "value": 7927000
            },
            {
                "label": "Selling, general and administrative",
                "concept": "SellingGeneralAndAdministrativeExpense",
                "unit": "usd",
                "value": 5793000
            },
            {
                "label": "Research, development and engineering",
                "concept": "asys:ResearchAndDevelopmentNetOfGrantsEarned",
                "unit": "usd",
                "value": 713000
            },
            {
                "label": "Restructuring charges",
                "concept": "RestructuringCharges",
                "unit": "usd",
                "value": 173000
            },
            {
                "label": "Operating income",
                "concept": "OperatingIncomeLoss",
                "unit": "usd",
                "value": 1248000
            },
            {
                "label": "Income from equity method investment",
                "concept": "IncomeLossFromEquityMethodInvestments",
                "unit": "usd",
                "value": 0
            },
            {
                "label": "Interest income (expense) and other income, net",
                "concept": "OtherNonoperatingIncomeExpense",
                "unit": "usd",
                "value": 96000
            },
            {
                "label": "Income from continuing operations before income taxes",
                "concept": "IncomeLossFromContinuingOperationsBeforeIncomeTaxesMinorityInterestAndIncomeLossFromEquityMethodInvestments",
                "unit": "usd",
                "value": 1344000
            },
            {
                "label": "Income tax provision",
                "concept": "IncomeTaxExpenseBenefit",
                "unit": "usd",
                "value": 300000
            },
            {
                "label": "Weighted average shares outstanding - basic (in shares)",
                "concept": "WeightedAverageNumberOfSharesOutstandingBasic",
                "unit": "shares",
                "value": 14228000
            },
            {
                "label": "Weighted average shares outstanding - diluted (in shares)",
                "concept": "WeightedAverageNumberOfDilutedSharesOutstanding",
                "unit": "shares",
                "value": 14258000
            }
        ]
    }
}