{
    "startDate": "2019-01-01",
    "endDate": "2019-03-31",
    "year": "2019",
    "quarter": "Q1",
    "symbol": "LEG",
    "data": {
        "bs": [
            {
                "label": "Cash and cash equivalents",
                "concept": "CashAndCashEquivalentsAtCarryingValue",
                "unit": "usd",
                "value": 263300000.0
            },
            {
                "label": "Trade receivables, net",
                "concept": "AccountsReceivableNetCurrent",
                "unit": "usd",
                "value": 642800000.0
            },
            {
                "label": "Other receivables, net",
                "concept": "OtherReceivablesNetCurrent",
                "unit": "usd",
                "value": 22500000.0
            },
            {
                "label": "Total receivables, net",
                "concept": "ReceivablesNetCurrent",
                "unit": "usd",
                "value": 665300000.0
            },
            {
                "label": "Total inventories, net",
                "concept": "InventoryNet",
                "unit": "usd",
                "value": 676800000.0
            },
            {
                "label": "Prepaid expenses and other current assets",
                "concept": "PrepaidExpenseAndOtherAssetsCurrent",
                "unit": "usd",
                "value": 53600000.0
            },
            {
                "label": "Total current assets",
                "concept": "AssetsCurrent",
                "unit": "usd",
                "value": 1659000000.0
            },
            {
                "label": "Machinery and equipment",
                "concept": "MachineryAndEquipmentGross",
                "unit": "usd",
                "value": 1351300000.0
            },
            {
                "label": "Buildings and other",
                "concept": "BuildingsAndImprovementsGross",
                "unit": "usd",
                "value": 682000000.0
            },
            {
                "label": "Land",
                "concept": "Land",
                "unit": "usd",
                "value": 43100000.0
            },
            {
                "label": "Total property, plant and equipment",
                "concept": "PropertyPlantAndEquipmentGross",
                "unit": "usd",
                "value": 2076400000.0
            },
            {
                "label": "Less accumulated depreciation",
                "concept": "AccumulatedDepreciationDepletionAndAmortizationPropertyPlantAndEquipment",
                "unit": "usd",
                "value": 1266100000.0
            },
            {
                "label": "Net property, plant and equipment",
                "concept": "PropertyPlantAndEquipmentNet",
                "unit": "usd",
                "value": 810300000.0
            },
            {
                "label": "Other intangibles, less accumulated amortization of $174.4 and $161.7 as of March 31, 2019 and December 31, 2018, respectively",
                "concept": "IntangibleAssetsNetExcludingGoodwill",
                "unit": "usd",
                "value": 807900000.0
            },
            {
                "label": "Operating lease right-of-use assets",
                "concept": "OperatingLeaseRightOfUseAsset",
                "unit": "usd",
                "value": 157900000.0
            },
            {
                "label": "Sundry",
                "concept": "OtherAssetsNoncurrent",
                "unit": "usd",
                "value": 123200000.0
            },
            {
                "label": "Total other assets",
                "concept": "leg:TotalOtherAssets",
                "unit": "usd",
                "value": 2484500000.0
            },
            {
                "label": "Current maturities of long-term debt",
                "concept": "LongTermDebtAndCapitalLeaseObligationsCurrent",
                "unit": "usd",
                "value": 51400000.0
            },
            {
                "label": "Current portion of operating lease liabilities",
                "concept": "OperatingLeaseLiabilityCurrent",
                "unit": "usd",
                "value": 38100000.0
            },
            {
                "label": "Accounts payable",
                "concept": "AccountsPayableCurrent",
                "unit": "usd",
                "value": 431200000.0
            },
            {
                "label": "Accrued expenses",
                "concept": "AccruedLiabilitiesCurrent",
                "unit": "usd",
                "value": 248100000.0
            },
            {
                "label": "Other current liabilities",
                "concept": "OtherLiabilitiesCurrent",
                "unit": "usd",
                "value": 98200000.0
            },
            {
                "label": "Total current liabilities",
                "concept": "LiabilitiesCurrent",
                "unit": "usd",
                "value": 867000000.0
            },
            {
                "label": "Long-term debt",
                "concept": "LongTermDebtAndCapitalLeaseObligations",
                "unit": "usd",
                "value": 2409600000.0
            },
            {
                "label": "Operating lease liabilities",
                "concept": "OperatingLeaseLiabilityNoncurrent",
                "unit": "usd",
                "value": 119100000.0
            },
            {
                "label": "Other long-term liabilities",
                "concept": "OtherLiabilitiesNoncurrent",
                "unit": "usd",
                "value": 146800000.0
            },
            {
                "label": "Deferred income taxes",
                "concept": "DeferredIncomeTaxLiabilitiesNet",
                "unit": "usd",
                "value": 216100000.0
            },
            {
                "label": "Total long-term liabilities",
                "concept": "LiabilitiesNoncurrent",
                "unit": "usd",
                "value": 2891600000.0
            },
            {
                "label": "COMMITMENTS AND CONTINGENCIES",
                "concept": "CommitmentsAndContingencies",
                "unit": "usd",
                "value": "N/A"
            },
            {
                "label": "Common stock",
                "concept": "leg:CommonAndPreferredStockValue",
                "unit": "usd",
                "value": 2000000.0
            },
            {
                "label": "Additional contributed capital",
                "concept": "AdditionalPaidInCapitalCommonStock",
                "unit": "usd",
                "value": 524799999.99999994
            },
            {
                "label": "Retained earnings",
                "concept": "RetainedEarningsAccumulatedDeficit",
                "unit": "usd",
                "value": 2623900000.0
            },
            {
                "label": "Accumulated other comprehensive loss",
                "concept": "AccumulatedOtherComprehensiveIncomeLossNetOfTax",
                "unit": "usd",
                "value": 64400000.00000001
            },
            {
                "label": "Treasury stock",
                "concept": "TreasuryStockValue",
                "unit": "usd",
                "value": 1891600000.0
            },
            {
                "label": "Total Leggett & Platt, Inc. equity",
                "concept": "StockholdersEquity",
                "unit": "usd",
                "value": 1194700000.0
            },
            {
                "label": "Noncontrolling interest",
                "concept": "MinorityInterest",
                "unit": "usd",
                "value": 500000.0
            },
            {
                "label": "Total equity",
                "concept": "StockholdersEquityIncludingPortionAttributableToNoncontrollingInterest",
                "unit": "usd",
                "value": 1195200000.0
            }
        ],
        "cf": [
            {
                "label": "Depreciation",
                "concept": "Depreciation",
                "unit": "usd",
                "value": 29100000.0
            },
            {
                "label": "Amortization of intangibles and debt issuance costs",
                "concept": "leg:AmortizationofIntangibleAssetsandDebtIssuanceCosts",
                "unit": "usd",
                "value": 17200000.0
            },
            {
                "label": "Long-lived asset impairments",
                "concept": "leg:OtherAssetImpairmentChargeIncludingDiscontinuedOperation",
                "unit": "usd",
                "value": 2900000.0
            },
            {
                "label": "Provision for losses on accounts and notes receivable",
                "concept": "ProvisionForDoubtfulAccounts",
                "unit": "usd",
                "value": 900000.0
            },
            {
                "label": "Writedown of inventories",
                "concept": "InventoryWriteDown",
                "unit": "usd",
                "value": 4700000.0
            },
            {
                "label": "Net gain from sales of assets and businesses",
                "concept": "leg:GainLossOnSaleOfAssetsAndBusinesses",
                "unit": "usd",
                "value": 200000.0
            },
            {
                "label": "Deferred income tax expense",
                "concept": "IncreaseDecreaseInDeferredIncomeTaxes",
                "unit": "usd",
                "value": 3800000.0
            },
            {
                "label": "Stock-based compensation",
                "concept": "ShareBasedCompensation",
                "unit": "usd",
                "value": 7800000.0
            },
            {
                "label": "Other, net",
                "concept": "OtherNoncashIncomeExpense",
                "unit": "usd",
                "value": 3100000.0
            },
            {
                "label": "Accounts and other receivables",
                "concept": "IncreaseDecreaseInAccountsAndOtherReceivables",
                "unit": "usd",
                "value": 17400000.0
            },
            {
                "label": "Inventories",
                "concept": "IncreaseDecreaseInInventories",
                "unit": "usd",
                "value": 13900000.0
            },
            {
                "label": "Other current assets",
                "concept": "IncreaseDecreaseInPrepaidDeferredExpenseAndOtherAssets",
                "unit": "usd",
                "value": 2900000.0
            },
            {
                "label": "Accounts payable",
                "concept": "IncreaseDecreaseInAccountsPayable",
                "unit": "usd",
                "value": 67099999.99999999
            },
            {
                "label": "Accrued expenses and other current liabilities",
                "concept": "leg:IncreaseDecreaseInAccruedExpensesAndOtherLiabilities",
                "unit": "usd",
                "value": 19300000.0
            },
            {
                "label": "NET CASH PROVIDED BY OPERATING ACTIVITIES",
                "concept": "NetCashProvidedByUsedInOperatingActivities",
                "unit": "usd",
                "value": 31400000.0
            },
            {
                "label": "Additions to property, plant and equipment",
                "concept": "PaymentsToAcquirePropertyPlantAndEquipment",
                "unit": "usd",
                "value": 31800000.0
            },
            {
                "label": "Purchases of companies, net of cash acquired",
                "concept": "PaymentsToAcquireBusinessesNetOfCashAcquired",
                "unit": "usd",
                "value": 1244300000.0
            },
            {
                "label": "Proceeds from sales of assets and businesses",
                "concept": "leg:ProceedsFromDivestitureOfBusinessesAndProductiveAssets",
                "unit": "usd",
                "value": 200000.0
            },
            {
                "label": "Other, net",
                "concept": "PaymentsForProceedsFromOtherInvestingActivities",
                "unit": "usd",
                "value": 1300000.0
            },
            {
                "label": "NET CASH USED FOR INVESTING ACTIVITIES",
                "concept": "NetCashProvidedByUsedInInvestingActivities",
                "unit": "usd",
                "value": 1277200000.0
            },
            {
                "label": "Additions to long-term debt",
                "concept": "ProceedsFromIssuanceOfDebt",
                "unit": "usd",
                "value": 993300000.0
            },
            {
                "label": "Payments on long-term debt",
                "concept": "RepaymentsOfDebt",
                "unit": "usd",
                "value": 900000.0
            },
            {
                "label": "Change in commercial paper and short-term debt",
                "concept": "ProceedsFromRepaymentsOfShortTermDebt",
                "unit": "usd",
                "value": 296900000.0
            },
            {
                "label": "Dividends paid",
                "concept": "PaymentsOfDividends",
                "unit": "usd",
                "value": 49600000.0
            },
            {
                "label": "Issuances of common stock",
                "concept": "ProceedsFromIssuanceOfCommonStock",
                "unit": "usd",
                "value": 6500000.0
            },
            {
                "label": "Purchases of common stock",
                "concept": "PaymentsForRepurchaseOfCommonStock",
                "unit": "usd",
                "value": 8500000.0
            },
            {
                "label": "Other, net",
                "concept": "ProceedsFromPaymentsForOtherFinancingActivities",
                "unit": "usd",
                "value": 1000000.0
            },
            {
                "label": "NET CASH PROVIDED BY FINANCING ACTIVITIES",
                "concept": "NetCashProvidedByUsedInFinancingActivities",
                "unit": "usd",
                "value": 1236700000.0
            },
            {
                "label": "EFFECT OF EXCHANGE RATE CHANGES ON CASH",
                "concept": "EffectOfExchangeRateOnCashAndCashEquivalents",
                "unit": "usd",
                "value": 4300000.0
            },
            {
                "label": "DECREASE IN CASH AND CASH EQUIVALENTS",
                "concept": "CashAndCashEquivalentsPeriodIncreaseDecrease",
                "unit": "usd",
                "value": 4800000.0
            }
        ],
        "ic": [
            {
                "label": "Net sales",
                "concept": "RevenueFromContractWithCustomerIncludingAssessedTax",
                "unit": "usd",
                "value": 1155100000.0
            },
            {
                "label": "Cost of goods sold",
                "concept": "CostOfGoodsAndServicesSold",
                "unit": "usd",
                "value": 922100000.0
            },
            {
                "label": "Gross profit",
                "concept": "GrossProfit",
                "unit": "usd",
                "value": 233000000.0
            },
            {
                "label": "Selling and administrative expenses",
                "concept": "SellingGeneralAndAdministrativeExpense",
                "unit": "usd",
                "value": 118600000.0
            },
            {
                "label": "Amortization of intangibles",
                "concept": "AmortizationOfIntangibleAssets",
                "unit": "usd",
                "value": 14100000.0
            },
            {
                "label": "Impairments",
                "concept": "AssetImpairmentCharges",
                "unit": "usd",
                "value": 2900000.0
            },
            {
                "label": "Other (income) expense, net",
                "concept": "leg:OtherIncomeExpenseNet",
                "unit": "usd",
                "value": 800000.0
            },
            {
                "label": "Earnings before interest and income taxes",
                "concept": "IncomeLossFromContinuingOperationsBeforeInterestExpenseInterestIncomeIncomeTaxesExtraordinaryItemsNoncontrollingInterestsNet",
                "unit": "usd",
                "value": 98200000.0
            },
            {
                "label": "Interest expense",
                "concept": "InterestExpense",
                "unit": "usd",
                "value": 21400000.0
            },
            {
                "label": "Interest income",
                "concept": "InvestmentIncomeInterest",
                "unit": "usd",
                "value": 1400000.0
            },
            {
                "label": "Earnings from before income taxes",
                "concept": "IncomeLossFromContinuingOperationsBeforeIncomeTaxesMinorityInterestAndIncomeLossFromEquityMethodInvestments",
                "unit": "usd",
                "value": 78200000.0
            },
            {
                "label": "Income taxes",
                "concept": "IncomeTaxExpenseBenefit",
                "unit": "usd",
                "value": 17100000.0
            },
            {
                "label": "Net earnings",
                "concept": "ProfitLoss",
                "unit": "usd",
                "value": 61100000.0
            },
            {
                "label": "Loss attributable to noncontrolling interest, net of tax",
                "concept": "NetIncomeLossAttributableToNoncontrollingInterest",
                "unit": "usd",
                "value": 100000.0
            },
            {
                "label": "Net earnings attributable to Leggett & Platt, Inc. common shareholders",
                "concept": "NetIncomeLoss",
                "unit": "usd",
                "value": 61200000.0
            },
            {
                "label": "Basic (in dollars per share)",
                "concept": "EarningsPerShareBasic",
                "unit": "usd/shares",
                "value": 0.46
            },
            {
                "label": "Diluted (in dollars per share)",
                "concept": "EarningsPerShareDiluted",
                "unit": "usd/shares",
                "value": 0.45
            },
            {
                "label": "Basic (in shares)",
                "concept": "WeightedAverageNumberOfSharesOutstandingBasic",
                "unit": "shares",
                "value": 134400000.0
            },
            {
                "label": "Diluted (in shares)",
                "concept": "WeightedAverageNumberOfDilutedSharesOutstanding",
                "unit": "shares",
                "value": 135000000.0
            }
        ]
    }
}