{
    "startDate": "2019-01-01",
    "endDate": "2019-03-31",
    "year": "2019",
    "quarter": "Q1",
    "symbol": "PEBO",
    "data": {
        "bs": [
            {
                "label": "Cash and Cash Equivalents, Fair Value Disclosure",
                "concept": "CashAndCashEquivalentsFairValueDisclosure",
                "unit": "usd",
                "value": 82072000
            },
            {
                "label": "Loans Receivable and Loans Held-for-sale, Fair Value Disclosure",
                "concept": "pebo:LoansReceivableAndLoansHeldForSaleFairValueDisclosure",
                "unit": "usd",
                "value": 2884562000
            },
            {
                "label": "Loans held for sale",
                "concept": "TradeAndLoansReceivablesHeldForSaleNetNotPartOfDisposalGroup",
                "unit": "usd",
                "value": 2191000
            },
            {
                "label": "Loans held for sale",
                "concept": "LoansHeldForSaleFairValueDisclosure",
                "unit": "usd",
                "value": 2069000
            },
            {
                "label": "Bank owned life insurance",
                "concept": "CashSurrenderValueFairValueDisclosure",
                "unit": "usd",
                "value": 69419000
            },
            {
                "label": "Deposits, Fair Value Disclosure",
                "concept": "DepositsFairValueDisclosure",
                "unit": "usd",
                "value": 3149980000
            },
            {
                "label": "Short-term Debt, Fair Value",
                "concept": "ShorttermDebtFairValue",
                "unit": "usd",
                "value": 191259000
            },
            {
                "label": "Long-term Debt, Fair Value",
                "concept": "LongTermDebtFairValue",
                "unit": "usd",
                "value": 104285000
            }
        ],
        "cf": [
            {
                "label": "Interest Paid, Including Capitalized Interest, Operating and Investing Activities",
                "concept": "InterestPaid",
                "unit": "usd",
                "value": 6499000
            },
            {
                "label": "Net cash provided by operating activities",
                "concept": "NetCashProvidedByUsedInOperatingActivities",
                "unit": "usd",
                "value": 6279000
            },
            {
                "label": "Purchases",
                "concept": "PaymentsToAcquireAvailableForSaleSecurities",
                "unit": "usd",
                "value": 37462000
            },
            {
                "label": "Proceeds from sales",
                "concept": "ProceedsFromSaleOfAvailableForSaleSecurities",
                "unit": "usd",
                "value": 7425000
            },
            {
                "label": "Proceeds from principal payments, calls and prepayments",
                "concept": "ProceedsFromMaturitiesPrepaymentsAndCallsOfAvailableForSaleSecurities",
                "unit": "usd",
                "value": 25799000
            },
            {
                "label": "Proceeds from principal payments",
                "concept": "ProceedsFromMaturitiesPrepaymentsAndCallsOfHeldToMaturitySecurities",
                "unit": "usd",
                "value": 1277000
            },
            {
                "label": "Purchases",
                "concept": "PaymentsToAcquireOtherInvestments",
                "unit": "usd",
                "value": 246000
            },
            {
                "label": "Proceeds from sales",
                "concept": "ProceedsFromSaleOfOtherInvestments",
                "unit": "usd",
                "value": 2694000
            },
            {
                "label": "Net increase in loans held for investment",
                "concept": "IncreaseDecreaseInLoansHeldForSale",
                "unit": "usd",
                "value": 6811000
            },
            {
                "label": "Net expenditures for premises and equipment",
                "concept": "PaymentsToAcquirePropertyPlantAndEquipment",
                "unit": "usd",
                "value": 1584000
            },
            {
                "label": "Proceeds from sales of other real estate owned",
                "concept": "ProceedsFromSaleOfWhollyOwnedRealEstateAndRealEstateAcquiredInSettlementOfLoans",
                "unit": "usd",
                "value": 2000
            },
            {
                "label": "Return of limited partnership and tax credit funds",
                "concept": "PaymentsForProceedsFromLimitedPartnership",
                "unit": "usd",
                "value": -1000
            },
            {
                "label": "Net cash used in investing activities",
                "concept": "NetCashProvidedByUsedInInvestingActivitiesContinuingOperations",
                "unit": "usd",
                "value": -8905000
            },
            {
                "label": "Net increase in non-interest-bearing deposits",
                "concept": "IncreaseDecreaseInDemandDeposits",
                "unit": "usd",
                "value": 20587000
            },
            {
                "label": "Net increase in interest-bearing deposits",
                "concept": "IncreaseDecreaseInDeposits",
                "unit": "usd",
                "value": 161293000
            },
            {
                "label": "Net decrease in short-term borrowings",
                "concept": "ProceedsFromRepaymentsOfShortTermDebt",
                "unit": "usd",
                "value": -168023000
            },
            {
                "label": "Payments on long-term borrowings",
                "concept": "RepaymentsOfLongTermDebt",
                "unit": "usd",
                "value": 503000
            },
            {
                "label": "Cash dividends paid",
                "concept": "PaymentsOfDividendsCommonStock",
                "unit": "usd",
                "value": 5719000
            },
            {
                "label": "Repurchase of treasury stock in connection with employee incentive program and compensation plan for Boards of Directors to be held as treasury stock",
                "concept": "pebo:Paymentsforrepurchaseofcommonsharesinconnectionwithemployeeincentiveanddirectorcompensationplanstobeheldastreasurystock",
                "unit": "usd",
                "value": 450000
            },
            {
                "label": "Proceeds from issuance of common shares",
                "concept": "ProceedsFromIssuanceOfCommonStock",
                "unit": "usd",
                "value": 3000
            },
            {
                "label": "Contingent consideration payments made after a business combination",
                "concept": "PaymentForContingentConsiderationLiabilityFinancingActivities",
                "unit": "usd",
                "value": 102000
            },
            {
                "label": "Net cash provided by financing activities",
                "concept": "NetCashProvidedByUsedInFinancingActivities",
                "unit": "usd",
                "value": 7086000
            },
            {
                "label": "Net increase in cash and cash equivalents",
                "concept": "CashAndCashEquivalentsPeriodIncreaseDecrease",
                "unit": "usd",
                "value": 4460000
            },
            {
                "label": "Income Taxes Paid",
                "concept": "IncomeTaxesPaid",
                "unit": "usd",
                "value": 0
            },
            {
                "label": "Real Estate Owned, Transfer to Real Estate Owned",
                "concept": "TransferToOtherRealEstate",
                "unit": "usd",
                "value": 14000
            }
        ],
        "ic": [
            {
                "label": "Interest and fees on loans",
                "concept": "InterestAndFeeIncomeLoansAndLeases",
                "unit": "usd",
                "value": 34053000
            },
            {
                "label": "Interest and dividends on taxable investment securities",
                "concept": "InterestIncomeSecuritiesTaxable",
                "unit": "usd",
                "value": 5810000
            },
            {
                "label": "Interest on tax-exempt investment securities",
                "concept": "InterestIncomeSecuritiesTaxExempt",
                "unit": "usd",
                "value": 537000
            },
            {
                "label": "Other interest income",
                "concept": "OtherInterestAndDividendIncome",
                "unit": "usd",
                "value": 176000
            },
            {
                "label": "Total interest income",
                "concept": "InterestAndDividendIncomeOperating",
                "unit": "usd",
                "value": 40576000
            },
            {
                "label": "Interest on deposits",
                "concept": "InterestExpenseDeposits",
                "unit": "usd",
                "value": 4844000
            },
            {
                "label": "Interest on short-term borrowings",
                "concept": "InterestExpenseShortTermBorrowings",
                "unit": "usd",
                "value": 1173000
            },
            {
                "label": "Interest on long-term borrowings",
                "concept": "InterestExpenseLongTermDebtAndCapitalSecurities",
                "unit": "usd",
                "value": 645000
            },
            {
                "label": "Total interest expense",
                "concept": "InterestExpense",
                "unit": "usd",
                "value": 6662000
            },
            {
                "label": "Net interest income",
                "concept": "InterestIncomeExpenseNet",
                "unit": "usd",
                "value": 33914000
            },
            {
                "label": "(Recoveries of) provision for loan losses",
                "concept": "ProvisionForLoanLeaseAndOtherLosses",
                "unit": "usd",
                "value": -263000
            },
            {
                "label": "Net interest income after (recoveries of) provision for loan losses",
                "concept": "InterestIncomeExpenseAfterProvisionForLoanLoss",
                "unit": "usd",
                "value": 34177000
            },
            {
                "label": "Insurance income",
                "concept": "InsuranceCommissionsAndFees",
                "unit": "usd",
                "value": 4621000
            },
            {
                "label": "Mortgage banking income",
                "concept": "FeesAndCommissionsMortgageBankingAndServicing",
                "unit": "usd",
                "value": 788000
            },
            {
                "label": "Bank owned life insurance income",
                "concept": "BankOwnedLifeInsuranceIncome",
                "unit": "usd",
                "value": 485000
            },
            {
                "label": "Net gain on investment securities",
                "concept": "DebtAndEquitySecuritiesGainLoss",
                "unit": "usd",
                "value": 30000
            },
            {
                "label": "Net (loss) gain on asset disposals and other transactions",
                "concept": "GainsLossesOnSalesOfAssets",
                "unit": "usd",
                "value": -182000
            },
            {
                "label": "Other non-interest income (a)",
                "concept": "NoninterestIncome",
                "unit": "usd",
                "value": 1101000
            },
            {
                "label": "Total non-interest income",
                "concept": "OtherIncome",
                "unit": "usd",
                "value": 15429000
            },
            {
                "label": "Salaries and employee benefit costs",
                "concept": "LaborAndRelatedExpense",
                "unit": "usd",
                "value": 19135000
            },
            {
                "label": "Net occupancy and equipment expense",
                "concept": "OccupancyNet",
                "unit": "usd",
                "value": 2978000
            },
            {
                "label": "Electronic banking expense",
                "concept": "pebo:ElectronicBankingExpense",
                "unit": "usd",
                "value": 1577000
            },
            {
                "label": "Data processing and software expense",
                "concept": "InformationTechnologyAndDataProcessing",
                "unit": "usd",
                "value": 1545000
            },
            {
                "label": "Professional fees",
                "concept": "ProfessionalFees",
                "unit": "usd",
                "value": 1276000
            },
            {
                "label": "Franchise tax expense",
                "concept": "TaxesOther",
                "unit": "usd",
                "value": 705000
            },
            {
                "label": "Amortization of other intangible assets",
                "concept": "AmortizationOfIntangibleAssets",
                "unit": "usd",
                "value": 694000
            },
            {
                "label": "Marketing expense",
                "concept": "MarketingAndAdvertisingExpense",
                "unit": "usd",
                "value": 594000
            },
            {
                "label": "FDIC insurance expense",
                "concept": "FederalDepositInsuranceCorporationPremiumExpense",
                "unit": "usd",
                "value": 371000
            },
            {
                "label": "Communication expense",
                "concept": "Communication",
                "unit": "usd",
                "value": 278000
            },
            {
                "label": "Foreclosed real estate and other loan expenses",
                "concept": "ForeclosedRealEstateExpense",
                "unit": "usd",
                "value": 255000
            },
            {
                "label": "Other non-interest expense",
                "concept": "OtherNoninterestExpense",
                "unit": "usd",
                "value": 2452000
            },
            {
                "label": "Total non-interest expense",
                "concept": "NoninterestExpense",
                "unit": "usd",
                "value": 31860000
            },
            {
                "label": "Income before income taxes",
                "concept": "OperatingIncomeLoss",
                "unit": "usd",
                "value": 17746000
            },
            {
                "label": "Net income",
                "concept": "NetIncomeLoss",
                "unit": "usd",
                "value": 14369000
            },
            {
                "label": "Weighted-average number of common shares outstanding - diluted",
                "concept": "WeightedAverageNumberOfDilutedSharesOutstanding",
                "unit": "shares",
                "value": 19508868
            },
            {
                "label": "Cash dividends declared",
                "concept": "DividendsCash",
                "unit": "usd",
                "value": 5868000
            },
            {
                "label": "Unrealized Gain (Loss) on Marketable Securities, Cost Method Investments, and Other Investments",
                "concept": "UnrealizedGainLossOnMarketableSecuritiesCostMethodInvestmentsAndOtherInvestments",
                "unit": "usd",
                "value": 809000
            }
        ]
    }
}