{
    "startDate": "2019-01-01",
    "endDate": "2019-03-31",
    "year": "2019",
    "quarter": "Q1",
    "symbol": "ROG",
    "data": {
        "bs": [
            {
                "label": "Cash and cash equivalents",
                "concept": "CashAndCashEquivalentsAtCarryingValue",
                "unit": "usd",
                "value": 162074000
            },
            {
                "label": "Accounts receivable, less allowance for doubtful accounts of $1,184 and $1,354",
                "concept": "AccountsReceivableNetCurrent",
                "unit": "usd",
                "value": 160696000
            },
            {
                "label": "Contract assets",
                "concept": "ContractWithCustomerAssetNetCurrent",
                "unit": "usd",
                "value": 27315000
            },
            {
                "label": "Inventories",
                "concept": "InventoryNet",
                "unit": "usd",
                "value": 133242000
            },
            {
                "label": "Prepaid income taxes",
                "concept": "PrepaidTaxes",
                "unit": "usd",
                "value": 3190000
            },
            {
                "label": "Asbestos-related insurance receivables, current portion",
                "concept": "rog:AsbestosRelatedInsuranceReceivablesCurrent",
                "unit": "usd",
                "value": 4138000
            },
            {
                "label": "Other current assets",
                "concept": "OtherAssetsCurrent",
                "unit": "usd",
                "value": 13255000
            },
            {
                "label": "Total current assets",
                "concept": "AssetsCurrent",
                "unit": "usd",
                "value": 503910000
            },
            {
                "label": "Property, plant and equipment, net of accumulated depreciation of $323,623 and $317,414",
                "concept": "PropertyPlantAndEquipmentNet",
                "unit": "usd",
                "value": 244911000
            },
            {
                "label": "Investments in unconsolidated joint ventures",
                "concept": "EquityMethodInvestments",
                "unit": "usd",
                "value": 15799000
            },
            {
                "label": "Deferred income taxes",
                "concept": "DeferredTaxAssetsNetNoncurrent",
                "unit": "usd",
                "value": 11316000
            },
            {
                "label": "Goodwill",
                "concept": "Goodwill",
                "unit": "usd",
                "value": 263251000
            },
            {
                "label": "Other intangible assets, net of amortization",
                "concept": "IntangibleAssetsNetExcludingGoodwill",
                "unit": "usd",
                "value": 172234000
            },
            {
                "label": "Pension assets",
                "concept": "DefinedBenefitPlanAssetsForPlanBenefitsNoncurrent",
                "unit": "usd",
                "value": 19596000
            },
            {
                "label": "Asbestos-related insurance receivables, non-current portion",
                "concept": "rog:AsbestosRelatedInsuranceReceivablesNoncurrent",
                "unit": "usd",
                "value": 59685000
            },
            {
                "label": "Other long-term assets",
                "concept": "OtherAssetsNoncurrent",
                "unit": "usd",
                "value": 8692000
            },
            {
                "label": "Total assets",
                "concept": "Assets",
                "unit": "usd",
                "value": 1299394000
            },
            {
                "label": "Accounts payable",
                "concept": "AccountsPayableCurrent",
                "unit": "usd",
                "value": 43481000
            },
            {
                "label": "Accrued employee benefits and compensation",
                "concept": "AccruedEmployeeBenefitsCurrent",
                "unit": "usd",
                "value": 26984000
            },
            {
                "label": "Accrued income taxes payable",
                "concept": "AccruedIncomeTaxesCurrent",
                "unit": "usd",
                "value": 8720000
            },
            {
                "label": "Asbestos-related liabilities, current portion",
                "concept": "rog:AsbestosLiabilityCurrent",
                "unit": "usd",
                "value": 5547000
            },
            {
                "label": "Other accrued liabilities",
                "concept": "OtherLiabilitiesCurrent",
                "unit": "usd",
                "value": 23633000
            },
            {
                "label": "Total current liabilities",
                "concept": "LiabilitiesCurrent",
                "unit": "usd",
                "value": 108365000
            },
            {
                "label": "Borrowings under revolving credit facility",
                "concept": "LongTermDebtNoncurrent",
                "unit": "usd",
                "value": 223482000
            },
            {
                "label": "Pension and other postretirement benefits liabilities",
                "concept": "PensionAndOtherPostretirementAndPostemploymentBenefitPlansLiabilitiesNoncurrent",
                "unit": "usd",
                "value": 1739000
            },
            {
                "label": "Asbestos-related liabilities, non-current portion",
                "concept": "rog:AsbestosLiabilityNoncurrent",
                "unit": "usd",
                "value": 64672000
            },
            {
                "label": "Non-current income tax",
                "concept": "AccruedIncomeTaxesNoncurrent",
                "unit": "usd",
                "value": 7712000
            },
            {
                "label": "Deferred income taxes",
                "concept": "DeferredTaxLiabilitiesNoncurrent",
                "unit": "usd",
                "value": 11151000
            },
            {
                "label": "Other long-term liabilities",
                "concept": "OtherLiabilitiesNoncurrent",
                "unit": "usd",
                "value": 13951000
            },
            {
                "label": "Commitments and contingencies (Note 13)",
                "concept": "CommitmentsAndContingencies",
                "unit": "usd",
                "value": "N/A"
            },
            {
                "label": "Capital stock - $1 par value; 50,000 authorized shares; 18,546 and 18,395 shares issued and outstanding",
                "concept": "CommonStockValue",
                "unit": "usd",
                "value": 18546000
            },
            {
                "label": "Additional paid-in capital",
                "concept": "AdditionalPaidInCapitalCommonStock",
                "unit": "usd",
                "value": 128417000
            },
            {
                "label": "Retained earnings",
                "concept": "RetainedEarningsAccumulatedDeficit",
                "unit": "usd",
                "value": 804782000
            },
            {
                "label": "Accumulated other comprehensive loss",
                "concept": "AccumulatedOtherComprehensiveIncomeLossNetOfTax",
                "unit": "usd",
                "value": -83423000
            },
            {
                "label": "Total shareholders' equity",
                "concept": "StockholdersEquity",
                "unit": "usd",
                "value": 868322000
            },
            {
                "label": "Total liabilities and shareholders' equity",
                "concept": "LiabilitiesAndStockholdersEquity",
                "unit": "usd",
                "value": 1299394000
            }
        ],
        "cf": [
            {
                "label": "Net income",
                "concept": "NetIncomeLoss",
                "unit": "usd",
                "value": 28399000
            },
            {
                "label": "Depreciation and amortization",
                "concept": "DepreciationAndAmortization",
                "unit": "usd",
                "value": 12984000
            },
            {
                "label": "Equity compensation expense",
                "concept": "ShareBasedCompensation",
                "unit": "usd",
                "value": 2476000
            },
            {
                "label": "Deferred income taxes",
                "concept": "DeferredIncomeTaxExpenseBenefit",
                "unit": "usd",
                "value": -2505000
            },
            {
                "label": "Equity in undistributed income of unconsolidated joint ventures",
                "concept": "IncomeLossFromEquityMethodInvestments",
                "unit": "usd",
                "value": 837000
            },
            {
                "label": "Dividends received from unconsolidated joint ventures",
                "concept": "EquityMethodInvestmentDividendsOrDistributions",
                "unit": "usd",
                "value": 1741000
            },
            {
                "label": "Pension and other postretirement benefits",
                "concept": "rog:PensionandOtherPostretirementGainLoss",
                "unit": "usd",
                "value": 174000
            },
            {
                "label": "Loss on sale or disposal of property, plant and equipment",
                "concept": "GainLossOnSaleOfPropertyPlantEquipment",
                "unit": "usd",
                "value": -273000
            },
            {
                "label": "Benefit for doubtful accounts",
                "concept": "ProvisionForDoubtfulAccounts",
                "unit": "usd",
                "value": -158000
            },
            {
                "label": "Accounts receivable",
                "concept": "IncreaseDecreaseInAccountsReceivable",
                "unit": "usd",
                "value": 16948000
            },
            {
                "label": "Contract assets",
                "concept": "rog:IncreaseDecreaseinContractAssetsandLiabilities",
                "unit": "usd",
                "value": 4588000
            },
            {
                "label": "Inventories",
                "concept": "IncreaseDecreaseInInventories",
                "unit": "usd",
                "value": 1550000
            },
            {
                "label": "Pension and postretirement benefit contributions",
                "concept": "PensionContributions",
                "unit": "usd",
                "value": 6000
            },
            {
                "label": "Other current assets",
                "concept": "IncreaseDecreaseInOtherCurrentAssets",
                "unit": "usd",
                "value": 2605000
            },
            {
                "label": "Accounts payable and other accrued expenses",
                "concept": "IncreaseDecreaseInAccountsPayableAndAccruedLiabilities",
                "unit": "usd",
                "value": -327000
            },
            {
                "label": "Other, net",
                "concept": "IncreaseDecreaseInOtherOperatingCapitalNet",
                "unit": "usd",
                "value": -885000
            },
            {
                "label": "Net cash provided by operating activities",
                "concept": "NetCashProvidedByUsedInOperatingActivities",
                "unit": "usd",
                "value": 17060000
            },
            {
                "label": "Capital expenditures",
                "concept": "PaymentsToAcquirePropertyPlantAndEquipment",
                "unit": "usd",
                "value": 12647000
            },
            {
                "label": "Proceeds from the sale of property, plant and equipment, net",
                "concept": "ProceedsFromSaleOfPropertyPlantAndEquipment",
                "unit": "usd",
                "value": 7000
            },
            {
                "label": "Return of capital from unconsolidated joint ventures",
                "concept": "ProceedsFromEquityMethodInvestmentDividendsOrDistributionsReturnOfCapital",
                "unit": "usd",
                "value": 2625000
            },
            {
                "label": "Net cash used in investing activities",
                "concept": "NetCashProvidedByUsedInInvestingActivities",
                "unit": "usd",
                "value": -10015000
            },
            {
                "label": "Repayment of debt principal and finance lease obligations",
                "concept": "RepaymentsOfLongTermDebtAndCapitalSecurities",
                "unit": "usd",
                "value": 5098000
            },
            {
                "label": "Payments of taxes related to net share settlement of equity awards",
                "concept": "PaymentsRelatedToTaxWithholdingForShareBasedCompensation",
                "unit": "usd",
                "value": 7140000
            },
            {
                "label": "Proceeds from the exercise of stock options, net",
                "concept": "ProceedsFromIssuanceOfCommonStock",
                "unit": "usd",
                "value": 285000
            },
            {
                "label": "Proceeds from issuance of shares to employee stock purchase plan",
                "concept": "ProceedsFromIssuanceOfSharesUnderIncentiveAndShareBasedCompensationPlans",
                "unit": "usd",
                "value": 587000
            },
            {
                "label": "Share repurchases",
                "concept": "PaymentsForRepurchaseOfCommonStock",
                "unit": "usd",
                "value": 0
            },
            {
                "label": "Net cash used in financing activities",
                "concept": "NetCashProvidedByUsedInFinancingActivities",
                "unit": "usd",
                "value": -11366000
            },
            {
                "label": "Effect of exchange rate fluctuations on cash",
                "concept": "EffectOfExchangeRateOnCashAndCashEquivalents",
                "unit": "usd",
                "value": -1343000
            },
            {
                "label": "Net decrease in cash and cash equivalents",
                "concept": "CashCashEquivalentsRestrictedCashAndRestrictedCashEquivalentsPeriodIncreaseDecreaseIncludingExchangeRateEffect",
                "unit": "usd",
                "value": -5664000
            },
            {
                "label": "Accrued capital additions",
                "concept": "CapitalExpendituresIncurredButNotYetPaid",
                "unit": "usd",
                "value": 2068000
            },
            {
                "label": "Interest, net of amounts capitalized",
                "concept": "InterestPaidNet",
                "unit": "usd",
                "value": 2161000
            },
            {
                "label": "Income taxes",
                "concept": "IncomeTaxesPaid",
                "unit": "usd",
                "value": 2014000
            }
        ],
        "ic": [
            {
                "label": "Net sales",
                "concept": "Revenues",
                "unit": "usd",
                "value": 239798000
            },
            {
                "label": "Cost of sales",
                "concept": "CostOfGoodsAndServicesSold",
                "unit": "usd",
                "value": 154404000
            },
            {
                "label": "Gross margin",
                "concept": "GrossProfit",
                "unit": "usd",
                "value": 85394000
            },
            {
                "label": "Selling, general and administrative expenses",
                "concept": "SellingGeneralAndAdministrativeExpense",
                "unit": "usd",
                "value": 43252000
            },
            {
                "label": "Research and development expenses",
                "concept": "ResearchAndDevelopmentExpense",
                "unit": "usd",
                "value": 7609000
            },
            {
                "label": "Restructuring and impairment charges",
                "concept": "RestructuringSettlementAndImpairmentProvisions",
                "unit": "usd",
                "value": 822000
            },
            {
                "label": "Other operating (income) expense, net",
                "concept": "OtherOperatingIncomeExpenseNet",
                "unit": "usd",
                "value": -911000
            },
            {
                "label": "Operating income",
                "concept": "OperatingIncomeLoss",
                "unit": "usd",
                "value": 32800000
            },
            {
                "label": "Equity income in unconsolidated joint ventures",
                "concept": "IncomeLossFromEquityMethodInvestments",
                "unit": "usd",
                "value": 837000
            },
            {
                "label": "Other income (expense), net",
                "concept": "OtherNonoperatingIncomeExpense",
                "unit": "usd",
                "value": 1404000
            },
            {
                "label": "Interest expense, net",
                "concept": "InterestIncomeExpenseNonoperatingNet",
                "unit": "usd",
                "value": -1938000
            },
            {
                "label": "Income before income tax expense",
                "concept": "IncomeLossFromContinuingOperationsBeforeIncomeTaxesExtraordinaryItemsNoncontrollingInterest",
                "unit": "usd",
                "value": 33103000
            },
            {
                "label": "Income tax expense",
                "concept": "IncomeTaxExpenseBenefit",
                "unit": "usd",
                "value": 4704000
            },
            {
                "label": "Net income",
                "concept": "NetIncomeLoss",
                "unit": "usd",
                "value": 28399000
            },
            {
                "label": "Basic earnings per share (in shares)",
                "concept": "WeightedAverageNumberOfSharesOutstandingBasic",
                "unit": "shares",
                "value": 18557000
            },
            {
                "label": "Diluted earnings per share (in shares)",
                "concept": "WeightedAverageNumberOfDilutedSharesOutstanding",
                "unit": "shares",
                "value": 18692000
            }
        ]
    }
}