{
    "startDate": "2018-12-30",
    "endDate": "2019-03-30",
    "year": "2019",
    "quarter": "Q2",
    "symbol": "KLIC",
    "data": {
        "bs": [
            {
                "label": "Cash and cash equivalents",
                "concept": "CashAndCashEquivalentsAtCarryingValue",
                "unit": "usd",
                "value": 418872000
            },
            {
                "label": "Restricted cash",
                "concept": "RestrictedCashAndInvestmentsCurrent",
                "unit": "usd",
                "value": 465000
            },
            {
                "label": "Accounts and other receivable, net of allowance for doubtful accounts of $0 and $385, respectively",
                "concept": "AccountsNotesAndLoansReceivableNetCurrent",
                "unit": "usd",
                "value": 138844000
            },
            {
                "label": "Inventories, net",
                "concept": "InventoryNet",
                "unit": "usd",
                "value": 102549000
            },
            {
                "label": "Prepaid expenses and other current assets",
                "concept": "PrepaidExpenseAndOtherAssetsCurrent",
                "unit": "usd",
                "value": 13638000
            },
            {
                "label": "Total current assets",
                "concept": "AssetsCurrent",
                "unit": "usd",
                "value": 882368000
            },
            {
                "label": "Property, plant and equipment, net",
                "concept": "PropertyPlantAndEquipmentNet",
                "unit": "usd",
                "value": 76343000
            },
            {
                "label": "Goodwill",
                "concept": "Goodwill",
                "unit": "usd",
                "value": 56050000
            },
            {
                "label": "Intangible assets, net",
                "concept": "IntangibleAssetsNetExcludingGoodwill",
                "unit": "usd",
                "value": 47421000
            },
            {
                "label": "Deferred income taxes",
                "concept": "DeferredIncomeTaxAssetsNet",
                "unit": "usd",
                "value": 9232000
            },
            {
                "label": "Equity investments",
                "concept": "EquitySecuritiesFvNiAndWithoutReadilyDeterminableFairValue",
                "unit": "usd",
                "value": 6301000
            },
            {
                "label": "Other assets",
                "concept": "OtherAssetsNoncurrent",
                "unit": "usd",
                "value": 2430000
            },
            {
                "label": "TOTAL ASSETS",
                "concept": "Assets",
                "unit": "usd",
                "value": 1080145000
            },
            {
                "label": "Short term debt",
                "concept": "ShorttermDebtFairValue",
                "unit": "usd",
                "value": 10004000
            },
            {
                "label": "Accounts payable",
                "concept": "AccountsPayableCurrent",
                "unit": "usd",
                "value": 33378000
            },
            {
                "label": "Accrued expenses and other current liabilities",
                "concept": "klic:AccruedExpensesAndOtherCurrentLiabilities",
                "unit": "usd",
                "value": 64813000
            },
            {
                "label": "Income taxes payable",
                "concept": "AccruedIncomeTaxesCurrent",
                "unit": "usd",
                "value": 14553000
            },
            {
                "label": "Total current liabilities",
                "concept": "LiabilitiesCurrent",
                "unit": "usd",
                "value": 122748000
            },
            {
                "label": "Financing obligation",
                "concept": "PresentValueOfFutureMinimumLeasePaymentsSaleLeasebackTransactions",
                "unit": "usd",
                "value": 14893000
            },
            {
                "label": "Deferred income taxes",
                "concept": "DeferredTaxLiabilitiesNoncurrent",
                "unit": "usd",
                "value": 25263000
            },
            {
                "label": "Income taxes payable",
                "concept": "AccruedIncomeTaxesNoncurrent",
                "unit": "usd",
                "value": 84627000
            },
            {
                "label": "Other liabilities",
                "concept": "OtherLiabilitiesNoncurrent",
                "unit": "usd",
                "value": 9400000
            },
            {
                "label": "TOTAL LIABILITIES",
                "concept": "Liabilities",
                "unit": "usd",
                "value": 256931000
            },
            {
                "label": "Commitments and contingent liabilities (Note 14)",
                "concept": "CommitmentsAndContingencies",
                "unit": "usd",
                "value": "N/A"
            },
            {
                "label": "Preferred stock, without par value: Authorized 5,000 shares; issued - none",
                "concept": "PreferredStockValue",
                "unit": "usd",
                "value": 0
            },
            {
                "label": "Authorized 200,000 shares; issued 85,323 and 84,659, respectively; outstanding 65,349 and 67,143 shares, respectively",
                "concept": "CommonStockValue",
                "unit": "usd",
                "value": 526419000
            },
            {
                "label": "Treasury stock, at cost, 19,974 and 17,516 shares, respectively",
                "concept": "TreasuryStockValue",
                "unit": "usd",
                "value": 301071000
            },
            {
                "label": "Retained earnings",
                "concept": "RetainedEarningsAccumulatedDeficit",
                "unit": "usd",
                "value": 601913000
            },
            {
                "label": "Accumulated other comprehensive loss",
                "concept": "AccumulatedOtherComprehensiveIncomeLossNetOfTax",
                "unit": "usd",
                "value": -4047000
            },
            {
                "label": "TOTAL SHAREHOLDERS' EQUITY",
                "concept": "StockholdersEquity",
                "unit": "usd",
                "value": 823214000
            },
            {
                "label": "TOTAL LIABILITIES AND SHAREHOLDERS' EQUITY",
                "concept": "LiabilitiesAndStockholdersEquity",
                "unit": "usd",
                "value": 1080145000
            }
        ],
        "cf": [],
        "ic": [
            {
                "label": "Revenues",
                "concept": "Revenues",
                "unit": "usd",
                "value": 115908000
            },
            {
                "label": "Cost of sales",
                "concept": "CostOfGoodsAndServicesSold",
                "unit": "usd",
                "value": 60335000
            },
            {
                "label": "Gross profit",
                "concept": "GrossProfit",
                "unit": "usd",
                "value": 55573000
            },
            {
                "label": "Selling, general and administrative",
                "concept": "SellingGeneralAndAdministrativeExpense",
                "unit": "usd",
                "value": 28461000
            },
            {
                "label": "Research and development",
                "concept": "ResearchAndDevelopmentExpense",
                "unit": "usd",
                "value": 29577000
            },
            {
                "label": "Operating expenses",
                "concept": "OperatingExpenses",
                "unit": "usd",
                "value": 58038000
            },
            {
                "label": "(Loss)/income from operations",
                "concept": "OperatingIncomeLoss",
                "unit": "usd",
                "value": -2465000
            },
            {
                "label": "Interest income",
                "concept": "InvestmentIncomeInterest",
                "unit": "usd",
                "value": 3865000
            },
            {
                "label": "Interest expense",
                "concept": "InterestExpense",
                "unit": "usd",
                "value": 254000
            },
            {
                "label": "Income before income taxes",
                "concept": "IncomeLossFromContinuingOperationsBeforeIncomeTaxesExtraordinaryItemsNoncontrollingInterest",
                "unit": "usd",
                "value": 1146000
            },
            {
                "label": "Share of results of equity-method investee, net of tax",
                "concept": "IncomeLossFromEquityMethodInvestments",
                "unit": "usd",
                "value": -29000
            },
            {
                "label": "Net (loss)/income",
                "concept": "NetIncomeLoss",
                "unit": "usd",
                "value": -3555000
            },
            {
                "label": "Basic (in dollars per share)",
                "concept": "EarningsPerShareBasic",
                "unit": "usd/shares",
                "value": -0.05
            },
            {
                "label": "Diluted (in dollars per share)",
                "concept": "EarningsPerShareDiluted",
                "unit": "usd/shares",
                "value": -0.05
            },
            {
                "label": "Basic (in shares)",
                "concept": "WeightedAverageNumberOfSharesOutstandingBasic",
                "unit": "shares",
                "value": 65930000
            },
            {
                "label": "Diluted (in shares)",
                "concept": "WeightedAverageNumberOfDilutedSharesOutstanding",
                "unit": "shares",
                "value": 65930000
            }
        ]
    }
}