{
    "startDate": "2019-01-01",
    "endDate": "2019-03-31",
    "year": "2019",
    "quarter": "Q1",
    "symbol": "UNM",
    "data": {
        "bs": [
            {
                "label": "Mortgage Loans, Fair Value",
                "concept": "MortgagesHeldForSaleFairValueDisclosure",
                "unit": "usd",
                "value": 2273200000
            },
            {
                "label": "Mortgage Loans, Carrying Value",
                "concept": "MortgageLoansOnRealEstateCommercialAndConsumerNet",
                "unit": "usd",
                "value": 2206600000
            },
            {
                "label": "Policy Loans, Fair Value",
                "concept": "LoansReceivableFairValueDisclosure",
                "unit": "usd",
                "value": 3780500000
            },
            {
                "label": "Policy Loans, Carrying Value",
                "concept": "LoansInsurancePolicy",
                "unit": "usd",
                "value": 3673300000
            },
            {
                "label": "Miscellaneous Long-Term Investments, Fair Value",
                "concept": "unm:MiscellaneousLongTermInvestments",
                "unit": "usd",
                "value": 101800000
            },
            {
                "label": "Miscellaneous Long-Term Investments, Carrying Value",
                "concept": "unm:MiscellaneousLongTermInvestmentsCarryingValue",
                "unit": "usd",
                "value": 101800000
            },
            {
                "label": "Total Financial Instruments Assets Not Carried at Fair Value",
                "concept": "unm:FinancialInstrumentsFinancialAssetsFairValueDisclosureTotal",
                "unit": "usd",
                "value": 6155500000
            },
            {
                "label": "Financial Instruments, Financial Assets Fair Value Disclosure, Carrying Value",
                "concept": "unm:FinancialInstrumentsFinancialAssetsFairValueDisclosureCarryingValue",
                "unit": "usd",
                "value": 5981700000
            },
            {
                "label": "Long-term Debt, Fair Value",
                "concept": "NotesPayableFairValueDisclosure",
                "unit": "usd",
                "value": 3164700000
            },
            {
                "label": "Long-term Debt, Carrying Value",
                "concept": "LongTermDebtAndCapitalLeaseObligations",
                "unit": "usd",
                "value": 2958700000
            },
            {
                "label": "Other Liabilities, Unfunded Commitments",
                "concept": "QualifiedAffordableHousingProjectInvestmentsCommitment",
                "unit": "usd",
                "value": 2300000
            },
            {
                "label": "Total Financial Liabilities, Carrying Value",
                "concept": "unm:TotalFinancialInstrumentLiabilitiesNotCarriedatFairValue",
                "unit": "usd",
                "value": 2961000000
            }
        ],
        "cf": [
            {
                "label": "Net Income",
                "concept": "NetIncomeLoss",
                "unit": "usd",
                "value": 280900000
            },
            {
                "label": "Change in Receivables",
                "concept": "IncreaseDecreaseInReceivables",
                "unit": "usd",
                "value": 10700000
            },
            {
                "label": "Change in Deferred Acquisition Costs",
                "concept": "DeferredPolicyAcquisitionCostsPeriodIncreaseDecrease",
                "unit": "usd",
                "value": 3100000
            },
            {
                "label": "Change in Insurance Reserves and Liabilities",
                "concept": "IncreaseDecreaseInInsuranceLiabilities",
                "unit": "usd",
                "value": 90700000
            },
            {
                "label": "Change in Income Taxes",
                "concept": "IncreaseDecreaseInAccruedIncomeTaxesPayable",
                "unit": "usd",
                "value": 253100000
            },
            {
                "label": "Change in Other Accrued Liabilities",
                "concept": "IncreaseDecreaseInOtherAccruedLiabilities",
                "unit": "usd",
                "value": -35800000
            },
            {
                "label": "Non-cash Components of Net Investment Income",
                "concept": "IncreaseDecreaseInAccruedInvestmentIncomeReceivable",
                "unit": "usd",
                "value": 95600000
            },
            {
                "label": "Net Realized Investment (Gain) Loss",
                "concept": "GainLossOnInvestments",
                "unit": "usd",
                "value": 1100000
            },
            {
                "label": "Depreciation",
                "concept": "DepreciationAmortizationAndAccretionNet",
                "unit": "usd",
                "value": 27400000
            },
            {
                "label": "Other, Net",
                "concept": "OtherNoncashIncomeExpense",
                "unit": "usd",
                "value": -11000000
            },
            {
                "label": "Net Cash Provided by Operating Activities",
                "concept": "NetCashProvidedByUsedInOperatingActivities",
                "unit": "usd",
                "value": 516800000
            },
            {
                "label": "Proceeds from Sales of Fixed Maturity Securities",
                "concept": "ProceedsFromSaleOfAvailableForSaleSecurities",
                "unit": "usd",
                "value": 361000000
            },
            {
                "label": "Proceeds from Maturities of Fixed Maturity Securities",
                "concept": "ProceedsFromMaturitiesPrepaymentsAndCallsOfAvailableForSaleSecurities",
                "unit": "usd",
                "value": 369600000
            },
            {
                "label": "Proceeds from Sales and Maturities of Other Investments",
                "concept": "ProceedsFromSaleAndMaturityOfOtherInvestments",
                "unit": "usd",
                "value": 133300000
            },
            {
                "label": "Purchases of Fixed Maturity Securities",
                "concept": "PaymentsToAcquireAvailableForSaleSecurities",
                "unit": "usd",
                "value": 822000000
            },
            {
                "label": "Purchases of Other Investments",
                "concept": "PaymentsToAcquireOtherInvestments",
                "unit": "usd",
                "value": 53200000
            },
            {
                "label": "Net Sales (Purchases) of Short-term Investments",
                "concept": "PaymentsForProceedsFromShortTermInvestments",
                "unit": "usd",
                "value": 217900000
            },
            {
                "label": "Net Decrease in Payables for Collateral on Investments",
                "concept": "IncreaseDecreaseInCashCollateralForLoanedSecurities",
                "unit": "usd",
                "value": -107900000
            },
            {
                "label": "Net Purchases of Property and Equipment",
                "concept": "PaymentsToAcquirePropertyPlantAndEquipment",
                "unit": "usd",
                "value": 28100000
            },
            {
                "label": "Net Cash Provided (Used) by Investing Activities",
                "concept": "NetCashProvidedByUsedInInvestingActivities",
                "unit": "usd",
                "value": -365200000
            },
            {
                "label": "Long-term Debt Repayments",
                "concept": "RepaymentsOfLongTermDebt",
                "unit": "usd",
                "value": 15000000
            },
            {
                "label": "Issuance of Common Stock",
                "concept": "ProceedsFromIssuanceOfCommonStock",
                "unit": "usd",
                "value": 1400000
            },
            {
                "label": "Repurchase of Common Stock",
                "concept": "PaymentsForRepurchaseOfCommonStock",
                "unit": "usd",
                "value": 100000000
            },
            {
                "label": "Dividends Paid to Stockholders",
                "concept": "PaymentsOfDividends",
                "unit": "usd",
                "value": 55700000
            },
            {
                "label": "Other, Net",
                "concept": "ProceedsFromPaymentsForOtherFinancingActivities",
                "unit": "usd",
                "value": -14200000
            },
            {
                "label": "Net Cash Used by Financing Activities",
                "concept": "NetCashProvidedByUsedInFinancingActivities",
                "unit": "usd",
                "value": -183500000
            },
            {
                "label": "Net Increase (Decrease) in Cash and Bank Deposits",
                "concept": "CashAndCashEquivalentsPeriodIncreaseDecrease",
                "unit": "usd",
                "value": -31900000
            }
        ],
        "ic": [
            {
                "label": "Gross Gains on Sales",
                "concept": "AvailableForSaleSecuritiesGrossRealizedGains",
                "unit": "usd",
                "value": 3300000
            },
            {
                "label": "Gross Losses on Sales",
                "concept": "AvailableForSaleSecuritiesGrossRealizedLosses",
                "unit": "usd",
                "value": 7900000
            },
            {
                "label": "Gross Gains on Sales",
                "concept": "unm:OtherInvestmentsGrossRealizedGains",
                "unit": "usd",
                "value": 900000
            },
            {
                "label": "Gross Losses on Sales",
                "concept": "unm:OtherInvestmentsGrossRealizedLosses",
                "unit": "usd",
                "value": 100000
            },
            {
                "label": "Gain (Loss) on All Other Derivatives",
                "concept": "DerivativeGainLossOnDerivativeNet",
                "unit": "usd",
                "value": 300000
            },
            {
                "label": "Foreign Currency Transactions",
                "concept": "ForeignCurrencyTransactionGainLossBeforeTax",
                "unit": "usd",
                "value": -900000
            }
        ]
    }
}