{
    "startDate": "2019-01-01",
    "endDate": "2019-03-31",
    "year": "2019",
    "quarter": "Q3",
    "symbol": "MDP",
    "data": {
        "bs": [
            {
                "label": "Less accumulated depreciation",
                "concept": "AccumulatedDepreciationDepletionAndAmortizationPropertyPlantAndEquipment",
                "unit": "usd",
                "value": 437900000
            },
            {
                "label": "Net property, plant, and equipment",
                "concept": "PropertyPlantAndEquipmentNet",
                "unit": "usd",
                "value": 435800000
            },
            {
                "label": "Series preferred stock, par value $1 per share",
                "concept": "PreferredStockValueOutstanding",
                "unit": "usd",
                "value": 0
            },
            {
                "label": "Additional paid-in capital",
                "concept": "AdditionalPaidInCapital",
                "unit": "usd",
                "value": 212600000
            },
            {
                "label": "Retained earnings",
                "concept": "RetainedEarningsAccumulatedDeficit",
                "unit": "usd",
                "value": 817600000
            },
            {
                "label": "Accumulated other comprehensive loss",
                "concept": "AccumulatedOtherComprehensiveIncomeLossNetOfTax",
                "unit": "usd",
                "value": 37400000
            },
            {
                "label": "Total shareholders' equity",
                "concept": "StockholdersEquity",
                "unit": "usd",
                "value": 1038000000
            }
        ],
        "cf": [],
        "ic": [
            {
                "label": "Acquisition, disposition, and restructuring related activities",
                "concept": "mdp:RestructuringBusinessAcquisitionAndIntegrationCharges",
                "unit": "usd",
                "value": 16800000
            },
            {
                "label": "Loss from discontinued operations, net of income taxes",
                "concept": "IncomeLossFromDiscontinuedOperationsNetOfTax",
                "unit": "usd",
                "value": -4400000
            },
            {
                "label": "Net earnings (loss)",
                "concept": "NetIncomeLoss",
                "unit": "usd",
                "value": 23700000
            },
            {
                "label": "Earnings (loss) attributable to common shareholders",
                "concept": "NetIncomeLossAvailableToCommonStockholdersBasic",
                "unit": "usd",
                "value": 4700000
            },
            {
                "label": "Basic earnings per share for continuing operations (in usd per share)",
                "concept": "IncomeLossFromContinuingOperationsPerBasicShare",
                "unit": "usd/shares",
                "value": 0.2
            },
            {
                "label": "Basic earnings per share for discontinued operations (in usd per share)",
                "concept": "DiscontinuedOperationIncomeLossFromDiscontinuedOperationNetOfTaxPerBasicShare",
                "unit": "usd/shares",
                "value": -0.1
            },
            {
                "label": "Diluted earnings per share for continuing operations (in usd per share)",
                "concept": "IncomeLossFromContinuingOperationsPerDilutedShare",
                "unit": "usd/shares",
                "value": 0.2
            },
            {
                "label": "Diluted earnings per share for discontinued operations (in usd per share)",
                "concept": "DiscontinuedOperationIncomeLossFromDiscontinuedOperationNetOfTaxPerDilutedShare",
                "unit": "usd/shares",
                "value": -0.1
            },
            {
                "label": "Diluted average shares outstanding (in shares)",
                "concept": "WeightedAverageNumberOfDilutedSharesOutstanding",
                "unit": "shares",
                "value": 45600000
            }
        ]
    }
}