{
    "startDate": "2018-12-31",
    "endDate": "2019-03-31",
    "year": "2019",
    "quarter": "Q2",
    "symbol": "LEE",
    "data": {
        "bs": [
            {
                "label": "",
                "concept": "RetainedEarningsAccumulatedDeficit",
                "unit": "usd",
                "value": -272008000
            },
            {
                "label": "",
                "concept": "AdditionalPaidInCapital",
                "unit": "usd",
                "value": 254185000
            },
            {
                "label": "",
                "concept": "AccumulatedOtherComprehensiveIncomeLossNetOfTax",
                "unit": "usd",
                "value": -11990000
            },
            {
                "label": "",
                "concept": "StockholdersEquity",
                "unit": "usd",
                "value": -29236000
            }
        ],
        "cf": [],
        "ic": [
            {
                "label": "",
                "concept": "lee:AdvertisingandMarketingServicesRevenue",
                "unit": "usd",
                "value": 62934000
            },
            {
                "label": "",
                "concept": "lee:CirculationRevenue",
                "unit": "usd",
                "value": 45076000
            },
            {
                "label": "",
                "concept": "OtherIncome",
                "unit": "usd",
                "value": 14694000
            },
            {
                "label": "",
                "concept": "Revenues",
                "unit": "usd",
                "value": 122704000
            },
            {
                "label": "",
                "concept": "LaborAndRelatedExpense",
                "unit": "usd",
                "value": 47785000
            },
            {
                "label": "",
                "concept": "lee:NewsprintAndInkExpense",
                "unit": "usd",
                "value": 5825000
            },
            {
                "label": "",
                "concept": "OtherCostAndExpenseOperating",
                "unit": "usd",
                "value": 48016000
            },
            {
                "label": "",
                "concept": "Depreciation",
                "unit": "usd",
                "value": 7386000
            },
            {
                "label": "",
                "concept": "GainLossOnSaleOfPropertyPlantEquipment",
                "unit": "usd",
                "value": -83000
            },
            {
                "label": "",
                "concept": "RestructuringCharges",
                "unit": "usd",
                "value": 2759000
            },
            {
                "label": "",
                "concept": "OperatingExpenses",
                "unit": "usd",
                "value": 111854000
            },
            {
                "label": "",
                "concept": "IncomeLossFromEquityMethodInvestments",
                "unit": "usd",
                "value": 1717000
            },
            {
                "label": "",
                "concept": "OperatingIncomeLoss",
                "unit": "usd",
                "value": 12567000
            },
            {
                "label": "",
                "concept": "InterestExpense",
                "unit": "usd",
                "value": 12140000
            },
            {
                "label": "",
                "concept": "lee:DebtFinancingCosts",
                "unit": "usd",
                "value": 962000
            },
            {
                "label": "",
                "concept": "OtherNonoperatingIncomeExpense",
                "unit": "usd",
                "value": -1636000
            },
            {
                "label": "",
                "concept": "NonoperatingIncomeExpense",
                "unit": "usd",
                "value": -14738000
            },
            {
                "label": "",
                "concept": "IncomeLossFromContinuingOperationsBeforeIncomeTaxesDomestic",
                "unit": "usd",
                "value": -2171000
            },
            {
                "label": "",
                "concept": "IncomeTaxExpenseBenefit",
                "unit": "usd",
                "value": 156000
            },
            {
                "label": "",
                "concept": "ProfitLoss",
                "unit": "usd",
                "value": -2327000
            },
            {
                "label": "",
                "concept": "NetIncomeLossAttributableToNoncontrollingInterest",
                "unit": "usd",
                "value": 351000
            },
            {
                "label": "",
                "concept": "NetIncomeLoss",
                "unit": "usd",
                "value": -2678000
            },
            {
                "label": "",
                "concept": "OtherComprehensiveIncomeLossNetOfTax",
                "unit": "usd",
                "value": -122000
            },
            {
                "label": "",
                "concept": "ComprehensiveIncomeNetOfTax",
                "unit": "usd",
                "value": -2800000
            },
            {
                "label": "",
                "concept": "EarningsPerShareBasic",
                "unit": "usd/shares",
                "value": -0.05
            },
            {
                "label": "",
                "concept": "EarningsPerShareDiluted",
                "unit": "usd/shares",
                "value": -0.05
            }
        ]
    }
}