{
    "startDate": "2019-01-01",
    "endDate": "2019-03-31",
    "year": "2019",
    "quarter": "Q1",
    "symbol": "FLIR",
    "data": {
        "bs": [
            {
                "label": "Balance at beginning of period",
                "concept": "StockholdersEquity",
                "unit": "usd",
                "value": 1902695000
            },
            {
                "label": "Cumulative Effect of New Accounting Principle in Period of Adoption",
                "concept": "CumulativeEffectOfNewAccountingPrincipleInPeriodOfAdoption",
                "unit": "usd",
                "value": 3439000
            },
            {
                "label": "Balance at end of period",
                "concept": "StockholdersEquity",
                "unit": "usd",
                "value": 1902695000
            }
        ],
        "cf": [
            {
                "label": "Depreciation and amortization",
                "concept": "DepreciationDepletionAndAmortization",
                "unit": "usd",
                "value": 16662000
            },
            {
                "label": "Stock-based compensation arrangements",
                "concept": "ShareBasedCompensation",
                "unit": "usd",
                "value": 8090000
            },
            {
                "label": "Deferred income taxes",
                "concept": "DeferredIncomeTaxExpenseBenefit",
                "unit": "usd",
                "value": 222000
            },
            {
                "label": "Other, net",
                "concept": "OtherNoncashIncomeExpense",
                "unit": "usd",
                "value": 1328000
            },
            {
                "label": "Accounts receivable",
                "concept": "IncreaseDecreaseInAccountsReceivable",
                "unit": "usd",
                "value": 25771000
            },
            {
                "label": "Inventories",
                "concept": "IncreaseDecreaseInInventories",
                "unit": "usd",
                "value": 17472000
            },
            {
                "label": "Prepaid expenses and other current assets",
                "concept": "IncreaseDecreaseInPrepaidDeferredExpenseAndOtherAssets",
                "unit": "usd",
                "value": -1944000
            },
            {
                "label": "Other assets",
                "concept": "IncreaseDecreaseInOtherNoncurrentAssets",
                "unit": "usd",
                "value": -3659000
            },
            {
                "label": "Accounts payable",
                "concept": "IncreaseDecreaseInAccountsPayable",
                "unit": "usd",
                "value": 26019000
            },
            {
                "label": "Deferred revenue",
                "concept": "IncreaseDecreaseInDeferredRevenue",
                "unit": "usd",
                "value": -4531000
            },
            {
                "label": "Accrued payroll and other liabilities",
                "concept": "IncreaseDecreaseInOtherCurrentLiabilities",
                "unit": "usd",
                "value": -8057000
            },
            {
                "label": "Accrued income taxes",
                "concept": "IncreaseDecreaseInAccruedIncomeTaxesPayable",
                "unit": "usd",
                "value": -1722000
            },
            {
                "label": "Pension and other long-term liabilities",
                "concept": "IncreaseDecreaseInOtherNoncurrentLiabilities",
                "unit": "usd",
                "value": -3952000
            },
            {
                "label": "Net cash provided by operating activities",
                "concept": "NetCashProvidedByUsedInOperatingActivities",
                "unit": "usd",
                "value": 55511000
            },
            {
                "label": "Additions to property and equipment, net",
                "concept": "PaymentsToAcquirePropertyPlantAndEquipment",
                "unit": "usd",
                "value": 9140000
            },
            {
                "label": "Proceeds from sale of assets",
                "concept": "ProceedsFromSaleOfProductiveAssets",
                "unit": "usd",
                "value": 2973000
            },
            {
                "label": "Proceeds from sale of business",
                "concept": "ProceedsFromDivestitureOfBusinesses",
                "unit": "usd",
                "value": 0
            },
            {
                "label": "Business acquisitions, net of cash acquired",
                "concept": "PaymentsToAcquireBusinessesNetOfCashAcquired",
                "unit": "usd",
                "value": 579556000
            },
            {
                "label": "Other investments",
                "concept": "PaymentsForProceedsFromOtherInvestingActivities",
                "unit": "usd",
                "value": 5000000
            },
            {
                "label": "Net cash (used) provided by investing activities",
                "concept": "NetCashProvidedByUsedInInvestingActivities",
                "unit": "usd",
                "value": -590723000
            },
            {
                "label": "Net proceeds from credit facility and long-term debt, including current portion",
                "concept": "ProceedsFromDebtNetOfIssuanceCosts",
                "unit": "usd",
                "value": 723054000
            },
            {
                "label": "Repayments of credit facility",
                "concept": "RepaymentsOfLinesOfCredit",
                "unit": "usd",
                "value": 375000000
            },
            {
                "label": "Repurchase of common stock",
                "concept": "PaymentsForRepurchaseOfCommonStock",
                "unit": "usd",
                "value": 24998000
            },
            {
                "label": "Dividends paid",
                "concept": "PaymentsOfDividendsCommonStock",
                "unit": "usd",
                "value": 23031000
            },
            {
                "label": "Proceeds from shares issued pursuant to stock-based compensation plans",
                "concept": "ProceedsFromIssuanceOfSharesUnderIncentiveAndShareBasedCompensationPlansIncludingStockOptions",
                "unit": "usd",
                "value": 9721000
            },
            {
                "label": "Payments Related to Tax Withholding for Share-based Compensation",
                "concept": "PaymentsRelatedToTaxWithholdingForShareBasedCompensation",
                "unit": "usd",
                "value": 1013000
            },
            {
                "label": "Other financing activities",
                "concept": "ProceedsFromPaymentsForOtherFinancingActivities",
                "unit": "usd",
                "value": -419000
            },
            {
                "label": "Net cash provided (used) by financing activities",
                "concept": "NetCashProvidedByUsedInFinancingActivities",
                "unit": "usd",
                "value": 308314000
            },
            {
                "label": "Effect of exchange rate changes on cash, cash equivalents and restricted cash",
                "concept": "EffectOfExchangeRateOnCashAndCashEquivalents",
                "unit": "usd",
                "value": -883000
            },
            {
                "label": "Net decrease in cash and cash equivalents",
                "concept": "CashAndCashEquivalentsPeriodIncreaseDecrease",
                "unit": "usd",
                "value": -227781000
            }
        ],
        "ic": [
            {
                "label": "Cost of Goods and Services Sold",
                "concept": "CostOfGoodsAndServicesSold",
                "unit": "usd",
                "value": 211077000
            },
            {
                "label": "Gross profit",
                "concept": "GrossProfit",
                "unit": "usd",
                "value": 233659000
            },
            {
                "label": "Research and development",
                "concept": "ResearchAndDevelopmentExpense",
                "unit": "usd",
                "value": 47998000
            },
            {
                "label": "Selling, general and administrative",
                "concept": "SellingGeneralAndAdministrativeExpense",
                "unit": "usd",
                "value": 104579000
            },
            {
                "label": "Loss on sale of business",
                "concept": "ImpairmentOfLongLivedAssetsToBeDisposedOf",
                "unit": "usd",
                "value": 0
            },
            {
                "label": "Total operating expenses",
                "concept": "OperatingExpenses",
                "unit": "usd",
                "value": 152577000
            },
            {
                "label": "Earnings from operations",
                "concept": "OperatingIncomeLoss",
                "unit": "usd",
                "value": 81082000
            },
            {
                "label": "Interest expense",
                "concept": "InterestExpense",
                "unit": "usd",
                "value": 5516000
            },
            {
                "label": "Interest income",
                "concept": "InvestmentIncomeInterest",
                "unit": "usd",
                "value": 1057000
            },
            {
                "label": "Other expense (income), net",
                "concept": "OtherNonoperatingIncomeExpense",
                "unit": "usd",
                "value": -1866000
            },
            {
                "label": "Earnings before income taxes",
                "concept": "IncomeLossFromContinuingOperationsBeforeIncomeTaxesExtraordinaryItemsNoncontrollingInterest",
                "unit": "usd",
                "value": 74757000
            },
            {
                "label": "Income tax provision",
                "concept": "IncomeTaxExpenseBenefit",
                "unit": "usd",
                "value": 13009000
            },
            {
                "label": "Basic earnings per share (in dollars per share)",
                "concept": "EarningsPerShareBasic",
                "unit": "usd/shares",
                "value": 0.46
            },
            {
                "label": "Diluted earnings per share (in dollars per share)",
                "concept": "EarningsPerShareDiluted",
                "unit": "usd/shares",
                "value": 0.45
            },
            {
                "label": "Weighted Average Number of Shares Outstanding, Basic",
                "concept": "WeightedAverageNumberOfSharesOutstandingBasic",
                "unit": "shares",
                "value": 135541
            },
            {
                "label": "Weighted Average Number of Shares Outstanding, Diluted",
                "concept": "WeightedAverageNumberOfDilutedSharesOutstanding",
                "unit": "shares",
                "value": 137165
            }
        ]
    }
}