{
    "startDate": "2019-01-01",
    "endDate": "2019-03-31",
    "year": "2019",
    "quarter": "Q1",
    "symbol": "ETR",
    "data": {
        "bs": [
            {
                "label": "Cash",
                "concept": "Cash",
                "unit": "usd",
                "value": 118384000
            },
            {
                "label": "Temporary cash investments",
                "concept": "CashEquivalentsAtCarryingValue",
                "unit": "usd",
                "value": 865000000
            },
            {
                "label": "Total cash and cash equivalents",
                "concept": "CashAndCashEquivalentsAtCarryingValue",
                "unit": "usd",
                "value": 983496000
            },
            {
                "label": "Securitization recovery trust account",
                "concept": "RestrictedCashAndCashEquivalentsAtCarryingValue",
                "unit": "usd",
                "value": 52000000
            },
            {
                "label": "Customer",
                "concept": "AccountsReceivableGrossCurrent",
                "unit": "usd",
                "value": 589519000
            },
            {
                "label": "Allowance for doubtful accounts",
                "concept": "AllowanceForDoubtfulAccountsReceivableCurrent",
                "unit": "usd",
                "value": 7458000
            },
            {
                "label": "Other",
                "concept": "OtherReceivables",
                "unit": "usd",
                "value": 158293000
            },
            {
                "label": "Accrued unbilled revenues",
                "concept": "etr:AccruedUnbilledRevenues",
                "unit": "usd",
                "value": 334355000
            },
            {
                "label": "Total accounts receivable",
                "concept": "AccountsReceivableNetCurrent",
                "unit": "usd",
                "value": 1074709000
            },
            {
                "label": "Deferred fuel costs",
                "concept": "DeferredFuelCost",
                "unit": "usd",
                "value": 19209000
            },
            {
                "label": "Fuel inventory - at average cost",
                "concept": "etr:FuelInventoryAtAverageCost",
                "unit": "usd",
                "value": 121705000
            },
            {
                "label": "Public Utilities, Inventory",
                "concept": "PublicUtilitiesInventory",
                "unit": "usd",
                "value": 771707000
            },
            {
                "label": "Deferred nuclear refueling outage costs",
                "concept": "etr:DeferredNuclearRefuelingOutageCosts",
                "unit": "usd",
                "value": 231628000
            },
            {
                "label": "Prepaid Expense and Other Assets, Current",
                "concept": "PrepaidExpenseAndOtherAssetsCurrent",
                "unit": "usd",
                "value": 205322000
            },
            {
                "label": "TOTAL",
                "concept": "AssetsCurrent",
                "unit": "usd",
                "value": 3407776000
            },
            {
                "label": "Decommissioning trust funds",
                "concept": "DecommissioningFundInvestments",
                "unit": "usd",
                "value": 6877865000
            },
            {
                "label": "Non-utility property - at cost (less accumulated depreciation)",
                "concept": "PropertyPlantAndEquipmentNet",
                "unit": "usd",
                "value": 310215000
            },
            {
                "label": "Other",
                "concept": "OtherLongTermInvestments",
                "unit": "usd",
                "value": 439849000
            },
            {
                "label": "TOTAL",
                "concept": "LongTermInvestments",
                "unit": "usd",
                "value": 7627929000
            },
            {
                "label": "Electric",
                "concept": "PublicUtilitiesPropertyPlantAndEquipmentOtherPropertyPlantAndEquipment",
                "unit": "usd",
                "value": 50260871000
            },
            {
                "label": "Natural gas",
                "concept": "etr:NaturalGas",
                "unit": "usd",
                "value": 509987000
            },
            {
                "label": "Construction work in progress",
                "concept": "PublicUtilitiesPropertyPlantAndEquipmentConstructionWorkInProgress",
                "unit": "usd",
                "value": 3289734000
            },
            {
                "label": "Nuclear fuel",
                "concept": "NuclearFuelNetOfAmortization",
                "unit": "usd",
                "value": 790398000
            },
            {
                "label": "TOTAL PROPERTY, PLANT, AND EQUIPMENT",
                "concept": "PublicUtilitiesPropertyPlantAndEquipmentPlantInService",
                "unit": "usd",
                "value": 54850990000
            },
            {
                "label": "Less - accumulated depreciation and amortization",
                "concept": "PublicUtilitiesPropertyPlantAndEquipmentAccumulatedDepreciation",
                "unit": "usd",
                "value": 22198769000
            },
            {
                "label": "PROPERTY, PLANT, AND EQUIPMENT - NET",
                "concept": "PublicUtilitiesPropertyPlantAndEquipmentNet",
                "unit": "usd",
                "value": 32652221000
            },
            {
                "label": "Other regulatory assets",
                "concept": "etr:OtherRegulatoryAssets",
                "unit": "usd",
                "value": 4908688000
            },
            {
                "label": "Deferred Fuel Cost Non Current",
                "concept": "etr:DeferredFuelCostNonCurrent",
                "unit": "usd",
                "value": 239595000
            },
            {
                "label": "Goodwill",
                "concept": "Goodwill",
                "unit": "usd",
                "value": 377172000
            },
            {
                "label": "Deferred Income Tax Assets, Net",
                "concept": "DeferredIncomeTaxAssetsNet",
                "unit": "usd",
                "value": 61255000
            },
            {
                "label": "Other",
                "concept": "OtherAssetsNoncurrent",
                "unit": "usd",
                "value": 330745000
            },
            {
                "label": "Deferred Costs and Other Assets",
                "concept": "DeferredCostsAndOtherAssets",
                "unit": "usd",
                "value": 5917455000
            },
            {
                "label": "TOTAL ASSETS",
                "concept": "Assets",
                "unit": "usd",
                "value": 49605381000
            },
            {
                "label": "Currently maturing long-term debt",
                "concept": "LongTermDebtCurrent",
                "unit": "usd",
                "value": 150010000
            },
            {
                "label": "Short-term borrowings",
                "concept": "ShortTermBorrowings",
                "unit": "usd",
                "value": 1942322000
            },
            {
                "label": "Accounts payable",
                "concept": "AccountsPayableCurrent",
                "unit": "usd",
                "value": 1406327000
            },
            {
                "label": "Customer deposits",
                "concept": "CustomerDepositsCurrent",
                "unit": "usd",
                "value": 409433000
            },
            {
                "label": "Taxes Payable, Current",
                "concept": "TaxesPayableCurrent",
                "unit": "usd",
                "value": 210156000
            },
            {
                "label": "Interest accrued",
                "concept": "InterestPayableCurrent",
                "unit": "usd",
                "value": 172645000
            },
            {
                "label": "Deferred fuel costs",
                "concept": "etr:DeferredFuelCostsCurrentLiabilities",
                "unit": "usd",
                "value": 64653000
            },
            {
                "label": "Pension and other postretirement liabilities",
                "concept": "PensionAndOtherPostretirementDefinedBenefitPlansCurrentLiabilities",
                "unit": "usd",
                "value": 62218000
            },
            {
                "label": "Current portion of regulatory liability for income taxes - net related to unprotected ADIT",
                "concept": "etr:CurrentportionofregulatoryliabilityforincometaxesnetrelatedtounprotectedADIT",
                "unit": "usd",
                "value": 239664000
            },
            {
                "label": "Other",
                "concept": "OtherLiabilitiesCurrent",
                "unit": "usd",
                "value": 203655000
            },
            {
                "label": "TOTAL",
                "concept": "LiabilitiesCurrent",
                "unit": "usd",
                "value": 4861083000
            },
            {
                "label": "Deferred Income Tax Liabilities, Net",
                "concept": "DeferredIncomeTaxLiabilitiesNet",
                "unit": "usd",
                "value": 4252292000
            },
            {
                "label": "Accumulated deferred investment tax credits",
                "concept": "AccumulatedDeferredInvestmentTaxCredit",
                "unit": "usd",
                "value": 211013000
            },
            {
                "label": "Regulatory liability for income taxes - net",
                "concept": "etr:RegulatoryLiabilityForIncomeTaxesNet",
                "unit": "usd",
                "value": 1737479000
            },
            {
                "label": "Other regulatory liabilities",
                "concept": "RegulatoryLiabilityNoncurrent",
                "unit": "usd",
                "value": 1839183000
            },
            {
                "label": "Decommissioning and asset retirement cost liabilities",
                "concept": "AssetRetirementObligationsNoncurrent",
                "unit": "usd",
                "value": 6577180000
            },
            {
                "label": "Loss Contingency Accrual",
                "concept": "LossContingencyAccrualAtCarryingValue",
                "unit": "usd",
                "value": 527866000
            },
            {
                "label": "Pension and other postretirement liabilities",
                "concept": "PensionAndOtherPostretirementDefinedBenefitPlansLiabilitiesNoncurrent",
                "unit": "usd",
                "value": 2607394000
            },
            {
                "label": "Long-term debt",
                "concept": "LongTermDebtNoncurrent",
                "unit": "usd",
                "value": 17167886000
            },
            {
                "label": "Deferred Credits and Other Liabilities",
                "concept": "DeferredCreditsAndOtherLiabilities",
                "unit": "usd",
                "value": 634211000
            },
            {
                "label": "TOTAL",
                "concept": "LiabilitiesNoncurrent",
                "unit": "usd",
                "value": 35554504000
            },
            {
                "label": "Subsidiaries' preferred stock without sinking fund",
                "concept": "TemporaryEquityCarryingAmountAttributableToParent",
                "unit": "usd",
                "value": 219427000
            },
            {
                "label": "Common Stock, Value, Issued",
                "concept": "CommonStockValue",
                "unit": "usd",
                "value": 2616000
            },
            {
                "label": "Additional Paid in Capital, Common Stock",
                "concept": "AdditionalPaidInCapitalCommonStock",
                "unit": "usd",
                "value": 5920183000
            },
            {
                "label": "Less - treasury stock, at cost",
                "concept": "TreasuryStockValue",
                "unit": "usd",
                "value": 5211182000
            },
            {
                "label": "TOTAL",
                "concept": "StockholdersEquity",
                "unit": "usd",
                "value": 8970367000
            },
            {
                "label": "Retained Earnings (Accumulated Deficit)",
                "concept": "RetainedEarningsAccumulatedDeficit",
                "unit": "usd",
                "value": 8809902000
            },
            {
                "label": "TOTAL LIABILITIES AND SHAREHOLDERS' EQUITY",
                "concept": "LiabilitiesAndStockholdersEquity",
                "unit": "usd",
                "value": 49605381000
            }
        ],
        "cf": [
            {
                "label": "Consolidated net income",
                "concept": "ProfitLoss",
                "unit": "usd",
                "value": 258646000
            },
            {
                "label": "Depreciation, amortization, and decommissioning, including nuclear fuel amortization",
                "concept": "DepreciationAmortizationAndAccretionNet",
                "unit": "usd",
                "value": 530224000
            },
            {
                "label": "Deferred income taxes, investment tax credits, and non-current taxes accrued",
                "concept": "DeferredIncomeTaxesAndTaxCredits",
                "unit": "usd",
                "value": 104884000
            },
            {
                "label": "Impairment of Long-Lived Assets Held-for-use",
                "concept": "ImpairmentOfLongLivedAssetsHeldForUse",
                "unit": "usd",
                "value": 25462000
            },
            {
                "label": "Receivables",
                "concept": "IncreaseDecreaseInReceivables",
                "unit": "usd",
                "value": -39697000
            },
            {
                "label": "Fuel inventory",
                "concept": "IncreaseDecreaseInFuelInventories",
                "unit": "usd",
                "value": 4401000
            },
            {
                "label": "Accounts payable",
                "concept": "IncreaseDecreaseInAccountsPayable",
                "unit": "usd",
                "value": -63613000
            },
            {
                "label": "Taxes accrued",
                "concept": "IncreaseDecreaseInAccruedIncomeTaxesPayable",
                "unit": "usd",
                "value": -44083000
            },
            {
                "label": "Interest accrued",
                "concept": "IncreaseDecreaseInInterestPayableNet",
                "unit": "usd",
                "value": -20546000
            },
            {
                "label": "Deferred fuel costs",
                "concept": "IncreaseDecreaseInDeferredFuelCosts",
                "unit": "usd",
                "value": -20201000
            },
            {
                "label": "Other working capital accounts",
                "concept": "IncreaseDecreaseInOtherOperatingCapitalNet",
                "unit": "usd",
                "value": 42016000
            },
            {
                "label": "Changes in provisions for estimated losses",
                "concept": "ProvisionForOtherLosses",
                "unit": "usd",
                "value": 13720000
            },
            {
                "label": "Changes in other regulatory assets",
                "concept": "IncreaseDecreaseInOtherRegulatoryAssets",
                "unit": "usd",
                "value": 162192000
            },
            {
                "label": "Increase (Decrease) in Regulatory Liabilities",
                "concept": "IncreaseDecreaseInRegulatoryLiabilities",
                "unit": "usd",
                "value": 130924000
            },
            {
                "label": "Changes in pensions and other postretirement liabilities",
                "concept": "IncreaseDecreaseInPensionAndPostretirementObligations",
                "unit": "usd",
                "value": -7713000
            },
            {
                "label": "Other Noncash Income (Expense)",
                "concept": "OtherNoncashIncomeExpense",
                "unit": "usd",
                "value": 278005000
            },
            {
                "label": "Net cash flow provided by operating activities",
                "concept": "NetCashProvidedByUsedInOperatingActivities",
                "unit": "usd",
                "value": 501189000
            },
            {
                "label": "Construction/capital expenditures",
                "concept": "PaymentsForCapitalImprovements",
                "unit": "usd",
                "value": 951629000
            },
            {
                "label": "Allowance for equity funds used during construction",
                "concept": "AllowanceForFundsUsedDuringConstructionInvestingActivities",
                "unit": "usd",
                "value": 38322000
            },
            {
                "label": "Nuclear fuel purchases",
                "concept": "PaymentsForNuclearFuel",
                "unit": "usd",
                "value": 38445000
            },
            {
                "label": "Payments for Nuclear Fuel",
                "concept": "PaymentsForNuclearFuel",
                "unit": "usd",
                "value": 38445000
            },
            {
                "label": "Payments to storm reserve escrow account",
                "concept": "PaymentsToAcquireRestrictedInvestments",
                "unit": "usd",
                "value": 2285000
            },
            {
                "label": "Decrease (increase) in other investments",
                "concept": "PaymentsForProceedsFromOtherInvestingActivities",
                "unit": "usd",
                "value": -39045000
            },
            {
                "label": "Proceeds from nuclear decommissioning trust fund sales",
                "concept": "ProceedsFromDecommissioningFund",
                "unit": "usd",
                "value": 1307547000
            },
            {
                "label": "Investment in nuclear decommissioning trust funds",
                "concept": "PaymentsToInvestInDecommissioningFund",
                "unit": "usd",
                "value": 1342429000
            },
            {
                "label": "Proceeds from insurance",
                "concept": "ProceedsFromInsuranceSettlementInvestingActivities",
                "unit": "usd",
                "value": 0
            },
            {
                "label": "Changes in securitization account",
                "concept": "etr:Changesinsecuritizationaccount",
                "unit": "usd",
                "value": -1084000
            },
            {
                "label": "Net cash flow used in investing activities",
                "concept": "NetCashProvidedByUsedInInvestingActivities",
                "unit": "usd",
                "value": -950958000
            },
            {
                "label": "Proceeds from the issuance of long-term debt",
                "concept": "ProceedsFromIssuanceOfLongTermDebt",
                "unit": "usd",
                "value": 3444230000
            },
            {
                "label": "Common stock and treasury stock",
                "concept": "ProceedsFromIssuanceOrSaleOfEquity",
                "unit": "usd",
                "value": 35577000
            },
            {
                "label": "Retirement of long-term debt",
                "concept": "RepaymentsOfLongTermDebt",
                "unit": "usd",
                "value": 2298855000
            },
            {
                "label": "Changes in credit borrowings and commercial paper - net",
                "concept": "etr:ChangesInCreditLineBorrowingsNet",
                "unit": "usd",
                "value": 17000
            },
            {
                "label": "Payments for Repurchase of Preferred Stock and Preference Stock",
                "concept": "PaymentsForRepurchaseOfPreferredStockAndPreferenceStock",
                "unit": "usd",
                "value": 50000000
            },
            {
                "label": "Common stock",
                "concept": "PaymentsOfDividendsCommonStock",
                "unit": "usd",
                "value": 172591000
            },
            {
                "label": "Preferred stock",
                "concept": "PaymentsOfDividendsPreferredStockAndPreferenceStock",
                "unit": "usd",
                "value": 4109000
            },
            {
                "label": "Other",
                "concept": "ProceedsFromPaymentsForOtherFinancingActivities",
                "unit": "usd",
                "value": -1945000
            },
            {
                "label": "Net cash flow provided by financing activities",
                "concept": "NetCashProvidedByUsedInFinancingActivities",
                "unit": "usd",
                "value": 952290000
            },
            {
                "label": "Net increase in cash and cash equivalents",
                "concept": "CashAndCashEquivalentsPeriodIncreaseDecrease",
                "unit": "usd",
                "value": 502521000
            },
            {
                "label": "Interest - net of amount capitalized",
                "concept": "InterestPaidCapitalized",
                "unit": "usd",
                "value": 214935000
            },
            {
                "label": "Income taxes",
                "concept": "IncomeTaxesPaidNet",
                "unit": "usd",
                "value": -13844000
            }
        ],
        "ic": [
            {
                "label": "Revenue from Contract with Customer, Excluding Assessed Tax",
                "concept": "RevenueFromContractWithCustomerExcludingAssessedTax",
                "unit": "usd",
                "value": 2609584000
            },
            {
                "label": "Fuel, fuel-related expenses, and gas purchased for resale",
                "concept": "UtilitiesOperatingExpenseFuelUsed",
                "unit": "usd",
                "value": 478330000
            },
            {
                "label": "Nuclear refueling outage expenses",
                "concept": "etr:NuclearRefuelingOutageExpenses",
                "unit": "usd",
                "value": 50441000
            },
            {
                "label": "Utilities Operating Expense, Maintenance, Operations, and Other Costs and Expenses",
                "concept": "UtilitiesOperatingExpenseMaintenanceOperationsAndOtherCostsAndExpenses",
                "unit": "usd",
                "value": 783051000
            },
            {
                "label": "Asset Impairment Charges",
                "concept": "AssetImpairmentCharges",
                "unit": "usd",
                "value": 73979000
            },
            {
                "label": "Decommissioning",
                "concept": "AssetRetirementObligationAccretionExpense",
                "unit": "usd",
                "value": 102119000
            },
            {
                "label": "Taxes, Other",
                "concept": "TaxesOther",
                "unit": "usd",
                "value": 158575000
            },
            {
                "label": "Other Depreciation and Amortization",
                "concept": "OtherDepreciationAndAmortization",
                "unit": "usd",
                "value": 357274000
            },
            {
                "label": "Other regulatory charges (credits) - net",
                "concept": "etr:OtherRegulatoryChargesCreditsNet",
                "unit": "usd",
                "value": -16946000
            },
            {
                "label": "Costs and Expenses",
                "concept": "CostsAndExpenses",
                "unit": "usd",
                "value": 2326330000
            },
            {
                "label": "OPERATING INCOME",
                "concept": "OperatingIncomeLoss",
                "unit": "usd",
                "value": 283254000
            },
            {
                "label": "Allowance for equity funds used during construction",
                "concept": "PublicUtilitiesAllowanceForFundsUsedDuringConstructionCapitalizedCostOfEquity",
                "unit": "usd",
                "value": 38216000
            },
            {
                "label": "Investment Income, Net",
                "concept": "InvestmentIncomeNet",
                "unit": "usd",
                "value": 228149000
            },
            {
                "label": "Miscellaneous - net",
                "concept": "OtherNonoperatingIncomeExpense",
                "unit": "usd",
                "value": -64658000
            },
            {
                "label": "TOTAL",
                "concept": "NonoperatingIncomeExpense",
                "unit": "usd",
                "value": 201707000
            },
            {
                "label": "Interest expense",
                "concept": "InterestExpenseDebt",
                "unit": "usd",
                "value": 200993000
            },
            {
                "label": "Allowance for borrowed funds used during construction",
                "concept": "PublicUtilitiesAllowanceForFundsUsedDuringConstructionCapitalizedInterest",
                "unit": "usd",
                "value": 17449000
            },
            {
                "label": "TOTAL",
                "concept": "InterestExpense",
                "unit": "usd",
                "value": 183544000
            },
            {
                "label": "Income (Loss) from Continuing Operations before Income Taxes, Noncontrolling Interest",
                "concept": "IncomeLossFromContinuingOperationsBeforeIncomeTaxesExtraordinaryItemsNoncontrollingInterest",
                "unit": "usd",
                "value": 301417000
            },
            {
                "label": "Income taxes",
                "concept": "IncomeTaxExpenseBenefit",
                "unit": "usd",
                "value": 42771000
            },
            {
                "label": "Net Income (Loss) Attributable to Noncontrolling Interest, Preferred Unit Holders",
                "concept": "NoncontrollingInterestInNetIncomeLossPreferredUnitHoldersRedeemable",
                "unit": "usd",
                "value": 4109000
            },
            {
                "label": "Net Income (Loss) Available to Common Stockholders, Basic",
                "concept": "NetIncomeLossAvailableToCommonStockholdersBasic",
                "unit": "usd",
                "value": 254537000
            },
            {
                "label": "Basic (in dollars per share)",
                "concept": "EarningsPerShareBasic",
                "unit": "usd/shares",
                "value": 1.34
            },
            {
                "label": "Diluted (in dollars per share)",
                "concept": "EarningsPerShareDiluted",
                "unit": "usd/shares",
                "value": 1.32
            },
            {
                "label": "Basic average number of common shares outstanding (in shares)",
                "concept": "WeightedAverageNumberOfSharesOutstandingBasic",
                "unit": "shares",
                "value": 189575187
            },
            {
                "label": "Diluted average number of common shares outstanding (in shares)",
                "concept": "WeightedAverageNumberOfDilutedSharesOutstanding",
                "unit": "shares",
                "value": 192234191
            }
        ]
    }
}