{
    "startDate": "2019-01-01",
    "endDate": "2019-03-31",
    "year": "2019",
    "quarter": "Q1",
    "symbol": "MTZ",
    "data": {
        "bs": [
            {
                "label": "Cash and cash equivalents",
                "concept": "CashAndCashEquivalentsAtCarryingValue",
                "unit": "usd",
                "value": 43194000
            },
            {
                "label": "Accounts receivable, net (Note 5)",
                "concept": "AccountsReceivableNetCurrent",
                "unit": "usd",
                "value": 1986335000
            },
            {
                "label": "Inventories, net",
                "concept": "InventoryNet",
                "unit": "usd",
                "value": 121648000
            },
            {
                "label": "Prepaid expenses",
                "concept": "PrepaidExpenseCurrent",
                "unit": "usd",
                "value": 52648000
            },
            {
                "label": "Other current assets",
                "concept": "OtherAssetsCurrent",
                "unit": "usd",
                "value": 58234000
            },
            {
                "label": "Total current assets",
                "concept": "AssetsCurrent",
                "unit": "usd",
                "value": 2262059000
            },
            {
                "label": "Property and equipment, net",
                "concept": "PropertyPlantAndEquipmentNet",
                "unit": "usd",
                "value": 799479000
            },
            {
                "label": "Operating lease assets",
                "concept": "OperatingLeaseRightOfUseAsset",
                "unit": "usd",
                "value": 223106000
            },
            {
                "label": "Goodwill, net",
                "concept": "Goodwill",
                "unit": "usd",
                "value": 1140518000
            },
            {
                "label": "Other intangible assets, net",
                "concept": "IntangibleAssetsNetExcludingGoodwill",
                "unit": "usd",
                "value": 193192000
            },
            {
                "label": "Other long-term assets",
                "concept": "OtherAssetsNoncurrent",
                "unit": "usd",
                "value": 242039000
            },
            {
                "label": "Total assets",
                "concept": "Assets",
                "unit": "usd",
                "value": 4860393000
            },
            {
                "label": "Current portion of long-term debt, including finance leases",
                "concept": "LongTermDebtAndCapitalLeaseObligationsCurrent",
                "unit": "usd",
                "value": 89481000
            },
            {
                "label": "Current portion of operating lease liabilities",
                "concept": "OperatingLeaseLiabilityCurrent",
                "unit": "usd",
                "value": 73279000
            },
            {
                "label": "Accounts payable",
                "concept": "AccountsPayableCurrent",
                "unit": "usd",
                "value": 558696000
            },
            {
                "label": "Accrued salaries and wages",
                "concept": "EmployeeRelatedLiabilitiesCurrent",
                "unit": "usd",
                "value": 105363000
            },
            {
                "label": "Other accrued expenses",
                "concept": "AccruedLiabilitiesCurrent",
                "unit": "usd",
                "value": 130095000
            },
            {
                "label": "Billings in excess of costs and earnings",
                "concept": "BillingsInExcessOfCostCurrent",
                "unit": "usd",
                "value": 232253000
            },
            {
                "label": "Other current liabilities",
                "concept": "OtherLiabilitiesCurrent",
                "unit": "usd",
                "value": 73485000
            },
            {
                "label": "Total current liabilities",
                "concept": "LiabilitiesCurrent",
                "unit": "usd",
                "value": 1262652000
            },
            {
                "label": "Long-term debt, including finance leases",
                "concept": "LongTermDebtAndCapitalLeaseObligations",
                "unit": "usd",
                "value": 1539294000
            },
            {
                "label": "Long-term operating lease liabilities",
                "concept": "OperatingLeaseLiabilityNoncurrent",
                "unit": "usd",
                "value": 153850000
            },
            {
                "label": "Deferred income taxes",
                "concept": "DeferredIncomeTaxLiabilitiesNet",
                "unit": "usd",
                "value": 274900000
            },
            {
                "label": "Other long-term liabilities",
                "concept": "OtherLiabilitiesNoncurrent",
                "unit": "usd",
                "value": 195965000
            },
            {
                "label": "Total liabilities",
                "concept": "Liabilities",
                "unit": "usd",
                "value": 3426661000
            },
            {
                "label": "Commitments and contingencies (Note 14)",
                "concept": "CommitmentsAndContingencies",
                "unit": "usd",
                "value": "N/A"
            },
            {
                "label": "Preferred stock, $1.00 par value: authorized shares - 5,000,000; issued and outstanding shares \u2013 none",
                "concept": "PreferredStockValue",
                "unit": "usd",
                "value": 0
            },
            {
                "label": "Common stock, $0.10 par value: authorized shares - 145,000,000; issued shares - 91,591,398 and 91,327,009 (including 1,158,549 and 1,251,533 of unvested stock awards) as of March 31, 2019 and December 31, 2018, respectively",
                "concept": "CommonStockValue",
                "unit": "usd",
                "value": 9159000
            },
            {
                "label": "Capital surplus",
                "concept": "AdditionalPaidInCapitalCommonStock",
                "unit": "usd",
                "value": 793748000
            },
            {
                "label": "Retained earnings",
                "concept": "RetainedEarningsAccumulatedDeficit",
                "unit": "usd",
                "value": 1161487000
            },
            {
                "label": "Accumulated other comprehensive loss",
                "concept": "AccumulatedOtherComprehensiveIncomeLossNetOfTax",
                "unit": "usd",
                "value": -66056000
            },
            {
                "label": "Treasury stock, at cost: 15,344,917 and 15,329,817 shares as of March 31, 2019 and December 31, 2018, respectively",
                "concept": "TreasuryStockCommonValue",
                "unit": "usd",
                "value": 466727000
            },
            {
                "label": "Total MasTec, Inc. shareholders\u2019 equity",
                "concept": "StockholdersEquity",
                "unit": "usd",
                "value": 1431611000
            },
            {
                "label": "Non-controlling interests",
                "concept": "MinorityInterest",
                "unit": "usd",
                "value": 2121000
            },
            {
                "label": "Total equity",
                "concept": "StockholdersEquityIncludingPortionAttributableToNoncontrollingInterest",
                "unit": "usd",
                "value": 1433732000
            },
            {
                "label": "Total liabilities and equity",
                "concept": "LiabilitiesAndStockholdersEquity",
                "unit": "usd",
                "value": 4860393000
            }
        ],
        "cf": [
            {
                "label": "Non-cash interest expense, net",
                "concept": "AmortizationOfFinancingCostsAndDiscounts",
                "unit": "usd",
                "value": 453000
            },
            {
                "label": "Non-cash stock-based compensation expense",
                "concept": "ShareBasedCompensation",
                "unit": "usd",
                "value": 3720000
            },
            {
                "label": "Provision for (benefit from) deferred income taxes",
                "concept": "DeferredIncomeTaxExpenseBenefit",
                "unit": "usd",
                "value": 899000
            },
            {
                "label": "Gains on sales of assets, net, including fixed assets held-for-sale",
                "concept": "GainLossOnSalesOfAssetsAndAssetImpairmentCharges",
                "unit": "usd",
                "value": 2052000
            },
            {
                "label": "Other non-cash items, net",
                "concept": "OtherNoncashIncomeExpense",
                "unit": "usd",
                "value": 3043000
            },
            {
                "label": "Accounts receivable, net",
                "concept": "IncreaseDecreaseInAccountsReceivable",
                "unit": "usd",
                "value": 31455000
            },
            {
                "label": "Inventories",
                "concept": "IncreaseDecreaseInInventories",
                "unit": "usd",
                "value": -9690000
            },
            {
                "label": "Other assets, current and long-term portion",
                "concept": "IncreaseDecreaseInOtherOperatingAssets",
                "unit": "usd",
                "value": -2398000
            },
            {
                "label": "Accounts payable and accrued expenses",
                "concept": "IncreaseDecreaseInAccountsPayableAndAccruedLiabilities",
                "unit": "usd",
                "value": -134491000
            },
            {
                "label": "Billings in excess of costs and earnings",
                "concept": "IncreaseDecreaseInBillingInExcessOfCostOfEarnings",
                "unit": "usd",
                "value": 3821000
            },
            {
                "label": "Other liabilities, current and long-term portion",
                "concept": "IncreaseDecreaseInOtherOperatingLiabilities",
                "unit": "usd",
                "value": 7375000
            },
            {
                "label": "Net cash (used in) provided by operating activities",
                "concept": "NetCashProvidedByUsedInOperatingActivities",
                "unit": "usd",
                "value": -46807000
            },
            {
                "label": "Proceeds from stock-based awards, net",
                "concept": "ProceedsFromIssuanceOfSharesUnderIncentiveAndShareBasedCompensationPlansIncludingStockOptions",
                "unit": "usd",
                "value": 1067000
            },
            {
                "label": "Interest paid",
                "concept": "InterestPaidNet",
                "unit": "usd",
                "value": 26220000
            },
            {
                "label": "Income tax payments (refunds), net",
                "concept": "IncomeTaxesPaidNet",
                "unit": "usd",
                "value": 2837000
            },
            {
                "label": "Additions to property and equipment from finance leases",
                "concept": "RightOfUseAssetObtainedInExchangeForFinanceLeaseLiability",
                "unit": "usd",
                "value": 40258000
            }
        ],
        "ic": [
            {
                "label": "Revenue",
                "concept": "Revenues",
                "unit": "usd",
                "value": 1518340000
            },
            {
                "label": "Costs of revenue, excluding depreciation and amortization",
                "concept": "CostOfServicesExcludingDepreciationDepletionAndAmortization",
                "unit": "usd",
                "value": 1312048000
            },
            {
                "label": "Depreciation and amortization",
                "concept": "DepreciationDepletionAndAmortization",
                "unit": "usd",
                "value": 59031000
            },
            {
                "label": "General and administrative expenses",
                "concept": "GeneralAndAdministrativeExpense",
                "unit": "usd",
                "value": 72616000
            },
            {
                "label": "Equity in earnings of unconsolidated affiliates",
                "concept": "IncomeLossFromEquityMethodInvestments",
                "unit": "usd",
                "value": 6260000
            },
            {
                "label": "Other expense (income), net",
                "concept": "NonoperatingIncomeExpense",
                "unit": "usd",
                "value": -3507000
            },
            {
                "label": "Income before income taxes",
                "concept": "IncomeLossFromContinuingOperationsBeforeIncomeTaxesExtraordinaryItemsNoncontrollingInterest",
                "unit": "usd",
                "value": 55140000
            },
            {
                "label": "Provision for income taxes",
                "concept": "IncomeTaxExpenseBenefit",
                "unit": "usd",
                "value": 12033000
            },
            {
                "label": "Net income",
                "concept": "ProfitLoss",
                "unit": "usd",
                "value": 43107000
            },
            {
                "label": "Net loss attributable to non-controlling interests",
                "concept": "NetIncomeLossAttributableToNoncontrollingInterest",
                "unit": "usd",
                "value": -5000
            },
            {
                "label": "Net income attributable to MasTec, Inc.",
                "concept": "NetIncomeLoss",
                "unit": "usd",
                "value": 43112000
            },
            {
                "label": "Basic earnings per share (in dollars per share)",
                "concept": "EarningsPerShareBasic",
                "unit": "usd/shares",
                "value": 0.57
            },
            {
                "label": "Basic weighted average common shares outstanding",
                "concept": "WeightedAverageNumberOfSharesOutstandingBasic",
                "unit": "shares",
                "value": 74991000
            },
            {
                "label": "Diluted earnings per share (in dollars per share)",
                "concept": "EarningsPerShareDiluted",
                "unit": "usd/shares",
                "value": 0.57
            },
            {
                "label": "Diluted weighted average common shares outstanding",
                "concept": "WeightedAverageNumberOfDilutedSharesOutstanding",
                "unit": "shares",
                "value": 75578000
            }
        ]
    }
}