{
    "startDate": "2019-01-01",
    "endDate": "2019-03-31",
    "year": "2019",
    "quarter": "Q1",
    "symbol": "CW",
    "data": {
        "bs": [],
        "cf": [
            {
                "label": "",
                "concept": "NetIncomeLoss",
                "unit": "usd",
                "value": 55593000
            },
            {
                "label": "",
                "concept": "DepreciationAndAmortization",
                "unit": "usd",
                "value": 25793000
            },
            {
                "label": "",
                "concept": "GainLossOnSaleOfOtherAssets",
                "unit": "usd",
                "value": 0
            },
            {
                "label": "",
                "concept": "GainLossOnDispositionOfAssets",
                "unit": "usd",
                "value": 504000
            },
            {
                "label": "",
                "concept": "DeferredIncomeTaxExpenseBenefit",
                "unit": "usd",
                "value": 1626000
            },
            {
                "label": "",
                "concept": "ShareBasedCompensation",
                "unit": "usd",
                "value": 3495000
            },
            {
                "label": "",
                "concept": "IncreaseDecreaseInReceivables",
                "unit": "usd",
                "value": -7360000
            },
            {
                "label": "",
                "concept": "IncreaseDecreaseInInventories",
                "unit": "usd",
                "value": 22024000
            },
            {
                "label": "",
                "concept": "IncreaseDecreaseInCustomerAdvances",
                "unit": "usd",
                "value": -1594000
            },
            {
                "label": "",
                "concept": "IncreaseDecreaseInAccountsPayableAndAccruedLiabilities",
                "unit": "usd",
                "value": -108873000
            },
            {
                "label": "",
                "concept": "IncreaseDecreaseInDeferredRevenue",
                "unit": "usd",
                "value": -11764000
            },
            {
                "label": "",
                "concept": "IncreaseDecreaseInAccruedIncomeTaxesPayable",
                "unit": "usd",
                "value": 11948000
            },
            {
                "label": "",
                "concept": "IncreaseDecreaseInPensionAndPostretirementObligations",
                "unit": "usd",
                "value": 255000
            },
            {
                "label": "",
                "concept": "IncreaseDecreaseInOtherOperatingCapitalNet",
                "unit": "usd",
                "value": 13169000
            },
            {
                "label": "",
                "concept": "NetCashProvidedByUsedInOperatingActivities",
                "unit": "usd",
                "value": -51858000
            },
            {
                "label": "",
                "concept": "ProceedsFromSaleOfProductiveAssets",
                "unit": "usd",
                "value": 1268000
            },
            {
                "label": "",
                "concept": "PaymentsToAcquirePropertyPlantAndEquipment",
                "unit": "usd",
                "value": 17034000
            },
            {
                "label": "",
                "concept": "PaymentsToAcquireIntangibleAssets",
                "unit": "usd",
                "value": 137000
            },
            {
                "label": "",
                "concept": "PaymentsToAcquireBusinessesNetOfCashAcquired",
                "unit": "usd",
                "value": 49037000
            },
            {
                "label": "",
                "concept": "NetCashProvidedByUsedInInvestingActivities",
                "unit": "usd",
                "value": -64940000
            },
            {
                "label": "",
                "concept": "ProceedsFromLinesOfCredit",
                "unit": "usd",
                "value": 3837000
            },
            {
                "label": "",
                "concept": "RepaymentsOfLinesOfCredit",
                "unit": "usd",
                "value": 3919000
            },
            {
                "label": "",
                "concept": "PaymentsForRepurchaseOfCommonStock",
                "unit": "usd",
                "value": 12471000
            },
            {
                "label": "",
                "concept": "ProceedsFromStockOptionsExercised",
                "unit": "usd",
                "value": 4677000
            },
            {
                "label": "",
                "concept": "ProceedsFromPaymentsForOtherFinancingActivities",
                "unit": "usd",
                "value": -197000
            },
            {
                "label": "",
                "concept": "NetCashProvidedByUsedInFinancingActivities",
                "unit": "usd",
                "value": -8073000
            },
            {
                "label": "",
                "concept": "EffectOfExchangeRateOnCashAndCashEquivalents",
                "unit": "usd",
                "value": 3233000
            },
            {
                "label": "",
                "concept": "CashAndCashEquivalentsPeriodIncreaseDecrease",
                "unit": "usd",
                "value": -121638000
            },
            {
                "label": "",
                "concept": "CapitalExpendituresIncurredButNotYetPaid",
                "unit": "usd",
                "value": 264000
            }
        ],
        "ic": [
            {
                "label": "",
                "concept": "RevenueFromContractWithCustomerIncludingAssessedTax",
                "unit": "usd",
                "value": 578314000
            },
            {
                "label": "",
                "concept": "Revenues",
                "unit": "usd",
                "value": 578314000
            },
            {
                "label": "",
                "concept": "CostOfRevenue",
                "unit": "usd",
                "value": 381441000
            },
            {
                "label": "",
                "concept": "GrossProfit",
                "unit": "usd",
                "value": 196873000
            },
            {
                "label": "",
                "concept": "ResearchAndDevelopmentExpense",
                "unit": "usd",
                "value": 17241000
            },
            {
                "label": "",
                "concept": "SellingExpense",
                "unit": "usd",
                "value": 31477000
            },
            {
                "label": "",
                "concept": "GeneralAndAdministrativeExpense",
                "unit": "usd",
                "value": 76110000
            },
            {
                "label": "",
                "concept": "OperatingIncomeLoss",
                "unit": "usd",
                "value": 72045000
            },
            {
                "label": "",
                "concept": "InterestExpense",
                "unit": "usd",
                "value": 7272000
            },
            {
                "label": "",
                "concept": "OtherNonoperatingIncomeExpense",
                "unit": "usd",
                "value": 5478000
            },
            {
                "label": "",
                "concept": "IncomeLossFromContinuingOperationsBeforeIncomeTaxesMinorityInterestAndIncomeLossFromEquityMethodInvestments",
                "unit": "usd",
                "value": 70251000
            },
            {
                "label": "",
                "concept": "IncomeTaxExpenseBenefit",
                "unit": "usd",
                "value": 14658000
            },
            {
                "label": "",
                "concept": "NetIncomeLoss",
                "unit": "usd",
                "value": 55593000
            },
            {
                "label": "",
                "concept": "EarningsPerShareBasic",
                "unit": "usd/shares",
                "value": 1.3
            },
            {
                "label": "",
                "concept": "EarningsPerShareDiluted",
                "unit": "usd/shares",
                "value": 1.29
            },
            {
                "label": "",
                "concept": "CommonStockDividendsPerShareDeclared",
                "unit": "usd/shares",
                "value": 0.15
            },
            {
                "label": "",
                "concept": "WeightedAverageNumberOfSharesOutstandingBasic",
                "unit": "shares",
                "value": 42799000
            },
            {
                "label": "",
                "concept": "WeightedAverageNumberOfDilutedSharesOutstanding",
                "unit": "shares",
                "value": 43058000
            }
        ]
    }
}