{
    "startDate": "2019-01-01",
    "endDate": "2019-03-31",
    "year": "2019",
    "quarter": "Q1",
    "symbol": "AAN",
    "data": {
        "bs": [],
        "cf": [
            {
                "label": "",
                "concept": "NetIncomeLoss",
                "unit": "usd",
                "value": 56078000
            },
            {
                "label": "",
                "concept": "aan:DepreciationOfLeaseMerchandise",
                "unit": "usd",
                "value": 500820000
            },
            {
                "label": "",
                "concept": "OtherDepreciationAndAmortization",
                "unit": "usd",
                "value": 26562000
            },
            {
                "label": "",
                "concept": "ProvisionForDoubtfulAccounts",
                "unit": "usd",
                "value": 63235000
            },
            {
                "label": "",
                "concept": "ProvisionForLoanAndLeaseLosses",
                "unit": "usd",
                "value": 4255000
            },
            {
                "label": "",
                "concept": "ShareBasedCompensation",
                "unit": "usd",
                "value": 7549000
            },
            {
                "label": "",
                "concept": "IncreaseDecreaseInDeferredIncomeTaxes",
                "unit": "usd",
                "value": -10861000
            },
            {
                "label": "",
                "concept": "AssetImpairmentCharges",
                "unit": "usd",
                "value": 10492000
            },
            {
                "label": "",
                "concept": "aan:OperatingLeaseRightofUseAssetAmortization",
                "unit": "usd",
                "value": 25802000
            },
            {
                "label": "",
                "concept": "IncreaseDecreaseInOtherOperatingCapitalNet",
                "unit": "usd",
                "value": -883000
            },
            {
                "label": "",
                "concept": "aan:AdditionsToLeaseMerchandise",
                "unit": "usd",
                "value": 580089000
            },
            {
                "label": "",
                "concept": "aan:BookValueOfLeaseMerchandiseSoldOrDisposed",
                "unit": "usd",
                "value": 98257000
            },
            {
                "label": "",
                "concept": "IncreaseDecreaseInAccountsReceivable",
                "unit": "usd",
                "value": 50467000
            },
            {
                "label": "",
                "concept": "IncreaseDecreaseInPrepaidDeferredExpenseAndOtherAssets",
                "unit": "usd",
                "value": -1550000
            },
            {
                "label": "",
                "concept": "IncreaseDecreaseInIncomeTaxesReceivable",
                "unit": "usd",
                "value": -15747000
            },
            {
                "label": "",
                "concept": "aan:IncreaseDecreaseOperatingLeaseLiability",
                "unit": "usd",
                "value": -27890000
            },
            {
                "label": "",
                "concept": "IncreaseDecreaseInAccountsPayableAndAccruedLiabilities",
                "unit": "usd",
                "value": -1854000
            },
            {
                "label": "",
                "concept": "IncreaseDecreaseInContractWithCustomerLiability",
                "unit": "usd",
                "value": 2947000
            },
            {
                "label": "",
                "concept": "NetCashProvidedByUsedInOperatingActivities",
                "unit": "usd",
                "value": 164738000
            },
            {
                "label": "",
                "concept": "PaymentsToAcquireLoansReceivable",
                "unit": "usd",
                "value": 14493000
            },
            {
                "label": "",
                "concept": "ProceedsFromCollectionOfLoansReceivable",
                "unit": "usd",
                "value": 14482000
            },
            {
                "label": "",
                "concept": "ProceedsFromMaturitiesPrepaymentsAndCallsOfLongtermInvestments",
                "unit": "usd",
                "value": 0
            },
            {
                "label": "",
                "concept": "PaymentsToAcquirePropertyPlantAndEquipment",
                "unit": "usd",
                "value": 23807000
            },
            {
                "label": "",
                "concept": "ProceedsFromSaleOfPropertyPlantAndEquipment",
                "unit": "usd",
                "value": 511000
            },
            {
                "label": "",
                "concept": "aan:PaymentstoAcquireBusinessesAndAssetAcquisitionsNetofCashAcquired",
                "unit": "usd",
                "value": 3470000
            },
            {
                "label": "",
                "concept": "aan:ProceedsfromDivestitureofBusinessesAndAssetDisposalsNetofCashDivested",
                "unit": "usd",
                "value": 755000
            },
            {
                "label": "",
                "concept": "NetCashProvidedByUsedInInvestingActivities",
                "unit": "usd",
                "value": -26022000
            },
            {
                "label": "",
                "concept": "RepaymentsOfLinesOfCredit",
                "unit": "usd",
                "value": 16000000
            },
            {
                "label": "",
                "concept": "RepaymentsOfLongTermLinesOfCredit",
                "unit": "usd",
                "value": 575000
            },
            {
                "label": "",
                "concept": "PaymentsOfDividendsCommonStock",
                "unit": "usd",
                "value": 2366000
            },
            {
                "label": "",
                "concept": "PaymentsForRepurchaseOfCommonStock",
                "unit": "usd",
                "value": 0
            },
            {
                "label": "",
                "concept": "ProceedsFromStockOptionsExercised",
                "unit": "usd",
                "value": 1996000
            },
            {
                "label": "",
                "concept": "PaymentsRelatedToTaxWithholdingForShareBasedCompensation",
                "unit": "usd",
                "value": 12977000
            },
            {
                "label": "",
                "concept": "PaymentsOfDebtIssuanceCosts",
                "unit": "usd",
                "value": 0
            },
            {
                "label": "",
                "concept": "NetCashProvidedByUsedInFinancingActivities",
                "unit": "usd",
                "value": -29922000
            },
            {
                "label": "",
                "concept": "EffectOfExchangeRateOnCashAndCashEquivalents",
                "unit": "usd",
                "value": 82000
            },
            {
                "label": "",
                "concept": "CashCashEquivalentsRestrictedCashAndRestrictedCashEquivalentsPeriodIncreaseDecreaseIncludingExchangeRateEffect",
                "unit": "usd",
                "value": 108876000
            }
        ],
        "ic": [
            {
                "label": "",
                "concept": "Revenues",
                "unit": "usd",
                "value": 1012103000
            },
            {
                "label": "",
                "concept": "aan:DepreciationOfLeaseMerchandise",
                "unit": "usd",
                "value": 500820000
            },
            {
                "label": "",
                "concept": "OperatingExpenses",
                "unit": "usd",
                "value": 387216000
            },
            {
                "label": "",
                "concept": "RestructuringCharges",
                "unit": "usd",
                "value": 13281000
            },
            {
                "label": "",
                "concept": "OtherOperatingIncomeExpenseNet",
                "unit": "usd",
                "value": 897000
            },
            {
                "label": "",
                "concept": "CostsAndExpenses",
                "unit": "usd",
                "value": 938248000
            },
            {
                "label": "",
                "concept": "OperatingIncomeLoss",
                "unit": "usd",
                "value": 73855000
            },
            {
                "label": "",
                "concept": "InvestmentIncomeInterest",
                "unit": "usd",
                "value": 101000
            },
            {
                "label": "",
                "concept": "InterestExpense",
                "unit": "usd",
                "value": 4956000
            },
            {
                "label": "",
                "concept": "OtherNonoperatingIncomeExpense",
                "unit": "usd",
                "value": 1308000
            },
            {
                "label": "",
                "concept": "IncomeLossFromContinuingOperationsBeforeIncomeTaxesMinorityInterestAndIncomeLossFromEquityMethodInvestments",
                "unit": "usd",
                "value": 70308000
            },
            {
                "label": "",
                "concept": "IncomeTaxExpenseBenefit",
                "unit": "usd",
                "value": 14230000
            },
            {
                "label": "",
                "concept": "NetIncomeLoss",
                "unit": "usd",
                "value": 56078000
            },
            {
                "label": "",
                "concept": "EarningsPerShareBasic",
                "unit": "usd/shares",
                "value": 0.83
            },
            {
                "label": "",
                "concept": "EarningsPerShareDiluted",
                "unit": "usd/shares",
                "value": 0.82
            },
            {
                "label": "",
                "concept": "CommonStockDividendsPerShareDeclared",
                "unit": "usd/shares",
                "value": 0.035
            },
            {
                "label": "",
                "concept": "WeightedAverageNumberOfSharesOutstandingBasic",
                "unit": "shares",
                "value": 67294000
            },
            {
                "label": "",
                "concept": "WeightedAverageNumberOfDilutedSharesOutstanding",
                "unit": "shares",
                "value": 68773000
            }
        ]
    }
}