{
    "startDate": "2019-01-01",
    "endDate": "2019-03-31",
    "year": "2019",
    "quarter": "Q1",
    "symbol": "VLY",
    "data": {
        "bs": [
            {
                "label": "Cash and due from banks",
                "concept": "CashAndDueFromBanks",
                "unit": "usd",
                "value": 282250000
            },
            {
                "label": "Held to maturity (fair value of $2,066,970 at March 31, 2019 and $2,034,943 at December 31, 2018)",
                "concept": "HeldToMaturitySecurities",
                "unit": "usd",
                "value": 2074399000
            },
            {
                "label": "Total investment securities",
                "concept": "MarketableSecurities",
                "unit": "usd",
                "value": 3797505000
            },
            {
                "label": "Loans held for sale, at fair value",
                "concept": "vly:LoansHeldForSale",
                "unit": "usd",
                "value": 31903000
            },
            {
                "label": "Less: Allowance for loan losses",
                "concept": "FinancingReceivableAllowanceForCreditLosses",
                "unit": "usd",
                "value": 154381000
            },
            {
                "label": "Net loans",
                "concept": "LoansAndLeasesReceivableNetReportedAmount",
                "unit": "usd",
                "value": 25268737000
            },
            {
                "label": "Premises and equipment, net",
                "concept": "PropertyPlantAndEquipmentNet",
                "unit": "usd",
                "value": 312677000
            },
            {
                "label": "Bank owned life insurance",
                "concept": "BankOwnedLifeInsurance",
                "unit": "usd",
                "value": 440845000
            },
            {
                "label": "Other intangible assets, net",
                "concept": "IntangibleAssetsNetExcludingGoodwill",
                "unit": "usd",
                "value": 73580000
            },
            {
                "label": "Other assets",
                "concept": "OtherAssets",
                "unit": "usd",
                "value": 610091000
            },
            {
                "label": "Total Assets",
                "concept": "Assets",
                "unit": "usd",
                "value": 32476991000
            },
            {
                "label": "Non-interest bearing",
                "concept": "NoninterestBearingDepositLiabilities",
                "unit": "usd",
                "value": 6352135000
            },
            {
                "label": "Savings, NOW and money market",
                "concept": "vly:SavingsNowAndMoneyMarket",
                "unit": "usd",
                "value": 11447043000
            },
            {
                "label": "Time",
                "concept": "TimeDeposits",
                "unit": "usd",
                "value": 7108318000
            },
            {
                "label": "Total deposits",
                "concept": "Deposits",
                "unit": "usd",
                "value": 24907496000
            },
            {
                "label": "Short-term borrowings",
                "concept": "ShortTermBorrowings",
                "unit": "usd",
                "value": 2062576000
            },
            {
                "label": "Long-term borrowings",
                "concept": "LongTermDebt",
                "unit": "usd",
                "value": 1499727000
            },
            {
                "label": "Junior subordinated debentures issued to capital trusts",
                "concept": "JuniorSubordinatedDebentureOwedToUnconsolidatedSubsidiaryTrust",
                "unit": "usd",
                "value": 55457000
            },
            {
                "label": "Accrued expenses and other liabilities",
                "concept": "AccountsPayableAndAccruedLiabilitiesCurrentAndNoncurrent",
                "unit": "usd",
                "value": 193331000
            },
            {
                "label": "Total Liabilities",
                "concept": "Liabilities",
                "unit": "usd",
                "value": 29032112000
            },
            {
                "label": "Common stock (no par value, authorized 450,000,000 shares; issued 332,062,473 shares at March 31, 2019 and 331,634,951 shares at December 31, 2018)",
                "concept": "CommonStockValue",
                "unit": "usd",
                "value": 116466000
            },
            {
                "label": "Surplus",
                "concept": "AdditionalPaidInCapitalCommonStock",
                "unit": "usd",
                "value": 2799434000
            },
            {
                "label": "Retained earnings",
                "concept": "RetainedEarningsAccumulatedDeficit",
                "unit": "usd",
                "value": 375983000
            },
            {
                "label": "Accumulated other comprehensive loss",
                "concept": "AccumulatedOtherComprehensiveIncomeLossNetOfTax",
                "unit": "usd",
                "value": 53257000
            },
            {
                "label": "Treasury stock, at cost (329,837 common shares at March 31, 2019 and 203,734 common shares at December 31, 2018)",
                "concept": "TreasuryStockValue",
                "unit": "usd",
                "value": 3438000
            },
            {
                "label": "Total Shareholders\u2019 Equity",
                "concept": "StockholdersEquity",
                "unit": "usd",
                "value": 3444879000
            },
            {
                "label": "Total Liabilities and Shareholders\u2019 Equity",
                "concept": "LiabilitiesAndStockholdersEquity",
                "unit": "usd",
                "value": 32476991000
            }
        ],
        "cf": [
            {
                "label": "Net income",
                "concept": "NetIncomeLoss",
                "unit": "usd",
                "value": 113330000
            },
            {
                "label": "Depreciation and amortization",
                "concept": "DepreciationAmortizationAndAccretionNet",
                "unit": "usd",
                "value": 12798000
            },
            {
                "label": "Stock-based compensation",
                "concept": "ShareBasedCompensation",
                "unit": "usd",
                "value": 4033000
            },
            {
                "label": "Provision for credit losses",
                "concept": "ProvisionForLoanLeaseAndOtherLosses",
                "unit": "usd",
                "value": 8000000
            },
            {
                "label": "Net amortization of premiums and accretion of discounts on securities and borrowings",
                "concept": "vly:AccretionAmortizationOfDiscountsAndPremiumsInvestmentsAndBorrowings",
                "unit": "usd",
                "value": 7560000
            },
            {
                "label": "Amortization of other intangible assets",
                "concept": "AmortizationOfIntangibleAssets",
                "unit": "usd",
                "value": 4311000
            },
            {
                "label": "Losses on securities transactions, net",
                "concept": "DebtAndEquitySecuritiesGainLoss",
                "unit": "usd",
                "value": 32000
            },
            {
                "label": "Proceeds from sales of loans held for sale",
                "concept": "ProceedsFromSaleOfLoansHeldForSale",
                "unit": "usd",
                "value": 196165000
            },
            {
                "label": "Gains on sales of loans, net",
                "concept": "GainLossOnSalesOfLoansNet",
                "unit": "usd",
                "value": 4576000
            },
            {
                "label": "Originations of loans held for sale",
                "concept": "PaymentsForOriginationAndPurchasesOfLoansHeldForSale",
                "unit": "usd",
                "value": 89564000
            },
            {
                "label": "(Gains) losses on sales of assets, net",
                "concept": "GainsLossesOnSalesOfAssets",
                "unit": "usd",
                "value": 77720000
            },
            {
                "label": "Cash surrender value of bank owned life insurance",
                "concept": "BankOwnedLifeInsuranceIncome",
                "unit": "usd",
                "value": 1887000
            },
            {
                "label": "Accrued interest receivable",
                "concept": "IncreaseDecreaseInAccruedInterestReceivableNet",
                "unit": "usd",
                "value": 5426000
            },
            {
                "label": "Other assets",
                "concept": "IncreaseDecreaseInOtherOperatingAssets",
                "unit": "usd",
                "value": 38990000
            },
            {
                "label": "Accrued expenses and other liabilities",
                "concept": "IncreaseDecreaseInOtherAccountsPayableAndAccruedLiabilities",
                "unit": "usd",
                "value": 65212000
            },
            {
                "label": "Net cash provided by operating activities",
                "concept": "NetCashProvidedByUsedInOperatingActivities",
                "unit": "usd",
                "value": 193278000
            },
            {
                "label": "Net loan originations and purchases",
                "concept": "PaymentsToAcquireLoansAndLeasesHeldForInvestment",
                "unit": "usd",
                "value": 493689000
            },
            {
                "label": "Purchases",
                "concept": "PaymentsToAcquireHeldToMaturitySecurities",
                "unit": "usd",
                "value": 77670000
            },
            {
                "label": "Maturities, calls and principal repayments",
                "concept": "ProceedsFromMaturitiesPrepaymentsAndCallsOfHeldToMaturitySecurities",
                "unit": "usd",
                "value": 68165000
            },
            {
                "label": "Purchases",
                "concept": "PaymentsToAcquireAvailableForSaleSecuritiesDebt",
                "unit": "usd",
                "value": "N/A"
            },
            {
                "label": "Sales",
                "concept": "ProceedsFromSaleOfAvailableForSaleSecuritiesDebt",
                "unit": "usd",
                "value": "N/A"
            },
            {
                "label": "Maturities, calls and principal repayments",
                "concept": "ProceedsFromMaturitiesPrepaymentsAndCallsOfAvailableForSaleSecurities",
                "unit": "usd",
                "value": 45351000
            },
            {
                "label": "Death benefit proceeds from bank owned life insurance",
                "concept": "ProceedsFromLifeInsurancePolicies",
                "unit": "usd",
                "value": 644000
            },
            {
                "label": "Proceeds from sales of real estate property and equipment",
                "concept": "ProceedsFromSaleOfPropertyPlantAndEquipment",
                "unit": "usd",
                "value": 101916000
            },
            {
                "label": "Purchases of real estate property and equipment",
                "concept": "PaymentsToAcquirePropertyPlantAndEquipment",
                "unit": "usd",
                "value": 3817000
            },
            {
                "label": "Cash and cash equivalents acquired in acquisition",
                "concept": "CashAcquiredFromAcquisition",
                "unit": "usd",
                "value": "N/A"
            },
            {
                "label": "Net cash used in investing activities",
                "concept": "NetCashProvidedByUsedInInvestingActivities",
                "unit": "usd",
                "value": 359100000
            },
            {
                "label": "Net change in deposits",
                "concept": "IncreaseDecreaseInDeposits",
                "unit": "usd",
                "value": 454522000
            },
            {
                "label": "Net change in short-term borrowings",
                "concept": "ProceedsFromRepaymentsOfShortTermDebt",
                "unit": "usd",
                "value": 56338000
            },
            {
                "label": "Repayments of long-term borrowings",
                "concept": "RepaymentsOfLongTermDebt",
                "unit": "usd",
                "value": 155000000
            },
            {
                "label": "Cash dividends paid to preferred shareholders",
                "concept": "PaymentsOfDividendsPreferredStockAndPreferenceStock",
                "unit": "usd",
                "value": "N/A"
            },
            {
                "label": "Cash dividends paid to common shareholders",
                "concept": "PaymentsOfDividendsCommonStock",
                "unit": "usd",
                "value": 37053000
            },
            {
                "label": "Purchase of common shares to treasury",
                "concept": "PaymentsForRepurchaseOfCommonStock",
                "unit": "usd",
                "value": 1367000
            },
            {
                "label": "Common stock issued, net",
                "concept": "ProceedsFromIssuanceOfCommonStock",
                "unit": "usd",
                "value": 855000
            },
            {
                "label": "Other, net",
                "concept": "ProceedsFromPaymentsForOtherFinancingActivities",
                "unit": "usd",
                "value": 119000
            },
            {
                "label": "Net cash provided by financing activities",
                "concept": "NetCashProvidedByUsedInFinancingActivities",
                "unit": "usd",
                "value": 203790000
            },
            {
                "label": "Net change in cash and cash equivalents",
                "concept": "CashCashEquivalentsRestrictedCashAndRestrictedCashEquivalentsPeriodIncreaseDecreaseIncludingExchangeRateEffect",
                "unit": "usd",
                "value": 37968000
            },
            {
                "label": "Interest on deposits and borrowings",
                "concept": "InterestPaidNet",
                "unit": "usd",
                "value": 93405000
            },
            {
                "label": "Federal and state income taxes",
                "concept": "IncomeTaxesPaid",
                "unit": "usd",
                "value": 3204000
            },
            {
                "label": "Transfer of loans to other real estate owned",
                "concept": "vly:TransferOfLoansHeldForInvestmentToOtherRealEstate",
                "unit": "usd",
                "value": 730000
            },
            {
                "label": "Transfer of loans to loans held for sale",
                "concept": "TransferOfPortfolioLoansAndLeasesToHeldForSale1",
                "unit": "usd",
                "value": 99976000
            },
            {
                "label": "Lease right of use assets obtained in exchange for operating lease liabilities",
                "concept": "RightOfUseAssetObtainedInExchangeForOperatingLeaseLiability",
                "unit": "usd",
                "value": 289669000
            },
            {
                "label": "Loans",
                "concept": "vly:LoansNonCashCf",
                "unit": "usd",
                "value": "N/A"
            },
            {
                "label": "Premises and equipment",
                "concept": "NoncashOrPartNoncashAcquisitionFixedAssetsAcquired1",
                "unit": "usd",
                "value": "N/A"
            },
            {
                "label": "Bank owned life insurance",
                "concept": "vly:NoncashorPartNoncashAcquisitionBankOwnedLifeInsurance",
                "unit": "usd",
                "value": "N/A"
            },
            {
                "label": "Accrued interest receivable",
                "concept": "vly:NoncashOrPartNoncashAcquisitionAccruedInterestReceivableAssumed",
                "unit": "usd",
                "value": "N/A"
            },
            {
                "label": "Goodwill",
                "concept": "vly:NoncashOrPartNoncashAcquisitionGoodwillAcquired",
                "unit": "usd",
                "value": "N/A"
            },
            {
                "label": "Other intangible assets",
                "concept": "NoncashOrPartNoncashAcquisitionIntangibleAssetsAcquired1",
                "unit": "usd",
                "value": "N/A"
            },
            {
                "label": "Other assets",
                "concept": "NoncashOrPartNoncashAcquisitionOtherAssetsAcquired1",
                "unit": "usd",
                "value": "N/A"
            },
            {
                "label": "Total non-cash assets acquired",
                "concept": "NoncashOrPartNoncashAcquisitionValueOfAssetsAcquired1",
                "unit": "usd",
                "value": "N/A"
            },
            {
                "label": "Deposits",
                "concept": "vly:NoncashOrPartNoncashAcquisitionDepositsAssumed",
                "unit": "usd",
                "value": "N/A"
            },
            {
                "label": "Short-term borrowings",
                "concept": "vly:NoncashOrPartNoncashAcquisitionShortTermBorrowingAssumed",
                "unit": "usd",
                "value": "N/A"
            },
            {
                "label": "Long-term borrowings",
                "concept": "vly:NoncashOrPartNoncashAcquisitionLongTermBorrowingAssumed",
                "unit": "usd",
                "value": "N/A"
            },
            {
                "label": "Junior subordinated debentures issued to capital trusts",
                "concept": "vly:NoncashOrPartNoncashAcquisitionsJuniorSubordinatedDebenturesIssuedToCapitalTrusts",
                "unit": "usd",
                "value": "N/A"
            },
            {
                "label": "Accrued expenses and other liabilities",
                "concept": "NoncashOrPartNoncashAcquisitionOtherLiabilitiesAssumed1",
                "unit": "usd",
                "value": "N/A"
            },
            {
                "label": "Total liabilities assumed",
                "concept": "NoncashOrPartNoncashAcquisitionValueOfLiabilitiesAssumed1",
                "unit": "usd",
                "value": "N/A"
            },
            {
                "label": "Net non-cash assets acquired",
                "concept": "NoncashOrPartNoncashAcquisitionNetNonmonetaryAssetsAcquiredLiabilitiesAssumed1",
                "unit": "usd",
                "value": "N/A"
            },
            {
                "label": "Net cash and cash equivalents acquired in acquisition",
                "concept": "CashAcquiredFromAcquisition",
                "unit": "usd",
                "value": "N/A"
            },
            {
                "label": "Common stock issued in acquisition",
                "concept": "StockIssued1",
                "unit": "usd",
                "value": "N/A"
            }
        ],
        "ic": [
            {
                "label": "Interest and fees on loans",
                "concept": "InterestAndFeeIncomeLoansAndLeases",
                "unit": "usd",
                "value": 288277000
            },
            {
                "label": "Taxable",
                "concept": "InterestIncomeSecuritiesTaxable",
                "unit": "usd",
                "value": 22876000
            },
            {
                "label": "Tax-exempt",
                "concept": "InterestIncomeSecuritiesTaxExempt",
                "unit": "usd",
                "value": 4804000
            },
            {
                "label": "Dividends",
                "concept": "DividendIncomeOperating",
                "unit": "usd",
                "value": 3174000
            },
            {
                "label": "Interest on federal funds sold and other short-term investments",
                "concept": "vly:InterestOnFederalFundsSoldAndOtherShortTermInvestments",
                "unit": "usd",
                "value": 1093000
            },
            {
                "label": "Total interest income",
                "concept": "InterestAndDividendIncomeOperating",
                "unit": "usd",
                "value": 320224000
            },
            {
                "label": "Savings, NOW and money market",
                "concept": "InterestExpenseNOWAccountsMoneyMarketAccountsAndSavingsDeposits",
                "unit": "usd",
                "value": 36283000
            },
            {
                "label": "Time",
                "concept": "InterestExpenseTimeDeposits",
                "unit": "usd",
                "value": 38171000
            },
            {
                "label": "Interest on short-term borrowings",
                "concept": "InterestExpenseShortTermBorrowings",
                "unit": "usd",
                "value": 12549000
            },
            {
                "label": "Interest on long-term borrowings and junior subordinated debentures",
                "concept": "InterestExpenseLongTermDebt",
                "unit": "usd",
                "value": 14573000
            },
            {
                "label": "Total interest expense",
                "concept": "InterestExpense",
                "unit": "usd",
                "value": 101576000
            },
            {
                "label": "Net Interest Income",
                "concept": "InterestIncomeExpenseNet",
                "unit": "usd",
                "value": 218648000
            },
            {
                "label": "Net Interest Income After Provision for Credit Losses",
                "concept": "InterestIncomeExpenseAfterProvisionForLoanLoss",
                "unit": "usd",
                "value": 210648000
            },
            {
                "label": "Insurance commissions",
                "concept": "InsuranceCommissionsAndFees",
                "unit": "usd",
                "value": 2525000
            },
            {
                "label": "Losses on securities transactions, net",
                "concept": "DebtAndEquitySecuritiesGainLoss",
                "unit": "usd",
                "value": 32000
            },
            {
                "label": "Fees from loan servicing",
                "concept": "vly:ServicingFeesNet1",
                "unit": "usd",
                "value": 2430000
            },
            {
                "label": "Gains on sales of loans, net",
                "concept": "GainLossOnSalesOfLoansNet",
                "unit": "usd",
                "value": 4576000
            },
            {
                "label": "Gains (losses) on sales of assets, net",
                "concept": "GainsLossesOnSalesOfAssets",
                "unit": "usd",
                "value": 77720000
            },
            {
                "label": "Bank owned life insurance",
                "concept": "BankOwnedLifeInsuranceIncome",
                "unit": "usd",
                "value": 1887000
            },
            {
                "label": "Other",
                "concept": "NoninterestIncomeOtherOperatingIncome",
                "unit": "usd",
                "value": 9760000
            },
            {
                "label": "Total non-interest income",
                "concept": "NoninterestIncome",
                "unit": "usd",
                "value": 107673000
            },
            {
                "label": "Salary and employee benefits expense",
                "concept": "LaborAndRelatedExpense",
                "unit": "usd",
                "value": 83105000
            },
            {
                "label": "Net occupancy and equipment expense",
                "concept": "OccupancyNet",
                "unit": "usd",
                "value": 27886000
            },
            {
                "label": "FDIC insurance assessment",
                "concept": "FederalDepositInsuranceCorporationPremiumExpense",
                "unit": "usd",
                "value": 6121000
            },
            {
                "label": "Professional and legal fees",
                "concept": "vly:ProfessionalAndLegalFees",
                "unit": "usd",
                "value": 5271000
            },
            {
                "label": "Amortization of tax credit investments",
                "concept": "vly:InvestmentTaxCreditAmortization",
                "unit": "usd",
                "value": 7173000
            },
            {
                "label": "Telecommunication expense",
                "concept": "CommunicationsAndInformationTechnology",
                "unit": "usd",
                "value": 2268000
            },
            {
                "label": "Other",
                "concept": "OtherNoninterestExpense",
                "unit": "usd",
                "value": 11660000
            },
            {
                "label": "Total non-interest expense",
                "concept": "NoninterestExpense",
                "unit": "usd",
                "value": 147795000
            },
            {
                "label": "Income Before Income Taxes",
                "concept": "IncomeLossFromContinuingOperationsBeforeIncomeTaxesMinorityInterestAndIncomeLossFromEquityMethodInvestments",
                "unit": "usd",
                "value": 170526000
            },
            {
                "label": "Income tax expense",
                "concept": "IncomeTaxExpenseBenefit",
                "unit": "usd",
                "value": 57196000
            },
            {
                "label": "Net Income",
                "concept": "NetIncomeLoss",
                "unit": "usd",
                "value": 113330000
            },
            {
                "label": "Dividends on preferred stock",
                "concept": "PreferredStockDividendsIncomeStatementImpact",
                "unit": "usd",
                "value": 3172000
            },
            {
                "label": "Net Income Available to Common Shareholders",
                "concept": "NetIncomeLossAvailableToCommonStockholdersBasic",
                "unit": "usd",
                "value": 110158000
            },
            {
                "label": "Cash Dividends Declared per Common Share (usd per share)",
                "concept": "CommonStockDividendsPerShareDeclared",
                "unit": "usd/shares",
                "value": 0.11
            },
            {
                "label": "Basic (in shares)",
                "concept": "WeightedAverageNumberOfSharesOutstandingBasic",
                "unit": "shares",
                "value": 331601260
            },
            {
                "label": "Diluted (in shares)",
                "concept": "WeightedAverageNumberOfDilutedSharesOutstanding",
                "unit": "shares",
                "value": 332834466
            }
        ]
    }
}