{
    "startDate": "2019-01-01",
    "endDate": "2019-03-31",
    "year": "2019",
    "quarter": "Q1",
    "symbol": "CCBG",
    "data": {
        "bs": [
            {
                "label": "",
                "concept": "CashAndDueFromBanks",
                "unit": "usd",
                "value": 49501000
            },
            {
                "label": "",
                "concept": "ccbg:FederalFundsSoldAndInterestBearingDepositsInBanks",
                "unit": "usd",
                "value": 304213000
            },
            {
                "label": "",
                "concept": "CashCashEquivalentsAndFederalFundsSold",
                "unit": "usd",
                "value": 353714000
            },
            {
                "label": "",
                "concept": "AvailableForSaleSecurities",
                "unit": "usd",
                "value": 429016000
            },
            {
                "label": "",
                "concept": "HeldToMaturitySecuritiesAmortizedCostBeforeOtherThanTemporaryImpairment",
                "unit": "usd",
                "value": 226179000
            },
            {
                "label": "",
                "concept": "MarketableSecurities",
                "unit": "usd",
                "value": 655195000
            },
            {
                "label": "",
                "concept": "LoansReceivableHeldForSaleNetNotPartOfDisposalGroup",
                "unit": "usd",
                "value": 4557000
            },
            {
                "label": "",
                "concept": "LoansAndLeasesReceivableNetOfDeferredIncome",
                "unit": "usd",
                "value": 1797105000
            },
            {
                "label": "",
                "concept": "LoansAndLeasesReceivableAllowance",
                "unit": "usd",
                "value": 14120000
            },
            {
                "label": "",
                "concept": "LoansAndLeasesReceivableNetReportedAmount",
                "unit": "usd",
                "value": 1782985000
            },
            {
                "label": "",
                "concept": "PropertyPlantAndEquipmentNet",
                "unit": "usd",
                "value": 86846000
            },
            {
                "label": "",
                "concept": "Goodwill",
                "unit": "usd",
                "value": 84811000
            },
            {
                "label": "",
                "concept": "OtherRealEstateAndForeclosedAssets",
                "unit": "usd",
                "value": 1902000
            },
            {
                "label": "",
                "concept": "OtherAssets",
                "unit": "usd",
                "value": 82041000
            },
            {
                "label": "",
                "concept": "Assets",
                "unit": "usd",
                "value": 3052051000
            },
            {
                "label": "",
                "concept": "NoninterestBearingDepositLiabilities",
                "unit": "usd",
                "value": 995853000
            },
            {
                "label": "",
                "concept": "InterestBearingDepositLiabilities",
                "unit": "usd",
                "value": 1621441000
            },
            {
                "label": "",
                "concept": "Deposits",
                "unit": "usd",
                "value": 2617294000
            },
            {
                "label": "",
                "concept": "ShortTermBorrowings",
                "unit": "usd",
                "value": 8983000
            },
            {
                "label": "",
                "concept": "SubordinatedDebt",
                "unit": "usd",
                "value": 52887000
            },
            {
                "label": "",
                "concept": "OtherLongTermDebt",
                "unit": "usd",
                "value": 7661000
            },
            {
                "label": "",
                "concept": "OtherLiabilities",
                "unit": "usd",
                "value": 56240000
            },
            {
                "label": "",
                "concept": "Liabilities",
                "unit": "usd",
                "value": 2743065000
            },
            {
                "label": "",
                "concept": "PreferredStockValue",
                "unit": "usd",
                "value": 0
            },
            {
                "label": "",
                "concept": "CommonStockValue",
                "unit": "usd",
                "value": 168000
            },
            {
                "label": "",
                "concept": "AdditionalPaidInCapitalCommonStock",
                "unit": "usd",
                "value": 31929000
            },
            {
                "label": "",
                "concept": "RetainedEarningsAccumulatedDeficit",
                "unit": "usd",
                "value": 304763000
            },
            {
                "label": "",
                "concept": "AccumulatedOtherComprehensiveIncomeLossNetOfTax",
                "unit": "usd",
                "value": -27874000
            },
            {
                "label": "",
                "concept": "StockholdersEquity",
                "unit": "usd",
                "value": 308986000
            },
            {
                "label": "",
                "concept": "LiabilitiesAndStockholdersEquity",
                "unit": "usd",
                "value": 3052051000
            }
        ],
        "cf": [
            {
                "label": "",
                "concept": "PaymentsToAcquireHeldToMaturitySecurities",
                "unit": "usd",
                "value": 18167000
            },
            {
                "label": "",
                "concept": "ProceedsFromMaturitiesPrepaymentsAndCallsOfHeldToMaturitySecurities",
                "unit": "usd",
                "value": 8953000
            },
            {
                "label": "",
                "concept": "PaymentsToAcquireAvailableForSaleSecurities",
                "unit": "usd",
                "value": 13370000
            },
            {
                "label": "",
                "concept": "ProceedsFromMaturitiesPrepaymentsAndCallsOfAvailableForSaleSecurities",
                "unit": "usd",
                "value": 30784000
            },
            {
                "label": "",
                "concept": "NetIncomeLoss",
                "unit": "usd",
                "value": 6436000
            },
            {
                "label": "",
                "concept": "ProvisionForLoanAndLeaseLosses",
                "unit": "usd",
                "value": 767000
            },
            {
                "label": "",
                "concept": "DepreciationNonproduction",
                "unit": "usd",
                "value": 1612000
            },
            {
                "label": "",
                "concept": "AccretionAmortizationOfDiscountsAndPremiumsInvestments",
                "unit": "usd",
                "value": -1234000
            },
            {
                "label": "",
                "concept": "PaymentsForOriginationOfMortgageLoansHeldForSale",
                "unit": "usd",
                "value": 38698000
            },
            {
                "label": "",
                "concept": "ProceedsFromSaleOfMortgageLoansHeldForSale",
                "unit": "usd",
                "value": 42003000
            },
            {
                "label": "",
                "concept": "GainLossOnSaleOfMortgageLoans",
                "unit": "usd",
                "value": 993000
            },
            {
                "label": "",
                "concept": "ShareBasedCompensation",
                "unit": "usd",
                "value": 499000
            },
            {
                "label": "",
                "concept": "ExcessTaxBenefitFromShareBasedCompensationOperatingActivities",
                "unit": "usd",
                "value": 14000
            },
            {
                "label": "",
                "concept": "IncreaseDecreaseInDeferredIncomeTaxes",
                "unit": "usd",
                "value": -321000
            },
            {
                "label": "",
                "concept": "ccbg:NetChangeInOperatingLeases",
                "unit": "usd",
                "value": -23000
            },
            {
                "label": "",
                "concept": "GainsLossesOnSalesOfOtherRealEstate",
                "unit": "usd",
                "value": -215000
            },
            {
                "label": "",
                "concept": "GainLossOnSaleOfPropertyPlantEquipment",
                "unit": "usd",
                "value": 0
            },
            {
                "label": "",
                "concept": "IncreaseDecreaseInOtherOperatingAssets",
                "unit": "usd",
                "value": 4854000
            },
            {
                "label": "",
                "concept": "IncreaseDecreaseInOtherOperatingLiabilities",
                "unit": "usd",
                "value": 6689000
            },
            {
                "label": "",
                "concept": "NetCashProvidedByUsedInOperatingActivities",
                "unit": "usd",
                "value": 15240000
            },
            {
                "label": "",
                "concept": "PaymentsToAcquireLoansHeldForInvestment",
                "unit": "usd",
                "value": 14706000
            },
            {
                "label": "",
                "concept": "PaymentsForProceedsFromLoansReceivable",
                "unit": "usd",
                "value": 9461000
            },
            {
                "label": "",
                "concept": "ProceedsFromInsuranceSettlementInvestingActivities",
                "unit": "usd",
                "value": 790000
            },
            {
                "label": "",
                "concept": "ProceedsFromSaleOfOtherRealEstate",
                "unit": "usd",
                "value": 639000
            },
            {
                "label": "",
                "concept": "PaymentsToAcquirePropertyPlantAndEquipment",
                "unit": "usd",
                "value": 1268000
            },
            {
                "label": "",
                "concept": "NetCashProvidedByUsedInInvestingActivities",
                "unit": "usd",
                "value": -15806000
            },
            {
                "label": "",
                "concept": "IncreaseDecreaseInDeposits",
                "unit": "usd",
                "value": 85438000
            },
            {
                "label": "",
                "concept": "ProceedsFromRepaymentsOfShortTermDebt",
                "unit": "usd",
                "value": -4918000
            },
            {
                "label": "",
                "concept": "RepaymentsOfLongTermDebt",
                "unit": "usd",
                "value": 547000
            },
            {
                "label": "",
                "concept": "PaymentsOfDividendsCommonStock",
                "unit": "usd",
                "value": 1850000
            },
            {
                "label": "",
                "concept": "ProceedsFromIssuanceOfCommonStock",
                "unit": "usd",
                "value": 157000
            },
            {
                "label": "",
                "concept": "NetCashProvidedByUsedInFinancingActivities",
                "unit": "usd",
                "value": 78280000
            },
            {
                "label": "",
                "concept": "CashAndCashEquivalentsPeriodIncreaseDecrease",
                "unit": "usd",
                "value": 77714000
            },
            {
                "label": "",
                "concept": "InterestPaidNet",
                "unit": "usd",
                "value": 2813000
            },
            {
                "label": "",
                "concept": "IncomeTaxesPaidNet",
                "unit": "usd",
                "value": 0
            },
            {
                "label": "",
                "concept": "TransferOfOtherRealEstate",
                "unit": "usd",
                "value": 527000
            },
            {
                "label": "",
                "concept": "RightOfUseAssetObtainedInExchangeForOperatingLeaseLiability",
                "unit": "usd",
                "value": 1928000
            }
        ],
        "ic": [
            {
                "label": "",
                "concept": "OtherComprehensiveIncomeUnrealizedHoldingGainLossOnSecuritiesArisingDuringPeriodTax",
                "unit": "usd",
                "value": 1250000
            },
            {
                "label": "",
                "concept": "ccbg:AmortizationOfUnrealizedLossesOnSecuritiesTransferredFromAvailableForSaleToHeldToMaturity",
                "unit": "usd",
                "value": 12000
            },
            {
                "label": "",
                "concept": "OtherComprehensiveIncomeAvailableforsaleSecuritiesTaxPortionAttributableToParent",
                "unit": "usd",
                "value": 1262000
            },
            {
                "label": "",
                "concept": "NetIncomeLoss",
                "unit": "usd",
                "value": 6436000
            },
            {
                "label": "",
                "concept": "OtherComprehensiveIncomeLossBeforeTax",
                "unit": "usd",
                "value": 1262000
            },
            {
                "label": "",
                "concept": "OtherComprehensiveIncomeLossTax",
                "unit": "usd",
                "value": 321000
            },
            {
                "label": "",
                "concept": "OtherComprehensiveIncomeLossNetOfTax",
                "unit": "usd",
                "value": 941000
            },
            {
                "label": "",
                "concept": "ComprehensiveIncomeNetOfTax",
                "unit": "usd",
                "value": 7377000
            }
        ]
    }
}