{
    "startDate": "2019-01-01",
    "endDate": "2019-03-31",
    "year": "2019",
    "quarter": "Q1",
    "symbol": "WRE",
    "data": {
        "bs": [
            {
                "label": "",
                "concept": "Land",
                "unit": "usd",
                "value": 612692000
            },
            {
                "label": "",
                "concept": "RentalProperties",
                "unit": "usd",
                "value": 2276385000
            },
            {
                "label": "",
                "concept": "RealEstateInvestmentPropertyAtCost",
                "unit": "usd",
                "value": 2889077000
            },
            {
                "label": "",
                "concept": "RealEstateInvestmentPropertyAccumulatedDepreciation",
                "unit": "usd",
                "value": 781302000
            },
            {
                "label": "",
                "concept": "RealEstateInvestmentPropertyNet",
                "unit": "usd",
                "value": 2107775000
            },
            {
                "label": "",
                "concept": "DevelopmentInProcess",
                "unit": "usd",
                "value": 97288000
            },
            {
                "label": "",
                "concept": "RealEstateInvestments",
                "unit": "usd",
                "value": 2205063000
            },
            {
                "label": "",
                "concept": "CashAndCashEquivalentsAtCarryingValue",
                "unit": "usd",
                "value": 12025000
            },
            {
                "label": "",
                "concept": "RestrictedCashAndCashEquivalents",
                "unit": "usd",
                "value": 1368000
            },
            {
                "label": "",
                "concept": "AccountsAndNotesReceivableNet",
                "unit": "usd",
                "value": 73293000
            },
            {
                "label": "",
                "concept": "PrepaidExpenseAndOtherAssets",
                "unit": "usd",
                "value": 116718000
            },
            {
                "label": "",
                "concept": "Assets",
                "unit": "usd",
                "value": 2408467000
            },
            {
                "label": "",
                "concept": "NotesPayable",
                "unit": "usd",
                "value": 995750000
            },
            {
                "label": "",
                "concept": "SecuredDebt",
                "unit": "usd",
                "value": 58805000
            },
            {
                "label": "",
                "concept": "LineOfCredit",
                "unit": "usd",
                "value": 228000000
            },
            {
                "label": "",
                "concept": "AccountsPayableAndAccruedLiabilitiesCurrentAndNoncurrent",
                "unit": "usd",
                "value": 67279000
            },
            {
                "label": "",
                "concept": "DividendsPayableCurrentAndNoncurrent",
                "unit": "usd",
                "value": 0
            },
            {
                "label": "",
                "concept": "AdvanceRent",
                "unit": "usd",
                "value": 10418000
            },
            {
                "label": "",
                "concept": "SecurityDepositLiability",
                "unit": "usd",
                "value": 10019000
            },
            {
                "label": "",
                "concept": "Liabilities",
                "unit": "usd",
                "value": 1370271000
            },
            {
                "label": "",
                "concept": "PreferredStockValue",
                "unit": "usd",
                "value": 0
            },
            {
                "label": "",
                "concept": "CommonStockValue",
                "unit": "usd",
                "value": 800000
            },
            {
                "label": "",
                "concept": "AdditionalPaidInCapital",
                "unit": "usd",
                "value": 1529916000
            },
            {
                "label": "",
                "concept": "RetainedEarningsAccumulatedDeficit",
                "unit": "usd",
                "value": -498537000
            },
            {
                "label": "",
                "concept": "AccumulatedOtherComprehensiveIncomeLossCumulativeChangesInNetGainLossFromCashFlowHedgesEffectNetOfTax",
                "unit": "usd",
                "value": 5670000
            },
            {
                "label": "",
                "concept": "StockholdersEquity",
                "unit": "usd",
                "value": 1037849000
            },
            {
                "label": "",
                "concept": "MinorityInterest",
                "unit": "usd",
                "value": 347000
            },
            {
                "label": "",
                "concept": "StockholdersEquityIncludingPortionAttributableToNoncontrollingInterest",
                "unit": "usd",
                "value": 1038196000
            },
            {
                "label": "",
                "concept": "LiabilitiesAndStockholdersEquity",
                "unit": "usd",
                "value": 2408467000
            }
        ],
        "cf": [],
        "ic": [
            {
                "label": "",
                "concept": "Revenues",
                "unit": "usd",
                "value": 83174000
            },
            {
                "label": "",
                "concept": "CostOfRevenue",
                "unit": "usd",
                "value": 29210000
            },
            {
                "label": "",
                "concept": "DepreciationAndAmortization",
                "unit": "usd",
                "value": 29547000
            },
            {
                "label": "",
                "concept": "GeneralAndAdministrativeExpense",
                "unit": "usd",
                "value": 7429000
            },
            {
                "label": "",
                "concept": "wre:OperatingLeaseIndirectCostsExpensedAsIncurred",
                "unit": "usd",
                "value": 378000
            },
            {
                "label": "",
                "concept": "ImpairmentOfRealEstate",
                "unit": "usd",
                "value": 8374000
            },
            {
                "label": "",
                "concept": "OperatingExpenses",
                "unit": "usd",
                "value": 74938000
            },
            {
                "label": "",
                "concept": "OperatingIncomeLoss",
                "unit": "usd",
                "value": 8236000
            },
            {
                "label": "",
                "concept": "InterestExpense",
                "unit": "usd",
                "value": 12641000
            },
            {
                "label": "",
                "concept": "GainsLossesOnExtinguishmentOfDebt",
                "unit": "usd",
                "value": 0
            },
            {
                "label": "",
                "concept": "NonoperatingIncomeExpense",
                "unit": "usd",
                "value": -12641000
            },
            {
                "label": "",
                "concept": "ProfitLoss",
                "unit": "usd",
                "value": -4405000
            },
            {
                "label": "",
                "concept": "NetIncomeLossAttributableToNoncontrollingInterest",
                "unit": "usd",
                "value": 0
            },
            {
                "label": "",
                "concept": "NetIncomeLoss",
                "unit": "usd",
                "value": -4405000
            },
            {
                "label": "",
                "concept": "EarningsPerShareBasic",
                "unit": "usd/shares",
                "value": -0.06
            },
            {
                "label": "",
                "concept": "EarningsPerShareDiluted",
                "unit": "usd/shares",
                "value": -0.06
            },
            {
                "label": "",
                "concept": "WeightedAverageNumberOfSharesOutstandingBasic",
                "unit": "shares",
                "value": 79881000
            },
            {
                "label": "",
                "concept": "WeightedAverageNumberOfDilutedSharesOutstanding",
                "unit": "shares",
                "value": 79881000
            }
        ]
    }
}