{
    "startDate": "2019-01-01",
    "endDate": "2019-03-31",
    "year": "2019",
    "quarter": "Q1",
    "symbol": "HSC",
    "data": {
        "bs": [
            {
                "label": "Cash and cash equivalents",
                "concept": "CashAndCashEquivalentsAtCarryingValue",
                "unit": "usd",
                "value": 84743000
            },
            {
                "label": "Restricted cash",
                "concept": "RestrictedCashCurrent",
                "unit": "usd",
                "value": 2942000
            },
            {
                "label": "Trade accounts receivable, net",
                "concept": "AccountsReceivableNetCurrent",
                "unit": "usd",
                "value": 296795000
            },
            {
                "label": "Inventories",
                "concept": "InventoryNet",
                "unit": "usd",
                "value": 147696000
            },
            {
                "label": "Current portion of contract assets",
                "concept": "ContractWithCustomerAssetNetCurrent",
                "unit": "usd",
                "value": 17478000
            },
            {
                "label": "Other current assets",
                "concept": "OtherAssetsCurrent",
                "unit": "usd",
                "value": 45219000
            },
            {
                "label": "Total current assets",
                "concept": "AssetsCurrent",
                "unit": "usd",
                "value": 646003000
            },
            {
                "label": "Property, plant and equipment, net",
                "concept": "PropertyPlantAndEquipmentNet",
                "unit": "usd",
                "value": 483448000
            },
            {
                "label": "Right-of-use assets, net",
                "concept": "OperatingLeaseRightOfUseAsset",
                "unit": "usd",
                "value": 49584000
            },
            {
                "label": "Goodwill",
                "concept": "Goodwill",
                "unit": "usd",
                "value": 412449000
            },
            {
                "label": "Intangible assets, net",
                "concept": "FiniteLivedIntangibleAssetsNet",
                "unit": "usd",
                "value": 78753000
            },
            {
                "label": "Deferred income tax assets",
                "concept": "DeferredIncomeTaxAssetsNet",
                "unit": "usd",
                "value": 50051000
            },
            {
                "label": "Other assets",
                "concept": "OtherAssetsNoncurrent",
                "unit": "usd",
                "value": 17273000
            },
            {
                "label": "Total assets",
                "concept": "Assets",
                "unit": "usd",
                "value": 1737561000
            },
            {
                "label": "Short-term borrowings",
                "concept": "ShortTermBorrowings",
                "unit": "usd",
                "value": 6426000
            },
            {
                "label": "Current maturities of long-term debt",
                "concept": "LongTermDebtCurrent",
                "unit": "usd",
                "value": 6538000
            },
            {
                "label": "Accounts payable",
                "concept": "AccountsPayableCurrent",
                "unit": "usd",
                "value": 159037000
            },
            {
                "label": "Accrued compensation",
                "concept": "EmployeeRelatedLiabilitiesCurrent",
                "unit": "usd",
                "value": 37483000
            },
            {
                "label": "Income taxes payable",
                "concept": "AccruedIncomeTaxesCurrent",
                "unit": "usd",
                "value": 1598000
            },
            {
                "label": "Insurance liabilities",
                "concept": "SelfInsuranceReserveCurrent",
                "unit": "usd",
                "value": 40830000
            },
            {
                "label": "Current portion of advances on contracts",
                "concept": "ContractWithCustomerLiabilityCurrent",
                "unit": "usd",
                "value": 37014000
            },
            {
                "label": "Current portion of operating lease liabilities",
                "concept": "OperatingLeaseLiabilityCurrent",
                "unit": "usd",
                "value": 12936000
            },
            {
                "label": "Other current liabilities",
                "concept": "OtherLiabilitiesCurrent",
                "unit": "usd",
                "value": 122721000
            },
            {
                "label": "Total current liabilities",
                "concept": "LiabilitiesCurrent",
                "unit": "usd",
                "value": 424583000
            },
            {
                "label": "Long-term debt",
                "concept": "LongTermDebtNoncurrent",
                "unit": "usd",
                "value": 642375000
            },
            {
                "label": "Insurance liabilities",
                "concept": "SelfInsuranceReserveNoncurrent",
                "unit": "usd",
                "value": 20384000
            },
            {
                "label": "Retirement plan liabilities",
                "concept": "PensionAndOtherPostretirementDefinedBenefitPlansLiabilitiesNoncurrent",
                "unit": "usd",
                "value": 201572000
            },
            {
                "label": "Operating lease liabilities",
                "concept": "OperatingLeaseLiabilityNoncurrent",
                "unit": "usd",
                "value": 37037000
            },
            {
                "label": "Other liabilities",
                "concept": "OtherLiabilitiesNoncurrent",
                "unit": "usd",
                "value": 48860000
            },
            {
                "label": "Total liabilities",
                "concept": "Liabilities",
                "unit": "usd",
                "value": 1402289000
            },
            {
                "label": "COMMITMENTS AND CONTINGENCIES",
                "concept": "CommitmentsAndContingencies",
                "unit": "usd",
                "value": "N/A"
            },
            {
                "label": "Preferred stock",
                "concept": "PreferredStockValue",
                "unit": "usd",
                "value": "N/A"
            },
            {
                "label": "Common stock",
                "concept": "CommonStockValue",
                "unit": "usd",
                "value": 143178000
            },
            {
                "label": "Additional paid-in capital",
                "concept": "AdditionalPaidInCapitalCommonStock",
                "unit": "usd",
                "value": 192912000
            },
            {
                "label": "Retained earnings",
                "concept": "RetainedEarningsAccumulatedDeficit",
                "unit": "usd",
                "value": 1340878000
            },
            {
                "label": "Treasury stock",
                "concept": "TreasuryStockValue",
                "unit": "usd",
                "value": 805520000
            },
            {
                "label": "Total Harsco Corporation stockholders' equity",
                "concept": "StockholdersEquity",
                "unit": "usd",
                "value": 287023000
            },
            {
                "label": "Noncontrolling interests",
                "concept": "MinorityInterest",
                "unit": "usd",
                "value": 48249000
            },
            {
                "label": "Total equity",
                "concept": "StockholdersEquityIncludingPortionAttributableToNoncontrollingInterest",
                "unit": "usd",
                "value": 335272000
            },
            {
                "label": "Total liabilities and equity",
                "concept": "LiabilitiesAndStockholdersEquity",
                "unit": "usd",
                "value": 1737561000
            }
        ],
        "cf": [
            {
                "label": "Depreciation",
                "concept": "Depreciation",
                "unit": "usd",
                "value": 30204000
            },
            {
                "label": "Amortization",
                "concept": "AdjustmentForAmortization",
                "unit": "usd",
                "value": 3045000
            },
            {
                "label": "Deferred income tax expense",
                "concept": "DeferredIncomeTaxExpenseBenefit",
                "unit": "usd",
                "value": 595000
            },
            {
                "label": "Equity income of unconsolidated entities, net",
                "concept": "IncomeLossFromEquityMethodInvestments",
                "unit": "usd",
                "value": 20000
            },
            {
                "label": "Other, net",
                "concept": "OtherNoncashIncomeExpense",
                "unit": "usd",
                "value": 279000
            },
            {
                "label": "Accounts receivable",
                "concept": "IncreaseDecreaseInReceivables",
                "unit": "usd",
                "value": 3270000
            },
            {
                "label": "Inventories",
                "concept": "IncreaseDecreaseInInventories",
                "unit": "usd",
                "value": 14448000
            },
            {
                "label": "Contract assets",
                "concept": "IncreaseDecreaseInContractWithCustomerAsset",
                "unit": "usd",
                "value": 6770000
            },
            {
                "label": "Right-of-use assets",
                "concept": "hsc:IncreaseDecreaseInRightOfUseAssets",
                "unit": "usd",
                "value": 3895000
            },
            {
                "label": "Accounts payable",
                "concept": "IncreaseDecreaseInAccountsPayable",
                "unit": "usd",
                "value": 3099000
            },
            {
                "label": "Accrued compensation",
                "concept": "IncreaseDecreaseInEmployeeRelatedLiabilities",
                "unit": "usd",
                "value": 19924000
            },
            {
                "label": "Advances on contracts",
                "concept": "IncreaseDecreaseInDeposits",
                "unit": "usd",
                "value": 3406000
            },
            {
                "label": "Operating lease liabilities",
                "concept": "hsc:IncreaseDecreaseInOperatingLeaseLiability",
                "unit": "usd",
                "value": 3913000
            },
            {
                "label": "Retirement plan liabilities, net",
                "concept": "IncreaseDecreaseInPostemploymentObligations",
                "unit": "usd",
                "value": 9403000
            },
            {
                "label": "Other assets and liabilities",
                "concept": "IncreaseDecreaseInOtherOperatingCapitalNet",
                "unit": "usd",
                "value": 644000
            },
            {
                "label": "Net cash provided (used) by operating activities",
                "concept": "NetCashProvidedByUsedInOperatingActivities",
                "unit": "usd",
                "value": 14838000
            },
            {
                "label": "Purchases of property, plant and equipment",
                "concept": "PaymentsToAcquirePropertyPlantAndEquipment",
                "unit": "usd",
                "value": 36407000
            },
            {
                "label": "Purchase of business, net of cash acquired",
                "concept": "ProceedsFromPreviousAcquisition",
                "unit": "usd",
                "value": 680000
            },
            {
                "label": "Proceeds from sales of assets",
                "concept": "hsc:ProceedsFromSaleOfAssetsAndDivestitureOfBusinesses",
                "unit": "usd",
                "value": 1177000
            },
            {
                "label": "Net payments from settlement of foreign currency forward exchange contracts",
                "concept": "PaymentsForProceedsFromHedgeInvestingActivities",
                "unit": "usd",
                "value": 4091000
            },
            {
                "label": "Net cash used by investing activities",
                "concept": "NetCashProvidedByUsedInInvestingActivities",
                "unit": "usd",
                "value": 38641000
            },
            {
                "label": "Short-term borrowings, net",
                "concept": "ProceedsFromRepaymentsOfShortTermDebt",
                "unit": "usd",
                "value": 3578000
            },
            {
                "label": "Additions",
                "concept": "ProceedsFromIssuanceOfLongTermDebt",
                "unit": "usd",
                "value": 56998000
            },
            {
                "label": "Reductions",
                "concept": "RepaymentsOfLongTermDebt",
                "unit": "usd",
                "value": 1700000
            },
            {
                "label": "Sale of noncontrolling interests",
                "concept": "hsc:NoncontrollingInterestpurchaseorsale",
                "unit": "usd",
                "value": 876000
            },
            {
                "label": "Stock-based compensation - Employee taxes paid",
                "concept": "PaymentsRelatedToTaxWithholdingForShareBasedCompensation",
                "unit": "usd",
                "value": 8237000
            },
            {
                "label": "Net cash provided by financing activities",
                "concept": "NetCashProvidedByUsedInFinancingActivities",
                "unit": "usd",
                "value": 44359000
            },
            {
                "label": "Effect of exchange rate changes on cash and cash equivalents, including restricted cash",
                "concept": "EffectOfExchangeRateOnCashCashEquivalentsRestrictedCashAndRestrictedCashEquivalents",
                "unit": "usd",
                "value": 17000
            },
            {
                "label": "Net increase in cash and cash equivalents, including restricted cash",
                "concept": "CashCashEquivalentsRestrictedCashAndRestrictedCashEquivalentsPeriodIncreaseDecreaseIncludingExchangeRateEffect",
                "unit": "usd",
                "value": 20539000
            }
        ],
        "ic": [
            {
                "label": "Total revenues",
                "concept": "RevenueFromContractWithCustomerExcludingAssessedTax",
                "unit": "usd",
                "value": 447288000
            },
            {
                "label": "Selling, general and administrative costs",
                "concept": "SellingGeneralAndAdministrativeExpense",
                "unit": "usd",
                "value": 67029000
            },
            {
                "label": "Research and development expenses",
                "concept": "ResearchAndDevelopmentExpense",
                "unit": "usd",
                "value": 1262000
            },
            {
                "label": "Other expenses, net",
                "concept": "OtherOperatingIncomeExpenseNet",
                "unit": "usd",
                "value": 1876000
            },
            {
                "label": "Total costs and expenses",
                "concept": "CostsAndExpenses",
                "unit": "usd",
                "value": 409042000
            },
            {
                "label": "Operating income from continuing operations",
                "concept": "OperatingIncomeLoss",
                "unit": "usd",
                "value": 38246000
            },
            {
                "label": "Interest income",
                "concept": "InvestmentIncomeInterest",
                "unit": "usd",
                "value": 534000
            },
            {
                "label": "Interest expense",
                "concept": "InterestExpense",
                "unit": "usd",
                "value": 9739000
            },
            {
                "label": "Defined benefit pension income (expense)",
                "concept": "PensionExpenseReversalOfExpenseNoncash",
                "unit": "usd",
                "value": 1337000
            },
            {
                "label": "Income from continuing operations before income taxes and equity income",
                "concept": "IncomeLossFromContinuingOperationsBeforeIncomeTaxesMinorityInterestAndIncomeLossFromEquityMethodInvestments",
                "unit": "usd",
                "value": 27704000
            },
            {
                "label": "Income tax expense",
                "concept": "IncomeTaxExpenseBenefit",
                "unit": "usd",
                "value": 4855000
            },
            {
                "label": "Equity income of unconsolidated entities, net",
                "concept": "IncomeLossFromEquityMethodInvestments",
                "unit": "usd",
                "value": 20000
            },
            {
                "label": "Income from continuing operations",
                "concept": "IncomeLossFromContinuingOperationsIncludingPortionAttributableToNoncontrollingInterest",
                "unit": "usd",
                "value": 22869000
            },
            {
                "label": "Loss on disposal of discontinued business",
                "concept": "DiscontinuedOperationGainLossFromDisposalOfDiscontinuedOperationBeforeIncomeTax",
                "unit": "usd",
                "value": 440000
            },
            {
                "label": "Income tax benefit related to discontinued business",
                "concept": "DiscontinuedOperationTaxEffectOfDiscontinuedOperation",
                "unit": "usd",
                "value": 108000
            },
            {
                "label": "Loss from discontinued operations",
                "concept": "IncomeLossFromDiscontinuedOperationsNetOfTaxAttributableToReportingEntity",
                "unit": "usd",
                "value": 332000
            },
            {
                "label": "Net income",
                "concept": "ProfitLoss",
                "unit": "usd",
                "value": 22537000
            },
            {
                "label": "Less: Net income attributable to noncontrolling interests",
                "concept": "NetIncomeLossAttributableToNoncontrollingInterest",
                "unit": "usd",
                "value": 1840000
            },
            {
                "label": "Net income attributable to Harsco Corporation",
                "concept": "NetIncomeLoss",
                "unit": "usd",
                "value": 20697000
            },
            {
                "label": "Income from continuing operations, net of tax",
                "concept": "IncomeLossFromContinuingOperations",
                "unit": "usd",
                "value": 21029000
            },
            {
                "label": "Loss from discontinued operations",
                "concept": "IncomeLossFromDiscontinuedOperationsNetOfTaxAttributableToReportingEntity",
                "unit": "usd",
                "value": 332000
            },
            {
                "label": "Net income attributable to Harsco Corporation",
                "concept": "NetIncomeLoss",
                "unit": "usd",
                "value": 20697000
            },
            {
                "label": "Weighted-average shares of common stock outstanding (in shares)",
                "concept": "WeightedAverageNumberOfSharesOutstandingBasic",
                "unit": "shares",
                "value": 79907000
            },
            {
                "label": "Continuing operations (in dollars per share)",
                "concept": "IncomeLossFromContinuingOperationsPerBasicShare",
                "unit": "usd/shares",
                "value": 0.26
            },
            {
                "label": "Discontinued operations (in dollars per share)",
                "concept": "IncomeLossFromDiscontinuedOperationsNetOfTaxPerBasicShare",
                "unit": "usd/shares",
                "value": "N/A"
            },
            {
                "label": "Basic earnings (loss) per share attributable to Harsco Corporation common stockholders (in dollars per share)",
                "concept": "EarningsPerShareBasic",
                "unit": "usd/shares",
                "value": 0.26
            },
            {
                "label": "Diluted weighted-average shares of common stock outstanding (in shares)",
                "concept": "WeightedAverageNumberOfDilutedSharesOutstanding",
                "unit": "shares",
                "value": 81653000
            },
            {
                "label": "Continuing operations (in dollars per share)",
                "concept": "IncomeLossFromContinuingOperationsPerDilutedShare",
                "unit": "usd/shares",
                "value": 0.26
            },
            {
                "label": "Discontinued operations (in dollars per share)",
                "concept": "IncomeLossFromDiscontinuedOperationsNetOfTaxPerDilutedShare",
                "unit": "usd/shares",
                "value": "N/A"
            },
            {
                "label": "Diluted earnings (loss) per share attributable to Harsco Corporation common stockholders (in dollars per share)",
                "concept": "EarningsPerShareDiluted",
                "unit": "usd/shares",
                "value": 0.25
            }
        ]
    }
}