{
    "startDate": "2019-01-01",
    "endDate": "2019-03-31",
    "year": "2019",
    "quarter": "Q1",
    "symbol": "MMC",
    "data": {
        "bs": [
            {
                "label": "Cash and cash equivalents",
                "concept": "CashAndCashEquivalentsAtCarryingValue",
                "unit": "usd",
                "value": 1117000000
            },
            {
                "label": "Commissions and fees",
                "concept": "mmc:AccruedFeesandOtherRevenueReceivableGrossCurrent",
                "unit": "usd",
                "value": 4315000000
            },
            {
                "label": "Advanced premiums and claims",
                "concept": "mmc:AdvancedPremiumsandClaimsReceivableGrossCurrent",
                "unit": "usd",
                "value": 59000000
            },
            {
                "label": "Other",
                "concept": "OtherReceivablesGrossCurrent",
                "unit": "usd",
                "value": 372000000
            },
            {
                "label": "Gross receivables",
                "concept": "AccountsReceivableGrossCurrent",
                "unit": "usd",
                "value": 4746000000
            },
            {
                "label": "Less-allowance for doubtful accounts and cancellations",
                "concept": "AllowanceForDoubtfulAccountsReceivableCurrent",
                "unit": "usd",
                "value": 116000000
            },
            {
                "label": "Net receivables",
                "concept": "ReceivablesNetCurrent",
                "unit": "usd",
                "value": 4630000000
            },
            {
                "label": "Funds held in escrow for acquisition",
                "concept": "EscrowDeposit",
                "unit": "usd",
                "value": 6359000000
            },
            {
                "label": "Other current assets",
                "concept": "OtherAssetsCurrent",
                "unit": "usd",
                "value": 569000000
            },
            {
                "label": "Total current assets",
                "concept": "AssetsCurrent",
                "unit": "usd",
                "value": 12675000000
            },
            {
                "label": "Goodwill",
                "concept": "Goodwill",
                "unit": "usd",
                "value": 9739000000
            },
            {
                "label": "Other intangible assets",
                "concept": "OtherIntangibleAssetsNet",
                "unit": "usd",
                "value": 1464000000
            },
            {
                "label": "Fixed assets (net of accumulated depreciation and amortization of $1,889 at March 31, 2019 and $1,842 at December 31, 2018)",
                "concept": "PropertyPlantAndEquipmentNet",
                "unit": "usd",
                "value": 716000000
            },
            {
                "label": "Pension related assets",
                "concept": "DefinedBenefitPlanAssetsForPlanBenefitsNoncurrent",
                "unit": "usd",
                "value": 1815000000
            },
            {
                "label": "Right of use assets",
                "concept": "OperatingLeaseRightOfUseAsset",
                "unit": "usd",
                "value": 1625000000
            },
            {
                "label": "Deferred tax assets",
                "concept": "DeferredIncomeTaxAssetsNet",
                "unit": "usd",
                "value": 680000000
            },
            {
                "label": "Other assets",
                "concept": "OtherAssetsNoncurrent",
                "unit": "usd",
                "value": 1423000000
            },
            {
                "label": "Total assets",
                "concept": "Assets",
                "unit": "usd",
                "value": 30137000000
            },
            {
                "label": "Short-term debt",
                "concept": "DebtCurrent",
                "unit": "usd",
                "value": 1562000000
            },
            {
                "label": "Accounts payable and accrued liabilities",
                "concept": "AccountsPayableAndAccruedLiabilitiesCurrent",
                "unit": "usd",
                "value": 2244000000
            },
            {
                "label": "Accrued compensation and employee benefits",
                "concept": "EmployeeRelatedLiabilitiesCurrent",
                "unit": "usd",
                "value": 892000000
            },
            {
                "label": "Acquisition related derivatives",
                "concept": "DerivativeLiabilitiesCurrent",
                "unit": "usd",
                "value": 283000000
            },
            {
                "label": "Current lease liabilities",
                "concept": "OperatingLeaseLiabilityCurrent",
                "unit": "usd",
                "value": 291000000
            },
            {
                "label": "Accrued income taxes",
                "concept": "AccruedIncomeTaxesCurrent",
                "unit": "usd",
                "value": 256000000
            },
            {
                "label": "Dividends payable",
                "concept": "DividendsPayableCurrent",
                "unit": "usd",
                "value": 211000000
            },
            {
                "label": "Total current liabilities",
                "concept": "LiabilitiesCurrent",
                "unit": "usd",
                "value": 5739000000
            },
            {
                "label": "Fiduciary liabilities",
                "concept": "mmc:FiduciaryLiabilitiesGrossNoncurrent",
                "unit": "usd",
                "value": 5243000000
            },
            {
                "label": "Less \u2013 cash and investments held in a fiduciary capacity",
                "concept": "mmc:CashandInvestmentsHeldinFiduciaryCapacityNoncurrent",
                "unit": "usd",
                "value": 5243000000
            },
            {
                "label": "Net fiduciary assets",
                "concept": "mmc:FiduciaryLiabilitiesNetNoncurrent",
                "unit": "usd",
                "value": 0
            },
            {
                "label": "Pension, post-retirement and post-employment benefits",
                "concept": "PensionAndOtherPostretirementDefinedBenefitPlansLiabilitiesNoncurrent",
                "unit": "usd",
                "value": 1874000000
            },
            {
                "label": "Long-term lease liability",
                "concept": "OperatingLeaseLiabilityNoncurrent",
                "unit": "usd",
                "value": 1590000000
            },
            {
                "label": "Liabilities for errors and omissions",
                "concept": "mmc:LiabilityForErrorsAndOmissions",
                "unit": "usd",
                "value": 282000000
            },
            {
                "label": "Other liabilities",
                "concept": "OtherLiabilitiesNoncurrent",
                "unit": "usd",
                "value": 1194000000
            },
            {
                "label": "Commitments and contingencies",
                "concept": "CommitmentsAndContingencies",
                "unit": "usd",
                "value": 0
            },
            {
                "label": "Preferred stock, $1 par value, authorized 6,000,000 shares, none issued",
                "concept": "PreferredStockValue",
                "unit": "usd",
                "value": 0
            },
            {
                "label": "Common stock, $1 par value, authorized 1,600,000,000 shares, issued 560,641,640 shares at March 31, 2019 and December 31, 2018",
                "concept": "CommonStockValue",
                "unit": "usd",
                "value": 561000000
            },
            {
                "label": "Additional paid-in capital",
                "concept": "AdditionalPaidInCapitalCommonStock",
                "unit": "usd",
                "value": 681000000
            },
            {
                "label": "Retained earnings",
                "concept": "RetainedEarningsAccumulatedDeficit",
                "unit": "usd",
                "value": 14642000000
            },
            {
                "label": "Accumulated other comprehensive loss",
                "concept": "AccumulatedOtherComprehensiveIncomeLossNetOfTax",
                "unit": "usd",
                "value": -4590000000
            },
            {
                "label": "Non-controlling interests",
                "concept": "MinorityInterest",
                "unit": "usd",
                "value": 77000000
            },
            {
                "label": "Stockholders' equity before treasury stock",
                "concept": "mmc:StockholdersEquitySubtotalBeforeTreasuryStock",
                "unit": "usd",
                "value": 11371000000
            },
            {
                "label": "Less \u2013 treasury shares, at cost, 53,623,897 shares at March 31, 2019 and 56,804,468 shares at December 31, 2018",
                "concept": "TreasuryStockValue",
                "unit": "usd",
                "value": 3385000000
            },
            {
                "label": "Total equity",
                "concept": "StockholdersEquityIncludingPortionAttributableToNoncontrollingInterest",
                "unit": "usd",
                "value": 7986000000
            },
            {
                "label": "Total liabilities and stockholders' equity",
                "concept": "LiabilitiesAndStockholdersEquity",
                "unit": "usd",
                "value": 30137000000
            }
        ],
        "cf": [
            {
                "label": "Net income before non-controlling interests",
                "concept": "ProfitLoss",
                "unit": "usd",
                "value": 727000000
            },
            {
                "label": "Depreciation and amortization of fixed assets and capitalized software",
                "concept": "Depreciation",
                "unit": "usd",
                "value": 74000000
            },
            {
                "label": "Amortization of intangible assets",
                "concept": "AmortizationOfIntangibleAssets",
                "unit": "usd",
                "value": 51000000
            },
            {
                "label": "Amortization of right of use asset",
                "concept": "FinanceLeaseRightOfUseAssetAmortization",
                "unit": "usd",
                "value": 68000000
            },
            {
                "label": "Adjustments and payments related to contingent consideration liability",
                "concept": "BusinessCombinationContingentConsiderationArrangementsChangeInAmountOfContingentConsiderationLiability1",
                "unit": "usd",
                "value": -18000000
            },
            {
                "label": "Provision for deferred income taxes",
                "concept": "DeferredIncomeTaxExpenseBenefit",
                "unit": "usd",
                "value": -9000000
            },
            {
                "label": "(Gain) loss on investments",
                "concept": "GainLossOnInvestments",
                "unit": "usd",
                "value": 5000000
            },
            {
                "label": "(Gain) loss on disposition of assets",
                "concept": "GainLossOnSaleOfOtherAssets",
                "unit": "usd",
                "value": 0
            },
            {
                "label": "Share-based compensation expense",
                "concept": "StockOptionPlanExpense",
                "unit": "usd",
                "value": 57000000
            },
            {
                "label": "Change in fair value of acquisition-related derivative contracts",
                "concept": "mmc:AcquisitionRelatedHedgingExpense",
                "unit": "usd",
                "value": -29000000
            },
            {
                "label": "Net receivables",
                "concept": "IncreaseDecreaseInReceivables",
                "unit": "usd",
                "value": 309000000
            },
            {
                "label": "Other current assets",
                "concept": "IncreaseDecreaseInOtherCurrentAssets",
                "unit": "usd",
                "value": 37000000
            },
            {
                "label": "Other assets",
                "concept": "IncreaseDecreaseInOtherOperatingAssets",
                "unit": "usd",
                "value": 1000000
            },
            {
                "label": "Accounts payable and accrued liabilities",
                "concept": "IncreaseDecreaseInAccountsPayableAndAccruedLiabilities",
                "unit": "usd",
                "value": 79000000
            },
            {
                "label": "Accrued compensation and employee benefits",
                "concept": "IncreaseDecreaseInEmployeeRelatedLiabilities",
                "unit": "usd",
                "value": -886000000
            },
            {
                "label": "Accrued income taxes",
                "concept": "IncreaseDecreaseInAccruedIncomeTaxesPayable",
                "unit": "usd",
                "value": 96000000
            },
            {
                "label": "Contributions to pension and other benefit plans in excess of current year expense/credit",
                "concept": "mmc:PensionandOtherPostretirementBenefitContributionsInExcessofCurrentYearExpense",
                "unit": "usd",
                "value": 80000000
            },
            {
                "label": "Other liabilities",
                "concept": "IncreaseDecreaseInOtherOperatingLiabilities",
                "unit": "usd",
                "value": 42000000
            },
            {
                "label": "Operating lease liabilities",
                "concept": "mmc:IncreaseDecreaseinOperatingLeaseLiabilities",
                "unit": "usd",
                "value": -73000000
            },
            {
                "label": "Effect of exchange rate changes",
                "concept": "mmc:EffectofExchangeRateonCashandCashEquivalentsfromOperatingActivities",
                "unit": "usd",
                "value": -23000000
            },
            {
                "label": "Net cash used for operations",
                "concept": "NetCashProvidedByUsedInOperatingActivities",
                "unit": "usd",
                "value": -276000000
            },
            {
                "label": "Purchase of treasury shares",
                "concept": "PaymentsForRepurchaseOfCommonStock",
                "unit": "usd",
                "value": 0
            },
            {
                "label": "Net increase in commercial paper",
                "concept": "ProceedsFromRepaymentsOfCommercialPaper",
                "unit": "usd",
                "value": 748000000
            },
            {
                "label": "Proceeds from issuance of debt",
                "concept": "ProceedsFromIssuanceOfDebt",
                "unit": "usd",
                "value": 6462000000
            },
            {
                "label": "Repayments of debt",
                "concept": "RepaymentsOfLongTermDebt",
                "unit": "usd",
                "value": 3000000
            },
            {
                "label": "Acquisition-related hedging payments",
                "concept": "PaymentsForDerivativeInstrumentFinancingActivities",
                "unit": "usd",
                "value": 129000000
            },
            {
                "label": "Shares withheld for taxes on vested units \u2013 treasury shares",
                "concept": "PaymentsRelatedToTaxWithholdingForShareBasedCompensation",
                "unit": "usd",
                "value": 86000000
            },
            {
                "label": "Issuance of common stock from treasury shares",
                "concept": "ProceedsFromIssuanceOrSaleOfEquity",
                "unit": "usd",
                "value": 77000000
            },
            {
                "label": "Payments of deferred and contingent consideration for acquisitions",
                "concept": "mmc:PaymentsforAcquisitionsDeferredandContingentConsideration",
                "unit": "usd",
                "value": 29000000
            },
            {
                "label": "Distributions of non-controlling interests",
                "concept": "PaymentsToMinorityShareholders",
                "unit": "usd",
                "value": 4000000
            },
            {
                "label": "Dividends paid",
                "concept": "PaymentsOfDividendsCommonStock",
                "unit": "usd",
                "value": 210000000
            },
            {
                "label": "Net cash provided by financing activities",
                "concept": "NetCashProvidedByUsedInFinancingActivities",
                "unit": "usd",
                "value": 6826000000
            },
            {
                "label": "Capital expenditures",
                "concept": "PaymentsToAcquirePropertyPlantAndEquipment",
                "unit": "usd",
                "value": 73000000
            },
            {
                "label": "Sales of long-term investments",
                "concept": "PaymentsForProceedsFromInvestments",
                "unit": "usd",
                "value": -115000000
            },
            {
                "label": "Purchase of equity investment",
                "concept": "PaymentsToAcquireEquityMethodInvestments",
                "unit": "usd",
                "value": 88000000
            },
            {
                "label": "Proceeds from sales of fixed assets",
                "concept": "ProceedsFromSaleOfPropertyPlantAndEquipment",
                "unit": "usd",
                "value": 1000000
            },
            {
                "label": "Dispositions",
                "concept": "ProceedsFromDivestitureOfBusinessesAndInterestsInAffiliates",
                "unit": "usd",
                "value": 0
            },
            {
                "label": "Acquisitions",
                "concept": "PaymentsToAcquireBusinessesNetOfCashAcquired",
                "unit": "usd",
                "value": 140000000
            },
            {
                "label": "Other, net",
                "concept": "PaymentsForProceedsFromOtherInvestingActivities",
                "unit": "usd",
                "value": 2000000
            },
            {
                "label": "Net cash used for investing activities",
                "concept": "NetCashProvidedByUsedInInvestingActivities",
                "unit": "usd",
                "value": -187000000
            },
            {
                "label": "Effect of exchange rate changes on cash and cash equivalents",
                "concept": "mmc:EffectofExchangeRateonCashandCashEquivalentsExcludingOperatingActivities",
                "unit": "usd",
                "value": 47000000
            },
            {
                "label": "Increase (decrease) in cash and cash equivalents and funds held in escrow",
                "concept": "mmc:CashCashEquivalentsRestrictedCashandRestrictedCashEquivalentsandFundsHeldinEscrowPeriodIncreaseDecreaseExcludingExchangeRateEffect",
                "unit": "usd",
                "value": 6410000000
            }
        ],
        "ic": [
            {
                "label": "Compensation and benefits expense (Operating income)",
                "concept": "OperatingIncomeLoss",
                "unit": "usd",
                "value": 938000000
            },
            {
                "label": "Other net benefit (credits) cost",
                "concept": "DefinedBenefitPlanOtherCosts",
                "unit": "usd",
                "value": -64000000
            }
        ]
    }
}