{
    "startDate": "2019-01-01",
    "endDate": "2019-03-31",
    "year": "2019",
    "quarter": "Q1",
    "symbol": "ADM",
    "data": {
        "bs": [
            {
                "label": "Cash and cash equivalents",
                "concept": "CashAndCashEquivalentsAtCarryingValue",
                "unit": "usd",
                "value": 926000000
            },
            {
                "label": "Segregated cash and investments",
                "concept": "RestrictedCashAndInvestmentsCurrent",
                "unit": "usd",
                "value": 4241000000
            },
            {
                "label": "Trade receivables",
                "concept": "AccountsReceivableNetCurrent",
                "unit": "usd",
                "value": 2515000000
            },
            {
                "label": "Inventories",
                "concept": "InventoryNet",
                "unit": "usd",
                "value": 8946000000
            },
            {
                "label": "Other current assets",
                "concept": "OtherAssetsCurrent",
                "unit": "usd",
                "value": 3625000000
            },
            {
                "label": "Total Current Assets",
                "concept": "AssetsCurrent",
                "unit": "usd",
                "value": 20262000000
            },
            {
                "label": "Investments in and advances to affiliates",
                "concept": "InvestmentsInAffiliatesSubsidiariesAssociatesAndJointVentures",
                "unit": "usd",
                "value": 5332000000
            },
            {
                "label": "Goodwill and other intangible assets",
                "concept": "IntangibleAssetsNetIncludingGoodwill",
                "unit": "usd",
                "value": 5459000000
            },
            {
                "label": "Other assets",
                "concept": "OtherAssetsNoncurrent",
                "unit": "usd",
                "value": 1777000000
            },
            {
                "label": "Total Investments and Other Assets",
                "concept": "InvestmentsAndOtherNoncurrentAssets",
                "unit": "usd",
                "value": 12590000000
            },
            {
                "label": "Land and Land Improvements",
                "concept": "LandAndLandImprovements",
                "unit": "usd",
                "value": 586000000
            },
            {
                "label": "Buildings",
                "concept": "BuildingsAndImprovementsGross",
                "unit": "usd",
                "value": 5404000000
            },
            {
                "label": "Machinery and equipment",
                "concept": "MachineryAndEquipmentGross",
                "unit": "usd",
                "value": 18534000000
            },
            {
                "label": "Construction in progress",
                "concept": "ConstructionInProgressGross",
                "unit": "usd",
                "value": 1121000000
            },
            {
                "label": "Gross Property, Plant, and Equipment",
                "concept": "PropertyPlantAndEquipmentGross",
                "unit": "usd",
                "value": 25645000000
            },
            {
                "label": "Accumulated depreciation",
                "concept": "AccumulatedDepreciationDepletionAndAmortizationPropertyPlantAndEquipment",
                "unit": "usd",
                "value": 15346000000
            },
            {
                "label": "Net Property, Plant, and Equipment",
                "concept": "PropertyPlantAndEquipmentNet",
                "unit": "usd",
                "value": 10299000000
            },
            {
                "label": "Total Assets",
                "concept": "Assets",
                "unit": "usd",
                "value": 43151000000
            },
            {
                "label": "Short-term debt",
                "concept": "ShortTermBorrowings",
                "unit": "usd",
                "value": 1595000000
            },
            {
                "label": "Trade payables",
                "concept": "AccountsPayableCurrent",
                "unit": "usd",
                "value": 3538000000
            },
            {
                "label": "Payables to Brokerage Customers",
                "concept": "PayablesToCustomers",
                "unit": "usd",
                "value": 4616000000
            },
            {
                "label": "Accrued expenses and other payables",
                "concept": "OtherLiabilitiesCurrent",
                "unit": "usd",
                "value": 2998000000
            },
            {
                "label": "Current maturities of long-term debt",
                "concept": "LongTermDebtCurrent",
                "unit": "usd",
                "value": 614000000
            },
            {
                "label": "Total Current Liabilities",
                "concept": "LiabilitiesCurrent",
                "unit": "usd",
                "value": 13361000000
            },
            {
                "label": "Long-term debt",
                "concept": "LongTermDebtNoncurrent",
                "unit": "usd",
                "value": 7675000000
            },
            {
                "label": "Other",
                "concept": "OtherLiabilitiesNoncurrent",
                "unit": "usd",
                "value": 1906000000
            },
            {
                "label": "Total Long-Term Liabilities",
                "concept": "LiabilitiesNoncurrent",
                "unit": "usd",
                "value": 10831000000
            },
            {
                "label": "Redeemable Noncontrolling Interest, Equity, Carrying Amount",
                "concept": "RedeemableNoncontrollingInterestEquityCarryingAmount",
                "unit": "usd",
                "value": 49000000
            },
            {
                "label": "Common stock",
                "concept": "CommonStockValue",
                "unit": "usd",
                "value": 2584000000
            },
            {
                "label": "Reinvested earnings",
                "concept": "RetainedEarningsAccumulatedDeficit",
                "unit": "usd",
                "value": 18553000000
            },
            {
                "label": "Accumulated other comprehensive income (loss)",
                "concept": "AccumulatedOtherComprehensiveIncomeLossNetOfTax",
                "unit": "usd",
                "value": 2242000000
            },
            {
                "label": "Noncontrolling interests",
                "concept": "MinorityInterest",
                "unit": "usd",
                "value": 15000000
            },
            {
                "label": "Total Shareholders' Equity",
                "concept": "StockholdersEquityIncludingPortionAttributableToNoncontrollingInterest",
                "unit": "usd",
                "value": 18910000000
            },
            {
                "label": "Total Liabilities and Shareholders' Equity",
                "concept": "LiabilitiesAndStockholdersEquity",
                "unit": "usd",
                "value": 43151000000
            }
        ],
        "cf": [
            {
                "label": "Depreciation and amortization",
                "concept": "DepreciationDepletionAndAmortization",
                "unit": "usd",
                "value": 245000000
            },
            {
                "label": "Asset impairment charges",
                "concept": "ImpairmentOfLongLivedAssetsHeldForUse",
                "unit": "usd",
                "value": 9000000
            },
            {
                "label": "Deferred income taxes",
                "concept": "DeferredIncomeTaxExpenseBenefit",
                "unit": "usd",
                "value": 39000000
            },
            {
                "label": "Equity in earnings of affiliates, net of dividends",
                "concept": "IncomeLossFromEquityMethodInvestmentsNetOfDividendsOrDistributions",
                "unit": "usd",
                "value": 4000000
            },
            {
                "label": "Stock compensation expense",
                "concept": "ShareBasedCompensation",
                "unit": "usd",
                "value": 43000000
            },
            {
                "label": "Deferred cash flow hedges",
                "concept": "adm:DeferredCashFlowHedges",
                "unit": "usd",
                "value": 77000000
            },
            {
                "label": "Gain (Loss) on Disposition of Assets",
                "concept": "GainLossOnDispositionOfAssets1",
                "unit": "usd",
                "value": 15000000
            },
            {
                "label": "Other - net",
                "concept": "OtherNoncashIncomeExpense",
                "unit": "usd",
                "value": 8000000
            },
            {
                "label": "Segregated cash and investments",
                "concept": "IncreaseDecreaseInRestrictedCashForOperatingActivities",
                "unit": "usd",
                "value": 28000000
            },
            {
                "label": "Trade receivables",
                "concept": "IncreaseDecreaseInAccountsReceivable",
                "unit": "usd",
                "value": 34000000
            },
            {
                "label": "Inventories",
                "concept": "IncreaseDecreaseInInventories",
                "unit": "usd",
                "value": 166000000
            },
            {
                "label": "Increase (Decrease) in Accounts Receivable from Securitization",
                "concept": "IncreaseDecreaseInAccountsReceivableFromSecuritization",
                "unit": "usd",
                "value": 1778000000
            },
            {
                "label": "Other current assets",
                "concept": "IncreaseDecreaseInOtherCurrentAssets",
                "unit": "usd",
                "value": 495000000
            },
            {
                "label": "Trade payables",
                "concept": "IncreaseDecreaseInAccountsPayableTrade",
                "unit": "usd",
                "value": 260000000
            },
            {
                "label": "Increase (Decrease) in Payables to Brokerage Customers",
                "concept": "IncreaseDecreaseInPayablesToCustomers",
                "unit": "usd",
                "value": 27000000
            },
            {
                "label": "Accrued expenses and other payables",
                "concept": "IncreaseDecreaseInOtherAccountsPayableAndAccruedLiabilities",
                "unit": "usd",
                "value": 169000000
            },
            {
                "label": "Total Operating Activities",
                "concept": "NetCashProvidedByUsedInOperatingActivities",
                "unit": "usd",
                "value": 2035000000
            },
            {
                "label": "Purchases of property, plant, and equipment",
                "concept": "PaymentsToAcquirePropertyPlantAndEquipment",
                "unit": "usd",
                "value": 198000000
            },
            {
                "label": "Proceeds from sale of business and assets",
                "concept": "adm:Proceedsfromsaleofbusinessandassets",
                "unit": "usd",
                "value": 18000000
            },
            {
                "label": "Net assets of businesses acquired",
                "concept": "PaymentsToAcquireBusinessesNetOfCashAcquired",
                "unit": "usd",
                "value": 1876000000
            },
            {
                "label": "Proceeds from sales of marketable securities",
                "concept": "ProceedsFromSaleAndMaturityOfAvailableForSaleSecurities",
                "unit": "usd",
                "value": 50000000
            },
            {
                "label": "Payments to Acquire Interest in Subsidiaries and Affiliates",
                "concept": "PaymentsToAcquireInterestInSubsidiariesAndAffiliates",
                "unit": "usd",
                "value": 9000000
            },
            {
                "label": "Payments to Acquire Retained Interest in Securitized Receivables",
                "concept": "PaymentsToAcquireRetainedInterestInSecuritizedReceivables",
                "unit": "usd",
                "value": 1313000000
            },
            {
                "label": "Other - net",
                "concept": "PaymentsForProceedsFromOtherInvestingActivities",
                "unit": "usd",
                "value": 34000000
            },
            {
                "label": "Total Investing Activities",
                "concept": "NetCashProvidedByUsedInInvestingActivities",
                "unit": "usd",
                "value": 271000000
            },
            {
                "label": "Long-term debt payments",
                "concept": "RepaymentsOfLongTermDebt",
                "unit": "usd",
                "value": 4000000
            },
            {
                "label": "Net borrowings (payments) under lines of credit agreements",
                "concept": "ProceedsFromRepaymentsOfShortTermDebt",
                "unit": "usd",
                "value": 1309000000
            },
            {
                "label": "Cash dividends",
                "concept": "PaymentsOfDividends",
                "unit": "usd",
                "value": 198000000
            },
            {
                "label": "Other - net",
                "concept": "ProceedsFromPaymentsForOtherFinancingActivities",
                "unit": "usd",
                "value": 42000000
            },
            {
                "label": "Total Financing Activities",
                "concept": "NetCashProvidedByUsedInFinancingActivities",
                "unit": "usd",
                "value": 1065000000
            },
            {
                "label": "Cash, Cash Equivalents, Restricted Cash and Restricted Cash Equivalents, Period Increase (Decrease), Including Exchange Rate Effect",
                "concept": "CashCashEquivalentsRestrictedCashAndRestrictedCashEquivalentsPeriodIncreaseDecreaseIncludingExchangeRateEffect",
                "unit": "usd",
                "value": 1241000000
            },
            {
                "label": "Noncash or Part Noncash Acquisition, Investments Acquired",
                "concept": "NoncashOrPartNoncashAcquisitionInvestmentsAcquired1",
                "unit": "usd",
                "value": 1831000000
            }
        ],
        "ic": [
            {
                "label": "Gross Profit",
                "concept": "GrossProfit",
                "unit": "usd",
                "value": 928000000
            },
            {
                "label": "Selling, general, and administrative expenses",
                "concept": "SellingGeneralAndAdministrativeExpense",
                "unit": "usd",
                "value": 659000000
            },
            {
                "label": "Equity in (earnings) losses of unconsolidated affiliates",
                "concept": "IncomeLossFromEquityMethodInvestments",
                "unit": "usd",
                "value": 101000000
            },
            {
                "label": "Interest income",
                "concept": "InvestmentIncomeInterestAndDividend",
                "unit": "usd",
                "value": 49000000
            },
            {
                "label": "Earnings Before Income Taxes",
                "concept": "IncomeLossFromContinuingOperationsBeforeIncomeTaxesExtraordinaryItemsNoncontrollingInterest",
                "unit": "usd",
                "value": 315000000
            },
            {
                "label": "Income taxes",
                "concept": "IncomeTaxExpenseBenefit",
                "unit": "usd",
                "value": 81000000
            },
            {
                "label": "Net earnings including noncontrolling interests",
                "concept": "ProfitLoss",
                "unit": "usd",
                "value": 234000000
            },
            {
                "label": "Less: Net earnings (losses) attributable to noncontrolling interests",
                "concept": "NetIncomeLossAttributableToNoncontrollingInterest",
                "unit": "usd",
                "value": 1000000
            },
            {
                "label": "Net Earnings Attributable to Controlling Interests",
                "concept": "NetIncomeLoss",
                "unit": "usd",
                "value": 233000000
            },
            {
                "label": "Average number of shares outstanding - basic",
                "concept": "WeightedAverageNumberOfSharesOutstandingBasic",
                "unit": "shares",
                "value": 565000000
            },
            {
                "label": "Average number of shares outstanding - diluted",
                "concept": "WeightedAverageNumberOfDilutedSharesOutstanding",
                "unit": "shares",
                "value": 566000000
            },
            {
                "label": "Earnings Per Share, Basic",
                "concept": "EarningsPerShareBasic",
                "unit": "usd/shares",
                "value": 0.41
            },
            {
                "label": "Earnings Per Share, Diluted",
                "concept": "EarningsPerShareDiluted",
                "unit": "usd/shares",
                "value": 0.41
            },
            {
                "label": "Dividends per common share",
                "concept": "CommonStockDividendsPerShareDeclared",
                "unit": "usd/shares",
                "value": 0.35
            }
        ]
    }
}