{
    "startDate": "2019-02-03",
    "endDate": "2019-05-04",
    "year": "2019",
    "quarter": "Q1",
    "symbol": "CAL",
    "data": {
        "bs": [
            {
                "label": "Cash and cash equivalents",
                "concept": "CashAndCashEquivalentsAtCarryingValue",
                "unit": "usd",
                "value": 35778000
            },
            {
                "label": "Receivables, net",
                "concept": "ReceivablesNetCurrent",
                "unit": "usd",
                "value": 148487000
            },
            {
                "label": "Inventories, net",
                "concept": "InventoryNet",
                "unit": "usd",
                "value": 648145000
            },
            {
                "label": "Prepaid expenses and other current assets",
                "concept": "PrepaidExpenseAndOtherAssets",
                "unit": "usd",
                "value": 54902000
            },
            {
                "label": "Total current assets",
                "concept": "AssetsCurrent",
                "unit": "usd",
                "value": 887312000
            },
            {
                "label": "Other assets",
                "concept": "OtherAssetsNoncurrent",
                "unit": "usd",
                "value": 85711000
            },
            {
                "label": "Lease right-of-use assets",
                "concept": "OperatingLeaseRightOfUseAsset",
                "unit": "usd",
                "value": 735282000
            },
            {
                "label": "Property and equipment",
                "concept": "PropertyPlantAndEquipmentGross",
                "unit": "usd",
                "value": 592670000
            },
            {
                "label": "Allowance for depreciation",
                "concept": "AccumulatedDepreciationDepletionAndAmortizationPropertyPlantAndEquipment",
                "unit": "usd",
                "value": 356413000
            },
            {
                "label": "Property and equipment, net",
                "concept": "PropertyPlantAndEquipmentNet",
                "unit": "usd",
                "value": 236257000
            },
            {
                "label": "Total assets",
                "concept": "Assets",
                "unit": "usd",
                "value": 2493070000
            },
            {
                "label": "Borrowings under revolving credit agreement",
                "concept": "LinesOfCreditCurrent",
                "unit": "usd",
                "value": 318000000
            },
            {
                "label": "Trade accounts payable",
                "concept": "AccountsPayableCurrent",
                "unit": "usd",
                "value": 289071000
            },
            {
                "label": "Lease Obligations",
                "concept": "OperatingLeaseLiabilityCurrent",
                "unit": "usd",
                "value": 136005000
            },
            {
                "label": "Other accrued expenses",
                "concept": "AccruedLiabilitiesCurrent",
                "unit": "usd",
                "value": 168224000
            },
            {
                "label": "Total current liabilities",
                "concept": "LiabilitiesCurrent",
                "unit": "usd",
                "value": 911300000
            },
            {
                "label": "Noncurrent Lease Obligations",
                "concept": "OperatingLeaseLiabilityNoncurrent",
                "unit": "usd",
                "value": 662750000
            },
            {
                "label": "Long-term debt",
                "concept": "SeniorLongTermNotes",
                "unit": "usd",
                "value": 198046000
            },
            {
                "label": "Deferred rent",
                "concept": "DeferredRentCreditNoncurrent",
                "unit": "usd",
                "value": 0
            },
            {
                "label": "Other liabilities",
                "concept": "OtherLiabilitiesNoncurrent",
                "unit": "usd",
                "value": 92342000
            },
            {
                "label": "Total other liabilities",
                "concept": "LiabilitiesNoncurrent",
                "unit": "usd",
                "value": 953138000
            },
            {
                "label": "Common stock",
                "concept": "CommonStockValue",
                "unit": "usd",
                "value": 422000
            },
            {
                "label": "Additional paid-in capital",
                "concept": "AdditionalPaidInCapitalCommonStock",
                "unit": "usd",
                "value": 146641000
            },
            {
                "label": "Accumulated other comprehensive loss",
                "concept": "AccumulatedOtherComprehensiveIncomeLossNetOfTax",
                "unit": "usd",
                "value": -31873000
            },
            {
                "label": "Retained earnings",
                "concept": "RetainedEarningsAccumulatedDeficit",
                "unit": "usd",
                "value": 512046000
            },
            {
                "label": "Total Caleres, Inc. shareholders\u2019 equity",
                "concept": "StockholdersEquity",
                "unit": "usd",
                "value": 627236000
            },
            {
                "label": "Noncontrolling interests",
                "concept": "MinorityInterest",
                "unit": "usd",
                "value": 1396000
            },
            {
                "label": "Total equity",
                "concept": "StockholdersEquityIncludingPortionAttributableToNoncontrollingInterest",
                "unit": "usd",
                "value": 628632000
            },
            {
                "label": "Total liabilities and equity",
                "concept": "LiabilitiesAndStockholdersEquity",
                "unit": "usd",
                "value": 2493070000
            }
        ],
        "cf": [
            {
                "label": "Depreciation",
                "concept": "Depreciation",
                "unit": "usd",
                "value": 11434000
            },
            {
                "label": "Amortization of capitalized software",
                "concept": "OtherDepreciationAndAmortization",
                "unit": "usd",
                "value": 1733000
            },
            {
                "label": "Amortization of intangible assets",
                "concept": "AmortizationOfIntangibleAssets",
                "unit": "usd",
                "value": 3265000
            },
            {
                "label": "Amortization of debt issuance costs and debt discount",
                "concept": "AmortizationOfFinancingCostsAndDiscounts",
                "unit": "usd",
                "value": 791000
            },
            {
                "label": "Share-based compensation expense",
                "concept": "ShareBasedCompensation",
                "unit": "usd",
                "value": 3314000
            },
            {
                "label": "Loss on disposal of property and equipment",
                "concept": "GainLossOnDispositionOfAssets",
                "unit": "usd",
                "value": -136000
            },
            {
                "label": "Impairment charges for property, equipment and lease right-of-use assets",
                "concept": "AssetImpairmentCharges",
                "unit": "usd",
                "value": 1194000
            },
            {
                "label": "Provision for doubtful accounts",
                "concept": "ProvisionForDoubtfulAccounts",
                "unit": "usd",
                "value": 117000
            },
            {
                "label": "Deferred rent",
                "concept": "DeferredRevenuePeriodIncreaseDecrease",
                "unit": "usd",
                "value": 0
            },
            {
                "label": "Receivables",
                "concept": "IncreaseDecreaseInReceivables",
                "unit": "usd",
                "value": -43117000
            },
            {
                "label": "Inventories",
                "concept": "IncreaseDecreaseInInventories",
                "unit": "usd",
                "value": -38492000
            },
            {
                "label": "Prepaid expenses and other current and noncurrent assets",
                "concept": "IncreaseDecreaseInPrepaidDeferredExpenseAndOtherAssets",
                "unit": "usd",
                "value": 6935000
            },
            {
                "label": "Trade accounts payable",
                "concept": "IncreaseDecreaseInAccountsPayableTrade",
                "unit": "usd",
                "value": -27315000
            },
            {
                "label": "Accrued expenses and other liabilities",
                "concept": "IncreaseDecreaseInOtherAccountsPayableAndAccruedLiabilities",
                "unit": "usd",
                "value": -27836000
            },
            {
                "label": "Other, net",
                "concept": "OtherOperatingActivitiesCashFlowStatement",
                "unit": "usd",
                "value": -682000
            },
            {
                "label": "Net cash provided by operating activities",
                "concept": "NetCashProvidedByUsedInOperatingActivities",
                "unit": "usd",
                "value": 49910000
            },
            {
                "label": "Purchases of property and equipment",
                "concept": "PaymentsToAcquirePropertyPlantAndEquipment",
                "unit": "usd",
                "value": 18443000
            },
            {
                "label": "Capitalized software",
                "concept": "PaymentsForSoftware",
                "unit": "usd",
                "value": 2917000
            },
            {
                "label": "Net cash used for investing activities",
                "concept": "NetCashProvidedByUsedInInvestingActivities",
                "unit": "usd",
                "value": -21360000
            },
            {
                "label": "Borrowings under revolving credit agreement",
                "concept": "ProceedsFromLinesOfCredit",
                "unit": "usd",
                "value": 84000000
            },
            {
                "label": "Repayments under revolving credit agreement",
                "concept": "RepaymentsOfLinesOfCredit",
                "unit": "usd",
                "value": 101000000
            },
            {
                "label": "Dividends paid",
                "concept": "PaymentsOfDividendsCommonStock",
                "unit": "usd",
                "value": 2947000
            },
            {
                "label": "Acquisition of treasury stock",
                "concept": "PaymentsForRepurchaseOfCommonStock",
                "unit": "usd",
                "value": 0
            },
            {
                "label": "Issuance of common stock under share-based plans, net",
                "concept": "PaymentsForRepurchaseOfOtherEquity",
                "unit": "usd",
                "value": 2559000
            },
            {
                "label": "Other",
                "concept": "ProceedsFromPaymentsForOtherFinancingActivities",
                "unit": "usd",
                "value": -394000
            },
            {
                "label": "Net cash used for financing activities",
                "concept": "NetCashProvidedByUsedInFinancingActivities",
                "unit": "usd",
                "value": -22900000
            },
            {
                "label": "Effect of exchange rate changes on cash and cash equivalents",
                "concept": "EffectOfExchangeRateOnCashAndCashEquivalents",
                "unit": "usd",
                "value": -72000
            },
            {
                "label": "Increase in cash and cash equivalents",
                "concept": "CashAndCashEquivalentsPeriodIncreaseDecrease",
                "unit": "usd",
                "value": 5578000
            }
        ],
        "ic": [
            {
                "label": "Gross profit",
                "concept": "GrossProfit",
                "unit": "usd",
                "value": 279836000
            },
            {
                "label": "Operating earnings",
                "concept": "OperatingIncomeLoss",
                "unit": "usd",
                "value": 16869000
            },
            {
                "label": "Income tax provision",
                "concept": "IncomeTaxExpenseBenefit",
                "unit": "usd",
                "value": 3063000
            },
            {
                "label": "Net earnings",
                "concept": "IncomeLossFromContinuingOperationsIncludingPortionAttributableToNoncontrollingInterest",
                "unit": "usd",
                "value": 9085000
            },
            {
                "label": "Net earnings (loss) attributable to noncontrolling interests",
                "concept": "NetIncomeLossAttributableToNoncontrollingInterest",
                "unit": "usd",
                "value": 2000
            },
            {
                "label": "Net earnings attributable to Caleres, Inc.",
                "concept": "NetIncomeLoss",
                "unit": "usd",
                "value": 9083000
            },
            {
                "label": "Basic earnings per common share attributable to Caleres, Inc. shareholders",
                "concept": "EarningsPerShareBasic",
                "unit": "usd/shares",
                "value": 0.22
            },
            {
                "label": "Diluted earnings per common share attributable to Caleres, Inc. shareholders",
                "concept": "EarningsPerShareDiluted",
                "unit": "usd/shares",
                "value": 0.22
            }
        ]
    }
}