{
    "startDate": "2019-02-03",
    "endDate": "2019-05-04",
    "year": "2019",
    "quarter": "Q2",
    "symbol": "ADI",
    "data": {
        "bs": [
            {
                "label": "Cash and cash equivalents",
                "concept": "CashAndCashEquivalentsAtCarryingValue",
                "unit": "usd",
                "value": 713601000
            },
            {
                "label": "Accounts receivable",
                "concept": "AccountsReceivableNetCurrent",
                "unit": "usd",
                "value": 685978000
            },
            {
                "label": "Inventories",
                "concept": "InventoryNet",
                "unit": "usd",
                "value": 608085000
            },
            {
                "label": "Prepaid income tax",
                "concept": "PrepaidTaxes",
                "unit": "usd",
                "value": 2935000
            },
            {
                "label": "Prepaid expenses and other current assets",
                "concept": "PrepaidExpenseAndOtherAssetsCurrent",
                "unit": "usd",
                "value": 69890000
            },
            {
                "label": "Total current assets",
                "concept": "AssetsCurrent",
                "unit": "usd",
                "value": 2080489000
            },
            {
                "label": "Land and buildings",
                "concept": "adi:LandAndBuildingsGross",
                "unit": "usd",
                "value": 903378000
            },
            {
                "label": "Machinery and equipment",
                "concept": "MachineryAndEquipmentGross",
                "unit": "usd",
                "value": 2560573000
            },
            {
                "label": "Office equipment",
                "concept": "FurnitureAndFixturesGross",
                "unit": "usd",
                "value": 82706000
            },
            {
                "label": "Leasehold improvements",
                "concept": "LeaseholdImprovementsGross",
                "unit": "usd",
                "value": 147253000
            },
            {
                "label": "Property, Plant and Equipment, at Cost",
                "concept": "PropertyPlantAndEquipmentGross",
                "unit": "usd",
                "value": 3693910000
            },
            {
                "label": "Less accumulated depreciation and amortization",
                "concept": "AccumulatedDepreciationDepletionAndAmortizationPropertyPlantAndEquipment",
                "unit": "usd",
                "value": 2482443000
            },
            {
                "label": "Net property, plant and equipment",
                "concept": "PropertyPlantAndEquipmentNet",
                "unit": "usd",
                "value": 1211467000
            },
            {
                "label": "Deferred compensation plan investments",
                "concept": "DeferredCompensationPlanAssets",
                "unit": "usd",
                "value": 42661000
            },
            {
                "label": "Other investments",
                "concept": "LongTermInvestments",
                "unit": "usd",
                "value": 31616000
            },
            {
                "label": "Goodwill",
                "concept": "Goodwill",
                "unit": "usd",
                "value": 12250370000
            },
            {
                "label": "Intangible assets, net",
                "concept": "IntangibleAssetsNetExcludingGoodwill",
                "unit": "usd",
                "value": 4489182000
            },
            {
                "label": "Deferred tax assets",
                "concept": "DeferredIncomeTaxAssetsNet",
                "unit": "usd",
                "value": 1610109000
            },
            {
                "label": "Other assets",
                "concept": "OtherAssetsNoncurrent",
                "unit": "usd",
                "value": 60431000
            },
            {
                "label": "Total other assets",
                "concept": "AssetsNoncurrent",
                "unit": "usd",
                "value": 18484369000
            },
            {
                "label": "Total assets",
                "concept": "Assets",
                "unit": "usd",
                "value": 21776325000
            },
            {
                "label": "Accounts payable",
                "concept": "AccountsPayableCurrent",
                "unit": "usd",
                "value": 208243000
            },
            {
                "label": "Income taxes payable",
                "concept": "AccruedIncomeTaxesCurrent",
                "unit": "usd",
                "value": 124356000
            },
            {
                "label": "Debt, current",
                "concept": "DebtCurrent",
                "unit": "usd",
                "value": 374165000
            },
            {
                "label": "Accrued liabilities",
                "concept": "AccruedLiabilitiesCurrent",
                "unit": "usd",
                "value": 658271000
            },
            {
                "label": "Total current liabilities",
                "concept": "LiabilitiesCurrent",
                "unit": "usd",
                "value": 1365035000
            },
            {
                "label": "Long-term debt",
                "concept": "UnsecuredLongTermDebt",
                "unit": "usd",
                "value": 5612365000
            },
            {
                "label": "Deferred income taxes",
                "concept": "DeferredIncomeTaxLiabilitiesNet",
                "unit": "usd",
                "value": 2228822000
            },
            {
                "label": "Deferred compensation plan liability",
                "concept": "DeferredCompensationLiabilityClassifiedNoncurrent",
                "unit": "usd",
                "value": 42661000
            },
            {
                "label": "Income taxes payable",
                "concept": "adi:TaxesPayableNoncurrent",
                "unit": "usd",
                "value": 647714000
            },
            {
                "label": "Other non-current liabilities",
                "concept": "OtherLiabilitiesNoncurrent",
                "unit": "usd",
                "value": 137470000
            },
            {
                "label": "Total non-current liabilities",
                "concept": "LiabilitiesNoncurrent",
                "unit": "usd",
                "value": 8669032000
            },
            {
                "label": "Commitments and contingencies",
                "concept": "CommitmentsAndContingencies",
                "unit": "usd",
                "value": "N/A"
            },
            {
                "label": "Preferred stock, $1.00 par value, 471,934 shares authorized, none outstanding",
                "concept": "PreferredStockValue",
                "unit": "usd",
                "value": "N/A"
            },
            {
                "label": "Common stock, $0.16 2/3 par value, 1,200,000,000 shares authorized, 369,761,227 shares outstanding (370,159,553 on November 3, 2018)",
                "concept": "CommonStockValue",
                "unit": "usd",
                "value": 61628000
            },
            {
                "label": "Capital in excess of par value",
                "concept": "AdditionalPaidInCapitalCommonStock",
                "unit": "usd",
                "value": 5117202000
            },
            {
                "label": "Retained earnings",
                "concept": "RetainedEarningsAccumulatedDeficit",
                "unit": "usd",
                "value": 6659449000
            },
            {
                "label": "Accumulated other comprehensive loss",
                "concept": "AccumulatedOtherComprehensiveIncomeLossNetOfTax",
                "unit": "usd",
                "value": 96021000
            },
            {
                "label": "Total shareholders\u2019 equity",
                "concept": "StockholdersEquity",
                "unit": "usd",
                "value": 11742258000
            },
            {
                "label": "Liabilities and Shareholders' Equity",
                "concept": "LiabilitiesAndStockholdersEquity",
                "unit": "usd",
                "value": 21776325000
            }
        ],
        "cf": [],
        "ic": [
            {
                "label": "Revenue",
                "concept": "RevenueFromContractWithCustomerExcludingAssessedTax",
                "unit": "usd",
                "value": 1526602000
            },
            {
                "label": "Cost of sales",
                "concept": "CostOfRevenue",
                "unit": "usd",
                "value": 492510000
            },
            {
                "label": "Gross margin",
                "concept": "GrossProfit",
                "unit": "usd",
                "value": 1034092000
            },
            {
                "label": "Research and development",
                "concept": "ResearchAndDevelopmentExpense",
                "unit": "usd",
                "value": 285846000
            },
            {
                "label": "Selling, marketing, general and administrative",
                "concept": "SellingGeneralAndAdministrativeExpense",
                "unit": "usd",
                "value": 163128000
            },
            {
                "label": "Amortization of intangibles",
                "concept": "adi:Operatingexpensesamortizationofintangibles",
                "unit": "usd",
                "value": 107261000
            },
            {
                "label": "Special charges",
                "concept": "RestructuringCharges",
                "unit": "usd",
                "value": 8162000
            },
            {
                "label": "Total operating expenses",
                "concept": "OperatingExpenses",
                "unit": "usd",
                "value": 564397000
            },
            {
                "label": "Operating income",
                "concept": "OperatingIncomeLoss",
                "unit": "usd",
                "value": 469695000
            },
            {
                "label": "Interest expense",
                "concept": "InterestExpense",
                "unit": "usd",
                "value": 59701000
            },
            {
                "label": "Interest income",
                "concept": "InvestmentIncomeInterest",
                "unit": "usd",
                "value": 2928000
            },
            {
                "label": "Other, net",
                "concept": "OtherNonoperatingIncomeExpense",
                "unit": "usd",
                "value": 4525000
            },
            {
                "label": "Nonoperating expense (income)",
                "concept": "NonoperatingIncomeExpense",
                "unit": "usd",
                "value": 61298000
            },
            {
                "label": "Income before income taxes",
                "concept": "IncomeLossFromContinuingOperationsBeforeIncomeTaxesMinorityInterestAndIncomeLossFromEquityMethodInvestments",
                "unit": "usd",
                "value": 408397000
            },
            {
                "label": "Provision for income taxes",
                "concept": "IncomeTaxExpenseBenefit",
                "unit": "usd",
                "value": 40460000
            },
            {
                "label": "Net income",
                "concept": "NetIncomeLoss",
                "unit": "usd",
                "value": 367937000
            },
            {
                "label": "Shares used to compute earnings per common share \u2013 basic (in shares)",
                "concept": "WeightedAverageNumberOfSharesOutstandingBasic",
                "unit": "shares",
                "value": 369246000
            },
            {
                "label": "Shares used to compute earnings per common share \u2013 diluted (in shares)",
                "concept": "WeightedAverageNumberOfDilutedSharesOutstanding",
                "unit": "shares",
                "value": 373342000
            },
            {
                "label": "Basic earnings per common share (in dollars per share)",
                "concept": "EarningsPerShareBasic",
                "unit": "usd/shares",
                "value": 0.99
            },
            {
                "label": "Diluted earnings per common share (in dollars per share)",
                "concept": "EarningsPerShareDiluted",
                "unit": "usd/shares",
                "value": 0.98
            }
        ]
    }
}