{
    "startDate": "2019-01-01",
    "endDate": "2019-03-31",
    "year": "2019",
    "quarter": "Q1",
    "symbol": "DLX",
    "data": {
        "bs": [
            {
                "label": "Trade accounts receivable, net of allowances for uncollectible accounts",
                "concept": "AccountsReceivableNetCurrent",
                "unit": "usd",
                "value": 156840000
            },
            {
                "label": "Inventories and supplies",
                "concept": "InventoryNet",
                "unit": "usd",
                "value": 45052000
            },
            {
                "label": "Funds held for customers",
                "concept": "FundsHeldForClients",
                "unit": "usd",
                "value": 92954000
            },
            {
                "label": "Revenue in excess of billings",
                "concept": "dlx:Revenueinexcessofbillingscurrent",
                "unit": "usd",
                "value": 33911000
            },
            {
                "label": "Other current assets",
                "concept": "OtherAssetsCurrent",
                "unit": "usd",
                "value": 40862000
            },
            {
                "label": "Total current assets",
                "concept": "AssetsCurrent",
                "unit": "usd",
                "value": 431148000
            },
            {
                "label": "Deferred income taxes",
                "concept": "DeferredIncomeTaxAssetsNet",
                "unit": "usd",
                "value": 4102000
            },
            {
                "label": "Long-term investments",
                "concept": "LongTermInvestments",
                "unit": "usd",
                "value": 44422000
            },
            {
                "label": "Property, plant and equipment (net of accumulated depreciation of $371,323 and $367,205, respectively)",
                "concept": "PropertyPlantAndEquipmentNet",
                "unit": "usd",
                "value": 89926000
            },
            {
                "label": "Intangibles (net of accumulated amortization of $563,511 and $535,627, respectively)",
                "concept": "IntangibleAssetsNetExcludingGoodwill",
                "unit": "usd",
                "value": 339639000
            },
            {
                "label": "Goodwill",
                "concept": "Goodwill",
                "unit": "usd",
                "value": 1160821000
            },
            {
                "label": "Assets held for sale",
                "concept": "DisposalGroupIncludingDiscontinuedOperationAssetsNoncurrent",
                "unit": "usd",
                "value": 1350000
            },
            {
                "label": "Other non-current assets",
                "concept": "OtherAssetsNoncurrent",
                "unit": "usd",
                "value": 202509000
            },
            {
                "label": "Total assets",
                "concept": "Assets",
                "unit": "usd",
                "value": 2322411000
            },
            {
                "label": "Accounts payable",
                "concept": "AccountsPayableCurrent",
                "unit": "usd",
                "value": 91781000
            },
            {
                "label": "Accrued liabilities",
                "concept": "AccruedLiabilitiesCurrent",
                "unit": "usd",
                "value": 264668000
            },
            {
                "label": "Long-term debt due within one year",
                "concept": "CapitalLeaseObligationsCurrent",
                "unit": "usd",
                "value": "N/A"
            },
            {
                "label": "Total current liabilities",
                "concept": "LiabilitiesCurrent",
                "unit": "usd",
                "value": 356449000
            },
            {
                "label": "Deferred income taxes",
                "concept": "DeferredIncomeTaxLiabilitiesNet",
                "unit": "usd",
                "value": 49567000
            },
            {
                "label": "Other non-current liabilities",
                "concept": "LiabilitiesOtherThanLongtermDebtNoncurrent",
                "unit": "usd",
                "value": 36745000
            },
            {
                "label": "Commitments and contingencies (Notes 13 and 14)",
                "concept": "CommitmentsAndContingencies",
                "unit": "usd",
                "value": "N/A"
            },
            {
                "label": "Common shares $1 par value (authorized: 500,000 shares; outstanding: March 31, 2019 - 43,638; December 31, 2018 - 44,647)",
                "concept": "CommonStockValue",
                "unit": "usd",
                "value": 43638000
            },
            {
                "label": "Retained earnings",
                "concept": "RetainedEarningsAccumulatedDeficit",
                "unit": "usd",
                "value": 908614000
            },
            {
                "label": "Accumulated other comprehensive loss",
                "concept": "AccumulatedOtherComprehensiveIncomeLossNetOfTax",
                "unit": "usd",
                "value": 54689000
            },
            {
                "label": "Total shareholders' equity",
                "concept": "StockholdersEquity",
                "unit": "usd",
                "value": 897563000
            },
            {
                "label": "Total liabilities and shareholders' equity",
                "concept": "LiabilitiesAndStockholdersEquity",
                "unit": "usd",
                "value": 2322411000
            }
        ],
        "cf": [
            {
                "label": "Net income",
                "concept": "NetIncomeLoss",
                "unit": "usd",
                "value": 41190000
            },
            {
                "label": "Depreciation",
                "concept": "Depreciation",
                "unit": "usd",
                "value": 4245000
            },
            {
                "label": "Amortization of intangibles",
                "concept": "AdjustmentForAmortization",
                "unit": "usd",
                "value": 28174000
            },
            {
                "label": "Amortization of operating lease assets",
                "concept": "dlx:Amortizationofoperatingleaseassets",
                "unit": "usd",
                "value": 4030000
            },
            {
                "label": "Asset impairment charges",
                "concept": "AssetImpairmentCharges",
                "unit": "usd",
                "value": "N/A"
            },
            {
                "label": "Amortization of prepaid product discounts",
                "concept": "dlx:Amortizationofprepaidproductdiscounts",
                "unit": "usd",
                "value": 5757000
            },
            {
                "label": "Deferred income taxes",
                "concept": "DeferredIncomeTaxExpenseBenefit",
                "unit": "usd",
                "value": 1640000
            },
            {
                "label": "Employee share-based compensation expense",
                "concept": "ShareBasedCompensation",
                "unit": "usd",
                "value": 3760000
            },
            {
                "label": "Loss (gain) on sales of businesses and customer lists",
                "concept": "GainLossOnDispositionOfAssets1",
                "unit": "usd",
                "value": 99000
            },
            {
                "label": "Other non-cash items, net",
                "concept": "OtherNoncashIncomeExpense",
                "unit": "usd",
                "value": 3038000
            },
            {
                "label": "Trade accounts receivable",
                "concept": "IncreaseDecreaseInAccountsReceivable",
                "unit": "usd",
                "value": 15927000
            },
            {
                "label": "Inventories and supplies",
                "concept": "IncreaseDecreaseInInventories",
                "unit": "usd",
                "value": 1322000
            },
            {
                "label": "Other current assets",
                "concept": "IncreaseDecreaseInOtherCurrentAssets",
                "unit": "usd",
                "value": 6231000
            },
            {
                "label": "Non-current assets",
                "concept": "IncreaseDecreaseInOtherNoncurrentAssets",
                "unit": "usd",
                "value": 1557000
            },
            {
                "label": "Accounts payable",
                "concept": "IncreaseDecreaseInAccountsPayable",
                "unit": "usd",
                "value": 15069000
            },
            {
                "label": "Prepaid product discount payments",
                "concept": "dlx:Prepaidproductdiscountpayments",
                "unit": "usd",
                "value": 9189000
            },
            {
                "label": "Other accrued and non-current liabilities",
                "concept": "IncreaseDecreaseInOtherOperatingLiabilities",
                "unit": "usd",
                "value": 31737000
            },
            {
                "label": "Net cash provided by operating activities",
                "concept": "NetCashProvidedByUsedInOperatingActivitiesContinuingOperations",
                "unit": "usd",
                "value": 45399000
            },
            {
                "label": "Purchases of capital assets",
                "concept": "PaymentsToAcquireProductiveAssets",
                "unit": "usd",
                "value": 14619000
            },
            {
                "label": "Payments for acquisitions, net of cash acquired",
                "concept": "PaymentsToAcquireBusinessesNetOfCashAcquired",
                "unit": "usd",
                "value": 444000
            },
            {
                "label": "Purchases of customer funds marketable securities",
                "concept": "PaymentsToAcquireMarketableSecurities",
                "unit": "usd",
                "value": 42000
            },
            {
                "label": "Proceeds from customer funds marketable securities",
                "concept": "ProceedsFromSaleAndMaturityOfMarketableSecurities",
                "unit": "usd",
                "value": 42000
            },
            {
                "label": "Other",
                "concept": "PaymentsForProceedsFromOtherInvestingActivities",
                "unit": "usd",
                "value": 236000
            },
            {
                "label": "Net cash used by investing activities",
                "concept": "NetCashProvidedByUsedInInvestingActivitiesContinuingOperations",
                "unit": "usd",
                "value": 14827000
            },
            {
                "label": "Proceeds from issuing long-term debt",
                "concept": "ProceedsFromIssuanceOfLongTermDebt",
                "unit": "usd",
                "value": 82500000
            },
            {
                "label": "Payments on long-term debt",
                "concept": "RepaymentsOfLongTermDebt",
                "unit": "usd",
                "value": 46500000
            },
            {
                "label": "Net change in customer funds obligations",
                "concept": "dlx:Netchangeincustomerfundsobligations",
                "unit": "usd",
                "value": 9908000
            },
            {
                "label": "Proceeds from issuing shares under employee plans",
                "concept": "ProceedsFromIssuanceOfSharesUnderIncentiveAndShareBasedCompensationPlansIncludingStockOptions",
                "unit": "usd",
                "value": 1548000
            },
            {
                "label": "Employee taxes paid for shares withheld",
                "concept": "PaymentsRelatedToTaxWithholdingForShareBasedCompensation",
                "unit": "usd",
                "value": 2672000
            },
            {
                "label": "Payments for common shares repurchased",
                "concept": "PaymentsForRepurchaseOfCommonStock",
                "unit": "usd",
                "value": 50000000
            },
            {
                "label": "Cash dividends paid to shareholders",
                "concept": "PaymentsOfDividendsCommonStock",
                "unit": "usd",
                "value": 13118000
            },
            {
                "label": "Other",
                "concept": "ProceedsFromPaymentsForOtherFinancingActivities",
                "unit": "usd",
                "value": 1257000
            },
            {
                "label": "Net cash (used) provided by financing activities",
                "concept": "NetCashProvidedByUsedInFinancingActivitiesContinuingOperations",
                "unit": "usd",
                "value": 39407000
            },
            {
                "label": "Effect of exchange rate change on cash, cash equivalents, restricted cash and restricted cash equivalents",
                "concept": "EffectOfExchangeRateOnCashCashEquivalentsRestrictedCashAndRestrictedCashEquivalents",
                "unit": "usd",
                "value": 2076000
            },
            {
                "label": "Net change in cash, cash equivalents, restricted cash and restricted cash equivalents",
                "concept": "CashCashEquivalentsRestrictedCashAndRestrictedCashEquivalentsPeriodIncreaseDecreaseIncludingExchangeRateEffect",
                "unit": "usd",
                "value": 6759000
            }
        ],
        "ic": [
            {
                "label": "Total revenue",
                "concept": "Revenues",
                "unit": "usd",
                "value": 499065000
            },
            {
                "label": "Total cost of revenue",
                "concept": "CostOfRevenue",
                "unit": "usd",
                "value": 199623000
            },
            {
                "label": "Gross profit",
                "concept": "GrossProfit",
                "unit": "usd",
                "value": 299442000
            },
            {
                "label": "Selling, general and administrative expense",
                "concept": "SellingGeneralAndAdministrativeExpense",
                "unit": "usd",
                "value": 230177000
            },
            {
                "label": "Restructuring and integration expense",
                "concept": "RestructuringCharges",
                "unit": "usd",
                "value": 6283000
            },
            {
                "label": "Asset impairment charges",
                "concept": "AssetImpairmentCharges",
                "unit": "usd",
                "value": "N/A"
            },
            {
                "label": "Operating income",
                "concept": "OperatingIncomeLoss",
                "unit": "usd",
                "value": 63773000
            },
            {
                "label": "Interest expense",
                "concept": "InterestExpense",
                "unit": "usd",
                "value": 9301000
            },
            {
                "label": "Other income",
                "concept": "NonoperatingIncomeExpense",
                "unit": "usd",
                "value": 1766000
            },
            {
                "label": "Income before income taxes",
                "concept": "IncomeLossFromContinuingOperationsBeforeIncomeTaxesExtraordinaryItemsNoncontrollingInterest",
                "unit": "usd",
                "value": 56238000
            },
            {
                "label": "Income tax provision",
                "concept": "IncomeTaxExpenseBenefit",
                "unit": "usd",
                "value": 15048000
            },
            {
                "label": "Net income",
                "concept": "NetIncomeLoss",
                "unit": "usd",
                "value": 41190000
            },
            {
                "label": "Comprehensive income",
                "concept": "ComprehensiveIncomeNetOfTax",
                "unit": "usd",
                "value": 43080000
            },
            {
                "label": "Basic earnings per share",
                "concept": "EarningsPerShareBasic",
                "unit": "usd/shares",
                "value": 0.93
            },
            {
                "label": "Diluted earnings per share",
                "concept": "EarningsPerShareDiluted",
                "unit": "usd/shares",
                "value": 0.93
            }
        ]
    }
}