{
    "startDate": "2019-01-01",
    "endDate": "2019-03-31",
    "year": "2019",
    "quarter": "Q1",
    "symbol": "R",
    "data": {
        "bs": [
            {
                "label": "Receivables, net",
                "concept": "ReceivablesNetCurrent",
                "unit": "usd",
                "value": 1221769000
            },
            {
                "label": "Prepaid expenses and other current assets",
                "concept": "PrepaidExpenseAndOtherAssetsCurrent",
                "unit": "usd",
                "value": 193147000
            },
            {
                "label": "Total current assets",
                "concept": "AssetsCurrent",
                "unit": "usd",
                "value": 1557785000
            },
            {
                "label": "Revenue earning equipment, net",
                "concept": "r:RevenueEarningEquipmentNetOfAccumulatedDepreciation",
                "unit": "usd",
                "value": 10009161000
            },
            {
                "label": "Operating property and equipment, net",
                "concept": "PropertyPlantAndEquipmentNet",
                "unit": "usd",
                "value": 871524000
            },
            {
                "label": "Total assets",
                "concept": "Assets",
                "unit": "usd",
                "value": 13948985000
            },
            {
                "label": "Accrued expenses and other current liabilities",
                "concept": "AccountsPayableAndOtherAccruedLiabilitiesCurrent",
                "unit": "usd",
                "value": 797298000
            },
            {
                "label": "Total current liabilities",
                "concept": "LiabilitiesCurrent",
                "unit": "usd",
                "value": 2754579000
            },
            {
                "label": "Other non-current liabilities",
                "concept": "OtherLiabilitiesNoncurrent",
                "unit": "usd",
                "value": 1399273000
            },
            {
                "label": "Total liabilities",
                "concept": "Liabilities",
                "unit": "usd",
                "value": 11382181000
            },
            {
                "label": "Accumulated other comprehensive loss",
                "concept": "AccumulatedOtherComprehensiveIncomeLossNetOfTax",
                "unit": "usd",
                "value": -890418000
            },
            {
                "label": "Total shareholders' equity",
                "concept": "StockholdersEquity",
                "unit": "usd",
                "value": 2566804000
            },
            {
                "label": "Total liabilities and shareholders' equity",
                "concept": "LiabilitiesAndStockholdersEquity",
                "unit": "usd",
                "value": 13948985000
            }
        ],
        "cf": [
            {
                "label": "Net cash provided by financing activities from continuing operations",
                "concept": "NetCashProvidedByUsedInFinancingActivitiesContinuingOperations",
                "unit": "usd",
                "value": 434288000
            },
            {
                "label": "Net cash used in investing activities from continuing operations",
                "concept": "NetCashProvidedByUsedInInvestingActivitiesContinuingOperations",
                "unit": "usd",
                "value": -923244000
            }
        ],
        "ic": [
            {
                "label": "Other operating expenses",
                "concept": "r:OtherOperatingExpenses",
                "unit": "usd",
                "value": 33626000
            },
            {
                "label": "Selling, general and administrative expenses",
                "concept": "SellingGeneralAndAdministrativeExpense",
                "unit": "usd",
                "value": 231325000
            },
            {
                "label": "Interest expense",
                "concept": "InterestExpense",
                "unit": "usd",
                "value": 55336000
            },
            {
                "label": "Restructuring and other items, net",
                "concept": "r:RestructuringAndOtherChargesRecoveriesNet",
                "unit": "usd",
                "value": 6178000
            },
            {
                "label": "Earnings from continuing operations before income taxes",
                "concept": "IncomeLossFromContinuingOperationsBeforeIncomeTaxesMinorityInterestAndIncomeLossFromEquityMethodInvestments",
                "unit": "usd",
                "value": 68151000
            },
            {
                "label": "Provision for income taxes",
                "concept": "IncomeTaxExpenseBenefit",
                "unit": "usd",
                "value": 22261000
            },
            {
                "label": "Earnings from continuing operations",
                "concept": "IncomeLossFromContinuingOperations",
                "unit": "usd",
                "value": 45890000
            },
            {
                "label": "Net earnings",
                "concept": "NetIncomeLoss",
                "unit": "usd",
                "value": 45316000
            },
            {
                "label": "Comprehensive income",
                "concept": "ComprehensiveIncomeNetOfTax",
                "unit": "usd",
                "value": 66532000
            },
            {
                "label": "Continuing operations (in dollars per share)",
                "concept": "IncomeLossFromContinuingOperationsPerBasicShare",
                "unit": "usd/shares",
                "value": 0.87
            },
            {
                "label": "Net earnings (in dollars per share)",
                "concept": "EarningsPerShareBasic",
                "unit": "usd/shares",
                "value": 0.86
            },
            {
                "label": "Continuing operations (in dollars per share)",
                "concept": "IncomeLossFromContinuingOperationsPerDilutedShare",
                "unit": "usd/shares",
                "value": 0.87
            },
            {
                "label": "Net earnings (in dollars per share)",
                "concept": "EarningsPerShareDiluted",
                "unit": "usd/shares",
                "value": 0.86
            }
        ]
    }
}