{
    "startDate": "2019-01-01",
    "endDate": "2019-03-31",
    "year": "2019",
    "quarter": "Q1",
    "symbol": "C208",
    "data": {
        "bs": [
            {
                "label": "Cash, Cash Equivalents, Restricted Cash and Restricted Cash Equivalents",
                "concept": "CashCashEquivalentsRestrictedCashAndRestrictedCashEquivalents",
                "unit": "usd",
                "value": 24154000
            },
            {
                "label": "Cash, Cash Equivalents, Restricted Cash and Restricted Cash Equivalents",
                "concept": "CashCashEquivalentsRestrictedCashAndRestrictedCashEquivalents",
                "unit": "usd",
                "value": 24154000
            },
            {
                "label": "Dividends Payable",
                "concept": "DividendsPayableCurrentAndNoncurrent",
                "unit": "usd",
                "value": 105548000
            }
        ],
        "cf": [
            {
                "label": "Net Income (Loss), Including Portion Attributable to Noncontrolling Interest",
                "concept": "ProfitLoss",
                "unit": "usd",
                "value": 26602000
            },
            {
                "label": "Depreciation, Depletion and Amortization",
                "concept": "DepreciationDepletionAndAmortization",
                "unit": "usd",
                "value": 114124000
            },
            {
                "label": "Income (Loss) from Equity Method Investments",
                "concept": "IncomeLossFromEquityMethodInvestments",
                "unit": "usd",
                "value": 49000
            },
            {
                "label": "Other Operating Activities, Cash Flow Statement",
                "concept": "OtherOperatingActivitiesCashFlowStatement",
                "unit": "usd",
                "value": 3910000
            },
            {
                "label": "Increase (Decrease) in Operating Assets",
                "concept": "IncreaseDecreaseInOperatingAssets",
                "unit": "usd",
                "value": -2295000
            },
            {
                "label": "Increase (Decrease) in Operating Liabilities",
                "concept": "IncreaseDecreaseInOperatingLiabilities",
                "unit": "usd",
                "value": -17463000
            },
            {
                "label": "Net Cash Provided by (Used in) Operating Activities",
                "concept": "NetCashProvidedByUsedInOperatingActivities",
                "unit": "usd",
                "value": 137333000
            },
            {
                "label": "Payments for Capital Improvements",
                "concept": "PaymentsForCapitalImprovements",
                "unit": "usd",
                "value": 31264000
            },
            {
                "label": "Proceeds from Equity Method Investment, Dividends or Distributions",
                "concept": "ProceedsFromEquityMethodInvestmentDividendsOrDistributionsReturnOfCapital",
                "unit": "usd",
                "value": 10797000
            },
            {
                "label": "Net Cash Provided by (Used in) Investing Activities",
                "concept": "NetCashProvidedByUsedInInvestingActivities",
                "unit": "usd",
                "value": -459749000
            },
            {
                "label": "Proceeds from (Payments for) Other Financing Activities",
                "concept": "ProceedsFromPaymentsForOtherFinancingActivities",
                "unit": "usd",
                "value": 1706000
            },
            {
                "label": "Net Cash Provided by (Used in) Financing Activities",
                "concept": "NetCashProvidedByUsedInFinancingActivities",
                "unit": "usd",
                "value": 137679000
            },
            {
                "label": "Cash, Cash Equivalents, Restricted Cash and Restricted Cash Equivalents, Period Increase (Decrease), Excluding Exchange Rate Effect",
                "concept": "CashCashEquivalentsRestrictedCashAndRestrictedCashEquivalentsPeriodIncreaseDecreaseExcludingExchangeRateEffect",
                "unit": "usd",
                "value": -184737000
            },
            {
                "label": "Capital Expenditures Incurred but Not yet Paid",
                "concept": "CapitalExpendituresIncurredButNotYetPaid",
                "unit": "usd",
                "value": 10745000
            },
            {
                "label": "Right-of-Use Asset Obtained in Exchange for Operating Lease Liability",
                "concept": "RightOfUseAssetObtainedInExchangeForOperatingLeaseLiability",
                "unit": "usd",
                "value": 94349000
            }
        ],
        "ic": [
            {
                "label": "Operating Leases, Income Statement, Lease Revenue",
                "concept": "OperatingLeaseLeaseIncome",
                "unit": "usd",
                "value": 267922000
            },
            {
                "label": "Direct Costs of Leased and Rented Property or Equipment",
                "concept": "OperatingLeaseInitialDirectCostExpenseOverTerm",
                "unit": "usd",
                "value": 41939000
            },
            {
                "label": "Real Estate Taxes and Insurance",
                "concept": "RealEstateTaxesAndInsurance",
                "unit": "usd",
                "value": 36300000
            },
            {
                "label": "Other Cost and Expense, Operating",
                "concept": "OtherCostAndExpenseOperating",
                "unit": "usd",
                "value": 5646000
            },
            {
                "label": "Depreciation, Nonproduction",
                "concept": "DepreciationNonproduction",
                "unit": "usd",
                "value": 112468000
            },
            {
                "label": "General and Administrative Expense",
                "concept": "GeneralAndAdministrativeExpense",
                "unit": "usd",
                "value": 12467000
            },
            {
                "label": "Costs and Expenses",
                "concept": "CostsAndExpenses",
                "unit": "usd",
                "value": 218179000
            },
            {
                "label": "Operating Income (Loss)",
                "concept": "OperatingIncomeLoss",
                "unit": "usd",
                "value": 52494000
            },
            {
                "label": "Income (Loss) from Equity Method Investments",
                "concept": "IncomeLossFromEquityMethodInvestments",
                "unit": "usd",
                "value": 49000
            },
            {
                "label": "Interest Expense, Debt",
                "concept": "InterestExpenseDebt",
                "unit": "usd",
                "value": 33542000
            },
            {
                "label": "Net Income (Loss), Including Portion Attributable to Noncontrolling Interest",
                "concept": "ProfitLoss",
                "unit": "usd",
                "value": 26602000
            }
        ]
    }
}