{
    "startDate": "2018-12-29",
    "endDate": "2019-03-29",
    "year": "2019",
    "quarter": "Q2",
    "symbol": "IEC",
    "data": {
        "bs": [
            {
                "label": "Unbilled contract revenue",
                "concept": "ContractWithCustomerAssetNetCurrent",
                "unit": "usd",
                "value": 6043000
            },
            {
                "label": "Accumulated deficit",
                "concept": "RetainedEarningsAccumulatedDeficit",
                "unit": "usd",
                "value": -18280000
            }
        ],
        "cf": [],
        "ic": [
            {
                "label": "Revenues",
                "concept": "RevenueFromContractWithCustomerExcludingAssessedTax",
                "unit": "usd",
                "value": 37294000
            },
            {
                "label": "Cost of sales",
                "concept": "CostOfGoodsAndServicesSold",
                "unit": "usd",
                "value": 32708000
            },
            {
                "label": "Gross profit",
                "concept": "GrossProfit",
                "unit": "usd",
                "value": 4586000
            },
            {
                "label": "Income tax expense/(benefit)",
                "concept": "IncomeTaxExpenseBenefit",
                "unit": "usd",
                "value": 203000
            }
        ]
    }
}