{
    "startDate": "2018-12-24",
    "endDate": "2019-03-31",
    "year": "2019",
    "quarter": "Q3",
    "symbol": "LRCX",
    "data": {
        "bs": [
            {
                "label": "Cash and cash equivalents",
                "concept": "CashAndCashEquivalentsAtCarryingValue",
                "unit": "usd",
                "value": 4931611000
            },
            {
                "label": "Investments",
                "concept": "Investments",
                "unit": "usd",
                "value": 1209315000
            },
            {
                "label": "Accounts receivable, less allowance for doubtful accounts of $4,952 as of March 31, 2019, and $5,343 as of June 24, 2018",
                "concept": "AccountsReceivableNetCurrent",
                "unit": "usd",
                "value": 1522273000
            },
            {
                "label": "Inventories",
                "concept": "InventoryNet",
                "unit": "usd",
                "value": 1622242000
            },
            {
                "label": "Prepaid expenses and other current assets",
                "concept": "PrepaidExpenseAndOtherAssetsCurrent",
                "unit": "usd",
                "value": 156800000
            },
            {
                "label": "Total current assets",
                "concept": "AssetsCurrent",
                "unit": "usd",
                "value": 9442241000
            },
            {
                "label": "Property and equipment, net",
                "concept": "PropertyPlantAndEquipmentNet",
                "unit": "usd",
                "value": 1040329000
            },
            {
                "label": "Restricted cash and investments",
                "concept": "RestrictedCashAndInvestmentsNoncurrent",
                "unit": "usd",
                "value": 255774000
            },
            {
                "label": "Intangible assets, net",
                "concept": "IntangibleAssetsNetExcludingGoodwill",
                "unit": "usd",
                "value": 223022000
            },
            {
                "label": "Other assets",
                "concept": "OtherAssetsNoncurrent",
                "unit": "usd",
                "value": 448988000
            },
            {
                "label": "Total assets",
                "concept": "Assets",
                "unit": "usd",
                "value": 12895262000
            },
            {
                "label": "Trade accounts payable",
                "concept": "AccountsPayableCurrent",
                "unit": "usd",
                "value": 416187000
            },
            {
                "label": "Accrued expenses and other current liabilities",
                "concept": "AccruedLiabilitiesCurrent",
                "unit": "usd",
                "value": 1046938000
            },
            {
                "label": "Deferred profit",
                "concept": "ContractWithCustomerLiabilityCurrent",
                "unit": "usd",
                "value": 378396000
            },
            {
                "label": "Current portion of convertible notes, capital leases, and commercial paper",
                "concept": "LongTermDebtAndCapitalLeaseObligationsCurrent",
                "unit": "usd",
                "value": 964107000
            },
            {
                "label": "Total current liabilities",
                "concept": "LiabilitiesCurrent",
                "unit": "usd",
                "value": 2805628000
            },
            {
                "label": "Long-term debt and capital leases, less current portion",
                "concept": "LongTermDebtAndCapitalLeaseObligations",
                "unit": "usd",
                "value": 3801514000
            },
            {
                "label": "Income taxes payable",
                "concept": "AccruedIncomeTaxesNoncurrent",
                "unit": "usd",
                "value": 863155000
            },
            {
                "label": "Other long-term liabilities",
                "concept": "OtherLiabilitiesNoncurrent",
                "unit": "usd",
                "value": 83986000
            },
            {
                "label": "Total liabilities",
                "concept": "Liabilities",
                "unit": "usd",
                "value": 7554283000
            },
            {
                "label": "Commitments and contingencies",
                "concept": "CommitmentsAndContingencies",
                "unit": "usd",
                "value": "N/A"
            },
            {
                "label": "Temporary equity, convertible notes",
                "concept": "TemporaryEquityCarryingAmountAttributableToParent",
                "unit": "usd",
                "value": 49783000
            },
            {
                "label": "Preferred stock, at par value of $0.001 per share; authorized, 5,000 shares, none outstanding",
                "concept": "PreferredStockValue",
                "unit": "usd",
                "value": "N/A"
            },
            {
                "label": "Common stock, at par value of $0.001 per share; authorized, 400,000 shares; issued and outstanding, 149,886 shares at March 31,2019, and 156,892 shares at June 24, 2018",
                "concept": "CommonStockValue",
                "unit": "usd",
                "value": 150000
            },
            {
                "label": "Additional paid-in capital",
                "concept": "AdditionalPaidInCapitalCommonStock",
                "unit": "usd",
                "value": 6315495000
            },
            {
                "label": "Treasury stock, at cost; 135,045 shares at March 31, 2019, and 119,679 shares at June 24, 2018",
                "concept": "TreasuryStockValue",
                "unit": "usd",
                "value": 10509750000
            },
            {
                "label": "Accumulated other comprehensive loss",
                "concept": "AccumulatedOtherComprehensiveIncomeLossNetOfTax",
                "unit": "usd",
                "value": 62660000
            },
            {
                "label": "Retained earnings",
                "concept": "RetainedEarningsAccumulatedDeficit",
                "unit": "usd",
                "value": 9547961000
            },
            {
                "label": "Total stockholders\u2019 equity",
                "concept": "StockholdersEquity",
                "unit": "usd",
                "value": 5291196000
            },
            {
                "label": "Total liabilities and stockholders\u2019 equity",
                "concept": "LiabilitiesAndStockholdersEquity",
                "unit": "usd",
                "value": 12895262000
            }
        ],
        "cf": [],
        "ic": [
            {
                "label": "Cost of goods sold",
                "concept": "CostOfGoodsAndServicesSold",
                "unit": "usd",
                "value": 1364711000
            },
            {
                "label": "Gross margin",
                "concept": "GrossProfit",
                "unit": "usd",
                "value": 1074337000
            },
            {
                "label": "Research and development",
                "concept": "ResearchAndDevelopmentExpense",
                "unit": "usd",
                "value": 318514000
            },
            {
                "label": "Selling, general, and administrative",
                "concept": "SellingGeneralAndAdministrativeExpense",
                "unit": "usd",
                "value": 190306000
            },
            {
                "label": "Total operating expenses",
                "concept": "OperatingExpenses",
                "unit": "usd",
                "value": 508820000
            },
            {
                "label": "Operating income",
                "concept": "OperatingIncomeLoss",
                "unit": "usd",
                "value": 565517000
            },
            {
                "label": "Other income (expense), net",
                "concept": "OtherNonoperatingIncomeExpense",
                "unit": "usd",
                "value": 20532000
            },
            {
                "label": "Income before income taxes",
                "concept": "IncomeLossFromContinuingOperationsBeforeIncomeTaxesExtraordinaryItemsNoncontrollingInterest",
                "unit": "usd",
                "value": 586049000
            },
            {
                "label": "Income tax (expense) benefit",
                "concept": "IncomeTaxExpenseBenefit",
                "unit": "usd",
                "value": 38659000
            },
            {
                "label": "Net income",
                "concept": "NetIncomeLoss",
                "unit": "usd",
                "value": 547390000
            },
            {
                "label": "Basic (usd per share)",
                "concept": "EarningsPerShareBasic",
                "unit": "usd/shares",
                "value": 3.62
            },
            {
                "label": "Diluted (usd per share)",
                "concept": "EarningsPerShareDiluted",
                "unit": "usd/shares",
                "value": 3.47
            },
            {
                "label": "Basic (shares)",
                "concept": "WeightedAverageNumberOfSharesOutstandingBasic",
                "unit": "shares",
                "value": 151201000
            },
            {
                "label": "Diluted (shares)",
                "concept": "WeightedAverageNumberOfDilutedSharesOutstanding",
                "unit": "shares",
                "value": 157849000
            }
        ]
    }
}