{
    "startDate": "2019-01-01",
    "endDate": "2019-03-31",
    "year": "2019",
    "quarter": "Q1",
    "symbol": "UFCS",
    "data": {
        "bs": [
            {
                "label": "Available-for-sale, at fair value (amortized cost $1,709,100 in 2019 and $1,761,289 in 2018)",
                "concept": "AvailableForSaleSecuritiesDebtSecurities",
                "unit": "usd",
                "value": 1730563000
            },
            {
                "label": "Trading securities, at fair value (amortized cost $12,699 in 2019 and $11,277 in 2018)",
                "concept": "TradingSecuritiesDebt",
                "unit": "usd",
                "value": 16409000
            },
            {
                "label": "Equity securities at fair value (cost $63,708 in 2019 and $64,819 in 2018)",
                "concept": "EquitySecuritiesFvNi",
                "unit": "usd",
                "value": 269843000
            },
            {
                "label": "Mortgage loans",
                "concept": "MortgageLoansOnRealEstateCommercialAndConsumerNet",
                "unit": "usd",
                "value": 34209000
            },
            {
                "label": "Other long-term investments",
                "concept": "OtherLongTermInvestments",
                "unit": "usd",
                "value": 40929000
            },
            {
                "label": "Short-term investments",
                "concept": "OtherShortTermInvestments",
                "unit": "usd",
                "value": 175000
            },
            {
                "label": "Total investments",
                "concept": "Investments",
                "unit": "usd",
                "value": 2092128000
            },
            {
                "label": "Cash and cash equivalents",
                "concept": "CashAndCashEquivalentsAtCarryingValue",
                "unit": "usd",
                "value": 95536000
            },
            {
                "label": "Accrued investment income",
                "concept": "AccruedInvestmentIncomeReceivable",
                "unit": "usd",
                "value": 16483000
            },
            {
                "label": "Premiums receivable (net of allowance for doubtful accounts of $1,125 in 2019 and $785 in 2018)",
                "concept": "PremiumsReceivableAtCarryingValue",
                "unit": "usd",
                "value": 365186000
            },
            {
                "label": "Deferred policy acquisition costs",
                "concept": "DeferredPolicyAcquisitionCostsAndValueOfBusinessAcquired",
                "unit": "usd",
                "value": 95891000
            },
            {
                "label": "Property and equipment (primarily land and buildings, at cost, less accumulated depreciation of $40,856 in 2019 and $39,894 in 2018)",
                "concept": "PropertyPlantAndEquipmentNet",
                "unit": "usd",
                "value": 108223000
            },
            {
                "label": "Reinsurance receivables and recoverables",
                "concept": "ReinsuranceRecoverables",
                "unit": "usd",
                "value": 56617000
            },
            {
                "label": "Prepaid reinsurance premiums",
                "concept": "PrepaidReinsurancePremiums",
                "unit": "usd",
                "value": 7506000
            },
            {
                "label": "Deferred tax asset",
                "concept": "DeferredIncomeTaxAssetsNet",
                "unit": "usd",
                "value": "N/A"
            },
            {
                "label": "Income taxes receivable",
                "concept": "IncomeTaxReceivable",
                "unit": "usd",
                "value": 4388000
            },
            {
                "label": "Goodwill and intangible assets",
                "concept": "ufcs:GoodwillAndIntangibleAssets",
                "unit": "usd",
                "value": 23074000
            },
            {
                "label": "Other assets",
                "concept": "OtherAssets",
                "unit": "usd",
                "value": 38967000
            },
            {
                "label": "TOTAL ASSETS",
                "concept": "Assets",
                "unit": "usd",
                "value": 2903999000
            },
            {
                "label": "Losses and loss settlement expenses",
                "concept": "LiabilityForClaimsAndClaimsAdjustmentExpensePropertyCasualtyLiability",
                "unit": "usd",
                "value": 1303496000
            },
            {
                "label": "Unearned premiums",
                "concept": "UnearnedPremiums",
                "unit": "usd",
                "value": 510713000
            },
            {
                "label": "Accrued expenses and other liabilities",
                "concept": "ufcs:AccruedExpensesAndOtherLiabilities",
                "unit": "usd",
                "value": 123563000
            },
            {
                "label": "Deferred income liability",
                "concept": "DeferredIncomeTaxLiabilitiesNet",
                "unit": "usd",
                "value": 11036000
            },
            {
                "label": "TOTAL LIABILITIES",
                "concept": "Liabilities",
                "unit": "usd",
                "value": 1948808000
            },
            {
                "label": "Common stock, $0.001 par value; authorized 75,000,000 shares; 25,167,822 and 25,097,408 shares issued and outstanding in 2019 and 2018, respectively",
                "concept": "CommonStockValue",
                "unit": "usd",
                "value": 25000
            },
            {
                "label": "Additional paid-in capital",
                "concept": "AdditionalPaidInCapitalCommonStock",
                "unit": "usd",
                "value": 206788000
            },
            {
                "label": "Retained earnings",
                "concept": "RetainedEarningsAccumulatedDeficit",
                "unit": "usd",
                "value": 751683000
            },
            {
                "label": "Accumulated other comprehensive income (loss), net of tax",
                "concept": "AccumulatedOtherComprehensiveIncomeLossNetOfTax",
                "unit": "usd",
                "value": 3305000
            },
            {
                "label": "TOTAL STOCKHOLDERS\u2019 EQUITY",
                "concept": "StockholdersEquity",
                "unit": "usd",
                "value": 955191000
            },
            {
                "label": "TOTAL LIABILITIES AND STOCKHOLDERS\u2019 EQUITY",
                "concept": "LiabilitiesAndStockholdersEquity",
                "unit": "usd",
                "value": 2903999000
            }
        ],
        "cf": [
            {
                "label": "Net income",
                "concept": "NetIncomeLoss",
                "unit": "usd",
                "value": 44521000
            },
            {
                "label": "Less net loss from discontinued operations, net of taxes",
                "concept": "IncomeLossFromDiscontinuedOperationsNetOfTaxAttributableToReportingEntity",
                "unit": "usd",
                "value": "N/A"
            },
            {
                "label": "Net accretion of bond premium",
                "concept": "AccretionAmortizationOfDiscountsAndPremiumsInvestments",
                "unit": "usd",
                "value": 2763000
            },
            {
                "label": "Depreciation and amortization",
                "concept": "DepreciationDepletionAndAmortization",
                "unit": "usd",
                "value": 1166000
            },
            {
                "label": "Stock-based compensation expense",
                "concept": "ShareBasedCompensation",
                "unit": "usd",
                "value": 2688000
            },
            {
                "label": "Net realized investment (gains) losses",
                "concept": "RealizedInvestmentGainsLosses",
                "unit": "usd",
                "value": 26713000
            },
            {
                "label": "Net cash flows from equity and trading investments",
                "concept": "ProceedsFromPaymentsForTradingSecurities",
                "unit": "usd",
                "value": 1235000
            },
            {
                "label": "Deferred income tax benefit",
                "concept": "DeferredIncomeTaxExpenseBenefit",
                "unit": "usd",
                "value": 4863000
            },
            {
                "label": "Accrued investment income",
                "concept": "IncreaseDecreaseInAccruedInvestmentIncomeReceivable",
                "unit": "usd",
                "value": 709000
            },
            {
                "label": "Premiums receivable",
                "concept": "IncreaseDecreaseInPremiumsReceivable",
                "unit": "usd",
                "value": 18361000
            },
            {
                "label": "Deferred policy acquisition costs",
                "concept": "ufcs:IncreaseDecreaseInDeferredPolicyAcquisitionCostAndValueOfBusinessAcquired",
                "unit": "usd",
                "value": 3095000
            },
            {
                "label": "Reinsurance receivables",
                "concept": "IncreaseDecreaseInReinsuranceRecoverable",
                "unit": "usd",
                "value": 4720000
            },
            {
                "label": "Prepaid reinsurance premiums",
                "concept": "IncreaseDecreaseInPrepaidReinsurancePremiums",
                "unit": "usd",
                "value": 443000
            },
            {
                "label": "Income taxes receivable",
                "concept": "IncreaseDecreaseInIncomeTaxesReceivable",
                "unit": "usd",
                "value": 10647000
            },
            {
                "label": "Other assets",
                "concept": "IncreaseDecreaseInOtherOperatingAssets",
                "unit": "usd",
                "value": 21034000
            },
            {
                "label": "Losses and loss settlement expenses",
                "concept": "IncreaseDecreaseInFuturePolicyBenefitReserves",
                "unit": "usd",
                "value": 8987000
            },
            {
                "label": "Unearned premiums",
                "concept": "IncreaseDecreaseInUnearnedPremiums",
                "unit": "usd",
                "value": 17795000
            },
            {
                "label": "Accrued expenses and other liabilities",
                "concept": "ufcs:IncreaseDecreaseInAccruedExpensesAndOtherLiabilities",
                "unit": "usd",
                "value": 1275000
            },
            {
                "label": "Income taxes payable",
                "concept": "IncreaseDecreaseInAccruedIncomeTaxesPayable",
                "unit": "usd",
                "value": "N/A"
            },
            {
                "label": "Deferred income taxes",
                "concept": "IncreaseDecreaseInDeferredIncomeTaxes",
                "unit": "usd",
                "value": "N/A"
            },
            {
                "label": "Other, net",
                "concept": "IncreaseDecreaseInOtherOperatingLiabilities",
                "unit": "usd",
                "value": 1628000
            },
            {
                "label": "Cash from operating activities - continuing operations",
                "concept": "NetCashProvidedByUsedInOperatingActivitiesContinuingOperations",
                "unit": "usd",
                "value": 33818000
            },
            {
                "label": "Cash from operating activities - discontinued operations",
                "concept": "CashProvidedByUsedInOperatingActivitiesDiscontinuedOperations",
                "unit": "usd",
                "value": "N/A"
            },
            {
                "label": "Cash from operating activities - gain on sale of discontinued operations",
                "concept": "DiscontinuedOperationGainLossFromDisposalOfDiscontinuedOperationBeforeIncomeTax",
                "unit": "usd",
                "value": "N/A"
            },
            {
                "label": "Total adjustments",
                "concept": "AdjustmentsToReconcileNetIncomeLossToCashProvidedByUsedInOperatingActivities",
                "unit": "usd",
                "value": 33818000
            },
            {
                "label": "Net cash provided by operating activities",
                "concept": "NetCashProvidedByUsedInOperatingActivities",
                "unit": "usd",
                "value": 10703000
            },
            {
                "label": "Proceeds from sale of available-for-sale investments",
                "concept": "ProceedsFromSaleOfAvailableForSaleSecuritiesDebt",
                "unit": "usd",
                "value": 36490000
            },
            {
                "label": "Proceeds from call and maturity of available-for-sale investments",
                "concept": "ProceedsFromMaturitiesPrepaymentsAndCallsOfAvailableForSaleSecurities",
                "unit": "usd",
                "value": 38740000
            },
            {
                "label": "Proceeds from short-term and other investments",
                "concept": "ProceedsFromSaleMaturityAndCollectionOfShorttermInvestments",
                "unit": "usd",
                "value": 1027000
            },
            {
                "label": "Proceeds from the sale of discontinued operations",
                "concept": "ProceedsFromDivestitureOfBusinesses",
                "unit": "usd",
                "value": "N/A"
            },
            {
                "label": "Purchase of available-for-sale investments",
                "concept": "PaymentsToAcquireAvailableForSaleSecuritiesDebt",
                "unit": "usd",
                "value": 25007000
            },
            {
                "label": "Purchase of short-term and other investments",
                "concept": "ufcs:PaymentsToAcquireShortTermAndOtherInvestments",
                "unit": "usd",
                "value": 11807000
            },
            {
                "label": "Net purchases and sales of property and equipment",
                "concept": "PaymentsForProceedsFromProductiveAssets",
                "unit": "usd",
                "value": 12017000
            },
            {
                "label": "Cash from investing activities - continuing operations",
                "concept": "NetCashProvidedByUsedInInvestingActivitiesContinuingOperations",
                "unit": "usd",
                "value": 27426000
            },
            {
                "label": "Cash from investing activities - discontinued operations",
                "concept": "CashProvidedByUsedInInvestingActivitiesDiscontinuedOperations",
                "unit": "usd",
                "value": "N/A"
            },
            {
                "label": "Net cash provided by investing activities",
                "concept": "NetCashProvidedByUsedInInvestingActivities",
                "unit": "usd",
                "value": 27426000
            },
            {
                "label": "Payment of cash dividends",
                "concept": "PaymentsOfDividends",
                "unit": "usd",
                "value": 7797000
            },
            {
                "label": "Repurchase of common stock",
                "concept": "PaymentsForRepurchaseOfCommonStock",
                "unit": "usd",
                "value": "N/A"
            },
            {
                "label": "Issuance of common stock",
                "concept": "ProceedsFromIssuanceOfCommonStock",
                "unit": "usd",
                "value": 750000
            },
            {
                "label": "Cash from financing activities - continuing operations",
                "concept": "NetCashProvidedByUsedInFinancingActivitiesContinuingOperations",
                "unit": "usd",
                "value": 7047000
            },
            {
                "label": "Cash from financing activities - discontinued operations",
                "concept": "CashProvidedByUsedInFinancingActivitiesDiscontinuedOperations",
                "unit": "usd",
                "value": "N/A"
            },
            {
                "label": "Net cash used in financing activities",
                "concept": "NetCashProvidedByUsedInFinancingActivities",
                "unit": "usd",
                "value": 7047000
            },
            {
                "label": "Net Change in Cash and Cash Equivalents",
                "concept": "CashCashEquivalentsRestrictedCashAndRestrictedCashEquivalentsPeriodIncreaseDecreaseExcludingExchangeRateEffect",
                "unit": "usd",
                "value": 31082000
            },
            {
                "label": "Less: increase in cash and cash equivalents - discontinued operations",
                "concept": "NetCashProvidedByUsedInDiscontinuedOperations",
                "unit": "usd",
                "value": "N/A"
            },
            {
                "label": "Net increase in cash and cash equivalents - continuing operations",
                "concept": "NetCashProvidedByUsedInContinuingOperations",
                "unit": "usd",
                "value": 31082000
            }
        ],
        "ic": [
            {
                "label": "Net premiums earned",
                "concept": "PremiumsEarnedNet",
                "unit": "usd",
                "value": 262314000
            },
            {
                "label": "Investment income, net of investment expenses",
                "concept": "NetInvestmentIncome",
                "unit": "usd",
                "value": 16512000
            },
            {
                "label": "Net realized investment gains (losses) (includes reclassifications for net unrealized investment gains on available-for-sale securities of $90 in 2019 and $37 in 2018; previously included in accumulated other comprehensive income)",
                "concept": "RealizedInvestmentGainsLosses",
                "unit": "usd",
                "value": 26713000
            },
            {
                "label": "Total revenues",
                "concept": "Revenues",
                "unit": "usd",
                "value": 305539000
            },
            {
                "label": "Losses and loss settlement expenses",
                "concept": "PolicyholderBenefitsAndClaimsIncurredNet",
                "unit": "usd",
                "value": 164240000
            },
            {
                "label": "Amortization of deferred policy acquisition costs",
                "concept": "ufcs:DeferredPolicyAcquisitionCostAmortizationExpenseAndAmortizationOfValueOfBusinessAcquiredVoba",
                "unit": "usd",
                "value": 52219000
            },
            {
                "label": "Other underwriting expenses (includes reclassifications for employee benefit costs of $1,124 in 2019 and $1,660 in 2018; previously included in accumulated other comprehensive income)",
                "concept": "OtherUnderwritingExpense",
                "unit": "usd",
                "value": 34403000
            },
            {
                "label": "Total benefits, losses and expenses",
                "concept": "BenefitsLossesAndExpenses",
                "unit": "usd",
                "value": 250862000
            },
            {
                "label": "Income from continuing operations before income taxes",
                "concept": "IncomeLossFromContinuingOperationsBeforeIncomeTaxesMinorityInterestAndIncomeLossFromEquityMethodInvestments",
                "unit": "usd",
                "value": 54677000
            },
            {
                "label": "Federal income tax expense (includes reclassifications of $217 in 2019 and $341 in 2018; previously included in accumulated other comprehensive income)",
                "concept": "IncomeTaxExpenseBenefit",
                "unit": "usd",
                "value": 10156000
            },
            {
                "label": "Income from continuing operations",
                "concept": "IncomeLossFromContinuingOperations",
                "unit": "usd",
                "value": 44521000
            },
            {
                "label": "Income (loss) from discontinued operations, net of taxes",
                "concept": "IncomeLossFromDiscontinuedOperationsNetOfTaxAttributableToReportingEntity",
                "unit": "usd",
                "value": "N/A"
            },
            {
                "label": "Gain on sale of discontinued operations, net of taxes",
                "concept": "DiscontinuedOperationGainLossOnDisposalOfDiscontinuedOperationNetOfTax",
                "unit": "usd",
                "value": "N/A"
            },
            {
                "label": "Net income",
                "concept": "NetIncomeLoss",
                "unit": "usd",
                "value": 44521000
            },
            {
                "label": "Change in net unrealized appreciation on investments",
                "concept": "OtherComprehensiveIncomeUnrealizedHoldingGainLossOnSecuritiesArisingDuringPeriodBeforeTax",
                "unit": "usd",
                "value": 33354000
            },
            {
                "label": "Change in liability for underfunded employee benefit plans",
                "concept": "OtherComprehensiveIncomeLossPensionAndOtherPostretirementBenefitPlansAdjustmentBeforeReclassificationAdjustmentsAndTax",
                "unit": "usd",
                "value": "N/A"
            },
            {
                "label": "Other comprehensive income (loss), before tax and reclassification adjustments",
                "concept": "OtherComprehensiveIncomeLossBeforeReclassificationsBeforeTax",
                "unit": "usd",
                "value": 33354000
            },
            {
                "label": "Income tax effect",
                "concept": "OtherComprehensiveIncomeLossBeforeReclassificationsTax",
                "unit": "usd",
                "value": 7005000
            },
            {
                "label": "Other comprehensive income (loss), after tax, before reclassification adjustments",
                "concept": "OtherComprehensiveIncomeLossBeforeReclassificationsNetOfTax",
                "unit": "usd",
                "value": 26349000
            },
            {
                "label": "Reclassification adjustment for net realized investment (gains) losses included in income",
                "concept": "OtherComprehensiveIncomeLossReclassificationAdjustmentFromAOCIForSaleOfSecuritiesBeforeTax",
                "unit": "usd",
                "value": 90000
            },
            {
                "label": "Reclassification adjustment for employee benefit costs included in expense",
                "concept": "OtherComprehensiveIncomeLossReclassificationAdjustmentFromAOCIPensionAndOtherPostretirementBenefitPlansBeforeTax",
                "unit": "usd",
                "value": 1124000
            },
            {
                "label": "Total reclassification adjustments, before tax",
                "concept": "ReclassificationFromAccumulatedOtherComprehensiveIncomeCurrentPeriodBeforeTax",
                "unit": "usd",
                "value": 1034000
            },
            {
                "label": "Income tax effect",
                "concept": "ReclassificationFromAociCurrentPeriodTax",
                "unit": "usd",
                "value": 217000
            },
            {
                "label": "Total reclassification adjustments, after tax",
                "concept": "ReclassificationFromAccumulatedOtherComprehensiveIncomeCurrentPeriodNetOfTax",
                "unit": "usd",
                "value": 817000
            },
            {
                "label": "Comprehensive income",
                "concept": "ComprehensiveIncomeNetOfTax",
                "unit": "usd",
                "value": 71687000
            },
            {
                "label": "Diluted weighted average common shares outstanding (in shares)",
                "concept": "WeightedAverageNumberOfDilutedSharesOutstanding",
                "unit": "shares",
                "value": 25604268
            },
            {
                "label": "Basic (in dollars per share)",
                "concept": "IncomeLossFromContinuingOperationsPerBasicShare",
                "unit": "usd/shares",
                "value": 1.77
            },
            {
                "label": "Diluted (in dollars per share)",
                "concept": "IncomeLossFromContinuingOperationsPerDilutedShare",
                "unit": "usd/shares",
                "value": 1.74
            },
            {
                "label": "Basic (in dollars per share)",
                "concept": "EarningsPerShareBasic",
                "unit": "usd/shares",
                "value": 1.77
            },
            {
                "label": "Diluted (in dollars per share)",
                "concept": "EarningsPerShareDiluted",
                "unit": "usd/shares",
                "value": 1.74
            }
        ]
    }
}