{
    "startDate": "2019-01-01",
    "endDate": "2019-03-31",
    "year": "2019",
    "quarter": "Q1",
    "symbol": "TKR",
    "data": {
        "bs": [
            {
                "label": "Cash and cash equivalents",
                "concept": "CashAndCashEquivalentsAtCarryingValue",
                "unit": "usd",
                "value": 239500000.0
            },
            {
                "label": "Restricted cash",
                "concept": "RestrictedCashAndCashEquivalentsAtCarryingValue",
                "unit": "usd",
                "value": 600000.0
            },
            {
                "label": "Accounts receivable, less allowances (2018 \u2013 $21.1 million; 2017 \u2013 $20.3 million)",
                "concept": "AccountsReceivableNetCurrent",
                "unit": "usd",
                "value": 611300000.0
            },
            {
                "label": "Unbilled Receivables, Asset, Net",
                "concept": "ContractWithCustomerAssetNet",
                "unit": "usd",
                "value": 123200000.0
            },
            {
                "label": "Inventories, net",
                "concept": "InventoryNet",
                "unit": "usd",
                "value": 839400000.0
            },
            {
                "label": "Deferred charges and prepaid expenses",
                "concept": "PrepaidExpenseAndOtherAssetsCurrent",
                "unit": "usd",
                "value": 32299999.999999996
            },
            {
                "label": "Other current assets",
                "concept": "OtherAssetsCurrent",
                "unit": "usd",
                "value": 73300000.0
            },
            {
                "label": "Total Current Assets",
                "concept": "AssetsCurrent",
                "unit": "usd",
                "value": 1919600000.0
            },
            {
                "label": "Property, Plant and Equipment, net",
                "concept": "PropertyPlantAndEquipmentNet",
                "unit": "usd",
                "value": 896200000.0
            },
            {
                "label": "Operating Lease, Right-of-Use Asset",
                "concept": "OperatingLeaseRightOfUseAsset",
                "unit": "usd",
                "value": 114900000.0
            },
            {
                "label": "Goodwill",
                "concept": "Goodwill",
                "unit": "usd",
                "value": 953200000.0
            },
            {
                "label": "Non-current pension assets",
                "concept": "DefinedBenefitPlanAssetsForPlanBenefitsNoncurrent",
                "unit": "usd",
                "value": 10400000.0
            },
            {
                "label": "Other intangible assets",
                "concept": "IntangibleAssetsNetExcludingGoodwill",
                "unit": "usd",
                "value": 713900000.0
            },
            {
                "label": "Deferred income taxes",
                "concept": "DeferredTaxAssetsNetNoncurrent",
                "unit": "usd",
                "value": 49700000.0
            },
            {
                "label": "Other Assets, Noncurrent",
                "concept": "OtherAssetsNoncurrent",
                "unit": "usd",
                "value": 22800000.0
            },
            {
                "label": "Total Other Assets",
                "concept": "AssetsNoncurrent",
                "unit": "usd",
                "value": 1750000000.0
            },
            {
                "label": "Total Assets",
                "concept": "Assets",
                "unit": "usd",
                "value": 4680700000.0
            },
            {
                "label": "Short-term debt",
                "concept": "ShortTermBorrowings",
                "unit": "usd",
                "value": 26000000.0
            },
            {
                "label": "Current portion of long-term debt",
                "concept": "LongTermDebtCurrent",
                "unit": "usd",
                "value": 9000000.0
            },
            {
                "label": "Operating Lease, Liability, Current",
                "concept": "OperatingLeaseLiabilityCurrent",
                "unit": "usd",
                "value": 29300000.0
            },
            {
                "label": "Accounts payable, trade",
                "concept": "AccountsPayableCurrent",
                "unit": "usd",
                "value": 294300000.0
            },
            {
                "label": "Salaries, wages and benefits",
                "concept": "EmployeeRelatedLiabilitiesCurrent",
                "unit": "usd",
                "value": 120900000.0
            },
            {
                "label": "Income taxes payable",
                "concept": "AccruedIncomeTaxesCurrent",
                "unit": "usd",
                "value": 41800000.0
            },
            {
                "label": "Other current liabilities",
                "concept": "OtherLiabilitiesCurrent",
                "unit": "usd",
                "value": 162300000.0
            },
            {
                "label": "Total Current Liabilities",
                "concept": "LiabilitiesCurrent",
                "unit": "usd",
                "value": 683600000.0
            },
            {
                "label": "Long-term debt",
                "concept": "LongTermDebtNoncurrent",
                "unit": "usd",
                "value": 1746500000.0
            },
            {
                "label": "Accrued pension cost",
                "concept": "DefinedBenefitPensionPlanLiabilitiesNoncurrent",
                "unit": "usd",
                "value": 161600000.0
            },
            {
                "label": "Accrued postretirement benefits cost",
                "concept": "OtherPostretirementDefinedBenefitPlanLiabilitiesNoncurrent",
                "unit": "usd",
                "value": 109600000.0
            },
            {
                "label": "Operating Lease, Liability, Noncurrent",
                "concept": "OperatingLeaseLiabilityNoncurrent",
                "unit": "usd",
                "value": 71100000.0
            },
            {
                "label": "Deferred income taxes",
                "concept": "DeferredTaxLiabilitiesNoncurrent",
                "unit": "usd",
                "value": 126800000.0
            },
            {
                "label": "Other non-current liabilities",
                "concept": "OtherLiabilitiesNoncurrent",
                "unit": "usd",
                "value": 75600000.0
            },
            {
                "label": "Total Non-Current Liabilities",
                "concept": "LiabilitiesNoncurrent",
                "unit": "usd",
                "value": 2291200000.0
            },
            {
                "label": "Class I and II Serial Preferred Stock, without par value: Authorized \u2013 10,000,000 shares each class, none issued",
                "concept": "PreferredStockValue",
                "unit": "usd",
                "value": "N/A"
            },
            {
                "label": "Common Stock, Value, Outstanding",
                "concept": "CommonStockValueOutstanding",
                "unit": "usd",
                "value": 53100000.0
            },
            {
                "label": "Other paid-in capital",
                "concept": "AdditionalPaidInCapitalCommonStock",
                "unit": "usd",
                "value": 938200000.0
            },
            {
                "label": "Earnings invested in the business",
                "concept": "RetainedEarningsAccumulatedDeficit",
                "unit": "usd",
                "value": 1700800000.0
            },
            {
                "label": "Accumulated other comprehensive loss",
                "concept": "AccumulatedOtherComprehensiveIncomeLossNetOfTax",
                "unit": "usd",
                "value": 101100000.0
            },
            {
                "label": "Treasury shares at cost (2018 - 19,152,333 shares; 2017 - 20,672,133 shares)",
                "concept": "TreasuryStockValue",
                "unit": "usd",
                "value": 952500000.0
            },
            {
                "label": "Total Shareholders' Equity",
                "concept": "StockholdersEquity",
                "unit": "usd",
                "value": 1638500000.0
            },
            {
                "label": "Noncontrolling Interest",
                "concept": "MinorityInterest",
                "unit": "usd",
                "value": 67400000.0
            },
            {
                "label": "Total Equity",
                "concept": "StockholdersEquityIncludingPortionAttributableToNoncontrollingInterest",
                "unit": "usd",
                "value": 1705900000.0
            },
            {
                "label": "Total Liabilities and Shareholders' Equity",
                "concept": "LiabilitiesAndStockholdersEquity",
                "unit": "usd",
                "value": 4680700000.0
            }
        ],
        "cf": [
            {
                "label": "Depreciation and amortization",
                "concept": "DepreciationDepletionAndAmortization",
                "unit": "usd",
                "value": 39500000.0
            },
            {
                "label": "Loss on sale of assets",
                "concept": "GainLossOnSaleOfPropertyPlantEquipment",
                "unit": "usd",
                "value": 1800000.0
            },
            {
                "label": "Deferred income tax provision",
                "concept": "DeferredIncomeTaxExpenseBenefit",
                "unit": "usd",
                "value": 400000.0
            },
            {
                "label": "Stock-based compensation expense",
                "concept": "ShareBasedCompensation",
                "unit": "usd",
                "value": 7800000.0
            },
            {
                "label": "Pension and other postretirement expense",
                "concept": "PensionAndOtherPostretirementBenefitExpense",
                "unit": "usd",
                "value": 2900000.0
            },
            {
                "label": "Pension contributions and other postretirement benefit payments",
                "concept": "PensionAndOtherPostretirementBenefitContributions",
                "unit": "usd",
                "value": 4900000.0
            },
            {
                "label": "Operating Lease, Cost",
                "concept": "OperatingLeaseCost",
                "unit": "usd",
                "value": 9900000.0
            },
            {
                "label": "Operating Lease, Payments",
                "concept": "OperatingLeasePayments",
                "unit": "usd",
                "value": 8900000.0
            },
            {
                "label": "Accounts receivable",
                "concept": "IncreaseDecreaseInAccountsReceivable",
                "unit": "usd",
                "value": 65000000.0
            },
            {
                "label": "Increase (Decrease) in Unbilled Receivables",
                "concept": "IncreaseDecreaseInUnbilledReceivables",
                "unit": "usd",
                "value": 6600000.0
            },
            {
                "label": "Inventories",
                "concept": "IncreaseDecreaseInInventories",
                "unit": "usd",
                "value": 4099999.9999999995
            },
            {
                "label": "Accounts payable, trade",
                "concept": "IncreaseDecreaseInAccountsPayableTrade",
                "unit": "usd",
                "value": 20200000.0
            },
            {
                "label": "Other accrued expenses",
                "concept": "IncreaseDecreaseInOtherAccruedLiabilities",
                "unit": "usd",
                "value": 58000000.0
            },
            {
                "label": "Income taxes",
                "concept": "IncreaseDecreaseInIncomeTaxes",
                "unit": "usd",
                "value": 24700000.0
            },
            {
                "label": "Other, net",
                "concept": "IncreaseDecreaseInOtherOperatingCapitalNet",
                "unit": "usd",
                "value": 900000.0
            },
            {
                "label": "Net Cash Provided by Operating Activities",
                "concept": "NetCashProvidedByUsedInOperatingActivities",
                "unit": "usd",
                "value": 52300000.0
            },
            {
                "label": "Capital expenditures",
                "concept": "PaymentsToAcquireProductiveAssets",
                "unit": "usd",
                "value": 16200000.0
            },
            {
                "label": "Acquisitions, net of cash received",
                "concept": "PaymentsToAcquireBusinessesNetOfCashAcquired",
                "unit": "usd",
                "value": 2900000.0
            },
            {
                "label": "Proceeds from disposals of property, plant and equipment",
                "concept": "ProceedsFromSaleOfPropertyPlantAndEquipment",
                "unit": "usd",
                "value": 2100000.0
            },
            {
                "label": "Common Stock, Value, Outstanding",
                "concept": "PaymentsToAcquireMarketableSecurities",
                "unit": "usd",
                "value": 2700000.0
            },
            {
                "label": "Other",
                "concept": "PaymentsForProceedsFromOtherInvestingActivities",
                "unit": "usd",
                "value": 100000.0
            },
            {
                "label": "Net Cash Used by Investing Activities",
                "concept": "NetCashProvidedByUsedInInvestingActivities",
                "unit": "usd",
                "value": 19600000.0
            },
            {
                "label": "Cash dividends paid to shareholders",
                "concept": "PaymentsOfDividendsCommonStock",
                "unit": "usd",
                "value": 21300000.0
            },
            {
                "label": "Purchase of treasury shares",
                "concept": "PaymentsForRepurchaseOfCommonStock",
                "unit": "usd",
                "value": 8300000.000000001
            },
            {
                "label": "Net proceeds from common share activity",
                "concept": "ProceedsFromIssuanceOfCommonStock",
                "unit": "usd",
                "value": 1000000.0
            },
            {
                "label": "Payments Related to Tax Withholding for Share-based Compensation",
                "concept": "PaymentsRelatedToTaxWithholdingForShareBasedCompensation",
                "unit": "usd",
                "value": 6400000.0
            },
            {
                "label": "Proceeds from Accounts Receivable Securitization",
                "concept": "ProceedsFromAccountsReceivableSecuritization",
                "unit": "usd",
                "value": 25000000.0
            },
            {
                "label": "Repayments of Accounts Receivable Securitization",
                "concept": "RepaymentsOfAccountsReceivableSecuritization",
                "unit": "usd",
                "value": "N/A"
            },
            {
                "label": "Payments on long-term debt",
                "concept": "RepaymentsOfLongTermDebt",
                "unit": "usd",
                "value": 116800000.0
            },
            {
                "label": "Short-term debt activity, net",
                "concept": "ProceedsFromRepaymentsOfShortTermDebt",
                "unit": "usd",
                "value": 6800000.0
            },
            {
                "label": "Proceeds from (Payments for) Other Financing Activities",
                "concept": "ProceedsFromPaymentsForOtherFinancingActivities",
                "unit": "usd",
                "value": "N/A"
            },
            {
                "label": "Net Cash Used by Financing Activities",
                "concept": "NetCashProvidedByUsedInFinancingActivities",
                "unit": "usd",
                "value": 73400000.0
            },
            {
                "label": "Effect of exchange rate changes on cash",
                "concept": "EffectOfExchangeRateOnCashAndCashEquivalents",
                "unit": "usd",
                "value": 900000.0
            },
            {
                "label": "Cash, Cash Equivalents, Restricted Cash and Restricted Cash Equivalents, Period Increase (Decrease), Including Exchange Rate Effect",
                "concept": "CashCashEquivalentsRestrictedCashAndRestrictedCashEquivalentsPeriodIncreaseDecreaseIncludingExchangeRateEffect",
                "unit": "usd",
                "value": 107000000.0
            }
        ],
        "ic": [
            {
                "label": "Net Periodic Defined Benefits Expense (Reversal of Expense), Excluding Service Cost Component",
                "concept": "NetPeriodicDefinedBenefitsExpenseReversalOfExpenseExcludingServiceCostComponent",
                "unit": "usd",
                "value": 100000.0
            },
            {
                "label": "Cost of Goods and Services Sold",
                "concept": "CostOfGoodsAndServicesSold",
                "unit": "usd",
                "value": 677100000.0
            },
            {
                "label": "Gross Profit",
                "concept": "GrossProfit",
                "unit": "usd",
                "value": 302600000.0
            },
            {
                "label": "Selling, general and administrative expenses",
                "concept": "SellingGeneralAndAdministrativeExpense",
                "unit": "usd",
                "value": 152700000.0
            },
            {
                "label": "Impairment and restructuring charges",
                "concept": "RestructuringSettlementAndImpairmentProvisions",
                "unit": "usd",
                "value": "N/A"
            },
            {
                "label": "Operating Income (Loss)",
                "concept": "OperatingIncomeLoss",
                "unit": "usd",
                "value": 149900000.0
            },
            {
                "label": "Other (expense) income, net",
                "concept": "OtherNonoperatingIncomeExpense",
                "unit": "usd",
                "value": 3300000.0
            },
            {
                "label": "Income (Loss) Before Income Taxes",
                "concept": "IncomeLossFromContinuingOperationsBeforeIncomeTaxesMinorityInterestAndIncomeLossFromEquityMethodInvestments",
                "unit": "usd",
                "value": 136600000.0
            },
            {
                "label": "Provision (benefit) for income taxes",
                "concept": "IncomeTaxExpenseBenefit",
                "unit": "usd",
                "value": 41300000.0
            },
            {
                "label": "Net Income",
                "concept": "ProfitLoss",
                "unit": "usd",
                "value": 95300000.0
            },
            {
                "label": "Net (loss) income attributable to noncontrolling interest",
                "concept": "NetIncomeLossAttributableToNoncontrollingInterest",
                "unit": "usd",
                "value": 3400000.0
            },
            {
                "label": "Net Income (loss) attributable to The Timken Company",
                "concept": "NetIncomeLoss",
                "unit": "usd",
                "value": 91900000.0
            }
        ]
    }
}