{
    "startDate": "2019-01-01",
    "endDate": "2019-03-31",
    "year": "2019",
    "quarter": "Q1",
    "symbol": "ASB",
    "data": {
        "bs": [
            {
                "label": "Cash and due from banks",
                "concept": "CashAndDueFromBanks",
                "unit": "usd",
                "value": 334095000
            },
            {
                "label": "Interest-bearing deposits in other financial institutions",
                "concept": "InterestBearingDepositsInBanks",
                "unit": "usd",
                "value": 270843000
            },
            {
                "label": "Federal funds sold and securities purchased under agreements to resell",
                "concept": "FederalFundsSoldAndSecuritiesPurchasedUnderAgreementsToResell",
                "unit": "usd",
                "value": 41405000
            },
            {
                "label": "Investment securities held to maturity, at amortized cost",
                "concept": "HeldToMaturitySecurities",
                "unit": "usd",
                "value": 2846689000
            },
            {
                "label": "Equity securities with readily determinable fair values",
                "concept": "EquitySecuritiesFvNi",
                "unit": "usd",
                "value": 1609000
            },
            {
                "label": "Federal Home Loan Bank and Federal Reserve Bank stocks, at cost",
                "concept": "FederalHomeLoanBankStockAndFederalReserveBankStock",
                "unit": "usd",
                "value": 216940000
            },
            {
                "label": "Residential loans held for sale",
                "concept": "asb:ResidentialLoansReceivableHeldforsaleNetNotPartofDisposalGroup",
                "unit": "usd",
                "value": 81392000
            },
            {
                "label": "Commercial loans held for sale",
                "concept": "asb:CommercialLoansHeldforsaleFairValueDisclosure",
                "unit": "usd",
                "value": 15467000
            },
            {
                "label": "Allowance for loan losses",
                "concept": "LoansAndLeasesReceivableAllowance",
                "unit": "usd",
                "value": 235081000
            },
            {
                "label": "Loans, net",
                "concept": "LoansAndLeasesReceivableNetReportedAmount",
                "unit": "usd",
                "value": 22913278000
            },
            {
                "label": "Bank and corporate owned life insurance",
                "concept": "asb:BankandCorporateOwnedLifeInsurance",
                "unit": "usd",
                "value": 665976000
            },
            {
                "label": "Investment in unconsolidated subsidiaries",
                "concept": "OtherShortTermInvestments",
                "unit": "usd",
                "value": 194670000
            },
            {
                "label": "Premises and equipment, net",
                "concept": "PropertyPlantAndEquipmentNet",
                "unit": "usd",
                "value": 361668000
            },
            {
                "label": "Goodwill",
                "concept": "Goodwill",
                "unit": "usd",
                "value": 1168944000
            },
            {
                "label": "Other intangible assets, net",
                "concept": "IntangibleAssetsNetExcludingGoodwill",
                "unit": "usd",
                "value": 73610000
            },
            {
                "label": "Other assets",
                "concept": "OtherAssets",
                "unit": "usd",
                "value": 540346000
            },
            {
                "label": "Total assets",
                "concept": "Assets",
                "unit": "usd",
                "value": 33700866000
            },
            {
                "label": "Noninterest-bearing demand deposits",
                "concept": "NoninterestBearingDomesticDepositDemand",
                "unit": "usd",
                "value": 5334154000
            },
            {
                "label": "Interest-bearing deposits",
                "concept": "InterestBearingDepositLiabilitiesDomestic",
                "unit": "usd",
                "value": 20198903000
            },
            {
                "label": "Total deposits",
                "concept": "Deposits",
                "unit": "usd",
                "value": 25533057000
            },
            {
                "label": "Federal funds purchased and securities sold under agreements to repurchase",
                "concept": "FederalFundsPurchasedAndSecuritiesSoldUnderAgreementsToRepurchase",
                "unit": "usd",
                "value": 127098000
            },
            {
                "label": "Commercial paper",
                "concept": "CommercialPaper",
                "unit": "usd",
                "value": 32019000
            },
            {
                "label": "FHLB advances",
                "concept": "FederalHomeLoanBankAdvancesBranchOfFHLBBankAmountOfAdvancesByBranch",
                "unit": "usd",
                "value": 2944769000
            },
            {
                "label": "Other long-term funding",
                "concept": "LongTermDebt",
                "unit": "usd",
                "value": 796007000
            },
            {
                "label": "Accrued expenses and other liabilities",
                "concept": "OtherLiabilities",
                "unit": "usd",
                "value": 354188000
            },
            {
                "label": "Total liabilities",
                "concept": "Liabilities",
                "unit": "usd",
                "value": 29864996000
            },
            {
                "label": "Preferred equity",
                "concept": "PreferredStockIncludingAdditionalPaidInCapital",
                "unit": "usd",
                "value": 256716000
            },
            {
                "label": "Common stock",
                "concept": "CommonStockValue",
                "unit": "usd",
                "value": 1752000
            },
            {
                "label": "Surplus",
                "concept": "AdditionalPaidInCapitalCommonStock",
                "unit": "usd",
                "value": 1689792000
            },
            {
                "label": "Retained earnings",
                "concept": "RetainedEarningsAccumulatedDeficit",
                "unit": "usd",
                "value": 2235824000
            },
            {
                "label": "Accumulated other comprehensive income (loss)",
                "concept": "AccumulatedOtherComprehensiveIncomeLossNetOfTax",
                "unit": "usd",
                "value": 103375000
            },
            {
                "label": "Treasury stock, at cost",
                "concept": "TreasuryStockValue",
                "unit": "usd",
                "value": 244840000
            },
            {
                "label": "Total common equity",
                "concept": "asb:TotalCommonEquity",
                "unit": "usd",
                "value": 3579153000
            },
            {
                "label": "Total stockholders\u2019 equity",
                "concept": "StockholdersEquity",
                "unit": "usd",
                "value": 3835870000
            },
            {
                "label": "Total liabilities and stockholders\u2019 equity",
                "concept": "LiabilitiesAndStockholdersEquity",
                "unit": "usd",
                "value": 33700866000
            },
            {
                "label": "Preferred shares issued",
                "concept": "PreferredStockSharesIssued",
                "unit": "shares",
                "value": 264458
            },
            {
                "label": "Preferred shares authorized (par value $1.00 per share)",
                "concept": "PreferredStockSharesAuthorized",
                "unit": "shares",
                "value": 750000
            },
            {
                "label": "Common shares issued",
                "concept": "CommonStockSharesIssued",
                "unit": "shares",
                "value": 175216409
            },
            {
                "label": "Common shares authorized (par value $0.01 per share)",
                "concept": "CommonStockSharesAuthorized",
                "unit": "shares",
                "value": 250000000
            },
            {
                "label": "Treasury shares of common stock",
                "concept": "TreasuryStockShares",
                "unit": "shares",
                "value": 10798082
            }
        ],
        "cf": [
            {
                "label": "Net income",
                "concept": "NetIncomeLoss",
                "unit": "usd",
                "value": 86686000
            },
            {
                "label": "Depreciation and amortization",
                "concept": "DepreciationAndAmortization",
                "unit": "usd",
                "value": 14358000
            },
            {
                "label": "Addition to (recovery of) valuation allowance on mortgage servicing rights, net",
                "concept": "MortgageServicingRightsMSRImpairmentRecovery",
                "unit": "usd",
                "value": 121000
            },
            {
                "label": "Amortization of mortgage servicing rights",
                "concept": "AmortizationOfMortgageServicingRightsMSRs",
                "unit": "usd",
                "value": 2693000
            },
            {
                "label": "Amortization and accretion on earning assets, funding, and other, net",
                "concept": "AccretionAmortizationOfDiscountsAndPremiumsInvestments",
                "unit": "usd",
                "value": 6571000
            },
            {
                "label": "Net amortization of tax credit investments",
                "concept": "OtherDepreciationAndAmortization",
                "unit": "usd",
                "value": 5637000
            },
            {
                "label": "Losses (gains) on sales of investment securities, net",
                "concept": "MarketableSecuritiesGainLoss",
                "unit": "usd",
                "value": 1680000
            },
            {
                "label": "Asset (gains) losses, net",
                "concept": "GainsLossesOnSalesOfAssets",
                "unit": "usd",
                "value": 567000
            },
            {
                "label": "(Gain) loss on mortgage banking activities, net",
                "concept": "GainLossOnSaleOfMortgageLoans",
                "unit": "usd",
                "value": 3174000
            },
            {
                "label": "Mortgage loans originated and acquired for sale",
                "concept": "PaymentsForOriginationAndPurchasesOfLoansHeldForSale",
                "unit": "usd",
                "value": 162521000
            },
            {
                "label": "Proceeds from sales of mortgage loans held for sale",
                "concept": "ProceedsFromSaleOfMortgageLoansHeldForSale",
                "unit": "usd",
                "value": 159842000
            },
            {
                "label": "(Increase) decrease in interest receivable",
                "concept": "IncreaseDecreaseInAccruedInterestReceivableNet",
                "unit": "usd",
                "value": 12068000
            },
            {
                "label": "Increase (decrease) in interest payable",
                "concept": "IncreaseDecreaseInInterestPayableNet",
                "unit": "usd",
                "value": 1516000
            },
            {
                "label": "Increase (decrease) in expense payable",
                "concept": "IncreaseDecreaseInOtherAccountsPayableAndAccruedLiabilities",
                "unit": "usd",
                "value": 51247000
            },
            {
                "label": "Increase (decrease) in cash collateral",
                "concept": "IncreaseDecreaseCashCollateralFromCounterparties",
                "unit": "usd",
                "value": 41422000
            },
            {
                "label": "Net change in other assets and other liabilities",
                "concept": "IncreaseDecreaseInOtherOperatingCapitalNet",
                "unit": "usd",
                "value": 23541000
            },
            {
                "label": "Net cash provided by operating activities",
                "concept": "NetCashProvidedByUsedInOperatingActivities",
                "unit": "usd",
                "value": 13602000
            },
            {
                "label": "Net increase in loans",
                "concept": "PaymentsForProceedsFromLoansAndLeases",
                "unit": "usd",
                "value": 216817000
            },
            {
                "label": "Available for sale securities",
                "concept": "PaymentsToAcquireAvailableForSaleSecurities",
                "unit": "usd",
                "value": 120282000
            },
            {
                "label": "Held to maturity securities",
                "concept": "PaymentsToAcquireHeldToMaturitySecurities",
                "unit": "usd",
                "value": 140670000
            },
            {
                "label": "Federal Home Loan Bank and Federal Reserve Bank stocks",
                "concept": "PaymentsToAcquireFederalHomeLoanBankStock",
                "unit": "usd",
                "value": 88245000
            },
            {
                "label": "Premises, equipment, and software, net of disposals",
                "concept": "PaymentsForProceedsFromProductiveAssets",
                "unit": "usd",
                "value": 13368000
            },
            {
                "label": "Sales of available for sale securities",
                "concept": "ProceedsFromSaleOfAvailableForSaleSecurities",
                "unit": "usd",
                "value": 131122000
            },
            {
                "label": "Sale of Federal Home Loan Bank and Federal Reserve Bank stocks",
                "concept": "ProceedsFromSaleOfFederalHomeLoanBankStock",
                "unit": "usd",
                "value": 121839000
            },
            {
                "label": "Prepayments, calls, and maturities of available for sale investment securities",
                "concept": "ProceedsFromMaturitiesPrepaymentsAndCallsOfAvailableForSaleSecurities",
                "unit": "usd",
                "value": 135541000
            },
            {
                "label": "Prepayments, calls, and maturities of held to maturity investment securities",
                "concept": "ProceedsFromMaturitiesPrepaymentsAndCallsOfHeldToMaturitySecurities",
                "unit": "usd",
                "value": 43953000
            },
            {
                "label": "Sales, prepayments, calls, and maturities of other assets",
                "concept": "ProceedsFromMaturitiesPrepaymentsAndCallsOfOtherInvestments",
                "unit": "usd",
                "value": 3179000
            },
            {
                "label": "Net Change in Tax Credit Investments",
                "concept": "asb:NetChangeinTaxCreditInvestments",
                "unit": "usd",
                "value": 18772000
            },
            {
                "label": "Net cash (paid) received in acquisition",
                "concept": "PaymentsToAcquireBusinessesNetOfCashAcquired",
                "unit": "usd",
                "value": "N/A"
            },
            {
                "label": "Net cash used in investing activities",
                "concept": "NetCashProvidedByUsedInInvestingActivities",
                "unit": "usd",
                "value": 162518000
            },
            {
                "label": "Net increase (decrease) in deposits",
                "concept": "IncreaseDecreaseInDeposits",
                "unit": "usd",
                "value": 635664000
            },
            {
                "label": "Net increase (decrease) in short-term funding",
                "concept": "ProceedsFromRepaymentsOfShortTermDebt",
                "unit": "usd",
                "value": 2043000
            },
            {
                "label": "Net increase (decrease) in short-term FHLB advances",
                "concept": "asb:ProceedsfromRepaymentofshorttermFHLBAdvances",
                "unit": "usd",
                "value": 880000000
            },
            {
                "label": "Repayment of long-term FHLB advances",
                "concept": "asb:RepaymentofFHLBAdvance",
                "unit": "usd",
                "value": 169000
            },
            {
                "label": "Proceeds from long-term FHLB advances",
                "concept": "asb:ProceedsfromFHLBAdvance",
                "unit": "usd",
                "value": 250633000
            },
            {
                "label": "Proceeds from issuance of common stock for stock-based compensation plans",
                "concept": "ProceedsFromIssuanceOfSharesUnderIncentiveAndShareBasedCompensationPlansIncludingStockOptions",
                "unit": "usd",
                "value": 7045000
            },
            {
                "label": "Purchase of preferred shares",
                "concept": "PaymentsForRepurchaseOfRedeemablePreferredStock",
                "unit": "usd",
                "value": "N/A"
            },
            {
                "label": "Purchase of common stock returned to authorized but unissued",
                "concept": "asb:Paymentsforreturnedtoauthorizedbutunissuedcommonstock",
                "unit": "usd",
                "value": "N/A"
            },
            {
                "label": "Purchase of treasury stock",
                "concept": "asb:Paymentsforrepurchaseofcommonstockfortaxwithholding",
                "unit": "usd",
                "value": 37467000
            },
            {
                "label": "Cash dividends on common stock",
                "concept": "PaymentsOfDividendsCommonStock",
                "unit": "usd",
                "value": 28183000
            },
            {
                "label": "Cash dividends on preferred stock",
                "concept": "PaymentsOfDividendsPreferredStockAndPreferenceStock",
                "unit": "usd",
                "value": 3801000
            },
            {
                "label": "Net cash provided by (used in) financing activities",
                "concept": "NetCashProvidedByUsedInFinancingActivities",
                "unit": "usd",
                "value": 54235000
            },
            {
                "label": "Net increase (decrease) in cash, cash equivalents, and restricted cash",
                "concept": "CashAndCashEquivalentsPeriodIncreaseDecrease",
                "unit": "usd",
                "value": 230355000
            },
            {
                "label": "Cash paid for interest",
                "concept": "InterestPaidNet",
                "unit": "usd",
                "value": 91521000
            },
            {
                "label": "Cash paid for income taxes",
                "concept": "IncomeTaxesPaidNet",
                "unit": "usd",
                "value": 5760000
            },
            {
                "label": "Loans and bank premises transferred to other real estate owned",
                "concept": "TransferToOtherRealEstate",
                "unit": "usd",
                "value": 2222000
            },
            {
                "label": "Capitalized mortgage servicing rights",
                "concept": "ServicingAssetAtFairValueAdditions",
                "unit": "usd",
                "value": 1247000
            },
            {
                "label": "Loans transferred into held for sale from portfolio, net",
                "concept": "TransferOfPortfolioLoansAndLeasesToHeldForSale1",
                "unit": "usd",
                "value": 1074000
            },
            {
                "label": "Unsettled Trades To Purchase Securities",
                "concept": "asb:UnsettledTradesToPurchaseSecurities",
                "unit": "usd",
                "value": 11244000
            },
            {
                "label": "Equity issued in (adjustments related to) acquisition",
                "concept": "asb:Equityissuedinadjustmentsrelatedtoacquisition",
                "unit": "usd",
                "value": 79000
            }
        ],
        "ic": [
            {
                "label": "Interest and fees on loans",
                "concept": "InterestAndFeeIncomeLoansAndLeases",
                "unit": "usd",
                "value": 258853000
            },
            {
                "label": "Taxable",
                "concept": "InterestIncomeSecuritiesTaxable",
                "unit": "usd",
                "value": 29053000
            },
            {
                "label": "Tax-exempt",
                "concept": "InterestIncomeSecuritiesTaxExempt",
                "unit": "usd",
                "value": 13816000
            },
            {
                "label": "Other interest",
                "concept": "OtherInterestAndDividendIncome",
                "unit": "usd",
                "value": 4226000
            },
            {
                "label": "Total interest income",
                "concept": "InterestAndDividendIncomeOperating",
                "unit": "usd",
                "value": 305948000
            },
            {
                "label": "Interest on deposits",
                "concept": "InterestExpenseDeposits",
                "unit": "usd",
                "value": 62773000
            },
            {
                "label": "Interest on Federal funds purchased and securities sold under agreements to repurchase",
                "concept": "InterestExpenseFederalFundsPurchasedAndSecuritiesSoldUnderAgreementsToRepurchase",
                "unit": "usd",
                "value": 627000
            },
            {
                "label": "Interest on other short-term funding",
                "concept": "InterestExpenseOtherShortTermBorrowings",
                "unit": "usd",
                "value": 51000
            },
            {
                "label": "Interest on FHLB advances",
                "concept": "asb:InterestonFHLBFunding",
                "unit": "usd",
                "value": 19554000
            },
            {
                "label": "Interest on long-term funding",
                "concept": "InterestExpenseLongTermDebt",
                "unit": "usd",
                "value": 7396000
            },
            {
                "label": "Total interest expense",
                "concept": "InterestExpense",
                "unit": "usd",
                "value": 90401000
            },
            {
                "label": "Net interest income",
                "concept": "InterestIncomeExpenseNet",
                "unit": "usd",
                "value": 215547000
            },
            {
                "label": "Provision for credit losses",
                "concept": "ProvisionForLoanLeaseAndOtherLosses",
                "unit": "usd",
                "value": 6000000
            },
            {
                "label": "Net interest income after provision for credit losses",
                "concept": "InterestIncomeExpenseAfterProvisionForLoanLoss",
                "unit": "usd",
                "value": 209547000
            },
            {
                "label": "Capital markets, net",
                "concept": "asb:CapitalMarketFeesNet",
                "unit": "usd",
                "value": 3189000
            },
            {
                "label": "Mortgage banking, net",
                "concept": "FeesAndCommissionsMortgageBankingAndServicing",
                "unit": "usd",
                "value": 4712000
            },
            {
                "label": "Bank and corporate owned life insurance",
                "concept": "asb:BankandCorporateOwnedLifeInsuranceIncome",
                "unit": "usd",
                "value": 3792000
            },
            {
                "label": "Asset gains (losses), net",
                "concept": "GainsLossesOnSalesOfAssets",
                "unit": "usd",
                "value": 567000
            },
            {
                "label": "Investment securities gains (losses), net",
                "concept": "AvailableforsaleSecuritiesGrossRealizedGainLossExcludingOtherThanTemporaryImpairments",
                "unit": "usd",
                "value": 1680000
            },
            {
                "label": "Other",
                "concept": "NoninterestIncomeOtherOperatingIncome",
                "unit": "usd",
                "value": 3260000
            },
            {
                "label": "Personnel",
                "concept": "LaborAndRelatedExpense",
                "unit": "usd",
                "value": 120050000
            },
            {
                "label": "Technology",
                "concept": "InformationTechnologyAndDataProcessing",
                "unit": "usd",
                "value": 19012000
            },
            {
                "label": "Occupancy",
                "concept": "OccupancyNet",
                "unit": "usd",
                "value": 16472000
            },
            {
                "label": "Business development and advertising",
                "concept": "MarketingAndAdvertisingExpense",
                "unit": "usd",
                "value": 6636000
            },
            {
                "label": "Business development and advertising",
                "concept": "EquipmentExpense",
                "unit": "usd",
                "value": 5668000
            },
            {
                "label": "Legal and professional",
                "concept": "asb:LegalAndProfessionalFees",
                "unit": "usd",
                "value": 3951000
            },
            {
                "label": "Card issuance costs",
                "concept": "asb:Cardissuancecosts",
                "unit": "usd",
                "value": 977000
            },
            {
                "label": "Loan costs",
                "concept": "LoanProcessingFee",
                "unit": "usd",
                "value": 1364000
            },
            {
                "label": "Foreclosure / OREO expense, net",
                "concept": "ForeclosedRealEstateExpense",
                "unit": "usd",
                "value": 567000
            },
            {
                "label": "FDIC assessment",
                "concept": "FederalDepositInsuranceCorporationPremiumExpense",
                "unit": "usd",
                "value": 3750000
            },
            {
                "label": "Other intangible amortization",
                "concept": "AmortizationOfIntangibleAssets",
                "unit": "usd",
                "value": 2226000
            },
            {
                "label": "Other",
                "concept": "OtherNoninterestExpense",
                "unit": "usd",
                "value": 10366000
            },
            {
                "label": "Total noninterest expense",
                "concept": "NoninterestExpense",
                "unit": "usd",
                "value": 191671000
            },
            {
                "label": "Income before income taxes",
                "concept": "IncomeLossFromContinuingOperationsBeforeIncomeTaxesMinorityInterestAndIncomeLossFromEquityMethodInvestments",
                "unit": "usd",
                "value": 109078000
            },
            {
                "label": "Income tax expense",
                "concept": "IncomeTaxExpenseBenefit",
                "unit": "usd",
                "value": 22392000
            },
            {
                "label": "Preferred stock dividends",
                "concept": "PreferredStockDividendsAndOtherAdjustments",
                "unit": "usd",
                "value": 3801000
            },
            {
                "label": "Net income available to common equity",
                "concept": "NetIncomeLossAvailableToCommonStockholdersBasic",
                "unit": "usd",
                "value": 82885000
            },
            {
                "label": "Basic",
                "concept": "EarningsPerShareBasic",
                "unit": "usd/shares",
                "value": 0.5
            },
            {
                "label": "Diluted",
                "concept": "EarningsPerShareDiluted",
                "unit": "usd/shares",
                "value": 0.5
            },
            {
                "label": "Basic",
                "concept": "WeightedAverageNumberOfSharesOutstandingBasic",
                "unit": "shares",
                "value": 163928000
            },
            {
                "label": "Diluted",
                "concept": "WeightedAverageNumberOfDilutedSharesOutstanding",
                "unit": "shares",
                "value": 165433000
            }
        ]
    }
}