{
    "startDate": "2019-01-01",
    "endDate": "2019-03-31",
    "year": "2019",
    "quarter": "Q1",
    "symbol": "SYN",
    "data": {
        "bs": [
            {
                "label": "Mortgage loans held for sale",
                "concept": "LoansReceivableHeldForSaleNetNotPartOfDisposalGroupMortgage",
                "unit": "usd",
                "value": 55970000
            },
            {
                "label": "Loans, net",
                "concept": "LoansAndLeasesReceivableNetReportedAmount",
                "unit": "usd",
                "value": 35377465000
            },
            {
                "label": "Federal funds purchased and securities sold under repurchase agreements",
                "concept": "syn:FederalFundsPurchasedAndOtherShortTermBorrowings",
                "unit": "usd",
                "value": 314383000
            }
        ],
        "cf": [
            {
                "label": "Depreciation, amortization, and accretion, net",
                "concept": "DepreciationAmortizationAndAccretionNet",
                "unit": "usd",
                "value": 7000000
            },
            {
                "label": "Deferred income tax expense",
                "concept": "DeferredIncomeTaxExpenseBenefit",
                "unit": "usd",
                "value": 6915000
            },
            {
                "label": "Originations of mortgage loans held for sale",
                "concept": "PaymentsForOriginationOfMortgageLoansHeldForSale",
                "unit": "usd",
                "value": 120207000
            },
            {
                "label": "Proceeds from sales of mortgage loans held for sale",
                "concept": "ProceedsFromSaleOfMortgageLoansHeldForSale",
                "unit": "usd",
                "value": 104552000
            },
            {
                "label": "Gain on sales of mortgage loans held for sale, net",
                "concept": "GainLossOnSaleOfMortgageLoans",
                "unit": "usd",
                "value": 3534000
            },
            {
                "label": "Decrease (increase) in other assets",
                "concept": "IncreaseDecreaseInPrepaidDeferredExpenseAndOtherAssets",
                "unit": "usd",
                "value": 21634000
            },
            {
                "label": "Decrease in other liabilities",
                "concept": "IncreaseDecreaseInOtherAccountsPayableAndAccruedLiabilities",
                "unit": "usd",
                "value": 27776000
            },
            {
                "label": "Investment securities gains, net",
                "concept": "DebtSecuritiesAvailableForSaleRealizedGainLoss",
                "unit": "usd",
                "value": 75000
            },
            {
                "label": "Share-based compensation expense",
                "concept": "ShareBasedCompensation",
                "unit": "usd",
                "value": 10244000
            },
            {
                "label": "Net cash provided by operating activities",
                "concept": "NetCashProvidedByUsedInOperatingActivities",
                "unit": "usd",
                "value": 142508000
            },
            {
                "label": "Net cash received in business combination, net of cash paid",
                "concept": "CashAcquiredFromAcquisition",
                "unit": "usd",
                "value": 201100000
            },
            {
                "label": "Proceeds from maturities and principal collections of investment securities available for sale",
                "concept": "ProceedsFromMaturitiesPrepaymentsAndCallsOfAvailableForSaleSecurities",
                "unit": "usd",
                "value": 197726000
            },
            {
                "label": "Proceeds from sales of investment securities available for sale",
                "concept": "ProceedsFromSaleOfAvailableForSaleSecuritiesDebt",
                "unit": "usd",
                "value": 1188239000
            },
            {
                "label": "Purchases of investment securities available for sale",
                "concept": "PaymentsToAcquireAvailableForSaleSecuritiesDebt",
                "unit": "usd",
                "value": 1800346000
            },
            {
                "label": "Proceeds from sales of loans",
                "concept": "ProceedsFromSaleOfLoansHeldForInvestment",
                "unit": "usd",
                "value": 13654000
            },
            {
                "label": "Proceeds from sales of other real estate and other assets",
                "concept": "ProceedsFromSaleOfOtherRealEstate",
                "unit": "usd",
                "value": 6273000
            },
            {
                "label": "Net increase in loans excluding loans acquired in business combination",
                "concept": "PaymentsForProceedsFromLoansAndLeases",
                "unit": "usd",
                "value": 423514000
            },
            {
                "label": "Net (purchases) redemptions of Federal Home Loan Bank stock",
                "concept": "PaymentsForProceedsFromFederalHomeLoanBankStock",
                "unit": "usd",
                "value": 24239000
            },
            {
                "label": "Net redemptions (purchases) of Federal Reserve Bank stock",
                "concept": "PaymentsForProceedsFromFederalReserveBankStock",
                "unit": "usd",
                "value": 1285000
            },
            {
                "label": "Purchases of bank-owned life insurance policies, net of settlements",
                "concept": "syn:PurchasesofBankownedLifeInsurancePoliciesNetofSettlements",
                "unit": "usd",
                "value": 656000
            },
            {
                "label": "Net increase in premises and equipment",
                "concept": "PaymentsToAcquirePropertyPlantAndEquipment",
                "unit": "usd",
                "value": 9209000
            },
            {
                "label": "Net cash used in investing activities",
                "concept": "NetCashProvidedByUsedInInvestingActivities",
                "unit": "usd",
                "value": 648375000
            },
            {
                "label": "Net increase in deposits",
                "concept": "IncreaseDecreaseInDeposits",
                "unit": "usd",
                "value": 434677000
            },
            {
                "label": "Net increase in federal funds purchased and securities sold under repurchase agreements",
                "concept": "IncreaseDecreaseInFederalFundsPurchasedAndSecuritiesSoldUnderAgreementsToRepurchaseNet",
                "unit": "usd",
                "value": 47552000
            },
            {
                "label": "Net change in other short-term borrowings",
                "concept": "PaymentsForProceedsFromShortTermInvestments",
                "unit": "usd",
                "value": 203000000
            },
            {
                "label": "Repayments and redemption of long-term debt",
                "concept": "RepaymentsOfLongTermDebt",
                "unit": "usd",
                "value": "N/A"
            },
            {
                "label": "Proceeds from issuance of long-term debt, net",
                "concept": "ProceedsFromIssuanceOfLongTermDebt",
                "unit": "usd",
                "value": 297045000
            },
            {
                "label": "Dividends paid to common shareholders",
                "concept": "PaymentsOfDividendsCommonStock",
                "unit": "usd",
                "value": 28966000
            },
            {
                "label": "Dividends paid to preferred shareholders",
                "concept": "PaymentsOfDividendsPreferredStockAndPreferenceStock",
                "unit": "usd",
                "value": 3150000
            },
            {
                "label": "Stock options and warrants exercised",
                "concept": "syn:ProceedsfromStockOptionsandWarrantsExercised",
                "unit": "usd",
                "value": 6649000
            },
            {
                "label": "Repurchase of common stock",
                "concept": "PaymentsForRepurchaseOfCommonStock",
                "unit": "usd",
                "value": 320167000
            },
            {
                "label": "Taxes paid related to net share settlement of equity awards",
                "concept": "syn:Taxespaidrelatedtonetsharesettlementofequityawards",
                "unit": "usd",
                "value": 8412000
            },
            {
                "label": "Net cash provided by financing activities",
                "concept": "NetCashProvidedByUsedInFinancingActivities",
                "unit": "usd",
                "value": 628228000
            },
            {
                "label": "Increase in cash and cash equivalents including restricted cash",
                "concept": "CashCashEquivalentsRestrictedCashAndRestrictedCashEquivalentsPeriodIncreaseDecreaseIncludingExchangeRateEffect",
                "unit": "usd",
                "value": 122361000
            },
            {
                "label": "Income taxes paid (refunded)",
                "concept": "IncomeTaxesPaidNet",
                "unit": "usd",
                "value": 1050000
            },
            {
                "label": "Interest paid",
                "concept": "InterestPaidNet",
                "unit": "usd",
                "value": 95630000
            },
            {
                "label": "Common stock issued, treasury stock reissued, equity awards/warrants exchanged to acquire FCB",
                "concept": "syn:StockIssuedDuringPeriodValueTreasuryStockReissuedEquityAwardsWarrantsConvertedinAcquisition",
                "unit": "usd",
                "value": 1625688000
            },
            {
                "label": "Loans foreclosed and transferred to other real estate",
                "concept": "syn:LoansForeclosedAndTransferredToOtherRealEstate",
                "unit": "usd",
                "value": 1419000
            },
            {
                "label": "Loans transferred to/(from) other loans held for sale at fair value",
                "concept": "syn:Loanstransferredtootherloansheldforsaleatfairvalue",
                "unit": "usd",
                "value": 12237000
            },
            {
                "label": "Subtopic 825-10 equity investment securities available for sale transferred to other assets",
                "concept": "syn:Equityinvestmentsecuritiesavailableforsaletransferredtootherassetsatfairvalue",
                "unit": "usd",
                "value": "N/A"
            }
        ],
        "ic": [
            {
                "label": "Mortgage loans held for sale",
                "concept": "syn:ChangeInMortgageLoansHeldForSaleIncludedInNetIncome",
                "unit": "usd",
                "value": 356000
            }
        ]
    }
}