{
    "startDate": "2019-01-01",
    "endDate": "2019-03-31",
    "year": "2019",
    "quarter": "Q1",
    "symbol": "EQT",
    "data": {
        "bs": [
            {
                "label": "Cash and cash equivalents",
                "concept": "CashAndCashEquivalentsAtCarryingValue",
                "unit": "usd",
                "value": 40846000
            },
            {
                "label": "Accounts receivable (less provision for doubtful accounts: $6,333 at March 31, 2019 and $8,648 at December 31, 2018)",
                "concept": "AccountsReceivableNetCurrent",
                "unit": "usd",
                "value": 817535000
            },
            {
                "label": "Tax receivable",
                "concept": "IncomeTaxesReceivable",
                "unit": "usd",
                "value": 130567000
            },
            {
                "label": "Prepaid expenses and other",
                "concept": "PrepaidExpenseAndOtherAssetsCurrent",
                "unit": "usd",
                "value": 20839000
            },
            {
                "label": "Total current assets",
                "concept": "AssetsCurrent",
                "unit": "usd",
                "value": 1380041000
            },
            {
                "label": "Property, plant and equipment",
                "concept": "PropertyPlantAndEquipmentGross",
                "unit": "usd",
                "value": 22592376000
            },
            {
                "label": "Less: accumulated depreciation and depletion",
                "concept": "AccumulatedDepreciationDepletionAndAmortizationPropertyPlantAndEquipment",
                "unit": "usd",
                "value": 5139164000
            },
            {
                "label": "Net property, plant and equipment",
                "concept": "PropertyPlantAndEquipmentNet",
                "unit": "usd",
                "value": 17453212000
            },
            {
                "label": "Intangible assets, net",
                "concept": "IntangibleAssetsNetExcludingGoodwill",
                "unit": "usd",
                "value": 66991000
            },
            {
                "label": "Investment in Equitrans Midstream Corporation",
                "concept": "EquitySecuritiesFvNi",
                "unit": "usd",
                "value": 1102057000
            },
            {
                "label": "Other assets",
                "concept": "OtherAssetsNoncurrent",
                "unit": "usd",
                "value": 337384000
            },
            {
                "label": "Total assets",
                "concept": "Assets",
                "unit": "usd",
                "value": 20339685000
            },
            {
                "label": "Current portion of debt",
                "concept": "LongTermDebtCurrent",
                "unit": "usd",
                "value": 704677000
            },
            {
                "label": "Accounts payable",
                "concept": "AccountsPayableCurrent",
                "unit": "usd",
                "value": 877498000
            },
            {
                "label": "Derivative instruments, at fair value",
                "concept": "DerivativeFairValueOfDerivativeLiability",
                "unit": "usd",
                "value": 308607000
            },
            {
                "label": "Other current liabilities",
                "concept": "OtherLiabilitiesCurrent",
                "unit": "usd",
                "value": 294708000
            },
            {
                "label": "Total current liabilities",
                "concept": "LiabilitiesCurrent",
                "unit": "usd",
                "value": 2185490000
            },
            {
                "label": "Credit facility borrowings",
                "concept": "LongTermLineOfCredit",
                "unit": "usd",
                "value": 350000000
            },
            {
                "label": "Senior Notes",
                "concept": "SeniorNotes",
                "unit": "usd",
                "value": 3884591000
            },
            {
                "label": "Note payable to EQM Midstream Partners, LP",
                "concept": "NotesPayable",
                "unit": "usd",
                "value": 108835000
            },
            {
                "label": "Deferred income taxes",
                "concept": "DeferredTaxLiabilities",
                "unit": "usd",
                "value": 1859578000
            },
            {
                "label": "Other liabilities and credits",
                "concept": "OtherLiabilitiesNoncurrent",
                "unit": "usd",
                "value": 811603000
            },
            {
                "label": "Total liabilities",
                "concept": "Liabilities",
                "unit": "usd",
                "value": 9200097000
            },
            {
                "label": "Common stock, no par value, authorized 320,000 shares, shares issued: 257,225 at September 30, 2018 and 267,871 at December 31, 2017",
                "concept": "CommonStockValueOutstanding",
                "unit": "usd",
                "value": 7817227000
            },
            {
                "label": "Treasury stock, shares at cost: 2,799 at September 30, 2018 (including 299 held in rabbi trust) and 3,551 at December 31, 2017 (including 253 held in rabbi trust)",
                "concept": "TreasuryStockValue",
                "unit": "usd",
                "value": 39665000
            },
            {
                "label": "Retained earnings",
                "concept": "RetainedEarningsAccumulatedDeficit",
                "unit": "usd",
                "value": 3367810000
            },
            {
                "label": "Accumulated other comprehensive loss",
                "concept": "AccumulatedOtherComprehensiveIncomeLossNetOfTax",
                "unit": "usd",
                "value": -5784000
            },
            {
                "label": "Total equity",
                "concept": "StockholdersEquityIncludingPortionAttributableToNoncontrollingInterest",
                "unit": "usd",
                "value": 11139588000
            },
            {
                "label": "Total liabilities and equity",
                "concept": "LiabilitiesAndStockholdersEquity",
                "unit": "usd",
                "value": 20339685000
            }
        ],
        "cf": [
            {
                "label": "Deferred income tax expense (benefit)",
                "concept": "eqt:DeferredIncomeTaxExpenseBenefitContinuingAndDiscontinuedOperations",
                "unit": "usd",
                "value": 37889000
            },
            {
                "label": "Depreciation and depletion",
                "concept": "eqt:DepreciationDepletionAndAmortizationContinuingAndDiscontinuedOperations",
                "unit": "usd",
                "value": 391113000
            },
            {
                "label": "Amortization of intangible assets",
                "concept": "AmortizationOfIntangibleAssets",
                "unit": "usd",
                "value": 10342000
            },
            {
                "label": "Amortization of financing costs and accretion expense",
                "concept": "eqt:AmortizationofDebtIssuanceCostsandAccretionExpense",
                "unit": "usd",
                "value": 5300000
            },
            {
                "label": "Asset and lease impairments",
                "concept": "AssetImpairmentCharges",
                "unit": "usd",
                "value": 29534000
            },
            {
                "label": "Unrealized gain on investment in Equitrans Midstream Corporation",
                "concept": "UnrealizedGainLossOnInvestments",
                "unit": "usd",
                "value": 89055000
            },
            {
                "label": "Non-cash other income",
                "concept": "OtherNoncashIncomeExpense",
                "unit": "usd",
                "value": 676000
            },
            {
                "label": "Share-based compensation expense",
                "concept": "ShareBasedCompensation",
                "unit": "usd",
                "value": 3853000
            },
            {
                "label": "Loss (gain) on derivatives not designated as hedges",
                "concept": "GainLossOnPriceRiskDerivativeInstrumentsNotDesignatedAsHedgingInstruments",
                "unit": "usd",
                "value": -131996000
            },
            {
                "label": "Net cash settlements paid on derivatives not designated as hedges",
                "concept": "eqt:ProceedsFromPaymentsForCashSettlementsonDerivativesNotDesignatedasHedges",
                "unit": "usd",
                "value": -63634000
            },
            {
                "label": "Accounts receivable",
                "concept": "IncreaseDecreaseInReceivables",
                "unit": "usd",
                "value": -342465000
            },
            {
                "label": "Accounts payable",
                "concept": "IncreaseDecreaseInAccountsPayable",
                "unit": "usd",
                "value": -149487000
            },
            {
                "label": "Other items, net",
                "concept": "OtherOperatingActivitiesCashFlowStatement",
                "unit": "usd",
                "value": 30956000
            },
            {
                "label": "Net cash provided by operating activities",
                "concept": "NetCashProvidedByUsedInOperatingActivities",
                "unit": "usd",
                "value": 871287000
            },
            {
                "label": "Capital expenditures",
                "concept": "PaymentsToAcquirePropertyPlantAndEquipment",
                "unit": "usd",
                "value": 371028000
            },
            {
                "label": "Capital expenditures for discontinued operations",
                "concept": "eqt:PaymentsToAcquirePropertyPlantAndEquipmentDiscontinuedOperations",
                "unit": "usd",
                "value": 0
            },
            {
                "label": "Capital contributions to Mountain Valley Pipeline, LLC",
                "concept": "PaymentsToAcquireInvestments",
                "unit": "usd",
                "value": 0
            },
            {
                "label": "Other investing activities",
                "concept": "PaymentsForProceedsFromOtherInvestingActivities",
                "unit": "usd",
                "value": -697000
            },
            {
                "label": "Net cash used in investing activities",
                "concept": "NetCashProvidedByUsedInInvestingActivities",
                "unit": "usd",
                "value": -370331000
            },
            {
                "label": "Increase in borrowings on credit facilities",
                "concept": "ProceedsFromShortTermDebt",
                "unit": "usd",
                "value": 820000000
            },
            {
                "label": "Repayment of borrowings on credit facilities",
                "concept": "RepaymentsOfShortTermDebt",
                "unit": "usd",
                "value": 1270000000
            },
            {
                "label": "Increase in borrowings on EQM Midstream Partners, LP credit facilities",
                "concept": "ProceedsFromLinesOfCredit",
                "unit": "usd",
                "value": 0
            },
            {
                "label": "Repayment of borrowings on EQM Midstream Partners, LP credit facilities",
                "concept": "RepaymentsOfLinesOfCredit",
                "unit": "usd",
                "value": 0
            },
            {
                "label": "Dividends paid",
                "concept": "PaymentsOfDividendsCommonStock",
                "unit": "usd",
                "value": 7652000
            },
            {
                "label": "Distributions to noncontrolling interests",
                "concept": "PaymentsOfDividendsMinorityInterest",
                "unit": "usd",
                "value": 0
            },
            {
                "label": "Repayments and retirements of debt",
                "concept": "RepaymentsOfLongTermDebt",
                "unit": "usd",
                "value": 1141000
            },
            {
                "label": "Proceeds from awards under employee compensation plans",
                "concept": "ProceedsAndExcessTaxBenefitFromSharebasedCompensation",
                "unit": "usd",
                "value": 0
            },
            {
                "label": "Cash paid for taxes related to net settlement of share-based incentive awards",
                "concept": "PaymentsRelatedToTaxWithholdingForShareBasedCompensation",
                "unit": "usd",
                "value": 4804000
            },
            {
                "label": "Repurchase of common stock",
                "concept": "PaymentsForRepurchaseOfCommonStock",
                "unit": "usd",
                "value": 0
            },
            {
                "label": "Net cash (used in) provided by financing activities",
                "concept": "NetCashProvidedByUsedInFinancingActivities",
                "unit": "usd",
                "value": -463597000
            },
            {
                "label": "Net change in cash, cash equivalents and restricted cash",
                "concept": "CashCashEquivalentsRestrictedCashAndRestrictedCashEquivalentsPeriodIncreaseDecreaseIncludingExchangeRateEffect",
                "unit": "usd",
                "value": 37359000
            },
            {
                "label": "Interest, net of amount capitalized",
                "concept": "InterestPaidNet",
                "unit": "usd",
                "value": 13749000
            },
            {
                "label": "Income taxes, net",
                "concept": "IncomeTaxesPaidNet",
                "unit": "usd",
                "value": 23000
            },
            {
                "label": "Increase in right-of-use lease assets and lease liabilities",
                "concept": "eqt:IncreaseDecreaseinRightofUseLeaseAssetsandLeaseLiabilities",
                "unit": "usd",
                "value": 89021000
            },
            {
                "label": "Increase in asset retirement costs and obligations",
                "concept": "AssetRetirementObligationPeriodIncreaseDecrease",
                "unit": "usd",
                "value": 1285000
            }
        ],
        "ic": [
            {
                "label": "Sales of natural gas, oil and NGLs",
                "concept": "RevenueFromContractWithCustomerExcludingAssessedTax",
                "unit": "usd",
                "value": 1271613000
            },
            {
                "label": "Transportation and processing",
                "concept": "CostOfGoodsAndServicesSold",
                "unit": "usd",
                "value": 439246000
            },
            {
                "label": "Production",
                "concept": "ResultsOfOperationsProductionOrLiftingCosts",
                "unit": "usd",
                "value": 43408000
            },
            {
                "label": "Exploration",
                "concept": "ExplorationExpense",
                "unit": "usd",
                "value": 1007000
            },
            {
                "label": "Selling, general and administrative",
                "concept": "SellingGeneralAndAdministrativeExpense",
                "unit": "usd",
                "value": 48978000
            },
            {
                "label": "Depreciation and depletion",
                "concept": "DepreciationDepletionAndAmortization",
                "unit": "usd",
                "value": 391113000
            },
            {
                "label": "Impairment/loss on sale of long-lived assets",
                "concept": "ImpairmentOfOilAndGasProperties",
                "unit": "usd",
                "value": 0
            },
            {
                "label": "Lease impairments and expirations",
                "concept": "eqt:GainLossonExpirationandImpairmentofLease",
                "unit": "usd",
                "value": -29534000
            },
            {
                "label": "Proxy and transaction costs",
                "concept": "BusinessCombinationAcquisitionRelatedCosts",
                "unit": "usd",
                "value": 4089000
            },
            {
                "label": "Amortization of intangible assets",
                "concept": "eqt:AmortizationofIntangibleAssetsExcludingDiscontinuedOperations",
                "unit": "usd",
                "value": 10342000
            },
            {
                "label": "Total operating expenses",
                "concept": "CostsAndExpenses",
                "unit": "usd",
                "value": 967717000
            },
            {
                "label": "Operating income (loss)",
                "concept": "OperatingIncomeLoss",
                "unit": "usd",
                "value": 175456000
            },
            {
                "label": "Unrealized gain on investment in Equitrans Midstream Corporation",
                "concept": "UnrealizedGainLossOnInvestments",
                "unit": "usd",
                "value": 89055000
            },
            {
                "label": "Dividend and other income (expense)",
                "concept": "eqt:DividendandOtherIncomeExpense",
                "unit": "usd",
                "value": 20987000
            },
            {
                "label": "Interest expense",
                "concept": "InterestExpense",
                "unit": "usd",
                "value": 56573000
            },
            {
                "label": "Income (loss) from continuing operations before income taxes",
                "concept": "IncomeLossFromContinuingOperationsBeforeIncomeTaxesExtraordinaryItemsNoncontrollingInterest",
                "unit": "usd",
                "value": 228925000
            },
            {
                "label": "Income tax expense (benefit)",
                "concept": "IncomeTaxExpenseBenefit",
                "unit": "usd",
                "value": 38234000
            },
            {
                "label": "Income (loss) from continuing operations",
                "concept": "IncomeLossFromContinuingOperationsIncludingPortionAttributableToNoncontrollingInterest",
                "unit": "usd",
                "value": 190691000
            },
            {
                "label": "Income from discontinued operations, net of tax",
                "concept": "IncomeLossFromDiscontinuedOperationsNetOfTax",
                "unit": "usd",
                "value": 0
            },
            {
                "label": "Net income (loss)",
                "concept": "ProfitLoss",
                "unit": "usd",
                "value": 190691000
            },
            {
                "label": "Less: Net income from discontinued operations attributable to noncontrolling interests",
                "concept": "NetIncomeLossAttributableToNoncontrollingInterest",
                "unit": "usd",
                "value": 0
            },
            {
                "label": "Income (loss) from continuing operations",
                "concept": "IncomeLossFromContinuingOperations",
                "unit": "usd",
                "value": 190691000
            },
            {
                "label": "(Loss) from discontinued operations, net of tax",
                "concept": "IncomeLossFromDiscontinuedOperationsNetOfTaxAttributableToReportingEntity",
                "unit": "usd",
                "value": 0
            },
            {
                "label": "Net income (loss) attributable to EQT Corporation",
                "concept": "NetIncomeLoss",
                "unit": "usd",
                "value": 190691000
            },
            {
                "label": "Weighted average common stock outstanding (in shares)",
                "concept": "WeightedAverageNumberOfSharesOutstandingBasic",
                "unit": "shares",
                "value": 255046000
            },
            {
                "label": "(Loss) income from continuing operations (in dollars per share)",
                "concept": "IncomeLossFromContinuingOperationsPerBasicShare",
                "unit": "usd/shares",
                "value": 0.75
            },
            {
                "label": "(Loss) income from discontinued operations (in dollars per share)",
                "concept": "IncomeLossFromDiscontinuedOperationsNetOfTaxPerBasicShare",
                "unit": "usd/shares",
                "value": 0.0
            },
            {
                "label": "Net (loss) income (in dollars per share)",
                "concept": "EarningsPerShareBasic",
                "unit": "usd/shares",
                "value": 0.75
            },
            {
                "label": "Weighted average common stock outstanding (in shares)",
                "concept": "WeightedAverageNumberOfDilutedSharesOutstanding",
                "unit": "shares",
                "value": 255387000
            },
            {
                "label": "(Loss) income from continuing operations (in dollars per share)",
                "concept": "IncomeLossFromContinuingOperationsPerDilutedShare",
                "unit": "usd/shares",
                "value": 0.75
            },
            {
                "label": "(Loss) income from discontinued operations (in dollars per share)",
                "concept": "IncomeLossFromDiscontinuedOperationsNetOfTaxPerDilutedShare",
                "unit": "usd/shares",
                "value": 0.0
            },
            {
                "label": "Net (loss) income (in dollars per share)",
                "concept": "EarningsPerShareDiluted",
                "unit": "usd/shares",
                "value": 0.75
            }
        ]
    }
}