{
    "startDate": "2019-01-01",
    "endDate": "2019-03-31",
    "year": "2019",
    "quarter": "Q1",
    "symbol": "FMBH",
    "data": {
        "bs": [
            {
                "label": "Stockholders' Equity Attributable to Parent",
                "concept": "StockholdersEquity",
                "unit": "usd",
                "value": 497152000
            }
        ],
        "cf": [
            {
                "label": "Net income",
                "concept": "NetIncomeLoss",
                "unit": "usd",
                "value": 13316000
            },
            {
                "label": "Provision for loan losses",
                "concept": "ProvisionForLoanAndLeaseLosses",
                "unit": "usd",
                "value": 947000
            },
            {
                "label": "Depreciation, amortization and accretion, net",
                "concept": "DepreciationAmortizationAndAccretionNet",
                "unit": "usd",
                "value": 2430000
            },
            {
                "label": "Life Insurance, Corporate or Bank Owned, Change in Value",
                "concept": "LifeInsuranceCorporateOrBankOwnedChangeInValue",
                "unit": "usd",
                "value": 430000
            },
            {
                "label": "Stock-based compensation expense",
                "concept": "ShareBasedCompensation",
                "unit": "usd",
                "value": 128000
            },
            {
                "label": "Operating Lease, Payments",
                "concept": "OperatingLeasePayments",
                "unit": "usd",
                "value": 664000
            },
            {
                "label": "Gains on investment securities, net",
                "concept": "UnrealizedGainLossOnSecurities",
                "unit": "usd",
                "value": 54000
            },
            {
                "label": "(Gain) loss on sales of repossessed assets, net",
                "concept": "GainsLossesOnSalesOfOtherRealEstate",
                "unit": "usd",
                "value": 5000
            },
            {
                "label": "Loss on write down of premises and equipment",
                "concept": "GainLossOnSalesOfAssetsAndAssetImpairmentCharges",
                "unit": "usd",
                "value": 0
            },
            {
                "label": "Gains on sale of loans held for sale, net",
                "concept": "GainLossOnDispositionOfAssets",
                "unit": "usd",
                "value": 180000
            },
            {
                "label": "Decrease in accrued interest receivable",
                "concept": "IncreaseDecreaseInAccruedInterestReceivableNet",
                "unit": "usd",
                "value": -808000
            },
            {
                "label": "Increase in accrued interest payable",
                "concept": "IncreaseDecreaseInInterestPayableNet",
                "unit": "usd",
                "value": 493000
            },
            {
                "label": "Origination of loans held for sale",
                "concept": "PaymentsForOriginationOfMortgageLoansHeldForSale",
                "unit": "usd",
                "value": 12098000
            },
            {
                "label": "Proceeds from sale of loans held for sale",
                "concept": "ProceedsFromSaleOfLoansHeldForSale",
                "unit": "usd",
                "value": 12553000
            },
            {
                "label": "Decrease (increase) in other assets",
                "concept": "IncreaseDecreaseInOtherOperatingAssets",
                "unit": "usd",
                "value": -507000
            },
            {
                "label": "Decrease in other liabilities",
                "concept": "IncreaseDecreaseInOtherOperatingLiabilities",
                "unit": "usd",
                "value": -333000
            },
            {
                "label": "Net cash provided by operating activities",
                "concept": "NetCashProvidedByUsedInOperatingActivities",
                "unit": "usd",
                "value": 17418000
            },
            {
                "label": "Proceeds from maturities of certificates of deposit investments",
                "concept": "ProceedsFromMaturitiesPrepaymentsAndCallsOfOtherInvestments",
                "unit": "usd",
                "value": 249000
            },
            {
                "label": "Proceeds from sales of securities available-for-sale",
                "concept": "ProceedsFromSaleOfAvailableForSaleSecurities",
                "unit": "usd",
                "value": 12631000
            },
            {
                "label": "Proceeds from maturities of securities available-for-sale",
                "concept": "ProceedsFromMaturitiesPrepaymentsAndCallsOfAvailableForSaleSecurities",
                "unit": "usd",
                "value": 23020000
            },
            {
                "label": "Purchases of securities available-for-sale",
                "concept": "PaymentsToAcquireAvailableForSaleSecurities",
                "unit": "usd",
                "value": 28431000
            },
            {
                "label": "Net decrease (increase) in loans",
                "concept": "PaymentsForProceedsFromLoansAndLeases",
                "unit": "usd",
                "value": -45188000
            },
            {
                "label": "Purchases of premises and equipment",
                "concept": "PaymentsToAcquirePropertyPlantAndEquipment",
                "unit": "usd",
                "value": 987000
            },
            {
                "label": "Proceeds from sales of other real property owned",
                "concept": "ProceedsFromSaleOfOtherRealEstate",
                "unit": "usd",
                "value": 354000
            },
            {
                "label": "Net cash provided by (used in) investing activities",
                "concept": "NetCashProvidedByUsedInInvestingActivities",
                "unit": "usd",
                "value": 52024000
            },
            {
                "label": "Net increase in deposits",
                "concept": "IncreaseDecreaseInDeposits",
                "unit": "usd",
                "value": 57527000
            },
            {
                "label": "Decrease in repurchase agreements",
                "concept": "ProceedsFromPaymentsForInSecuritiesSoldUnderAgreementsToRepurchase",
                "unit": "usd",
                "value": -34570000
            },
            {
                "label": "Repayments of Long-term Debt",
                "concept": "RepaymentsOfLongTermDebt",
                "unit": "usd",
                "value": 1467000
            },
            {
                "label": "Proceeds from issuance of common stock",
                "concept": "ProceedsFromIssuanceOfCommonStock",
                "unit": "usd",
                "value": 216000
            },
            {
                "label": "Net cash provided by (used in) financing activities",
                "concept": "NetCashProvidedByUsedInFinancingActivities",
                "unit": "usd",
                "value": 21706000
            },
            {
                "label": "Increase (decrease) in cash and cash equivalents",
                "concept": "CashAndCashEquivalentsPeriodIncreaseDecrease",
                "unit": "usd",
                "value": 91148000
            },
            {
                "label": "Interest",
                "concept": "InterestPaidNet",
                "unit": "usd",
                "value": 5391000
            },
            {
                "label": "Income taxes",
                "concept": "IncomeTaxesPaidNet",
                "unit": "usd",
                "value": 2035000
            },
            {
                "label": "Loans Transferred to Other Real Estate Owned",
                "concept": "TransferToOtherRealEstate",
                "unit": "usd",
                "value": 1630000
            },
            {
                "label": "Right-of-Use Asset Obtained in Exchange for Operating Lease Liability",
                "concept": "RightOfUseAssetObtainedInExchangeForOperatingLeaseLiability",
                "unit": "usd",
                "value": 14116000
            },
            {
                "label": "Initial Recognition Of Operating Lease Liaibility",
                "concept": "fmbh:InitialRecognitionOfOperatingLeaseLiaibility",
                "unit": "usd",
                "value": 14116000
            }
        ],
        "ic": [
            {
                "label": "Interest and fees on loans",
                "concept": "InterestAndFeeIncomeLoansAndLeases",
                "unit": "usd",
                "value": 32104000
            },
            {
                "label": "Interest on investment securities",
                "concept": "InterestAndDividendIncomeSecurities",
                "unit": "usd",
                "value": 5209000
            },
            {
                "label": "Interest on certificates of deposit investments",
                "concept": "InterestIncomeAndFeesBankersAcceptancesCertificatesOfDepositAndCommercialPaper",
                "unit": "usd",
                "value": 38000
            },
            {
                "label": "Interest on federal funds sold",
                "concept": "InterestIncomeFederalFundsSold",
                "unit": "usd",
                "value": 3000
            },
            {
                "label": "Interest on deposits with other financial institutions",
                "concept": "InterestIncomeDepositsWithFinancialInstitutions",
                "unit": "usd",
                "value": 697000
            },
            {
                "label": "Total interest income",
                "concept": "InterestAndDividendIncomeOperating",
                "unit": "usd",
                "value": 38051000
            },
            {
                "label": "Interest on deposits",
                "concept": "InterestExpenseDeposits",
                "unit": "usd",
                "value": 4378000
            },
            {
                "label": "Interest on securities sold under agreements to repurchase",
                "concept": "InterestExpenseSecuritiesSoldUnderAgreementsToRepurchase",
                "unit": "usd",
                "value": 260000
            },
            {
                "label": "Interest on FHLB borrowings",
                "concept": "fmbh:InterestExpenseFederalHomeLoanBankAdvancesShortAndLongTerm",
                "unit": "usd",
                "value": 723000
            },
            {
                "label": "Interest on other borrowings",
                "concept": "InterestExpenseBorrowings",
                "unit": "usd",
                "value": 0
            },
            {
                "label": "Interest on subordinated debentures",
                "concept": "InterestExpenseJuniorSubordinatedDebentures",
                "unit": "usd",
                "value": 438000
            },
            {
                "label": "Total interest expense",
                "concept": "InterestExpense",
                "unit": "usd",
                "value": 5799000
            },
            {
                "label": "Net interest income",
                "concept": "InterestIncomeExpenseNet",
                "unit": "usd",
                "value": 32252000
            },
            {
                "label": "Net interest income after provision for loan losses",
                "concept": "InterestIncomeExpenseAfterProvisionForLoanLoss",
                "unit": "usd",
                "value": 31305000
            },
            {
                "label": "Revenue From Contract With Customer, Wealth Management",
                "concept": "fmbh:RevenueFromContractWithCustomerWealthManagement",
                "unit": "usd",
                "value": 3645000
            },
            {
                "label": "Insurance commissions",
                "concept": "InsuranceCommissionsAndFees",
                "unit": "usd",
                "value": 5555000
            },
            {
                "label": "Revenue From Contract With Customer, Deposit Service Charges",
                "concept": "fmbh:RevenueFromContractWithCustomerDepositServiceCharges",
                "unit": "usd",
                "value": 1802000
            },
            {
                "label": "Securities gains, net",
                "concept": "DebtAndEquitySecuritiesGainLoss",
                "unit": "usd",
                "value": 54000
            },
            {
                "label": "Revenue From Contract With Customer, Mortgage Banking",
                "concept": "fmbh:RevenueFromContractWithCustomerMortgageBanking",
                "unit": "usd",
                "value": 239000
            },
            {
                "label": "Revenue From Contract With Customer, ATM & Debit Card",
                "concept": "fmbh:RevenueFromContractWithCustomerATMDebitCard",
                "unit": "usd",
                "value": 2016000
            },
            {
                "label": "Bank Owned Life Insurance Income",
                "concept": "BankOwnedLifeInsuranceIncome",
                "unit": "usd",
                "value": 430000
            },
            {
                "label": "Other",
                "concept": "NoninterestIncomeOtherOperatingIncome",
                "unit": "usd",
                "value": 898000
            },
            {
                "label": "Total other income",
                "concept": "NoninterestIncome",
                "unit": "usd",
                "value": 14639000
            },
            {
                "label": "Salaries and employee benefits",
                "concept": "LaborAndRelatedExpense",
                "unit": "usd",
                "value": 16574000
            },
            {
                "label": "Net occupancy and equipment expense",
                "concept": "OccupancyNet",
                "unit": "usd",
                "value": 4455000
            },
            {
                "label": "Net Other Real Estate Owned (Income) Expense",
                "concept": "fmbh:NetOtherRealEstateOwnedIncomeExpense",
                "unit": "usd",
                "value": 53000
            },
            {
                "label": "FDIC insurance",
                "concept": "FederalDepositInsuranceCorporationPremiumExpense",
                "unit": "usd",
                "value": 279000
            },
            {
                "label": "Amortization of intangible assets",
                "concept": "AmortizationOfIntangibleAssets",
                "unit": "usd",
                "value": 1356000
            },
            {
                "label": "Stationery and supplies",
                "concept": "SuppliesExpense",
                "unit": "usd",
                "value": 287000
            },
            {
                "label": "Legal and professional",
                "concept": "ProfessionalFees",
                "unit": "usd",
                "value": 1194000
            },
            {
                "label": "Marketing and donations",
                "concept": "MarketingAndAdvertisingExpense",
                "unit": "usd",
                "value": 454000
            },
            {
                "label": "Other",
                "concept": "OtherNoninterestExpense",
                "unit": "usd",
                "value": 3658000
            },
            {
                "label": "Total other expense",
                "concept": "NoninterestExpense",
                "unit": "usd",
                "value": 28310000
            },
            {
                "label": "Income before income taxes",
                "concept": "IncomeLossFromContinuingOperationsBeforeIncomeTaxesMinorityInterestAndIncomeLossFromEquityMethodInvestments",
                "unit": "usd",
                "value": 17634000
            },
            {
                "label": "Income taxes",
                "concept": "IncomeTaxExpenseBenefit",
                "unit": "usd",
                "value": 4318000
            },
            {
                "label": "Net income",
                "concept": "NetIncomeLoss",
                "unit": "usd",
                "value": 13316000
            }
        ]
    }
}