{
    "startDate": "2019-01-01",
    "endDate": "2019-03-31",
    "year": "2019",
    "quarter": "Q1",
    "symbol": "GD",
    "data": {
        "bs": [
            {
                "label": "Property, plant and equipment, net",
                "concept": "PropertyPlantAndEquipmentNet",
                "unit": "usd",
                "value": 4054000000
            },
            {
                "label": "Accounts payable",
                "concept": "AccountsPayableCurrent",
                "unit": "usd",
                "value": 3008000000
            },
            {
                "label": "Other current liabilities",
                "concept": "OtherLiabilitiesCurrent",
                "unit": "usd",
                "value": 3582000000
            },
            {
                "label": "Commitments and contingencies",
                "concept": "CommitmentsAndContingencies",
                "unit": "usd",
                "value": "N/A"
            },
            {
                "label": "Total noncurrent liabilities",
                "concept": "LiabilitiesNoncurrent",
                "unit": "usd",
                "value": 19850000000
            },
            {
                "label": "Common stock",
                "concept": "CommonStockValue",
                "unit": "usd",
                "value": 482000000
            },
            {
                "label": "Surplus",
                "concept": "AdditionalPaidInCapital",
                "unit": "usd",
                "value": 2937000000
            },
            {
                "label": "Retained earnings",
                "concept": "RetainedEarningsAccumulatedDeficit",
                "unit": "usd",
                "value": 29781000000
            },
            {
                "label": "Treasury stock",
                "concept": "TreasuryStockValue",
                "unit": "usd",
                "value": 17283000000
            },
            {
                "label": "Accumulated other comprehensive loss",
                "concept": "AccumulatedOtherComprehensiveIncomeLossNetOfTax",
                "unit": "usd",
                "value": -3683000000
            }
        ],
        "cf": [
            {
                "label": "Depreciation of property, plant and equipment",
                "concept": "Depreciation",
                "unit": "usd",
                "value": 114000000
            },
            {
                "label": "Amortization of intangible and finance lease right-of-use assets",
                "concept": "gd:AmortizationofIntangibleAssetsAndFinanceLeaseRightofUseAssets",
                "unit": "usd",
                "value": 91000000
            },
            {
                "label": "Equity-based compensation expense",
                "concept": "ShareBasedCompensation",
                "unit": "usd",
                "value": 40000000
            },
            {
                "label": "Deferred income tax provision",
                "concept": "DeferredIncomeTaxExpenseBenefit",
                "unit": "usd",
                "value": -10000000
            },
            {
                "label": "Accounts receivable",
                "concept": "IncreaseDecreaseInAccountsReceivable",
                "unit": "usd",
                "value": -49000000
            },
            {
                "label": "Unbilled receivables",
                "concept": "IncreaseDecreaseInUnbilledReceivables",
                "unit": "usd",
                "value": 873000000
            },
            {
                "label": "Inventories",
                "concept": "IncreaseDecreaseInInventories",
                "unit": "usd",
                "value": 210000000
            },
            {
                "label": "Accounts payable",
                "concept": "IncreaseDecreaseInAccountsPayable",
                "unit": "usd",
                "value": -167000000
            },
            {
                "label": "Customer advances and deposits",
                "concept": "IncreaseDecreaseInCustomerAdvancesAndDeposits",
                "unit": "usd",
                "value": -623000000
            },
            {
                "label": "Other, net",
                "concept": "IncreaseDecreaseInOtherOperatingCapitalNet",
                "unit": "usd",
                "value": -49000000
            },
            {
                "label": "Other, net",
                "concept": "ProceedsFromPaymentsForOtherFinancingActivities",
                "unit": "usd",
                "value": 88000000
            },
            {
                "label": "Net (decrease) increase in cash and equivalents",
                "concept": "CashAndCashEquivalentsPeriodIncreaseDecrease",
                "unit": "usd",
                "value": -290000000
            },
            {
                "label": "Income tax (payments) refunds, net",
                "concept": "IncomeTaxesPaidNet",
                "unit": "usd",
                "value": -37000000
            },
            {
                "label": "Interest payments",
                "concept": "InterestPaid",
                "unit": "usd",
                "value": 48000000
            }
        ],
        "ic": [
            {
                "label": "Cost of sales",
                "concept": "CostOfGoodsAndServicesSold",
                "unit": "usd",
                "value": 7633000000
            },
            {
                "label": "General and administrative (G&A)",
                "concept": "GeneralAndAdministrativeExpense",
                "unit": "usd",
                "value": 614000000
            },
            {
                "label": "Operating costs and expenses, total",
                "concept": "CostsAndExpenses",
                "unit": "usd",
                "value": 8247000000
            },
            {
                "label": "Operating earnings",
                "concept": "OperatingIncomeLoss",
                "unit": "usd",
                "value": 1014000000
            },
            {
                "label": "Interest, net",
                "concept": "InterestIncomeExpenseNet",
                "unit": "usd",
                "value": -117000000
            },
            {
                "label": "Other, net",
                "concept": "OtherNonoperatingIncomeExpense",
                "unit": "usd",
                "value": 18000000
            },
            {
                "label": "Earnings before income tax",
                "concept": "IncomeLossFromContinuingOperationsBeforeIncomeTaxesMinorityInterestAndIncomeLossFromEquityMethodInvestments",
                "unit": "usd",
                "value": 915000000
            },
            {
                "label": "Provision for income tax, net",
                "concept": "IncomeTaxExpenseBenefit",
                "unit": "usd",
                "value": 170000000
            },
            {
                "label": "Net earnings",
                "concept": "NetIncomeLoss",
                "unit": "usd",
                "value": 745000000
            },
            {
                "label": "Basic (in dollars per share)",
                "concept": "IncomeLossFromContinuingOperationsPerBasicShare",
                "unit": "usd/shares",
                "value": 2.59
            },
            {
                "label": "Diluted (in dollars per share)",
                "concept": "IncomeLossFromContinuingOperationsPerDilutedShare",
                "unit": "usd/shares",
                "value": 2.56
            }
        ]
    }
}