{
    "startDate": "2018-12-30",
    "endDate": "2019-03-30",
    "year": "2019",
    "quarter": "Q1",
    "symbol": "HNI",
    "data": {
        "bs": [
            {
                "label": "Operating",
                "concept": "OperatingLeaseRightOfUseAsset",
                "unit": "usd",
                "value": 72875000
            },
            {
                "label": "Finance",
                "concept": "FinanceLeaseRightOfUseAsset",
                "unit": "usd",
                "value": 50000
            },
            {
                "label": "Total leased assets",
                "concept": "hni:OperatingAndFinanceLeasesRightofUseAsset",
                "unit": "usd",
                "value": 72925000
            },
            {
                "label": "Operating",
                "concept": "OperatingLeaseLiabilityCurrent",
                "unit": "usd",
                "value": 22698000
            },
            {
                "label": "Finance",
                "concept": "FinanceLeaseLiabilityCurrent",
                "unit": "usd",
                "value": 21000
            },
            {
                "label": "Operating",
                "concept": "OperatingLeaseLiabilityNoncurrent",
                "unit": "usd",
                "value": 58660000
            },
            {
                "label": "Finance",
                "concept": "FinanceLeaseLiabilityNoncurrent",
                "unit": "usd",
                "value": 28000
            },
            {
                "label": "Total leases",
                "concept": "hni:OperatingAndFinanceLeasesLiability",
                "unit": "usd",
                "value": 81407000
            }
        ],
        "cf": [
            {
                "label": "Net income",
                "concept": "ProfitLoss",
                "unit": "usd",
                "value": 1020000
            },
            {
                "label": "Other post-retirement and post-employment benefits",
                "concept": "PensionAndOtherPostretirementBenefitExpense",
                "unit": "usd",
                "value": 369000
            },
            {
                "label": "Stock-based compensation",
                "concept": "ShareBasedCompensation",
                "unit": "usd",
                "value": 2451000
            },
            {
                "label": "Operating / finance lease interest and amortization",
                "concept": "hni:OperatingAndFinanceLeaseInterestExpenseAndAmortization",
                "unit": "usd",
                "value": 5559000
            },
            {
                "label": "Deferred income taxes",
                "concept": "DeferredIncomeTaxesAndTaxCredits",
                "unit": "usd",
                "value": 1119000
            },
            {
                "label": "(Gain) loss on sale and retirement of long-lived assets, net",
                "concept": "hni:NetGainLossOnSalesAndRetirementsofLongLivedAssetsAndIntangibles",
                "unit": "usd",
                "value": 334000
            },
            {
                "label": "Other \u2013 net",
                "concept": "OtherNoncashIncomeExpense",
                "unit": "usd",
                "value": 1704000
            },
            {
                "label": "Net increase (decrease) in operating assets and liabilities, net of divestitures",
                "concept": "IncreaseDecreaseInOperatingCapital",
                "unit": "usd",
                "value": 55038000
            },
            {
                "label": "Increase (decrease) in other liabilities",
                "concept": "IncreaseDecreaseInOtherOperatingLiabilities",
                "unit": "usd",
                "value": 4832000
            },
            {
                "label": "Net cash flows from (to) operating activities",
                "concept": "NetCashProvidedByUsedInOperatingActivities",
                "unit": "usd",
                "value": 28274000
            },
            {
                "label": "Capital expenditures",
                "concept": "hni:PaymentstoAcquireProductiveAssetsExcludingSoftware",
                "unit": "usd",
                "value": 17575000
            },
            {
                "label": "Proceeds from sale of property, plant, and equipment",
                "concept": "ProceedsFromSaleOfProductiveAssets",
                "unit": "usd",
                "value": 68000
            },
            {
                "label": "Capitalized software",
                "concept": "PaymentsToAcquireSoftware",
                "unit": "usd",
                "value": 1521000
            },
            {
                "label": "Purchase of investments",
                "concept": "PaymentsToAcquireInvestments",
                "unit": "usd",
                "value": "N/A"
            },
            {
                "label": "Sales or maturities of investments",
                "concept": "ProceedsFromSaleAndMaturityOfOtherInvestments",
                "unit": "usd",
                "value": 450000
            },
            {
                "label": "Other \u2013 net",
                "concept": "PaymentsForProceedsFromOtherInvestingActivities",
                "unit": "usd",
                "value": "N/A"
            },
            {
                "label": "Net cash flows from (to) investing activities",
                "concept": "NetCashProvidedByUsedInInvestingActivities",
                "unit": "usd",
                "value": 18578000
            },
            {
                "label": "Payments of long-term debt",
                "concept": "RepaymentsOfLongTermDebtAndCapitalSecurities",
                "unit": "usd",
                "value": 606000
            },
            {
                "label": "Proceeds from long-term debt",
                "concept": "ProceedsFromIssuanceOfLongTermDebt",
                "unit": "usd",
                "value": 46897000
            },
            {
                "label": "Dividends paid",
                "concept": "PaymentsOfDividends",
                "unit": "usd",
                "value": 12872000
            },
            {
                "label": "Purchase of HNI Corporation common stock",
                "concept": "PaymentsForRepurchaseOfCommonStock",
                "unit": "usd",
                "value": 23869000
            },
            {
                "label": "Proceeds from sales of HNI Corporation common stock",
                "concept": "ProceedsFromIssuanceOfCommonStock",
                "unit": "usd",
                "value": 5413000
            },
            {
                "label": "Other \u2013 net",
                "concept": "ProceedsFromPaymentsForOtherFinancingActivities",
                "unit": "usd",
                "value": 2942000
            },
            {
                "label": "Net cash flows from (to) financing activities",
                "concept": "NetCashProvidedByUsedInFinancingActivities",
                "unit": "usd",
                "value": 17905000
            },
            {
                "label": "Net increase (decrease) in cash and cash equivalents",
                "concept": "CashCashEquivalentsRestrictedCashAndRestrictedCashEquivalentsPeriodIncreaseDecreaseIncludingExchangeRateEffect",
                "unit": "usd",
                "value": 28947000
            }
        ],
        "ic": [
            {
                "label": "Sublease Income",
                "concept": "SubleaseIncome",
                "unit": "usd",
                "value": 38000
            },
            {
                "label": "Total lease costs",
                "concept": "LeaseCost",
                "unit": "usd",
                "value": 6874000
            },
            {
                "label": "Rental income",
                "concept": "LeaseIncome",
                "unit": "usd",
                "value": 0.0
            }
        ]
    }
}