{
    "startDate": "2019-01-01",
    "endDate": "2019-03-31",
    "year": "2019",
    "quarter": "Q1",
    "symbol": "PPG",
    "data": {
        "bs": [
            {
                "label": "Finance",
                "concept": "FinanceLeaseRightOfUseAsset",
                "unit": "usd",
                "value": 14000000
            },
            {
                "label": "Total leased assets",
                "concept": "ppg:LeaseRightofUseAsset",
                "unit": "usd",
                "value": 740000000
            },
            {
                "label": "Finance",
                "concept": "FinanceLeaseLiabilityCurrent",
                "unit": "usd",
                "value": 3000000
            },
            {
                "label": "Finance",
                "concept": "FinanceLeaseLiabilityNoncurrent",
                "unit": "usd",
                "value": 9000000
            },
            {
                "label": "Total lease liabilities",
                "concept": "ppg:LeaseLiability",
                "unit": "usd",
                "value": 746000000
            },
            {
                "label": "Accumulated depreciation",
                "concept": "ppg:FinanceLeaseRightofUseAssetAccumulatedAmortization",
                "unit": "usd",
                "value": 15000000
            }
        ],
        "cf": [
            {
                "label": "Net income attributable to controlling and noncontrolling interests",
                "concept": "ProfitLoss",
                "unit": "usd",
                "value": 317000000
            },
            {
                "label": "Less: Income from discontinued operations",
                "concept": "IncomeLossFromDiscontinuedOperationsNetOfTax",
                "unit": "usd",
                "value": 0
            },
            {
                "label": "Income from continuing operations",
                "concept": "IncomeLossFromContinuingOperationsIncludingPortionAttributableToNoncontrollingInterest",
                "unit": "usd",
                "value": 317000000
            },
            {
                "label": "Depreciation and amortization",
                "concept": "DepreciationAndAmortization",
                "unit": "usd",
                "value": 118000000
            },
            {
                "label": "Pension expense",
                "concept": "PensionExpense",
                "unit": "usd",
                "value": 12000000
            },
            {
                "label": "Environmental remediation charges",
                "concept": "ppg:EnvironmentalRemediationCharge",
                "unit": "usd",
                "value": 10000000
            },
            {
                "label": "Release of business restructuring reserves",
                "concept": "RestructuringCharges",
                "unit": "usd",
                "value": -3000000
            },
            {
                "label": "Stock-based compensation expense",
                "concept": "ShareBasedCompensation",
                "unit": "usd",
                "value": 9000000
            },
            {
                "label": "Equity affiliate earnings, net of dividends",
                "concept": "GainLossOnSaleOfEquityInvestments",
                "unit": "usd",
                "value": 4000000
            },
            {
                "label": "Deferred income tax benefit",
                "concept": "DeferredIncomeTaxExpenseBenefit",
                "unit": "usd",
                "value": -32000000
            },
            {
                "label": "Cash contributions to pension plans",
                "concept": "PensionContributions",
                "unit": "usd",
                "value": 3000000
            },
            {
                "label": "Cash used for restructuring actions",
                "concept": "PaymentsForRestructuring",
                "unit": "usd",
                "value": 15000000
            },
            {
                "label": "Receivables",
                "concept": "IncreaseDecreaseInReceivables",
                "unit": "usd",
                "value": 299000000
            },
            {
                "label": "Inventories",
                "concept": "IncreaseDecreaseInInventories",
                "unit": "usd",
                "value": 152000000
            },
            {
                "label": "Other current assets",
                "concept": "IncreaseDecreaseInOtherCurrentAssets",
                "unit": "usd",
                "value": 56000000
            },
            {
                "label": "Accounts payable and accrued liabilities",
                "concept": "IncreaseDecreaseInAccountsPayableAndAccruedLiabilities",
                "unit": "usd",
                "value": -24000000
            },
            {
                "label": "Taxes and interest payable",
                "concept": "ppg:IncreaseDecreaseInInAccruedInterestAndTaxes",
                "unit": "usd",
                "value": -42000000
            },
            {
                "label": "Noncurrent assets and liabilities, net",
                "concept": "IncreaseDecreaseInOtherNoncurrentAssetsAndLiabilitiesNet",
                "unit": "usd",
                "value": 22000000
            },
            {
                "label": "Other",
                "concept": "OtherNoncashIncomeExpense",
                "unit": "usd",
                "value": -36000000
            },
            {
                "label": "Cash used for operating activities",
                "concept": "NetCashProvidedByUsedInOperatingActivities",
                "unit": "usd",
                "value": -66000000
            },
            {
                "label": "Capital expenditures",
                "concept": "PaymentsToAcquirePropertyPlantAndEquipment",
                "unit": "usd",
                "value": 47000000
            },
            {
                "label": "Business acquisitions, net of cash balances acquired",
                "concept": "PaymentsToAcquireBusinessesNetOfCashAcquired",
                "unit": "usd",
                "value": 57000000
            },
            {
                "label": "Payments for the settlement of cross currency swap contracts",
                "concept": "PaymentsForHedgeInvestingActivities",
                "unit": "usd",
                "value": 6000000
            },
            {
                "label": "Proceeds from the settlement of cross currency swap",
                "concept": "ProceedsFromHedgeInvestingActivities",
                "unit": "usd",
                "value": 16000000
            },
            {
                "label": "Other",
                "concept": "PaymentsForProceedsFromOtherInvestingActivities",
                "unit": "usd",
                "value": -8000000
            },
            {
                "label": "Cash used for investing activities",
                "concept": "NetCashProvidedByUsedInInvestingActivities",
                "unit": "usd",
                "value": -86000000
            },
            {
                "label": "Net change in borrowing with maturities of three months or less",
                "concept": "ProceedsFromRepaymentsOfShortTermDebtMaturingInThreeMonthsOrLess",
                "unit": "usd",
                "value": 9000000
            },
            {
                "label": "Proceeds from commercial paper",
                "concept": "ProceedsFromRepaymentsOfShortTermDebt",
                "unit": "usd",
                "value": 300000000
            },
            {
                "label": "Proceeds from the issuance of debt, net of discounts and fees",
                "concept": "ProceedsFromOtherDebt",
                "unit": "usd",
                "value": 0
            },
            {
                "label": "Repayment of long-term debt",
                "concept": "RepaymentsOfDebt",
                "unit": "usd",
                "value": 1000000
            },
            {
                "label": "Purchase of treasury stock",
                "concept": "PaymentsForRepurchaseOfCommonStock",
                "unit": "usd",
                "value": 175000000
            },
            {
                "label": "Issuance of treasury stock",
                "concept": "ProceedsFromSaleOfTreasuryStock",
                "unit": "usd",
                "value": 7000000
            },
            {
                "label": "Payments related to tax withholding on stock-based compensation awards",
                "concept": "PaymentsRelatedToTaxWithholdingForShareBasedCompensation",
                "unit": "usd",
                "value": 8000000
            },
            {
                "label": "Other",
                "concept": "ProceedsFromPaymentsForOtherFinancingActivities",
                "unit": "usd",
                "value": 13000000
            },
            {
                "label": "Cash from financing activities",
                "concept": "NetCashProvidedByUsedInFinancingActivities",
                "unit": "usd",
                "value": 32000000
            },
            {
                "label": "Effect of currency exchange rate changes on cash and cash equivalents",
                "concept": "EffectOfExchangeRateOnCashAndCashEquivalents",
                "unit": "usd",
                "value": 2000000
            },
            {
                "label": "Net decrease in cash and cash equivalents",
                "concept": "CashAndCashEquivalentsPeriodIncreaseDecrease",
                "unit": "usd",
                "value": -118000000
            },
            {
                "label": "Interest paid, net of amount capitalized",
                "concept": "InterestPaidNet",
                "unit": "usd",
                "value": 40000000
            },
            {
                "label": "Taxes paid, net of refunds",
                "concept": "IncomeTaxesPaidNet",
                "unit": "usd",
                "value": 94000000
            },
            {
                "label": "Noncash or Part Noncash Acquisition, Noncash Financial or Equity Instrument Consideration, Shares Issued",
                "concept": "NoncashOrPartNoncashAcquisitionNoncashFinancialOrEquityInstrumentConsiderationSharesIssued1",
                "unit": "shares",
                "value": 164000000
            },
            {
                "label": "Dividends, Common Stock, Cash",
                "concept": "DividendsCommonStockCash",
                "unit": "usd",
                "value": 113000000
            }
        ],
        "ic": [
            {
                "label": "Net sales",
                "concept": "RevenueFromContractWithCustomerExcludingAssessedTax",
                "unit": "usd",
                "value": 3624000000
            },
            {
                "label": "Cost of Goods and Services Sold",
                "concept": "CostOfGoodsAndServicesSold",
                "unit": "usd",
                "value": 2073000000
            },
            {
                "label": "Selling, general and administrative",
                "concept": "SellingGeneralAndAdministrativeExpense",
                "unit": "usd",
                "value": 889000000
            },
            {
                "label": "Depreciation",
                "concept": "Depreciation",
                "unit": "usd",
                "value": 86000000
            },
            {
                "label": "Amortization",
                "concept": "AmortizationOfIntangibleAssets",
                "unit": "usd",
                "value": 32000000
            },
            {
                "label": "Research and development, net",
                "concept": "ResearchAndDevelopmentExpenseExcludingAcquiredInProcessCost",
                "unit": "usd",
                "value": 105000000
            },
            {
                "label": "Interest expense",
                "concept": "InterestExpense",
                "unit": "usd",
                "value": 31000000
            },
            {
                "label": "Interest income",
                "concept": "InvestmentIncomeInterest",
                "unit": "usd",
                "value": 6000000
            },
            {
                "label": "Business restructuring charge",
                "concept": "RestructuringCharges",
                "unit": "usd",
                "value": -3000000
            },
            {
                "label": "Other charges",
                "concept": "OtherExpenses",
                "unit": "usd",
                "value": 14000000
            },
            {
                "label": "Other income",
                "concept": "OtherIncome",
                "unit": "usd",
                "value": 16000000
            },
            {
                "label": "Income before income taxes",
                "concept": "IncomeLossFromContinuingOperationsBeforeIncomeTaxesExtraordinaryItemsNoncontrollingInterest",
                "unit": "usd",
                "value": 419000000
            },
            {
                "label": "Income tax expense",
                "concept": "IncomeTaxExpenseBenefit",
                "unit": "usd",
                "value": 102000000
            },
            {
                "label": "Income from continuing operations",
                "concept": "IncomeLossFromContinuingOperationsIncludingPortionAttributableToNoncontrollingInterest",
                "unit": "usd",
                "value": 317000000
            },
            {
                "label": "Income from discontinued operations, net of tax",
                "concept": "IncomeLossFromDiscontinuedOperationsNetOfTax",
                "unit": "usd",
                "value": 0
            },
            {
                "label": "Net income attributable to controlling and noncontrolling interests",
                "concept": "ProfitLoss",
                "unit": "usd",
                "value": 317000000
            },
            {
                "label": "Less: Net income attributable to noncontrolling interests",
                "concept": "NetIncomeLossAttributableToNoncontrollingInterest",
                "unit": "usd",
                "value": 5000000
            },
            {
                "label": "Net income (attributable to PPG)",
                "concept": "NetIncomeLoss",
                "unit": "usd",
                "value": 312000000
            },
            {
                "label": "Income from continuing operations, net of tax",
                "concept": "IncomeLossFromContinuingOperations",
                "unit": "usd",
                "value": 312000000
            },
            {
                "label": "Income from discontinued operations, net of tax",
                "concept": "IncomeLossFromDiscontinuedOperationsNetOfTaxAttributableToReportingEntity",
                "unit": "usd",
                "value": 0
            },
            {
                "label": "Income from continuing operations, net of tax (in usd per share)",
                "concept": "IncomeLossFromContinuingOperationsPerBasicShare",
                "unit": "usd/shares",
                "value": 1.32
            },
            {
                "label": "Income from discontinued operations, net of tax (in usd per share)",
                "concept": "IncomeLossFromDiscontinuedOperationsNetOfTaxPerBasicShare",
                "unit": "usd/shares",
                "value": 0.0
            },
            {
                "label": "Net income (attributable to PPG) (in usd per share)",
                "concept": "EarningsPerShareBasic",
                "unit": "usd/shares",
                "value": 1.32
            },
            {
                "label": "Income from continuing operations, net of tax (in usd per share)",
                "concept": "IncomeLossFromContinuingOperationsPerDilutedShare",
                "unit": "usd/shares",
                "value": 1.31
            },
            {
                "label": "Income from discontinued operations, net of tax (in usd per share)",
                "concept": "IncomeLossFromDiscontinuedOperationsNetOfTaxPerDilutedShare",
                "unit": "usd/shares",
                "value": 0.0
            },
            {
                "label": "Net income (attributable to PPG) (in usd per share)",
                "concept": "EarningsPerShareDiluted",
                "unit": "usd/shares",
                "value": 1.31
            }
        ]
    }
}