{
    "startDate": "2018-01-01",
    "endDate": "2018-12-31",
    "year": "2018",
    "quarter": "Q4",
    "symbol": "MSC",
    "data": {
        "bs": [
            {
                "label": "Accounts receivable (net of allowance for doubtful accounts of $16 and $19, respectively)",
                "concept": "AccountsReceivableNet",
                "unit": "usd",
                "value": 412000000
            },
            {
                "label": "Raw materials and supplies",
                "concept": "InventoryRawMaterialsAndSuppliesNetOfReserves",
                "unit": "usd",
                "value": 94000000
            },
            {
                "label": "Total current assets held for sale",
                "concept": "msc:Totalcurrentassetsheldforsale",
                "unit": "usd",
                "value": 0
            },
            {
                "label": "Total current assets",
                "concept": "AssetsCurrent",
                "unit": "usd",
                "value": 931000000
            },
            {
                "label": "Investments in unconsolidated entities",
                "concept": "InvestmentsInAffiliatesSubsidiariesAssociatesAndJointVentures",
                "unit": "usd",
                "value": 19000000
            },
            {
                "label": "Deferred Income Taxes",
                "concept": "DeferredTaxAssetsNetNoncurrent",
                "unit": "usd",
                "value": 0
            },
            {
                "label": "Total long-term assets held for sale",
                "concept": "msc:Totallongtermassetsheldforsale",
                "unit": "usd",
                "value": 0
            },
            {
                "label": "Other assets, net",
                "concept": "OtherAssetsNoncurrent",
                "unit": "usd",
                "value": 34000000
            },
            {
                "label": "Land",
                "concept": "Land",
                "unit": "usd",
                "value": 89000000
            },
            {
                "label": "Buildings",
                "concept": "BuildingsAndImprovementsGross",
                "unit": "usd",
                "value": 285000000
            },
            {
                "label": "Machinery and equipment",
                "concept": "MachineryAndEquipmentGross",
                "unit": "usd",
                "value": 2293000000
            },
            {
                "label": "Property, plant and equipment, gross",
                "concept": "PropertyPlantAndEquipmentGross",
                "unit": "usd",
                "value": 2667000000
            },
            {
                "label": "Less accumulated depreciation",
                "concept": "AccumulatedDepreciationDepletionAndAmortizationPropertyPlantAndEquipment",
                "unit": "usd",
                "value": 1826000000
            },
            {
                "label": "Property, plant and equipment, net",
                "concept": "PropertyPlantAndEquipmentNet",
                "unit": "usd",
                "value": 841000000
            },
            {
                "label": "Goodwill",
                "concept": "Goodwill",
                "unit": "usd",
                "value": 109000000
            },
            {
                "label": "Other intangible assets, net",
                "concept": "IntangibleAssetsNetExcludingGoodwill",
                "unit": "usd",
                "value": 27000000
            },
            {
                "label": "Total assets",
                "concept": "Assets",
                "unit": "usd",
                "value": 1961000000
            },
            {
                "label": "Accounts and drafts payable",
                "concept": "AccountsPayableCurrent",
                "unit": "usd",
                "value": 384000000
            },
            {
                "label": "Debt payable within one year",
                "concept": "DebtCurrent",
                "unit": "usd",
                "value": 3716000000
            },
            {
                "label": "Interest payable",
                "concept": "InterestPayableCurrent",
                "unit": "usd",
                "value": 82000000
            },
            {
                "label": "Income taxes payable",
                "concept": "TaxesPayableCurrent",
                "unit": "usd",
                "value": 5000000
            },
            {
                "label": "Accrued payroll and incentive compensation",
                "concept": "EmployeeRelatedLiabilitiesCurrent",
                "unit": "usd",
                "value": 52000000
            },
            {
                "label": "Total current liabilities associated with assets held for sale",
                "concept": "msc:Totalcurrentliabilitiesassociatedwithassetsheldforsale",
                "unit": "usd",
                "value": 0
            },
            {
                "label": "Other current liabilities",
                "concept": "OtherLiabilitiesCurrent",
                "unit": "usd",
                "value": 106000000
            },
            {
                "label": "Total current liabilities",
                "concept": "LiabilitiesCurrent",
                "unit": "usd",
                "value": 4345000000
            },
            {
                "label": "Long-term debt",
                "concept": "LongTermDebtNoncurrent",
                "unit": "usd",
                "value": 99000000
            },
            {
                "label": "Long-term pension and post employment benefit obligations",
                "concept": "PensionAndOtherPostretirementDefinedBenefitPlansLiabilitiesNoncurrent",
                "unit": "usd",
                "value": 221000000
            },
            {
                "label": "Long-term deferred income taxes",
                "concept": "DeferredTaxLiabilitiesNoncurrent",
                "unit": "usd",
                "value": 15000000
            },
            {
                "label": "Other long-term liabilities",
                "concept": "OtherLiabilitiesNoncurrent",
                "unit": "usd",
                "value": 195000000
            },
            {
                "label": "Total liabilities",
                "concept": "Liabilities",
                "unit": "usd",
                "value": 4875000000
            },
            {
                "label": "Common stock\u2014$0.01 par value; 300,000,000 shares authorized, 170,605,906 issued and 82,556,847 outstanding at December 31, 2018 and 2017",
                "concept": "CommonStockValue",
                "unit": "usd",
                "value": 1000000
            },
            {
                "label": "Paid-in capital",
                "concept": "AdditionalPaidInCapitalCommonStock",
                "unit": "usd",
                "value": 526000000
            },
            {
                "label": "Treasury stock, at cost\u201488,049,059 shares",
                "concept": "TreasuryStockValue",
                "unit": "usd",
                "value": 296000000
            },
            {
                "label": "Accumulated other comprehensive income",
                "concept": "AccumulatedOtherComprehensiveIncomeLossNetOfTax",
                "unit": "usd",
                "value": 18000000
            },
            {
                "label": "Total Momentive Specialty Chemicals Inc. shareholder\u2019s deficit",
                "concept": "StockholdersEquity",
                "unit": "usd",
                "value": -2912000000
            },
            {
                "label": "Noncontrolling interest",
                "concept": "MinorityInterest",
                "unit": "usd",
                "value": -2000000
            },
            {
                "label": "Total deficit",
                "concept": "StockholdersEquityIncludingPortionAttributableToNoncontrollingInterest",
                "unit": "usd",
                "value": -2914000000
            },
            {
                "label": "Total liabilities and deficit",
                "concept": "LiabilitiesAndStockholdersEquity",
                "unit": "usd",
                "value": 1961000000
            }
        ],
        "cf": [
            {
                "label": "Net loss",
                "concept": "ProfitLoss",
                "unit": "usd",
                "value": -163000000
            },
            {
                "label": "Depreciation, Depletion and Amortization",
                "concept": "DepreciationDepletionAndAmortization",
                "unit": "usd",
                "value": 113000000
            },
            {
                "label": "Non-cash asset impairments and accelerated depreciation",
                "concept": "msc:NonCashAssetImpairmentsAndAcceleratedDepreciation",
                "unit": "usd",
                "value": 32000000
            },
            {
                "label": "Deferred tax expense (benefit)",
                "concept": "DeferredIncomeTaxExpenseBenefit",
                "unit": "usd",
                "value": 12000000
            },
            {
                "label": "Gain on dispositions (see Note 12)",
                "concept": "GainLossOnSaleOfBusiness",
                "unit": "usd",
                "value": 44000000
            },
            {
                "label": "Gain (Loss) on Disposition of Assets",
                "concept": "GainLossOnDispositionOfAssets1",
                "unit": "usd",
                "value": -6000000
            },
            {
                "label": "Amortization of deferred financing fees",
                "concept": "AmortizationOfFinancingCosts",
                "unit": "usd",
                "value": 49000000
            },
            {
                "label": "Unrealized foreign currency losses (gains)",
                "concept": "ForeignCurrencyTransactionGainLossUnrealized",
                "unit": "usd",
                "value": -2000000
            },
            {
                "label": "Unrealized (gains) losses on pension and postretirement benefit plan liabilities",
                "concept": "IncreaseDecreaseInPensionAndPostretirementObligations",
                "unit": "usd",
                "value": -13000000
            },
            {
                "label": "Other non-cash adjustments",
                "concept": "AdjustmentsNoncashItemsToReconcileNetIncomeLossToCashProvidedByUsedInOperatingActivities",
                "unit": "usd",
                "value": -2000000
            },
            {
                "label": "Accounts receivable",
                "concept": "IncreaseDecreaseInAccountsReceivable",
                "unit": "usd",
                "value": 24000000
            },
            {
                "label": "Inventories",
                "concept": "IncreaseDecreaseInInventories",
                "unit": "usd",
                "value": -31000000
            },
            {
                "label": "Accounts and drafts payable",
                "concept": "IncreaseDecreaseInAccountsPayable",
                "unit": "usd",
                "value": -1000000
            },
            {
                "label": "Income taxes payable",
                "concept": "IncreaseDecreaseInAccruedIncomeTaxesPayable",
                "unit": "usd",
                "value": 8000000
            },
            {
                "label": "Other assets, current and non-current",
                "concept": "IncreaseDecreaseInOtherOperatingAssets",
                "unit": "usd",
                "value": -15000000
            },
            {
                "label": "Other liabilities, current and long-term",
                "concept": "IncreaseDecreaseInOtherOperatingLiabilities",
                "unit": "usd",
                "value": 0
            },
            {
                "label": "Net cash used in operating activities",
                "concept": "NetCashProvidedByUsedInOperatingActivities",
                "unit": "usd",
                "value": -23000000
            },
            {
                "label": "Interest Costs Capitalized",
                "concept": "InterestCostsCapitalized",
                "unit": "usd",
                "value": 0
            },
            {
                "label": "Capital expenditures",
                "concept": "PaymentsToAcquirePropertyPlantAndEquipment",
                "unit": "usd",
                "value": -90000000
            },
            {
                "label": "Proceeds from the dispositions, net",
                "concept": "msc:Proceedsfromthedispositionsnet",
                "unit": "usd",
                "value": 49000000
            },
            {
                "label": "Cash received on buyers note",
                "concept": "msc:Cashreceivedonbuyersnote",
                "unit": "usd",
                "value": 0
            },
            {
                "label": "Investments in and Advances to Affiliates, Dividends or Interest",
                "concept": "InvestmentsInAndAdvancesToAffiliatesDividendsOrInterest",
                "unit": "usd",
                "value": 0
            },
            {
                "label": "Proceeds from Sale of Property, Plant, and Equipment",
                "concept": "ProceedsFromSaleOfPropertyPlantAndEquipment",
                "unit": "usd",
                "value": 1000000
            },
            {
                "label": "Net cash (used in) provided by investing activities",
                "concept": "NetCashProvidedByUsedInInvestingActivities",
                "unit": "usd",
                "value": -40000000
            },
            {
                "label": "Net short-term debt borrowings (repayments)",
                "concept": "ProceedsFromRepaymentsOfShortTermDebt",
                "unit": "usd",
                "value": 10000000
            },
            {
                "label": "Borrowings of long-term debt",
                "concept": "ProceedsFromIssuanceOfLongTermDebt",
                "unit": "usd",
                "value": 540000000
            },
            {
                "label": "Repayments of long-term debt",
                "concept": "RepaymentsOfLongTermDebt",
                "unit": "usd",
                "value": 468000000
            },
            {
                "label": "Long-term debt and credit facility financing fees",
                "concept": "PaymentsOfFinancingCosts",
                "unit": "usd",
                "value": 1000000
            },
            {
                "label": "Net cash provided by (used in) financing activities",
                "concept": "NetCashProvidedByUsedInFinancingActivities",
                "unit": "usd",
                "value": 81000000
            },
            {
                "label": "Effect of Exchange Rate on Cash, Cash Equivalents, Restricted Cash and Restricted Cash Equivalents",
                "concept": "EffectOfExchangeRateOnCashCashEquivalentsRestrictedCashAndRestrictedCashEquivalents",
                "unit": "usd",
                "value": -5000000
            },
            {
                "label": "Cash, Cash Equivalents, Restricted Cash and Restricted Cash Equivalents, Period Increase (Decrease), Including Exchange Rate Effect",
                "concept": "CashCashEquivalentsRestrictedCashAndRestrictedCashEquivalentsPeriodIncreaseDecreaseIncludingExchangeRateEffect",
                "unit": "usd",
                "value": 13000000
            },
            {
                "label": "Interest, net",
                "concept": "InterestPaidNet",
                "unit": "usd",
                "value": 318000000
            },
            {
                "label": "Income taxes, net of cash refunds",
                "concept": "IncomeTaxesPaidNet",
                "unit": "usd",
                "value": 17000000
            },
            {
                "label": "Notes Assumed",
                "concept": "NotesAssumed1",
                "unit": "usd",
                "value": 0
            }
        ],
        "ic": [
            {
                "label": "Revenues",
                "concept": "Revenues",
                "unit": "usd",
                "value": 3797000000
            },
            {
                "label": "Cost of Goods and Services Sold",
                "concept": "CostOfGoodsAndServicesSold",
                "unit": "usd",
                "value": 3226000000
            },
            {
                "label": "Gross profit",
                "concept": "GrossProfit",
                "unit": "usd",
                "value": 571000000
            },
            {
                "label": "Selling, general and administrative expense",
                "concept": "SellingGeneralAndAdministrativeExpense",
                "unit": "usd",
                "value": 295000000
            },
            {
                "label": "Gain on Disposition",
                "concept": "GainLossOnSaleOfBusiness",
                "unit": "usd",
                "value": 44000000
            },
            {
                "label": "Asset Impairment Charges",
                "concept": "AssetImpairmentCharges",
                "unit": "usd",
                "value": 28000000
            },
            {
                "label": "Business realignment costs",
                "concept": "msc:BusinessRealignmentCosts",
                "unit": "usd",
                "value": 29000000
            },
            {
                "label": "Other operating expense (income), net",
                "concept": "OtherOperatingIncomeExpenseNet",
                "unit": "usd",
                "value": -36000000
            },
            {
                "label": "Operating income",
                "concept": "OperatingIncomeLoss",
                "unit": "usd",
                "value": 227000000
            },
            {
                "label": "Interest Expense",
                "concept": "InterestExpense",
                "unit": "usd",
                "value": 365000000
            },
            {
                "label": "Loss (gain) on extinguishment of debt",
                "concept": "GainsLossesOnExtinguishmentOfDebt",
                "unit": "usd",
                "value": 0
            },
            {
                "label": "Other non-operating (income) expense, net",
                "concept": "OtherNonoperatingIncomeExpense",
                "unit": "usd",
                "value": 12000000
            },
            {
                "label": "Loss before earnings from unconsolidated entities",
                "concept": "IncomeLossFromContinuingOperationsBeforeIncomeTaxesMinorityInterestAndIncomeLossFromEquityMethodInvestments",
                "unit": "usd",
                "value": -126000000
            },
            {
                "label": "Income Tax Expense (Benefit)",
                "concept": "IncomeTaxExpenseBenefit",
                "unit": "usd",
                "value": 40000000
            },
            {
                "label": "Income from continuing operations before earnings from unconsolidated entities",
                "concept": "IncomeLossFromContinuingOperationsIncludingPortionAttributableToNoncontrollingInterest",
                "unit": "usd",
                "value": -166000000
            },
            {
                "label": "Earnings from unconsolidated entities, net of taxes",
                "concept": "IncomeLossFromEquityMethodInvestments",
                "unit": "usd",
                "value": 3000000
            },
            {
                "label": "Net loss",
                "concept": "ProfitLoss",
                "unit": "usd",
                "value": -163000000
            },
            {
                "label": "Comprehensive Income (Loss), Net of Tax, Attributable to Noncontrolling Interest",
                "concept": "ComprehensiveIncomeNetOfTaxAttributableToNoncontrollingInterest",
                "unit": "usd",
                "value": -1000000
            },
            {
                "label": "Net Income (Loss) Attributable to Noncontrolling Interest",
                "concept": "NetIncomeLossAttributableToNoncontrollingInterest",
                "unit": "usd",
                "value": -1000000
            },
            {
                "label": "Net loss attributable to Hexion Inc.",
                "concept": "NetIncomeLoss",
                "unit": "usd",
                "value": -162000000
            }
        ]
    }
}