{
    "startDate": "2018-04-01",
    "endDate": "2019-03-31",
    "year": "2019",
    "quarter": "FY",
    "symbol": "AGYS",
    "data": {
        "bs": [
            {
                "label": "Cash and cash equivalents",
                "concept": "CashAndCashEquivalentsAtCarryingValueIncludingDiscontinuedOperations",
                "unit": "usd",
                "value": 40771000
            },
            {
                "label": "Accounts receivable, net of allowance for doubtful accounts of $788 and $900, respectively",
                "concept": "AccountsReceivableNetCurrent",
                "unit": "usd",
                "value": 27000000
            },
            {
                "label": "Inventories",
                "concept": "InventoryNet",
                "unit": "usd",
                "value": 2044000
            },
            {
                "label": "Prepaid expenses and other current assets",
                "concept": "PrepaidExpenseCurrent",
                "unit": "usd",
                "value": 6272000
            },
            {
                "label": "Total current assets",
                "concept": "AssetsCurrent",
                "unit": "usd",
                "value": 79008000
            },
            {
                "label": "Total assets",
                "concept": "Assets",
                "unit": "usd",
                "value": 163591000
            },
            {
                "label": "Accounts payable",
                "concept": "AccountsPayableCurrent",
                "unit": "usd",
                "value": 4718000
            },
            {
                "label": "Accrued liabilities",
                "concept": "AccruedLiabilitiesCurrent",
                "unit": "usd",
                "value": 14892000
            },
            {
                "label": "Capital lease obligations, current",
                "concept": "CapitalLeaseObligationsCurrent",
                "unit": "usd",
                "value": 22000
            },
            {
                "label": "Total current liabilities",
                "concept": "LiabilitiesCurrent",
                "unit": "usd",
                "value": 58301000
            },
            {
                "label": "Deferred income taxes, non-current",
                "concept": "DeferredTaxLiabilitiesNoncurrent",
                "unit": "usd",
                "value": 861000
            },
            {
                "label": "Capital lease obligations, non-current",
                "concept": "CapitalLeaseObligationsNoncurrent",
                "unit": "usd",
                "value": 35000
            },
            {
                "label": "Other non-current liabilities",
                "concept": "OtherLiabilitiesNoncurrent",
                "unit": "usd",
                "value": 3772000
            },
            {
                "label": "Commitments and contingencies (see Note 12)",
                "concept": "CommitmentsAndContingencies",
                "unit": "usd",
                "value": "N/A"
            },
            {
                "label": "Common shares, without par value, at $0.30 stated value; 80,000,000 shares authorized; 31,606,831 shares issued; and 23,501,193 and 23,324,679 shares outstanding at March 31, 2019 and March 31, 2018, respectively",
                "concept": "CommonStockValue",
                "unit": "usd",
                "value": 9482000
            },
            {
                "label": "Treasury shares, 8,105,638 and 8,282,152 at March 31, 2019 and March 31, 2018, respectively",
                "concept": "TreasuryStockValue",
                "unit": "usd",
                "value": 2433000
            },
            {
                "label": "Capital in excess of stated value",
                "concept": "AdditionalPaidInCapital",
                "unit": "usd",
                "value": 781000
            },
            {
                "label": "Retained earnings",
                "concept": "RetainedEarningsAccumulatedDeficit",
                "unit": "usd",
                "value": 93051000
            },
            {
                "label": "Accumulated other comprehensive loss",
                "concept": "AccumulatedOtherComprehensiveIncomeLossNetOfTax",
                "unit": "usd",
                "value": -259000
            },
            {
                "label": "Total shareholders' equity",
                "concept": "StockholdersEquity",
                "unit": "usd",
                "value": 100622000
            },
            {
                "label": "Total liabilities and shareholders' equity",
                "concept": "LiabilitiesAndStockholdersEquity",
                "unit": "usd",
                "value": 163591000
            }
        ],
        "cf": [
            {
                "label": "Net loss",
                "concept": "NetIncomeLoss",
                "unit": "usd",
                "value": -13164000
            },
            {
                "label": "Net restructuring, severance and other charges",
                "concept": "agys:Paymentsforrestructuringseveranceandothercharges",
                "unit": "usd",
                "value": 156000
            },
            {
                "label": "Net legal settlements",
                "concept": "agys:IncreaseDecreaseLegalAccrual",
                "unit": "usd",
                "value": -15000
            },
            {
                "label": "Loss on disposal of property & equipment",
                "concept": "GainLossOnDispositionOfAssets1",
                "unit": "usd",
                "value": -17000
            },
            {
                "label": "Depreciation",
                "concept": "Depreciation",
                "unit": "usd",
                "value": 2504000
            },
            {
                "label": "Amortization",
                "concept": "agys:AmortizationOfIntangibleAssetsExcludingAmortizationOfInternalUseSoftware",
                "unit": "usd",
                "value": 2567000
            },
            {
                "label": "Amortization of developed technology",
                "concept": "agys:AmortizationofIntangibleAssetsInternalUseSoftware",
                "unit": "usd",
                "value": 12602000
            },
            {
                "label": "Deferred income taxes",
                "concept": "IncreaseDecreaseInDeferredIncomeTaxes",
                "unit": "usd",
                "value": -309000
            },
            {
                "label": "Share-based compensation",
                "concept": "ShareBasedCompensation",
                "unit": "usd",
                "value": 4376000
            },
            {
                "label": "Change in cash surrender value of company owned life insurance policies",
                "concept": "LifeInsuranceCorporateOrBankOwnedChangeInValue",
                "unit": "usd",
                "value": 15000
            },
            {
                "label": "Accounts receivable",
                "concept": "IncreaseDecreaseInAccountsReceivable",
                "unit": "usd",
                "value": 7536000
            },
            {
                "label": "Increase (Decrease) in Contract with Customer, Asset",
                "concept": "IncreaseDecreaseInContractWithCustomerAsset",
                "unit": "usd",
                "value": 1662000
            },
            {
                "label": "Inventories",
                "concept": "IncreaseDecreaseInInventories",
                "unit": "usd",
                "value": 50000
            },
            {
                "label": "Prepaid expense and other current assets",
                "concept": "IncreaseDecreaseInPrepaidExpense",
                "unit": "usd",
                "value": 1158000
            },
            {
                "label": "Accounts payable",
                "concept": "IncreaseDecreaseInAccountsPayable",
                "unit": "usd",
                "value": -3512000
            },
            {
                "label": "Contract liabilities",
                "concept": "IncreaseDecreaseInDeferredRevenue",
                "unit": "usd",
                "value": 4845000
            },
            {
                "label": "Accrued liabilities",
                "concept": "IncreaseDecreaseInOtherAccruedLiabilities",
                "unit": "usd",
                "value": 5029000
            },
            {
                "label": "Income taxes payable, net",
                "concept": "IncreaseDecreaseInIncomeTaxes",
                "unit": "usd",
                "value": -564000
            },
            {
                "label": "Other changes, net",
                "concept": "OtherOperatingActivitiesCashFlowStatement",
                "unit": "usd",
                "value": -530000
            },
            {
                "label": "Net cash provided by operating activities",
                "concept": "NetCashProvidedByUsedInOperatingActivities",
                "unit": "usd",
                "value": 7241000
            },
            {
                "label": "Capital expenditures",
                "concept": "PaymentsToAcquireProductiveAssets",
                "unit": "usd",
                "value": 3318000
            },
            {
                "label": "Capitalized software development costs",
                "concept": "agys:PaymentsForCapitalizedSoftwareDevelopment",
                "unit": "usd",
                "value": 2189000
            },
            {
                "label": "Additional (investments in) proceeds from corporate-owned life insurance policies",
                "concept": "PaymentsForProceedsFromLifeInsurancePolicies",
                "unit": "usd",
                "value": 27000
            },
            {
                "label": "Net cash used in investing activities",
                "concept": "NetCashProvidedByUsedInInvestingActivities",
                "unit": "usd",
                "value": -5534000
            },
            {
                "label": "Payments to settle contingent consideration arising from business acquisitions",
                "concept": "PaymentForContingentConsiderationLiabilityFinancingActivities",
                "unit": "usd",
                "value": 0
            },
            {
                "label": "Principal payments under long-term obligations",
                "concept": "RepaymentsOfLongTermDebt",
                "unit": "usd",
                "value": 120000
            },
            {
                "label": "Repurchase of common shares to satisfy employee tax withholding",
                "concept": "PaymentsRelatedToTaxWithholdingForShareBasedCompensation",
                "unit": "usd",
                "value": 647000
            },
            {
                "label": "Net cash used in financing activities",
                "concept": "NetCashProvidedByUsedInFinancingActivitiesContinuingOperations",
                "unit": "usd",
                "value": -767000
            },
            {
                "label": "Effect of exchange rate changes on cash",
                "concept": "EffectOfExchangeRateOnCashAndCashEquivalents",
                "unit": "usd",
                "value": -112000
            },
            {
                "label": "Net increase (decrease) in cash and cash equivalents",
                "concept": "CashAndCashEquivalentsPeriodIncreaseDecrease",
                "unit": "usd",
                "value": 828000
            }
        ],
        "ic": [
            {
                "label": "Total net revenue",
                "concept": "RevenueFromContractWithCustomerExcludingAssessedTax",
                "unit": "usd",
                "value": 140842000
            },
            {
                "label": "Total cost of goods sold",
                "concept": "CostOfGoodsAndServicesSold",
                "unit": "usd",
                "value": 66962000
            },
            {
                "label": "Gross profit",
                "concept": "GrossProfit",
                "unit": "usd",
                "value": 73880000
            },
            {
                "label": "Gross profit margin",
                "concept": "agys:GrossProfitRatio",
                "unit": "pure",
                "value": 0.525
            },
            {
                "label": "Product development",
                "concept": "ResearchAndDevelopmentExpense",
                "unit": "usd",
                "value": 37817000
            },
            {
                "label": "Sales and marketing",
                "concept": "SellingAndMarketingExpense",
                "unit": "usd",
                "value": 19646000
            },
            {
                "label": "General and administrative",
                "concept": "GeneralAndAdministrativeExpense",
                "unit": "usd",
                "value": 23118000
            },
            {
                "label": "Depreciation of fixed assets",
                "concept": "Depreciation",
                "unit": "usd",
                "value": 2504000
            },
            {
                "label": "Amortization of intangibles",
                "concept": "AmortizationOfIntangibleAssets",
                "unit": "usd",
                "value": 2567000
            },
            {
                "label": "Restructuring, severance and other charges",
                "concept": "agys:RestructuringSeveranceAndOtherCharges",
                "unit": "usd",
                "value": 1168000
            },
            {
                "label": "Legal settlements",
                "concept": "LitigationSettlementExpense",
                "unit": "usd",
                "value": 141000
            },
            {
                "label": "Total operating expense",
                "concept": "OperatingExpenses",
                "unit": "usd",
                "value": 86961000
            },
            {
                "label": "Operating loss",
                "concept": "OperatingIncomeLoss",
                "unit": "usd",
                "value": -13081000
            },
            {
                "label": "Interest (income)",
                "concept": "InvestmentIncomeInterest",
                "unit": "usd",
                "value": 339000
            },
            {
                "label": "Interest expense",
                "concept": "InterestExpense",
                "unit": "usd",
                "value": 10000
            },
            {
                "label": "Other expense (income), net",
                "concept": "OtherNonoperatingIncomeExpense",
                "unit": "usd",
                "value": -191000
            },
            {
                "label": "Loss before taxes",
                "concept": "IncomeLossFromContinuingOperationsBeforeIncomeTaxesMinorityInterestAndIncomeLossFromEquityMethodInvestments",
                "unit": "usd",
                "value": -12943000
            },
            {
                "label": "Income tax expense (benefit)",
                "concept": "IncomeTaxExpenseBenefit",
                "unit": "usd",
                "value": 221000
            },
            {
                "label": "Weighted average shares outstanding - basic and diluted",
                "concept": "WeightedAverageNumberOfShareOutstandingBasicAndDiluted",
                "unit": "shares",
                "value": 23037000
            },
            {
                "label": "Net loss per share (in dollars per share)",
                "concept": "EarningsPerShareBasicAndDiluted",
                "unit": "usd/shares",
                "value": -0.57
            }
        ]
    }
}