{
    "startDate": "2019-01-01",
    "endDate": "2019-03-31",
    "year": "2019",
    "quarter": "Q1",
    "symbol": "EE",
    "data": {
        "bs": [
            {
                "label": "Balances at beginning of period (in shares)",
                "concept": "CommonStockSharesIssued",
                "unit": "shares",
                "value": 65678261
            },
            {
                "label": "Balances at beginning of period",
                "concept": "StockholdersEquity",
                "unit": "usd",
                "value": 1157889000
            },
            {
                "label": "Balances at end of period (in shares)",
                "concept": "CommonStockSharesIssued",
                "unit": "shares",
                "value": 65678261
            },
            {
                "label": "Balances at end of period",
                "concept": "StockholdersEquity",
                "unit": "usd",
                "value": 1157889000
            }
        ],
        "cf": [
            {
                "label": "Depreciation and amortization of electric plant in service",
                "concept": "UtilitiesOperatingExpenseDepreciationAndAmortization",
                "unit": "usd",
                "value": 25126000
            },
            {
                "label": "Amortization of Nuclear Fuel",
                "concept": "AmortizationOfNuclearFuelLease",
                "unit": "usd",
                "value": 10706000
            },
            {
                "label": "Deferred income taxes, net",
                "concept": "DeferredIncomeTaxExpenseBenefit",
                "unit": "usd",
                "value": 1236000
            },
            {
                "label": "Allowance for equity funds used during construction",
                "concept": "IncreaseDecreaseInAllowanceForEquityFundsUsedDuringConstruction",
                "unit": "usd",
                "value": 1001000
            },
            {
                "label": "Other amortization and accretion",
                "concept": "OtherAmortizationOfDeferredCharges",
                "unit": "usd",
                "value": 5173000
            },
            {
                "label": "Net losses (gains) on decommissioning trust funds",
                "concept": "MarketableSecuritiesGainLossExcludingOtherThanTemporaryImpairments",
                "unit": "usd",
                "value": 15989000
            },
            {
                "label": "Other operating activities",
                "concept": "OtherOperatingActivitiesCashFlowStatement",
                "unit": "usd",
                "value": 349000
            },
            {
                "label": "Accounts receivable",
                "concept": "IncreaseDecreaseInAccountsReceivable",
                "unit": "usd",
                "value": -8352000
            },
            {
                "label": "Inventories",
                "concept": "IncreaseDecreaseInInventories",
                "unit": "usd",
                "value": 2110000
            },
            {
                "label": "Prepayments and other",
                "concept": "IncreaseDecreaseInPrepaidExpense",
                "unit": "usd",
                "value": 5519000
            },
            {
                "label": "Accounts payable",
                "concept": "IncreaseDecreaseInAccountsPayable",
                "unit": "usd",
                "value": -11021000
            },
            {
                "label": "Taxes accrued",
                "concept": "IncreaseDecreaseInAccruedTaxesPayable",
                "unit": "usd",
                "value": -8827000
            },
            {
                "label": "Interest accrued",
                "concept": "IncreaseDecreaseInInterestPayableNet",
                "unit": "usd",
                "value": 2971000
            },
            {
                "label": "Net over-collection of fuel revenues",
                "concept": "IncreaseDecreaseInDeferredFuelCosts",
                "unit": "usd",
                "value": -12799000
            },
            {
                "label": "Other current liabilities",
                "concept": "IncreaseDecreaseInOtherOperatingLiabilities",
                "unit": "usd",
                "value": 1599000
            },
            {
                "label": "Deferred charges and credits",
                "concept": "IncreaseDecreaseInDeferredCharges",
                "unit": "usd",
                "value": -3513000
            },
            {
                "label": "Net cash provided by operating activities",
                "concept": "NetCashProvidedByUsedInOperatingActivitiesContinuingOperations",
                "unit": "usd",
                "value": 26420000
            },
            {
                "label": "Cash additions to utility property, plant and equipment",
                "concept": "PaymentsToAcquirePropertyPlantAndEquipment",
                "unit": "usd",
                "value": 52428000
            },
            {
                "label": "Cash additions to nuclear fuel",
                "concept": "PaymentsForProceedsFromNuclearFuel",
                "unit": "usd",
                "value": 9502000
            },
            {
                "label": "Insurance proceeds received for equipment",
                "concept": "ProceedsFromInsuranceSettlementInvestingActivities",
                "unit": "usd",
                "value": 0
            },
            {
                "label": "Utility property, plant and equipment",
                "concept": "AllowanceForFundsUsedDuringConstructionInvestingActivities",
                "unit": "usd",
                "value": -1973000
            },
            {
                "label": "Nuclear fuel and other",
                "concept": "InterestPaidCapitalized",
                "unit": "usd",
                "value": 1532000
            },
            {
                "label": "Allowance for equity funds used during construction",
                "concept": "PublicUtilitiesAllowanceForFundsUsedDuringConstructionCapitalizedCostOfEquity",
                "unit": "usd",
                "value": 1001000
            },
            {
                "label": "Purchases, including funding of $0.5 million and $0.5 million, respectively",
                "concept": "PaymentsToInvestInDecommissioningFund",
                "unit": "usd",
                "value": 37613000
            },
            {
                "label": "Sales and maturities",
                "concept": "ProceedsFromDecommissioningFund",
                "unit": "usd",
                "value": 35468000
            },
            {
                "label": "Other investing activities",
                "concept": "PaymentsForProceedsFromOtherInvestingActivities",
                "unit": "usd",
                "value": 724000
            },
            {
                "label": "Net cash used for investing activities",
                "concept": "NetCashProvidedByUsedInInvestingActivitiesContinuingOperations",
                "unit": "usd",
                "value": -67303000
            },
            {
                "label": "Dividends paid",
                "concept": "PaymentsOfDividendsCommonStock",
                "unit": "usd",
                "value": 14658000
            },
            {
                "label": "Proceeds",
                "concept": "ProceedsFromUnsecuredLinesOfCredit",
                "unit": "usd",
                "value": 215196000
            },
            {
                "label": "Payments",
                "concept": "RepaymentsOfLinesOfCredit",
                "unit": "usd",
                "value": 61452000
            },
            {
                "label": "Other financing activities",
                "concept": "ProceedsFromPaymentsForOtherFinancingActivities",
                "unit": "usd",
                "value": -653000
            },
            {
                "label": "Net cash used by financing activities",
                "concept": "NetCashProvidedByUsedInFinancingActivitiesContinuingOperations",
                "unit": "usd",
                "value": 74933000
            },
            {
                "label": "Net increase (decrease) in cash, cash equivalents and restricted cash and restricted cash",
                "concept": "CashCashEquivalentsRestrictedCashAndRestrictedCashEquivalentsPeriodIncreaseDecreaseExcludingExchangeRateEffect",
                "unit": "usd",
                "value": 34050000
            }
        ],
        "ic": [
            {
                "label": "Operating revenues",
                "concept": "Revenues",
                "unit": "usd",
                "value": 174363000
            },
            {
                "label": "Fuel and purchased power",
                "concept": "CostOfGoodsAndServicesSold",
                "unit": "usd",
                "value": 48326000
            },
            {
                "label": "Operations and maintenance",
                "concept": "UtilitiesOperatingExpenseMaintenanceAndOperations",
                "unit": "usd",
                "value": 80413000
            },
            {
                "label": "Depreciation and amortization",
                "concept": "UtilitiesOperatingExpenseDepreciationAndAmortization",
                "unit": "usd",
                "value": 25126000
            },
            {
                "label": "Taxes other than income taxes",
                "concept": "UtilitiesOperatingExpenseTaxes",
                "unit": "usd",
                "value": 16189000
            },
            {
                "label": "Utilities operating expense",
                "concept": "UtilitiesOperatingExpense",
                "unit": "usd",
                "value": 170054000
            },
            {
                "label": "Operating income",
                "concept": "OperatingIncomeLoss",
                "unit": "usd",
                "value": 4309000
            },
            {
                "label": "Allowance for equity funds used during construction",
                "concept": "PublicUtilitiesAllowanceForFundsUsedDuringConstructionCapitalizedCostOfEquity",
                "unit": "usd",
                "value": 1001000
            },
            {
                "label": "Investment and interest income, net",
                "concept": "ee:InterestAndOtherInvestmentIncomeLoss",
                "unit": "usd",
                "value": 23707000
            },
            {
                "label": "Miscellaneous non-operating income",
                "concept": "OtherNonoperatingIncome",
                "unit": "usd",
                "value": 3048000
            },
            {
                "label": "Miscellaneous non-operating deductions",
                "concept": "OtherNonoperatingExpense",
                "unit": "usd",
                "value": 2357000
            },
            {
                "label": "Nonoperating income",
                "concept": "NonoperatingIncomeExpense",
                "unit": "usd",
                "value": 25399000
            },
            {
                "label": "Interest on long-term debt and revolving credit facility",
                "concept": "InterestExpenseOtherLongTermDebt",
                "unit": "usd",
                "value": 18989000
            },
            {
                "label": "Other interest",
                "concept": "InterestExpenseOther",
                "unit": "usd",
                "value": 5233000
            },
            {
                "label": "Capitalized interest",
                "concept": "InterestCostsCapitalizedAdjustment",
                "unit": "usd",
                "value": 1532000
            },
            {
                "label": "Allowance for borrowed funds used during construction",
                "concept": "PublicUtilitiesAllowanceForFundsUsedDuringConstructionAdditions",
                "unit": "usd",
                "value": 972000
            },
            {
                "label": "Interest expense",
                "concept": "InterestExpense",
                "unit": "usd",
                "value": 21718000
            },
            {
                "label": "Income (loss) before income taxes",
                "concept": "IncomeLossFromContinuingOperationsBeforeIncomeTaxesMinorityInterestAndIncomeLossFromEquityMethodInvestments",
                "unit": "usd",
                "value": 7990000
            },
            {
                "label": "Income tax expense (benefit)",
                "concept": "IncomeTaxExpenseBenefit",
                "unit": "usd",
                "value": 1901000
            },
            {
                "label": "Net income (loss)",
                "concept": "NetIncomeLoss",
                "unit": "usd",
                "value": 6089000
            },
            {
                "label": "Basic earnings (loss) per share",
                "concept": "EarningsPerShareBasic",
                "unit": "usd/shares",
                "value": 0.15
            },
            {
                "label": "Diluted earnings (loss) per share",
                "concept": "EarningsPerShareDiluted",
                "unit": "usd/shares",
                "value": 0.15
            },
            {
                "label": "Dividends declared per share of common stock",
                "concept": "CommonStockDividendsPerShareDeclared",
                "unit": "usd/shares",
                "value": 0.36
            },
            {
                "label": "Weighted average number of shares outstanding",
                "concept": "WeightedAverageNumberOfSharesOutstandingBasic",
                "unit": "shares",
                "value": 40582936
            },
            {
                "label": "Weighted average number of shares and dilutive potential shares outstanding",
                "concept": "WeightedAverageNumberOfDilutedSharesOutstanding",
                "unit": "shares",
                "value": 40663753
            }
        ]
    }
}