{
    "startDate": "2019-01-01",
    "endDate": "2019-03-31",
    "year": "2019",
    "quarter": "Q1",
    "symbol": "AMNB",
    "data": {
        "bs": [
            {
                "label": "Cash and due from banks",
                "concept": "CashAndDueFromBanks",
                "unit": "usd",
                "value": 28912000
            },
            {
                "label": "Interest-bearing deposits in other banks",
                "concept": "InterestBearingDepositsInBanks",
                "unit": "usd",
                "value": 41949000
            },
            {
                "label": "Securities available for sale, at fair value",
                "concept": "AvailableForSaleSecuritiesDebtSecurities",
                "unit": "usd",
                "value": 324289000
            },
            {
                "label": "Restricted stock, at cost",
                "concept": "InvestmentOwnedRestrictedCost",
                "unit": "usd",
                "value": 5299000
            },
            {
                "label": "Loans held for sale",
                "concept": "LoansReceivableHeldForSaleNetNotPartOfDisposalGroup",
                "unit": "usd",
                "value": 1252000
            },
            {
                "label": "Loans, net of unearned income",
                "concept": "LoansAndLeasesReceivableNetOfDeferredIncome",
                "unit": "usd",
                "value": 1360063000
            },
            {
                "label": "Less allowance for loan losses",
                "concept": "LoansAndLeasesReceivableAllowance",
                "unit": "usd",
                "value": 12806000
            },
            {
                "label": "Net loans",
                "concept": "LoansAndLeasesReceivableNetReportedAmount",
                "unit": "usd",
                "value": 1347257000
            },
            {
                "label": "Premises and equipment, net",
                "concept": "PropertyPlantAndEquipmentNet",
                "unit": "usd",
                "value": 26663000
            },
            {
                "label": "Other real estate owned, net of valuation allowance of $108 in 2019 and $109 in 2018",
                "concept": "OtherRealEstate",
                "unit": "usd",
                "value": 646000
            },
            {
                "label": "Core deposit intangibles, net",
                "concept": "IntangibleAssetsNetExcludingGoodwill",
                "unit": "usd",
                "value": 871000
            },
            {
                "label": "Bank owned life insurance",
                "concept": "BankOwnedLifeInsurance",
                "unit": "usd",
                "value": 19047000
            },
            {
                "label": "Accrued interest receivable and other assets",
                "concept": "InterestReceivableAndOtherAssets",
                "unit": "usd",
                "value": 26278000
            },
            {
                "label": "Total assets",
                "concept": "Assets",
                "unit": "usd",
                "value": 1868404000
            },
            {
                "label": "Demand deposits -- noninterest bearing",
                "concept": "DemandDepositAccounts",
                "unit": "usd",
                "value": 425579000
            },
            {
                "label": "Demand deposits -- interest bearing",
                "concept": "DepositsNegotiableOrderOfWithdrawalNOW",
                "unit": "usd",
                "value": 242802000
            },
            {
                "label": "Money market deposits",
                "concept": "DepositsMoneyMarketDeposits",
                "unit": "usd",
                "value": 379668000
            },
            {
                "label": "Savings deposits",
                "concept": "DepositsSavingsDeposits",
                "unit": "usd",
                "value": 135289000
            },
            {
                "label": "Time deposits",
                "concept": "TimeDepositMaturitiesAfterRollingYearFive",
                "unit": "usd",
                "value": 376452000
            },
            {
                "label": "Total deposits",
                "concept": "Deposits",
                "unit": "usd",
                "value": 1559790000
            },
            {
                "label": "Junior subordinated debt",
                "concept": "JuniorSubordinatedNotes",
                "unit": "usd",
                "value": 27953000
            },
            {
                "label": "Accrued interest payable and other liabilities",
                "concept": "AccountsPayableAndAccruedLiabilitiesCurrentAndNoncurrent",
                "unit": "usd",
                "value": 15243000
            },
            {
                "label": "Total liabilities",
                "concept": "Liabilities",
                "unit": "usd",
                "value": 1638931000
            },
            {
                "label": "Preferred stock, $5 par, 2,000,000 shares authorized, none outstanding",
                "concept": "PreferredStockValue",
                "unit": "usd",
                "value": 0
            },
            {
                "label": "Common stock, $1 par, 20,000,000 shares authorized, 8,756,569 shares outstanding at March 31, 2019 and 8,720,337 shares outstanding at December 31, 2018",
                "concept": "CommonStockValue",
                "unit": "usd",
                "value": 8705000
            },
            {
                "label": "Capital in excess of par value",
                "concept": "AdditionalPaidInCapital",
                "unit": "usd",
                "value": 78738000
            },
            {
                "label": "Retained earnings",
                "concept": "RetainedEarningsAccumulatedDeficit",
                "unit": "usd",
                "value": 145351000
            },
            {
                "label": "Accumulated other comprehensive loss, net",
                "concept": "AccumulatedOtherComprehensiveIncomeLossNetOfTax",
                "unit": "usd",
                "value": -3321000
            },
            {
                "label": "Total shareholders' equity",
                "concept": "StockholdersEquity",
                "unit": "usd",
                "value": 229473000
            },
            {
                "label": "Total liabilities and shareholders' equity",
                "concept": "LiabilitiesAndStockholdersEquity",
                "unit": "usd",
                "value": 1868404000
            }
        ],
        "cf": [
            {
                "label": "Provision for (recovery of) loan losses",
                "concept": "ProvisionForLoanAndLeaseLosses",
                "unit": "usd",
                "value": 16000
            },
            {
                "label": "Depreciation",
                "concept": "DepreciationNonproduction",
                "unit": "usd",
                "value": 405000
            },
            {
                "label": "Net accretion of acquisition accounting adjustments",
                "concept": "amnb:GainLossofFairValueAdjustments",
                "unit": "usd",
                "value": 255000
            },
            {
                "label": "Net amortization of securities",
                "concept": "AccretionAmortizationOfDiscountsAndPremiumsInvestments",
                "unit": "usd",
                "value": -312000
            },
            {
                "label": "Net gain on sale or call of securities available for sale",
                "concept": "MarketableSecuritiesGainLoss",
                "unit": "usd",
                "value": 4000
            },
            {
                "label": "Net change in fair value of equity securities",
                "concept": "EquitySecuritiesFvNiUnrealizedGain",
                "unit": "usd",
                "value": 319000
            },
            {
                "label": "Gain on sale of loans held for sale",
                "concept": "GainLossOnSalesOfLoansNet",
                "unit": "usd",
                "value": 406000
            },
            {
                "label": "Proceeds from sales of loans held for sale",
                "concept": "ProceedsFromSaleOfLoansHeldForSale",
                "unit": "usd",
                "value": 15366000
            },
            {
                "label": "Originations of loans held for sale",
                "concept": "PaymentsForOriginationOfMortgageLoansHeldForSale",
                "unit": "usd",
                "value": 15572000
            },
            {
                "label": "Net gain on other real estate owned",
                "concept": "GainLossOnSaleOfProperties",
                "unit": "usd",
                "value": 8000
            },
            {
                "label": "Valuation allowance on other real estate owned",
                "concept": "RealEstateOwnedValuationAllowanceAmountsApplied",
                "unit": "usd",
                "value": 6000
            },
            {
                "label": "Net gain on sale of premises and equipment",
                "concept": "GainLossOnSaleOfPropertyPlantEquipment",
                "unit": "usd",
                "value": 0
            },
            {
                "label": "Equity based compensation expense",
                "concept": "RestrictedStockExpense",
                "unit": "usd",
                "value": 313000
            },
            {
                "label": "Earnings on bank owned life insurance",
                "concept": "BankOwnedLifeInsuranceIncome",
                "unit": "usd",
                "value": 106000
            },
            {
                "label": "Deferred income tax expense (benefit)",
                "concept": "DeferredIncomeTaxExpenseBenefit",
                "unit": "usd",
                "value": 222000
            },
            {
                "label": "Net change in interest receivable",
                "concept": "IncreaseDecreaseInAccruedInterestReceivableNet",
                "unit": "usd",
                "value": -76000
            },
            {
                "label": "Net change in other assets",
                "concept": "IncreaseDecreaseInOtherOperatingAssets",
                "unit": "usd",
                "value": 602000
            },
            {
                "label": "Net change in interest payable",
                "concept": "IncreaseDecreaseInInterestPayableNet",
                "unit": "usd",
                "value": 51000
            },
            {
                "label": "Net change in other liabilities",
                "concept": "IncreaseDecreaseInOtherOperatingLiabilities",
                "unit": "usd",
                "value": -873000
            },
            {
                "label": "Net cash provided by operating activities",
                "concept": "NetCashProvidedByUsedInOperatingActivities",
                "unit": "usd",
                "value": 4680000
            },
            {
                "label": "Proceeds from sales of equity securities",
                "concept": "amnb:ProceedsFromSaleofEquitySecurities",
                "unit": "usd",
                "value": 80000
            },
            {
                "label": "Proceeds from sales of securities available for sale",
                "concept": "ProceedsFromSaleOfAvailableForSaleSecuritiesDebt",
                "unit": "usd",
                "value": 0
            },
            {
                "label": "Proceeds from maturities, calls and paydowns of securities available for sale",
                "concept": "ProceedsFromMaturitiesPrepaymentsAndCallsOfAvailableForSaleSecurities",
                "unit": "usd",
                "value": 18586000
            },
            {
                "label": "Purchases of securities available for sale",
                "concept": "PaymentsToAcquireAvailableForSaleSecuritiesDebt",
                "unit": "usd",
                "value": 6565000
            },
            {
                "label": "Net change in restricted stock",
                "concept": "PaymentsToAcquireFederalHomeLoanBankStock",
                "unit": "usd",
                "value": 52000
            },
            {
                "label": "Net (increase) decrease in loans",
                "concept": "PaymentsToAcquireLoansAndLeasesHeldForInvestment",
                "unit": "usd",
                "value": 2321000
            },
            {
                "label": "Proceeds from sale of premises and equipment",
                "concept": "ProceedsFromSaleOfPropertyPlantAndEquipment",
                "unit": "usd",
                "value": 0
            },
            {
                "label": "Purchases of premises and equipment",
                "concept": "PaymentsToAcquirePropertyPlantAndEquipment",
                "unit": "usd",
                "value": 393000
            },
            {
                "label": "Proceeds from sales of other real estate owned",
                "concept": "ProceedsFromSaleOfForeclosedAssets",
                "unit": "usd",
                "value": 225000
            },
            {
                "label": "Net cash provided by investing activities",
                "concept": "NetCashProvidedByUsedInInvestingActivities",
                "unit": "usd",
                "value": 9560000
            },
            {
                "label": "Net change in demand, money market, and savings deposits",
                "concept": "IncreaseDecreaseInDeposits",
                "unit": "usd",
                "value": -20932000
            },
            {
                "label": "Net change in time deposits",
                "concept": "IncreaseDecreaseInTimeDeposits",
                "unit": "usd",
                "value": 14495000
            },
            {
                "label": "Net change in customer repurchase agreements",
                "concept": "ProceedsFromPaymentsForInSecuritiesSoldUnderAgreementsToRepurchase",
                "unit": "usd",
                "value": 702000
            },
            {
                "label": "Net change in other short-term borrowings",
                "concept": "RepaymentsOfOtherShortTermDebt",
                "unit": "usd",
                "value": 0
            },
            {
                "label": "Common stock dividends paid",
                "concept": "PaymentsOfDividendsCommonStock",
                "unit": "usd",
                "value": 2189000
            },
            {
                "label": "Proceeds from exercise of stock options",
                "concept": "ProceedsFromStockOptionsExercised",
                "unit": "usd",
                "value": 290000
            },
            {
                "label": "Net cash used in financing activities",
                "concept": "NetCashProvidedByUsedInFinancingActivities",
                "unit": "usd",
                "value": -7634000
            },
            {
                "label": "Net Increase in Cash and Cash Equivalents",
                "concept": "CashCashEquivalentsRestrictedCashAndRestrictedCashEquivalentsPeriodIncreaseDecreaseIncludingExchangeRateEffect",
                "unit": "usd",
                "value": 6606000
            }
        ],
        "ic": [
            {
                "label": "Interest and fees on loans",
                "concept": "InterestAndFeeIncomeLoansAndLeases",
                "unit": "usd",
                "value": 15638000
            },
            {
                "label": "Taxable",
                "concept": "InterestIncomeSecuritiesTaxable",
                "unit": "usd",
                "value": 1821000
            },
            {
                "label": "Tax-exempt",
                "concept": "InterestIncomeSecuritiesTaxExempt",
                "unit": "usd",
                "value": 287000
            },
            {
                "label": "Dividends",
                "concept": "DividendIncomeOperating",
                "unit": "usd",
                "value": 84000
            },
            {
                "label": "Other interest income",
                "concept": "OtherInterestAndDividendIncome",
                "unit": "usd",
                "value": 266000
            },
            {
                "label": "Total interest and dividend income",
                "concept": "InterestAndDividendIncomeOperating",
                "unit": "usd",
                "value": 18096000
            },
            {
                "label": "Interest on deposits",
                "concept": "InterestExpenseDeposits",
                "unit": "usd",
                "value": 2472000
            },
            {
                "label": "Interest on short-term borrowings",
                "concept": "InterestExpenseShortTermBorrowings",
                "unit": "usd",
                "value": 172000
            },
            {
                "label": "Interest on junior subordinated debt",
                "concept": "InterestExpenseJuniorSubordinatedDebentures",
                "unit": "usd",
                "value": 384000
            },
            {
                "label": "Total interest expense",
                "concept": "InterestExpense",
                "unit": "usd",
                "value": 3028000
            },
            {
                "label": "Net Interest Income",
                "concept": "InterestIncomeExpenseNet",
                "unit": "usd",
                "value": 15068000
            },
            {
                "label": "Provision for (recovery of) loan losses",
                "concept": "ProvisionForLoanAndLeaseLosses",
                "unit": "usd",
                "value": 16000
            },
            {
                "label": "Net Interest Income After Provision for Loan Losses",
                "concept": "InterestIncomeExpenseAfterProvisionForLoanLoss",
                "unit": "usd",
                "value": 15052000
            },
            {
                "label": "Trust fees",
                "concept": "amnb:TrustFees",
                "unit": "usd",
                "value": 914000
            },
            {
                "label": "Service charges on deposit accounts",
                "concept": "amnb:ServiceChargesOnDepositAccounts",
                "unit": "usd",
                "value": 594000
            },
            {
                "label": "Other fees and commissions",
                "concept": "amnb:OtherFeesAndCommissions",
                "unit": "usd",
                "value": 708000
            },
            {
                "label": "Mortgage banking income",
                "concept": "amnb:MortgageBankingIncome",
                "unit": "usd",
                "value": 406000
            },
            {
                "label": "Securities gains, net",
                "concept": "DebtAndEquitySecuritiesGainLoss",
                "unit": "usd",
                "value": 323000
            },
            {
                "label": "Brokerage fees",
                "concept": "BrokerageCommissionsRevenue",
                "unit": "usd",
                "value": 147000
            },
            {
                "label": "Income from Small Business Investment Companies",
                "concept": "amnb:IncomefromSmallBusinessInvestmentCompanies",
                "unit": "usd",
                "value": 168000
            },
            {
                "label": "Other",
                "concept": "NoninterestIncomeOther",
                "unit": "usd",
                "value": 191000
            },
            {
                "label": "Total noninterest income",
                "concept": "NoninterestIncome",
                "unit": "usd",
                "value": 3451000
            },
            {
                "label": "Salaries",
                "concept": "SalariesWagesAndOfficersCompensation",
                "unit": "usd",
                "value": 4664000
            },
            {
                "label": "Employee benefits",
                "concept": "PensionAndOtherPostretirementBenefitExpense",
                "unit": "usd",
                "value": 1230000
            },
            {
                "label": "Occupancy and equipment",
                "concept": "OccupancyNet",
                "unit": "usd",
                "value": 1084000
            },
            {
                "label": "FDIC assessment",
                "concept": "FederalDepositInsuranceCorporationPremiumExpense",
                "unit": "usd",
                "value": 125000
            },
            {
                "label": "Bank franchise tax",
                "concept": "TaxesOther",
                "unit": "usd",
                "value": 290000
            },
            {
                "label": "Core deposit intangible amortization",
                "concept": "AmortizationOfIntangibleAssets",
                "unit": "usd",
                "value": 55000
            },
            {
                "label": "Data processing",
                "concept": "InformationTechnologyAndDataProcessing",
                "unit": "usd",
                "value": 532000
            },
            {
                "label": "Software",
                "concept": "amnb:SoftwareExpense",
                "unit": "usd",
                "value": 324000
            },
            {
                "label": "Other real estate owned, net",
                "concept": "ForeclosedRealEstateExpense",
                "unit": "usd",
                "value": 13000
            },
            {
                "label": "Merger related expense",
                "concept": "BusinessCombinationAcquisitionRelatedCosts",
                "unit": "usd",
                "value": 451000
            },
            {
                "label": "Other",
                "concept": "OtherNoninterestExpense",
                "unit": "usd",
                "value": 2161000
            },
            {
                "label": "Total noninterest expense",
                "concept": "NoninterestExpense",
                "unit": "usd",
                "value": 10929000
            },
            {
                "label": "Income Before Income Taxes",
                "concept": "IncomeLossFromContinuingOperationsBeforeIncomeTaxesMinorityInterestAndIncomeLossFromEquityMethodInvestments",
                "unit": "usd",
                "value": 7574000
            },
            {
                "label": "Income Taxes",
                "concept": "IncomeTaxExpenseBenefit",
                "unit": "usd",
                "value": 1571000
            },
            {
                "label": "Net Income",
                "concept": "NetIncomeLoss",
                "unit": "usd",
                "value": 6003000
            },
            {
                "label": "Basic (in dollars per share)",
                "concept": "EarningsPerShareBasic",
                "unit": "usd/shares",
                "value": 0.69
            },
            {
                "label": "Diluted (in dollars per share)",
                "concept": "EarningsPerShareDiluted",
                "unit": "usd/shares",
                "value": 0.69
            },
            {
                "label": "Basic (in shares)",
                "concept": "WeightedAverageNumberOfSharesOutstandingBasic",
                "unit": "shares",
                "value": 8745174
            },
            {
                "label": "Diluted (in shares)",
                "concept": "WeightedAverageNumberOfDilutedSharesOutstanding",
                "unit": "shares",
                "value": 8745723
            }
        ]
    }
}