{
    "startDate": "2019-01-01",
    "endDate": "2019-03-31",
    "year": "2019",
    "quarter": "Q1",
    "symbol": "CLGX",
    "data": {
        "bs": [],
        "cf": [
            {
                "label": "",
                "concept": "ProfitLoss",
                "unit": "usd",
                "value": 1687000
            },
            {
                "label": "",
                "concept": "IncomeLossFromDiscontinuedOperationsNetOfTax",
                "unit": "usd",
                "value": 46000
            },
            {
                "label": "",
                "concept": "IncomeLossFromContinuingOperationsIncludingPortionAttributableToNoncontrollingInterest",
                "unit": "usd",
                "value": 1733000
            },
            {
                "label": "",
                "concept": "DepreciationAndAmortization",
                "unit": "usd",
                "value": 49219000
            },
            {
                "label": "",
                "concept": "AmortizationOfFinancingCosts",
                "unit": "usd",
                "value": 1302000
            },
            {
                "label": "",
                "concept": "clgx:OperatingLeaseRightofUseAssetAmortization",
                "unit": "usd",
                "value": 4036000
            },
            {
                "label": "",
                "concept": "ProvisionForDoubtfulAccounts",
                "unit": "usd",
                "value": 3788000
            },
            {
                "label": "",
                "concept": "ShareBasedCompensation",
                "unit": "usd",
                "value": 9892000
            },
            {
                "label": "",
                "concept": "IncomeLossFromEquityMethodInvestments",
                "unit": "usd",
                "value": 422000
            },
            {
                "label": "",
                "concept": "DeferredIncomeTaxExpenseBenefit",
                "unit": "usd",
                "value": 4346000
            },
            {
                "label": "",
                "concept": "GainLossOnInvestments",
                "unit": "usd",
                "value": 734000
            },
            {
                "label": "",
                "concept": "IncreaseDecreaseInAccountsReceivable",
                "unit": "usd",
                "value": 5489000
            },
            {
                "label": "",
                "concept": "IncreaseDecreaseInPrepaidDeferredExpenseAndOtherAssets",
                "unit": "usd",
                "value": 2778000
            },
            {
                "label": "",
                "concept": "IncreaseDecreaseInAccountsPayableAndAccruedLiabilities",
                "unit": "usd",
                "value": 7665000
            },
            {
                "label": "",
                "concept": "IncreaseDecreaseInContractWithCustomerLiability",
                "unit": "usd",
                "value": 173000
            },
            {
                "label": "",
                "concept": "IncreaseDecreaseInAccruedIncomeTaxesPayable",
                "unit": "usd",
                "value": 10966000
            },
            {
                "label": "",
                "concept": "ProceedsFromDividendsReceived",
                "unit": "usd",
                "value": "N/A"
            },
            {
                "label": "",
                "concept": "IncreaseDecreaseInOtherOperatingCapitalNet",
                "unit": "usd",
                "value": 4630000
            },
            {
                "label": "",
                "concept": "NetCashProvidedByUsedInOperatingActivitiesContinuingOperations",
                "unit": "usd",
                "value": 64581000
            },
            {
                "label": "",
                "concept": "CashProvidedByUsedInOperatingActivitiesDiscontinuedOperations",
                "unit": "usd",
                "value": "N/A"
            },
            {
                "label": "",
                "concept": "NetCashProvidedByUsedInOperatingActivities",
                "unit": "usd",
                "value": 64581000
            },
            {
                "label": "",
                "concept": "PaymentsToAcquirePropertyPlantAndEquipment",
                "unit": "usd",
                "value": 24020000
            },
            {
                "label": "",
                "concept": "PaymentsToAcquireIntangibleAssets",
                "unit": "usd",
                "value": 8947000
            },
            {
                "label": "",
                "concept": "clgx:CashReceivedFromSaleOfSubsidiary",
                "unit": "usd",
                "value": 1082000
            },
            {
                "label": "",
                "concept": "ProceedsFromSaleOfPropertyPlantAndEquipment",
                "unit": "usd",
                "value": "N/A"
            },
            {
                "label": "",
                "concept": "ProceedsFromSaleMaturityAndCollectionsOfInvestments",
                "unit": "usd",
                "value": 1157000
            },
            {
                "label": "",
                "concept": "NetCashProvidedByUsedInInvestingActivitiesContinuingOperations",
                "unit": "usd",
                "value": 30728000
            },
            {
                "label": "",
                "concept": "CashProvidedByUsedInInvestingActivitiesDiscontinuedOperations",
                "unit": "usd",
                "value": "N/A"
            },
            {
                "label": "",
                "concept": "NetCashProvidedByUsedInInvestingActivities",
                "unit": "usd",
                "value": 30728000
            },
            {
                "label": "",
                "concept": "ProceedsFromIssuanceOfLongTermDebt",
                "unit": "usd",
                "value": "N/A"
            },
            {
                "label": "",
                "concept": "RepaymentsOfLongTermDebt",
                "unit": "usd",
                "value": 25563000
            },
            {
                "label": "",
                "concept": "ProceedsFromIssuanceOfSharesUnderIncentiveAndShareBasedCompensationPlansIncludingStockOptions",
                "unit": "usd",
                "value": 2758000
            },
            {
                "label": "",
                "concept": "PaymentsRelatedToTaxWithholdingForShareBasedCompensation",
                "unit": "usd",
                "value": 8551000
            },
            {
                "label": "",
                "concept": "PaymentsForRepurchaseOfCommonStock",
                "unit": "usd",
                "value": "N/A"
            },
            {
                "label": "",
                "concept": "PaymentsForPreviousAcquisition",
                "unit": "usd",
                "value": 600000
            },
            {
                "label": "",
                "concept": "NetCashProvidedByUsedInFinancingActivitiesContinuingOperations",
                "unit": "usd",
                "value": 31956000
            },
            {
                "label": "",
                "concept": "CashProvidedByUsedInFinancingActivitiesDiscontinuedOperations",
                "unit": "usd",
                "value": "N/A"
            },
            {
                "label": "",
                "concept": "NetCashProvidedByUsedInFinancingActivities",
                "unit": "usd",
                "value": 31956000
            },
            {
                "label": "",
                "concept": "EffectOfExchangeRateOnCashCashEquivalentsRestrictedCashAndRestrictedCashEquivalents",
                "unit": "usd",
                "value": 200000
            },
            {
                "label": "",
                "concept": "CashCashEquivalentsRestrictedCashAndRestrictedCashEquivalentsPeriodIncreaseDecreaseIncludingExchangeRateEffect",
                "unit": "usd",
                "value": 1697000
            },
            {
                "label": "",
                "concept": "NetCashProvidedByUsedInDiscontinuedOperations",
                "unit": "usd",
                "value": "N/A"
            },
            {
                "label": "",
                "concept": "clgx:CashSweptFromDiscontinuedOperations",
                "unit": "usd",
                "value": "N/A"
            },
            {
                "label": "",
                "concept": "InterestPaid",
                "unit": "usd",
                "value": 17351000
            },
            {
                "label": "",
                "concept": "IncomeTaxesPaid",
                "unit": "usd",
                "value": 1958000
            },
            {
                "label": "",
                "concept": "ProceedsFromIncomeTaxRefunds",
                "unit": "usd",
                "value": 15950000
            },
            {
                "label": "",
                "concept": "CapitalExpendituresIncurredButNotYetPaid",
                "unit": "usd",
                "value": 14469000
            }
        ],
        "ic": [
            {
                "label": "",
                "concept": "RevenueFromContractWithCustomerExcludingAssessedTax",
                "unit": "usd",
                "value": 417708000
            },
            {
                "label": "",
                "concept": "clgx:CostOfServicesExcludingDepreciationAndAmortization",
                "unit": "usd",
                "value": 219061000
            },
            {
                "label": "",
                "concept": "SellingGeneralAndAdministrativeExpense",
                "unit": "usd",
                "value": 128224000
            },
            {
                "label": "",
                "concept": "DepreciationAndAmortization",
                "unit": "usd",
                "value": 49219000
            },
            {
                "label": "",
                "concept": "OperatingExpenses",
                "unit": "usd",
                "value": 396504000
            },
            {
                "label": "",
                "concept": "OperatingIncomeLoss",
                "unit": "usd",
                "value": 21204000
            },
            {
                "label": "",
                "concept": "InvestmentIncomeInterest",
                "unit": "usd",
                "value": 978000
            },
            {
                "label": "",
                "concept": "InterestExpenseDebt",
                "unit": "usd",
                "value": 19703000
            },
            {
                "label": "",
                "concept": "InterestIncomeExpenseNet",
                "unit": "usd",
                "value": 18725000
            },
            {
                "label": "",
                "concept": "GainLossOnInvestments",
                "unit": "usd",
                "value": 734000
            },
            {
                "label": "",
                "concept": "IncomeLossFromContinuingOperationsBeforeIncomeTaxesMinorityInterestAndIncomeLossFromEquityMethodInvestments",
                "unit": "usd",
                "value": 3213000
            },
            {
                "label": "",
                "concept": "IncomeTaxExpenseBenefit",
                "unit": "usd",
                "value": 1058000
            },
            {
                "label": "",
                "concept": "clgx:IncomeLossFromContinuingOperationsBeforeIncomeLossFromEquityMethodInvestments",
                "unit": "usd",
                "value": 2155000
            },
            {
                "label": "",
                "concept": "IncomeLossFromEquityMethodInvestments",
                "unit": "usd",
                "value": 422000
            },
            {
                "label": "",
                "concept": "IncomeLossFromContinuingOperationsIncludingPortionAttributableToNoncontrollingInterest",
                "unit": "usd",
                "value": 1733000
            },
            {
                "label": "",
                "concept": "IncomeLossFromDiscontinuedOperationsNetOfTax",
                "unit": "usd",
                "value": 46000
            },
            {
                "label": "",
                "concept": "ProfitLoss",
                "unit": "usd",
                "value": 1687000
            },
            {
                "label": "",
                "concept": "IncomeLossFromContinuingOperationsPerBasicShare",
                "unit": "usd/shares",
                "value": 0.02
            },
            {
                "label": "",
                "concept": "IncomeLossFromDiscontinuedOperationsNetOfTaxPerBasicShare",
                "unit": "usd/shares",
                "value": "N/A"
            },
            {
                "label": "",
                "concept": "EarningsPerShareBasic",
                "unit": "usd/shares",
                "value": 0.02
            },
            {
                "label": "",
                "concept": "IncomeLossFromContinuingOperationsPerDilutedShare",
                "unit": "usd/shares",
                "value": 0.02
            },
            {
                "label": "",
                "concept": "IncomeLossFromDiscontinuedOperationsNetOfTaxPerDilutedShare",
                "unit": "usd/shares",
                "value": "N/A"
            },
            {
                "label": "",
                "concept": "EarningsPerShareDiluted",
                "unit": "usd/shares",
                "value": 0.02
            },
            {
                "label": "",
                "concept": "WeightedAverageNumberOfSharesOutstandingBasic",
                "unit": "shares",
                "value": 80179000
            },
            {
                "label": "",
                "concept": "WeightedAverageNumberOfDilutedSharesOutstanding",
                "unit": "shares",
                "value": 81277000
            }
        ]
    }
}