{
    "startDate": "2019-01-01",
    "endDate": "2019-03-31",
    "year": "2019",
    "quarter": "Q1",
    "symbol": "TLSRP",
    "data": {
        "bs": [
            {
                "label": "Cash and cash equivalents",
                "concept": "CashAndCashEquivalentsAtCarryingValue",
                "unit": "usd",
                "value": 221000
            },
            {
                "label": "Accounts receivable, net of reserve of $306 (Note 1)",
                "concept": "ReceivablesNetCurrent",
                "unit": "usd",
                "value": 25576000
            },
            {
                "label": "Inventories, net of obsolescence reserve of $520 (Note 1)",
                "concept": "InventoryNet",
                "unit": "usd",
                "value": 3457000
            },
            {
                "label": "Deferred program expenses",
                "concept": "OtherPrepaidExpenseCurrent",
                "unit": "usd",
                "value": 1108000
            },
            {
                "label": "Other current assets",
                "concept": "OtherAssetsCurrent",
                "unit": "usd",
                "value": 2005000
            },
            {
                "label": "Total current assets",
                "concept": "AssetsCurrent",
                "unit": "usd",
                "value": 32367000
            },
            {
                "label": "Property and equipment, net of accumulated depreciation of $29,602 and $28,665, respectively",
                "concept": "PropertyPlantAndEquipmentNet",
                "unit": "usd",
                "value": 19404000
            },
            {
                "label": "Operating lease right-of-use assets (Note 10)",
                "concept": "OperatingLeaseRightOfUseAsset",
                "unit": "usd",
                "value": 1846000
            },
            {
                "label": "Goodwill (Note 3)",
                "concept": "Goodwill",
                "unit": "usd",
                "value": 14916000
            },
            {
                "label": "Other assets",
                "concept": "OtherAssetsNoncurrent",
                "unit": "usd",
                "value": 956000
            },
            {
                "label": "Total assets",
                "concept": "Assets",
                "unit": "usd",
                "value": 69489000
            },
            {
                "label": "Accounts payable and other accrued payables (Note 5)",
                "concept": "AccountsPayableAndOtherAccruedLiabilitiesCurrent",
                "unit": "usd",
                "value": 17525000
            },
            {
                "label": "Accrued compensation and benefits",
                "concept": "DeferredCompensationLiabilityCurrent",
                "unit": "usd",
                "value": 9213000
            },
            {
                "label": "Contract liabilities",
                "concept": "ContractWithCustomerLiabilityCurrent",
                "unit": "usd",
                "value": 5158000
            },
            {
                "label": "Finance lease obligations - short-term",
                "concept": "CapitalLeaseObligationsCurrent",
                "unit": "usd",
                "value": 1142000
            },
            {
                "label": "Other current liabilities",
                "concept": "OtherLiabilitiesCurrent",
                "unit": "usd",
                "value": 2721000
            },
            {
                "label": "Total current liabilities",
                "concept": "LiabilitiesCurrent",
                "unit": "usd",
                "value": 35759000
            },
            {
                "label": "Senior term loan, net of unamortized discount and issuance costs (Note 5)",
                "concept": "SeniorLongTermNotes",
                "unit": "usd",
                "value": 11038000
            },
            {
                "label": "Subordinated debt (Note 5)",
                "concept": "SubordinatedLongTermDebt",
                "unit": "usd",
                "value": 2677000
            },
            {
                "label": "Finance lease obligations - long-term (Note 10)",
                "concept": "CapitalLeaseObligationsNoncurrent",
                "unit": "usd",
                "value": 16571000
            },
            {
                "label": "Operating lease liabilities - long-term (Note 10)",
                "concept": "OperatingLeaseLiabilityNoncurrent",
                "unit": "usd",
                "value": 1584000
            },
            {
                "label": "Deferred income taxes (Note 7)",
                "concept": "DeferredTaxLiabilitiesNoncurrent",
                "unit": "usd",
                "value": 593000
            },
            {
                "label": "Other liabilities (Note 7)",
                "concept": "OtherLiabilitiesNoncurrent",
                "unit": "usd",
                "value": 681000
            },
            {
                "label": "Total liabilities",
                "concept": "Liabilities",
                "unit": "usd",
                "value": 205246000
            },
            {
                "label": "Commitments and contingencies (Note 8)",
                "concept": "CommitmentsAndContingencies",
                "unit": "usd",
                "value": "N/A"
            },
            {
                "label": "Common stock",
                "concept": "CommonStockValue",
                "unit": "usd",
                "value": 78000
            },
            {
                "label": "Additional paid-in capital",
                "concept": "AdditionalPaidInCapitalCommonStock",
                "unit": "usd",
                "value": 4310000
            },
            {
                "label": "Accumulated other comprehensive income",
                "concept": "AccumulatedOtherComprehensiveIncomeLossNetOfTax",
                "unit": "usd",
                "value": 19000
            },
            {
                "label": "Accumulated deficit",
                "concept": "RetainedEarningsAccumulatedDeficit",
                "unit": "usd",
                "value": -142542000
            },
            {
                "label": "Total Telos stockholders' deficit",
                "concept": "StockholdersEquity",
                "unit": "usd",
                "value": -138135000
            },
            {
                "label": "Non-controlling interest, end of period",
                "concept": "MinorityInterest",
                "unit": "usd",
                "value": 2378000
            },
            {
                "label": "Total stockholders' deficit",
                "concept": "StockholdersEquityIncludingPortionAttributableToNoncontrollingInterest",
                "unit": "usd",
                "value": -135757000
            },
            {
                "label": "Total liabilities, redeemable preferred stock, and stockholders' deficit",
                "concept": "LiabilitiesAndStockholdersEquity",
                "unit": "usd",
                "value": 69489000
            }
        ],
        "cf": [
            {
                "label": "Net loss",
                "concept": "ProfitLoss",
                "unit": "usd",
                "value": -2940000
            },
            {
                "label": "Depreciation and amortization",
                "concept": "DepreciationDepletionAndAmortization",
                "unit": "usd",
                "value": 934000
            },
            {
                "label": "Amortization of debt issuance costs",
                "concept": "AmortizationOfFinancingCosts",
                "unit": "usd",
                "value": 54000
            },
            {
                "label": "Deferred income tax (benefit) provision",
                "concept": "DeferredIncomeTaxExpenseBenefit",
                "unit": "usd",
                "value": -225000
            },
            {
                "label": "Other noncash items",
                "concept": "OtherNoncashIncomeExpense",
                "unit": "usd",
                "value": 0
            },
            {
                "label": "Changes in other operating assets and liabilities",
                "concept": "IncreaseDecreaseInOtherOperatingCapitalNet",
                "unit": "usd",
                "value": -5265000
            },
            {
                "label": "Cash provided by operating activities",
                "concept": "NetCashProvidedByUsedInOperatingActivities",
                "unit": "usd",
                "value": 4044000
            },
            {
                "label": "Capitalized software development costs",
                "concept": "PaymentsToDevelopSoftware",
                "unit": "usd",
                "value": 598000
            },
            {
                "label": "Purchases of property and equipment",
                "concept": "PaymentsToAcquirePropertyPlantAndEquipment",
                "unit": "usd",
                "value": 2314000
            },
            {
                "label": "Cash used in investing activities",
                "concept": "NetCashProvidedByUsedInInvestingActivities",
                "unit": "usd",
                "value": -2912000
            },
            {
                "label": "Payments under finance lease obligations",
                "concept": "RepaymentsOfLongTermCapitalLeaseObligations",
                "unit": "usd",
                "value": 267000
            },
            {
                "label": "Distributions to Telos ID Class B member - non-controlling interest",
                "concept": "PaymentsToMinorityShareholders",
                "unit": "usd",
                "value": 716000
            },
            {
                "label": "Cash used in financing activities",
                "concept": "NetCashProvidedByUsedInFinancingActivities",
                "unit": "usd",
                "value": -983000
            },
            {
                "label": "Increase (decrease) in cash and cash equivalents",
                "concept": "CashCashEquivalentsRestrictedCashAndRestrictedCashEquivalentsPeriodIncreaseDecreaseExcludingExchangeRateEffect",
                "unit": "usd",
                "value": 149000
            },
            {
                "label": "Interest",
                "concept": "InterestPaidNet",
                "unit": "usd",
                "value": 593000
            }
        ],
        "ic": [
            {
                "label": "Net loss",
                "concept": "ProfitLoss",
                "unit": "usd",
                "value": -2940000
            },
            {
                "label": "Foreign currency translation adjustments",
                "concept": "OtherComprehensiveIncomeLossForeignCurrencyTransactionAndTranslationAdjustmentNetOfTax",
                "unit": "usd",
                "value": 2000
            },
            {
                "label": "Less: Comprehensive income attributable to non-controlling interest",
                "concept": "ComprehensiveIncomeNetOfTaxAttributableToNoncontrollingInterest",
                "unit": "usd",
                "value": 473000
            },
            {
                "label": "Comprehensive loss attributable to Telos Corporation",
                "concept": "ComprehensiveIncomeNetOfTax",
                "unit": "usd",
                "value": -3411000
            }
        ]
    }
}