{
    "startDate": "2019-02-01",
    "endDate": "2019-04-30",
    "year": "2019",
    "quarter": "Q3",
    "symbol": "CMTL",
    "data": {
        "bs": [
            {
                "label": "Cash and cash equivalents",
                "concept": "CashAndCashEquivalentsAtCarryingValue",
                "unit": "usd",
                "value": 45152000
            },
            {
                "label": "Accounts receivable, net",
                "concept": "AccountsReceivableNetCurrent",
                "unit": "usd",
                "value": 142770000
            },
            {
                "label": "Inventories, net",
                "concept": "InventoryNet",
                "unit": "usd",
                "value": 83034000
            },
            {
                "label": "Prepaid expenses and other current assets",
                "concept": "PrepaidExpenseAndOtherAssetsCurrent",
                "unit": "usd",
                "value": 18263000
            },
            {
                "label": "Total current assets",
                "concept": "AssetsCurrent",
                "unit": "usd",
                "value": 289219000
            },
            {
                "label": "Property, plant and equipment, net",
                "concept": "PropertyPlantAndEquipmentNet",
                "unit": "usd",
                "value": 29388000
            },
            {
                "label": "Intangibles with finite lives, net",
                "concept": "FiniteLivedIntangibleAssetsNet",
                "unit": "usd",
                "value": 267097000
            },
            {
                "label": "Deferred financing costs, net",
                "concept": "DeferredFinanceCostsNoncurrentNet",
                "unit": "usd",
                "value": 3311000
            },
            {
                "label": "Other assets, net",
                "concept": "OtherAssetsNoncurrent",
                "unit": "usd",
                "value": 4225000
            },
            {
                "label": "Total assets",
                "concept": "Assets",
                "unit": "usd",
                "value": 903487000
            },
            {
                "label": "Accounts payable",
                "concept": "AccountsPayableCurrent",
                "unit": "usd",
                "value": 37225000
            },
            {
                "label": "Accrued expenses and other current liabilities",
                "concept": "AccruedLiabilitiesCurrent",
                "unit": "usd",
                "value": 79744000
            },
            {
                "label": "Dividends payable",
                "concept": "DividendsPayableCurrent",
                "unit": "usd",
                "value": 2405000
            },
            {
                "label": "Contract liabilities",
                "concept": "CustomerAdvancesAndDepositsCurrent",
                "unit": "usd",
                "value": 40759000
            },
            {
                "label": "Interest payable",
                "concept": "InterestPayableCurrent",
                "unit": "usd",
                "value": 515000
            },
            {
                "label": "Total current liabilities",
                "concept": "LiabilitiesCurrent",
                "unit": "usd",
                "value": 161678000
            },
            {
                "label": "Income taxes payable",
                "concept": "AccruedIncomeTaxesNoncurrent",
                "unit": "usd",
                "value": 54000
            },
            {
                "label": "Deferred tax liability, net",
                "concept": "DeferredIncomeTaxLiabilitiesNet",
                "unit": "usd",
                "value": 12117000
            },
            {
                "label": "Long-term contract liabilities",
                "concept": "CustomerAdvancesOrDepositsNoncurrent",
                "unit": "usd",
                "value": 10037000
            },
            {
                "label": "Other liabilities",
                "concept": "OtherLiabilitiesNoncurrent",
                "unit": "usd",
                "value": 20717000
            },
            {
                "label": "Total liabilities",
                "concept": "Liabilities",
                "unit": "usd",
                "value": 378538000
            },
            {
                "label": "Commitments and contingencies (See Note 19)",
                "concept": "CommitmentsAndContingencies",
                "unit": "usd",
                "value": "N/A"
            },
            {
                "label": "Preferred stock, par value $0.10 per share; shares authorized and unissued 2,000,000",
                "concept": "PreferredStockValue",
                "unit": "usd",
                "value": 0
            },
            {
                "label": "Common stock, par value $0.10 per share; authorized 100,000,000 shares; issued 39,171,199 shares and 38,860,571 shares at April 30, 2019 and July 31, 2018, respectively",
                "concept": "CommonStockValue",
                "unit": "usd",
                "value": 3917000
            },
            {
                "label": "Additional paid-in capital",
                "concept": "AdditionalPaidInCapital",
                "unit": "usd",
                "value": 546198000
            },
            {
                "label": "Retained earnings",
                "concept": "RetainedEarningsAccumulatedDeficit",
                "unit": "usd",
                "value": 416683000
            },
            {
                "label": "Stockholders' equity before treasury stock",
                "concept": "StockholdersEquityBeforeTreasuryStock",
                "unit": "usd",
                "value": 966798000
            },
            {
                "label": "Treasury stock, at cost (15,033,317 shares at April 30, 2019 and July 31, 2018)",
                "concept": "TreasuryStockValue",
                "unit": "usd",
                "value": 441849000
            },
            {
                "label": "Total stockholders\u2019 equity",
                "concept": "StockholdersEquity",
                "unit": "usd",
                "value": 524949000
            },
            {
                "label": "Total liabilities and stockholders\u2019 equity",
                "concept": "LiabilitiesAndStockholdersEquity",
                "unit": "usd",
                "value": 903487000
            }
        ],
        "cf": [],
        "ic": [
            {
                "label": "Cost of sales",
                "concept": "CostOfRevenue",
                "unit": "usd",
                "value": 106032000
            },
            {
                "label": "Gross profit",
                "concept": "GrossProfit",
                "unit": "usd",
                "value": 64416000
            },
            {
                "label": "Selling, general and administrative",
                "concept": "SellingGeneralAndAdministrativeExpense",
                "unit": "usd",
                "value": 33409000
            },
            {
                "label": "Research and development",
                "concept": "ResearchAndDevelopmentExpense",
                "unit": "usd",
                "value": 13471000
            },
            {
                "label": "Total operating expenses",
                "concept": "OperatingExpenses",
                "unit": "usd",
                "value": 53120000
            },
            {
                "label": "Operating income",
                "concept": "OperatingIncomeLoss",
                "unit": "usd",
                "value": 11296000
            },
            {
                "label": "Interest expense",
                "concept": "InterestExpense",
                "unit": "usd",
                "value": 2159000
            },
            {
                "label": "Interest (income) and other",
                "concept": "cmtl:InvestmentInterestIncomeInterestandOtherExpense",
                "unit": "usd",
                "value": -22000
            },
            {
                "label": "Income before provision for (benefit from) income taxes",
                "concept": "IncomeLossFromContinuingOperationsBeforeIncomeTaxesExtraordinaryItemsNoncontrollingInterest",
                "unit": "usd",
                "value": 9159000
            },
            {
                "label": "Net income",
                "concept": "NetIncomeLoss",
                "unit": "usd",
                "value": 7612000
            },
            {
                "label": "Basic (in dollars per share)",
                "concept": "EarningsPerShareBasic",
                "unit": "usd/shares",
                "value": 0.31
            },
            {
                "label": "Diluted (in dollars per share)",
                "concept": "EarningsPerShareDiluted",
                "unit": "usd/shares",
                "value": 0.31
            },
            {
                "label": "Weighted average number of common shares outstanding \u2013 basic (in shares)",
                "concept": "WeightedAverageNumberOfSharesOutstandingBasic",
                "unit": "shares",
                "value": 24192000
            },
            {
                "label": "Weighted average number of common and common equivalent shares outstanding \u2013 diluted (in shares)",
                "concept": "WeightedAverageNumberOfDilutedSharesOutstanding",
                "unit": "shares",
                "value": 24330000
            }
        ]
    }
}