{
    "startDate": "2019-01-01",
    "endDate": "2019-03-31",
    "year": "2019",
    "quarter": "Q1",
    "symbol": "ARNC",
    "data": {
        "bs": [
            {
                "label": "Current portion of lease liabilities classified in Other current liabilities",
                "concept": "OperatingLeaseLiabilityCurrent",
                "unit": "usd",
                "value": 94000000
            },
            {
                "label": "Long-term portion of lease liabilities classified in Other noncurrent liabilities and deferred credits",
                "concept": "OperatingLeaseLiabilityNoncurrent",
                "unit": "usd",
                "value": 215000000
            },
            {
                "label": "Total lease liabilities",
                "concept": "OperatingLeaseLiability",
                "unit": "usd",
                "value": 309000000
            }
        ],
        "cf": [
            {
                "label": "Depreciation and amortization",
                "concept": "DepreciationDepletionAndAmortization",
                "unit": "usd",
                "value": 137000000
            },
            {
                "label": "Deferred income taxes",
                "concept": "DeferredIncomeTaxesAndTaxCredits",
                "unit": "usd",
                "value": 8000000
            },
            {
                "label": "Restructuring and other charges",
                "concept": "arnc:RestructuringAndOtherCharges",
                "unit": "usd",
                "value": 12000000
            },
            {
                "label": "Net loss from investing activities - asset sales",
                "concept": "LossOnSaleOfInvestments",
                "unit": "usd",
                "value": 2000000
            },
            {
                "label": "Net periodic pension benefit cost (F)",
                "concept": "arnc:DefinedBenefitPensionPlansNetPeriodicBenefitCost",
                "unit": "usd",
                "value": 29000000
            },
            {
                "label": "Stock-based compensation",
                "concept": "arnc:IncreaseDecreaseInSharebasedCompensation",
                "unit": "usd",
                "value": 10000000
            },
            {
                "label": "Other",
                "concept": "OtherNoncashIncomeExpense",
                "unit": "usd",
                "value": -11000000
            },
            {
                "label": "(Increase) in receivables",
                "concept": "IncreaseDecreaseInReceivables",
                "unit": "usd",
                "value": 489000000
            },
            {
                "label": "(Increase) in inventories",
                "concept": "IncreaseDecreaseInInventories",
                "unit": "usd",
                "value": 118000000
            },
            {
                "label": "(Increase) in prepaid expenses and other current assets",
                "concept": "IncreaseDecreaseInPrepaidDeferredExpenseAndOtherAssets",
                "unit": "usd",
                "value": 14000000
            },
            {
                "label": "Increase in accounts payable, trade",
                "concept": "IncreaseDecreaseInAccountsPayableTrade",
                "unit": "usd",
                "value": 65000000
            },
            {
                "label": "(Decrease) in accrued expenses",
                "concept": "IncreaseDecreaseInAccruedLiabilities",
                "unit": "usd",
                "value": -69000000
            },
            {
                "label": "Increase in taxes, including income taxes",
                "concept": "IncreaseDecreaseInAccruedTaxesPayable",
                "unit": "usd",
                "value": 47000000
            },
            {
                "label": "Pension contributions",
                "concept": "PensionContributions",
                "unit": "usd",
                "value": 55000000
            },
            {
                "label": "(Increase) decrease in noncurrent assets",
                "concept": "IncreaseDecreaseInOtherNoncurrentAssets",
                "unit": "usd",
                "value": 1000000
            },
            {
                "label": "(Decrease) in noncurrent liabilities",
                "concept": "IncreaseDecreaseInOtherNoncurrentLiabilities",
                "unit": "usd",
                "value": -20000000
            },
            {
                "label": "Cash used for operations",
                "concept": "NetCashProvidedByUsedInOperatingActivities",
                "unit": "usd",
                "value": -258000000
            },
            {
                "label": "Net change in short-term borrowings (original maturities of three months or less)",
                "concept": "ProceedsFromRepaymentsOfShortTermDebtMaturingInThreeMonthsOrLess",
                "unit": "usd",
                "value": 1000000
            },
            {
                "label": "Additions to debt (original maturities greater than three months)",
                "concept": "ProceedsFromLinesOfCredit",
                "unit": "usd",
                "value": 150000000
            },
            {
                "label": "Payments on debt (original maturities greater than three months)",
                "concept": "RepaymentsOfLongTermDebt",
                "unit": "usd",
                "value": 151000000
            },
            {
                "label": "Premiums paid on early redemption of debt",
                "concept": "PaymentsOfDebtExtinguishmentCosts",
                "unit": "usd",
                "value": 0
            },
            {
                "label": "Proceeds from exercise of employee stock options",
                "concept": "ProceedsFromStockOptionsExercised",
                "unit": "usd",
                "value": 1000000
            },
            {
                "label": "Dividends paid to shareholders",
                "concept": "PaymentsOfOrdinaryDividends",
                "unit": "usd",
                "value": 29000000
            },
            {
                "label": "Repurchase of common stock (H)",
                "concept": "PaymentsForRepurchaseOfCommonStock",
                "unit": "usd",
                "value": 700000000
            },
            {
                "label": "Other",
                "concept": "ProceedsFromPaymentsForOtherFinancingActivities",
                "unit": "usd",
                "value": -13000000
            },
            {
                "label": "Cash used for financing activities",
                "concept": "NetCashProvidedByUsedInFinancingActivities",
                "unit": "usd",
                "value": -741000000
            },
            {
                "label": "Capital expenditures",
                "concept": "PaymentsToAcquirePropertyPlantAndEquipment",
                "unit": "usd",
                "value": 168000000
            },
            {
                "label": "Proceeds from the sale of assets and businesses",
                "concept": "PaymentsForProceedsFromProductiveAssets",
                "unit": "usd",
                "value": -4000000
            },
            {
                "label": "Sales of investments",
                "concept": "ProceedsFromSaleMaturityAndCollectionsOfInvestments",
                "unit": "usd",
                "value": 47000000
            },
            {
                "label": "Cash receipts from sold receivables (K)",
                "concept": "ProceedsFromSaleOfFinanceReceivables",
                "unit": "usd",
                "value": 160000000
            },
            {
                "label": "Other",
                "concept": "PaymentsForProceedsFromOtherInvestingActivities",
                "unit": "usd",
                "value": 1000000
            },
            {
                "label": "Cash provided from investing activities",
                "concept": "NetCashProvidedByUsedInInvestingActivities",
                "unit": "usd",
                "value": 42000000
            },
            {
                "label": "Effect of exchange rate changes on cash, cash equivalents and restricted cash",
                "concept": "EffectOfExchangeRateOnCashCashEquivalentsRestrictedCashAndRestrictedCashEquivalents",
                "unit": "usd",
                "value": 1000000
            },
            {
                "label": "Net change in cash, cash equivalents and restricted cash",
                "concept": "CashCashEquivalentsRestrictedCashAndRestrictedCashEquivalentsPeriodIncreaseDecreaseExcludingExchangeRateEffect",
                "unit": "usd",
                "value": -956000000
            }
        ],
        "ic": [
            {
                "label": "Sales (C)",
                "concept": "Revenues",
                "unit": "usd",
                "value": 3541000000
            },
            {
                "label": "Cost of goods sold (exclusive of expenses below)",
                "concept": "CostOfGoodsSoldExcludingDepreciationDepletionAndAmortization",
                "unit": "usd",
                "value": 2818000000
            },
            {
                "label": "Selling, general administrative, and other expenses",
                "concept": "SellingGeneralAndAdministrativeExpense",
                "unit": "usd",
                "value": 178000000
            },
            {
                "label": "Research and development expenses",
                "concept": "ResearchAndDevelopmentExpense",
                "unit": "usd",
                "value": 22000000
            },
            {
                "label": "Provision for depreciation and amortization",
                "concept": "DepreciationAndAmortization",
                "unit": "usd",
                "value": 137000000
            },
            {
                "label": "Operating income",
                "concept": "OperatingIncomeLoss",
                "unit": "usd",
                "value": 374000000
            },
            {
                "label": "Interest expense",
                "concept": "InterestExpense",
                "unit": "usd",
                "value": 85000000
            },
            {
                "label": "Other expense, net (E)",
                "concept": "NonoperatingIncomeExpense",
                "unit": "usd",
                "value": -32000000
            },
            {
                "label": "Income before income taxes",
                "concept": "IncomeLossFromContinuingOperationsBeforeIncomeTaxesMinorityInterestAndIncomeLossFromEquityMethodInvestments",
                "unit": "usd",
                "value": 257000000
            },
            {
                "label": "Provision for income taxes (G)",
                "concept": "IncomeTaxExpenseBenefit",
                "unit": "usd",
                "value": 70000000
            },
            {
                "label": "Net income",
                "concept": "NetIncomeLoss",
                "unit": "usd",
                "value": 187000000
            },
            {
                "label": "Net income",
                "concept": "NetIncomeLossAvailableToCommonStockholdersBasic",
                "unit": "usd",
                "value": 186000000
            },
            {
                "label": "Earnings per share - basic (in usd per share)",
                "concept": "EarningsPerShareBasic",
                "unit": "usd/shares",
                "value": 0.4
            },
            {
                "label": "Earnings per share - diluted (in usd per share)",
                "concept": "EarningsPerShareDiluted",
                "unit": "usd/shares",
                "value": 0.39
            },
            {
                "label": "Average shares outstanding - basic (in shares)",
                "concept": "WeightedAverageNumberOfSharesOutstandingBasic",
                "unit": "shares",
                "value": 471000000
            },
            {
                "label": "Average shares outstanding - diluted (in shares)",
                "concept": "WeightedAverageNumberOfDilutedSharesOutstanding",
                "unit": "shares",
                "value": 489000000
            }
        ]
    }
}