{
    "startDate": "2019-01-01",
    "endDate": "2019-03-31",
    "year": "2019",
    "quarter": "Q1",
    "symbol": "RNST",
    "data": {
        "bs": [
            {
                "label": "Cash and due from banks",
                "concept": "CashAndDueFromBanks",
                "unit": "usd",
                "value": 208740000
            },
            {
                "label": "Interest-bearing balances with banks",
                "concept": "InterestBearingDepositsInBanks",
                "unit": "usd",
                "value": 353326000
            },
            {
                "label": "Cash and cash equivalents",
                "concept": "CashAndCashEquivalentsAtCarryingValue",
                "unit": "usd",
                "value": 562066000
            },
            {
                "label": "Loans held for sale ($195,807 and $219,848 carried at fair value at March 31, 2019 and December 31, 2018, respectively)",
                "concept": "LoansReceivableHeldForSaleNetNotPartOfDisposalGroupMortgage",
                "unit": "usd",
                "value": 318563000
            },
            {
                "label": "Allowance for loan losses",
                "concept": "LoansAndLeasesReceivableAllowance",
                "unit": "usd",
                "value": 49835000
            },
            {
                "label": "Premises and equipment, net",
                "concept": "PropertyPlantAndEquipmentNet",
                "unit": "usd",
                "value": 267447000
            },
            {
                "label": "Total other real estate owned, net",
                "concept": "OtherRealEstateAndForeclosedAssets",
                "unit": "usd",
                "value": 10155000
            },
            {
                "label": "Goodwill",
                "concept": "Goodwill",
                "unit": "usd",
                "value": 932971000
            },
            {
                "label": "Other intangible assets, net",
                "concept": "IntangibleAssetsNetExcludingGoodwill",
                "unit": "usd",
                "value": 42755000
            },
            {
                "label": "Bank-owned life insurance",
                "concept": "BankOwnedLifeInsurance",
                "unit": "usd",
                "value": 221973000
            },
            {
                "label": "Mortgage servicing rights",
                "concept": "ServicingAsset",
                "unit": "usd",
                "value": 48973000
            },
            {
                "label": "Other assets",
                "concept": "OtherAssets",
                "unit": "usd",
                "value": 163681000
            },
            {
                "label": "Total assets",
                "concept": "Assets",
                "unit": "usd",
                "value": 12862395000
            },
            {
                "label": "Noninterest-bearing",
                "concept": "NoninterestBearingDepositLiabilities",
                "unit": "usd",
                "value": 2366223000
            },
            {
                "label": "Interest-bearing",
                "concept": "InterestBearingDepositLiabilities",
                "unit": "usd",
                "value": 7902689000
            },
            {
                "label": "Total deposits",
                "concept": "Deposits",
                "unit": "usd",
                "value": 10268912000
            },
            {
                "label": "Short-term borrowings",
                "concept": "ShortTermBorrowings",
                "unit": "usd",
                "value": 87590000
            },
            {
                "label": "Long-term debt",
                "concept": "LongTermDebt",
                "unit": "usd",
                "value": 263269000
            },
            {
                "label": "Other liabilities",
                "concept": "OtherLiabilities",
                "unit": "usd",
                "value": 153747000
            },
            {
                "label": "Total liabilities",
                "concept": "Liabilities",
                "unit": "usd",
                "value": 10773518000
            },
            {
                "label": "Preferred stock, $.01 par value \u2013 5,000,000 shares authorized; no shares issued and outstanding",
                "concept": "PreferredStockValue",
                "unit": "usd",
                "value": 0
            },
            {
                "label": "Common stock, $5.00 par value \u2013 150,000,000 shares authorized; 59,296,725 shares issued; 58,633,630 and 58,546,480 shares outstanding, respectively",
                "concept": "CommonStockValue",
                "unit": "usd",
                "value": 296483000
            },
            {
                "label": "Treasury stock, at cost, 663,095 and 750,245 shares, respectively",
                "concept": "TreasuryStockValue",
                "unit": "usd",
                "value": 21590000
            },
            {
                "label": "Additional paid-in capital",
                "concept": "AdditionalPaidInCapital",
                "unit": "usd",
                "value": 1288106000
            },
            {
                "label": "Retained earnings",
                "concept": "RetainedEarningsAccumulatedDeficit",
                "unit": "usd",
                "value": 533328000
            },
            {
                "label": "Accumulated other comprehensive loss, net of taxes",
                "concept": "AccumulatedOtherComprehensiveIncomeLossNetOfTax",
                "unit": "usd",
                "value": -7450000
            },
            {
                "label": "Total shareholders\u2019 equity",
                "concept": "StockholdersEquity",
                "unit": "usd",
                "value": 2088877000
            },
            {
                "label": "Total liabilities and shareholders\u2019 equity",
                "concept": "LiabilitiesAndStockholdersEquity",
                "unit": "usd",
                "value": 12862395000
            }
        ],
        "cf": [
            {
                "label": "Net income",
                "concept": "NetIncomeLoss",
                "unit": "usd",
                "value": 45110000
            },
            {
                "label": "Provision for loan losses",
                "concept": "ProvisionForLoanAndLeaseLosses",
                "unit": "usd",
                "value": 1500000
            },
            {
                "label": "Depreciation, amortization and accretion",
                "concept": "DepreciationDepletionAndAmortization",
                "unit": "usd",
                "value": 409000
            },
            {
                "label": "Deferred income tax expense",
                "concept": "DeferredIncomeTaxExpenseBenefit",
                "unit": "usd",
                "value": 5949000
            },
            {
                "label": "Funding of mortgage loans held for sale",
                "concept": "PaymentsForOriginationOfMortgageLoansHeldForSale",
                "unit": "usd",
                "value": 384103000
            },
            {
                "label": "Proceeds from sales of mortgage loans held for sale",
                "concept": "ProceedsFromSaleOfMortgageLoansHeldForSale",
                "unit": "usd",
                "value": 416032000
            },
            {
                "label": "Gains on sales of mortgage loans held for sale",
                "concept": "GainLossOnSaleOfMortgageLoans",
                "unit": "usd",
                "value": 7888000
            },
            {
                "label": "Gains on sales of securities",
                "concept": "DebtAndEquitySecuritiesGainLoss",
                "unit": "usd",
                "value": 13000
            },
            {
                "label": "(Gains) losses on sales of premises and equipment",
                "concept": "GainLossOnSaleOfPropertyPlantEquipment",
                "unit": "usd",
                "value": 89000
            },
            {
                "label": "Stock-based compensation expense",
                "concept": "ShareBasedCompensation",
                "unit": "usd",
                "value": 2637000
            },
            {
                "label": "Payments on and proceeds from sales of other loans held for sale",
                "concept": "ProceedsFromSaleOfOtherLoansHeldForSale",
                "unit": "usd",
                "value": 70375000
            },
            {
                "label": "Decrease in other assets",
                "concept": "IncreaseDecreaseInOtherOperatingAssets",
                "unit": "usd",
                "value": -5982000
            },
            {
                "label": "Increase in other liabilities",
                "concept": "IncreaseDecreaseInOtherOperatingLiabilities",
                "unit": "usd",
                "value": -15794000
            },
            {
                "label": "Net cash provided by (used in) operating activities",
                "concept": "NetCashProvidedByUsedInOperatingActivities",
                "unit": "usd",
                "value": 140107000
            },
            {
                "label": "Purchases of securities available for sale",
                "concept": "PaymentsToAcquireAvailableForSaleSecuritiesDebt",
                "unit": "usd",
                "value": 49577000
            },
            {
                "label": "Proceeds from sales of securities available for sale",
                "concept": "ProceedsFromSaleOfAvailableForSaleSecuritiesDebt",
                "unit": "usd",
                "value": 10611000
            },
            {
                "label": "Proceeds from call/maturities of securities available for sale",
                "concept": "ProceedsFromMaturitiesPrepaymentsAndCallsOfAvailableForSaleSecurities",
                "unit": "usd",
                "value": 48509000
            },
            {
                "label": "Net increase in loans",
                "concept": "PaymentsForProceedsFromLoansAndLeases",
                "unit": "usd",
                "value": 808000
            },
            {
                "label": "Purchases of premises and equipment",
                "concept": "PaymentsToAcquirePropertyPlantAndEquipment",
                "unit": "usd",
                "value": 7242000
            },
            {
                "label": "Proceeds from sales of premises and equipment",
                "concept": "ProceedsFromSaleOfPropertyPlantAndEquipment",
                "unit": "usd",
                "value": 135000
            },
            {
                "label": "Proceeds from sales of FHLB stock",
                "concept": "ProceedsFromSaleOfFederalHomeLoanBankStock",
                "unit": "usd",
                "value": 10441000
            },
            {
                "label": "Proceeds from sales of other assets",
                "concept": "ProceedsFromSaleOfOtherAssetsInvestingActivities",
                "unit": "usd",
                "value": 12965000
            },
            {
                "label": "Other, net",
                "concept": "PaymentsForProceedsFromOtherInvestingActivities",
                "unit": "usd",
                "value": 104000
            },
            {
                "label": "Net cash provided by (used in) investing activities",
                "concept": "NetCashProvidedByUsedInInvestingActivities",
                "unit": "usd",
                "value": 24930000
            },
            {
                "label": "Net increase in noninterest-bearing deposits",
                "concept": "NetChangeNoninterestBearingDepositsDomestic",
                "unit": "usd",
                "value": 47517000
            },
            {
                "label": "Net increase in interest-bearing deposits",
                "concept": "NetChangeInterestBearingDepositsDomestic",
                "unit": "usd",
                "value": 93175000
            },
            {
                "label": "Net decrease in short-term borrowings",
                "concept": "ProceedsFromRepaymentsOfShortTermDebt",
                "unit": "usd",
                "value": -300116000
            },
            {
                "label": "Repayment of long-term debt",
                "concept": "RepaymentsOfLongTermDebt",
                "unit": "usd",
                "value": 216000
            },
            {
                "label": "Cash paid for dividends",
                "concept": "PaymentsOfDividends",
                "unit": "usd",
                "value": 12442000
            },
            {
                "label": "Net stock-based compensation transactions",
                "concept": "rnst:PaymentsRelatedtoTaxWithholdingforSharebasedCompensationNetofProceedsfromExerciseofStockOptions",
                "unit": "usd",
                "value": 0
            },
            {
                "label": "Net cash (used in) provided by financing activities",
                "concept": "NetCashProvidedByUsedInFinancingActivities",
                "unit": "usd",
                "value": -172082000
            },
            {
                "label": "Net decrease in cash and cash equivalents",
                "concept": "CashAndCashEquivalentsPeriodIncreaseDecrease",
                "unit": "usd",
                "value": -7045000
            },
            {
                "label": "Cash paid for interest",
                "concept": "InterestPaid",
                "unit": "usd",
                "value": 23887000
            },
            {
                "label": "Cash paid for income taxes",
                "concept": "IncomeTaxesPaid",
                "unit": "usd",
                "value": 5325000
            },
            {
                "label": "Transfers of loans to other real estate owned",
                "concept": "TransferToOtherRealEstate",
                "unit": "usd",
                "value": 885000
            },
            {
                "label": "Financed sales of other real estate owned",
                "concept": "rnst:RealEstateOwnedFinancedSalesofOtherRealEstate",
                "unit": "usd",
                "value": 120000
            },
            {
                "label": "Transfers of loans held for sale to loans held for investment",
                "concept": "TransferOfLoansHeldForSaleToPortfolioLoans1",
                "unit": "usd",
                "value": 0
            },
            {
                "label": "Recognition of operating right-of-use assets",
                "concept": "rnst:RecognitionofOperatingRightofUseAsset",
                "unit": "usd",
                "value": 54338000
            },
            {
                "label": "Recognition of operating lease liabilities",
                "concept": "rnst:RecognitionofOperatingRightofUseLiabilities",
                "unit": "usd",
                "value": 57857000
            }
        ],
        "ic": [
            {
                "label": "Loans",
                "concept": "InterestAndFeeIncomeLoansAndLeases",
                "unit": "usd",
                "value": 126302000
            },
            {
                "label": "Taxable",
                "concept": "InterestIncomeSecuritiesTaxable",
                "unit": "usd",
                "value": 7925000
            },
            {
                "label": "Tax-exempt",
                "concept": "InterestIncomeSecuritiesTaxExempt",
                "unit": "usd",
                "value": 1409000
            },
            {
                "label": "Other",
                "concept": "OtherInterestAndDividendIncome",
                "unit": "usd",
                "value": 1458000
            },
            {
                "label": "Total interest income",
                "concept": "InterestAndDividendIncomeOperating",
                "unit": "usd",
                "value": 137094000
            },
            {
                "label": "Deposits",
                "concept": "InterestExpenseDeposits",
                "unit": "usd",
                "value": 19772000
            },
            {
                "label": "Borrowings",
                "concept": "InterestExpenseBorrowings",
                "unit": "usd",
                "value": 4175000
            },
            {
                "label": "Total interest expense",
                "concept": "InterestExpense",
                "unit": "usd",
                "value": 23947000
            },
            {
                "label": "Net interest income",
                "concept": "InterestIncomeExpenseNet",
                "unit": "usd",
                "value": 113147000
            },
            {
                "label": "Net interest income after provision for loan losses",
                "concept": "InterestIncomeExpenseAfterProvisionForLoanLoss",
                "unit": "usd",
                "value": 111647000
            },
            {
                "label": "Service charges on deposit accounts",
                "concept": "rnst:FeesandCommissionsDepositorAccounts1",
                "unit": "usd",
                "value": 9102000
            },
            {
                "label": "Fees and commissions",
                "concept": "rnst:FeesandCommissions1",
                "unit": "usd",
                "value": 6471000
            },
            {
                "label": "Insurance commissions",
                "concept": "InsuranceCommissionsAndFees",
                "unit": "usd",
                "value": 2116000
            },
            {
                "label": "Wealth management revenue",
                "concept": "rnst:FeesandCommissionsFiduciaryandTrustActivities1",
                "unit": "usd",
                "value": 3324000
            },
            {
                "label": "Mortgage banking income",
                "concept": "rnst:FeesandCommissionsMortgageBanking1",
                "unit": "usd",
                "value": 10401000
            },
            {
                "label": "Net gain on sales of securities",
                "concept": "DebtAndEquitySecuritiesGainLoss",
                "unit": "usd",
                "value": 13000
            },
            {
                "label": "BOLI income",
                "concept": "BankOwnedLifeInsuranceIncome",
                "unit": "usd",
                "value": 1407000
            },
            {
                "label": "Other",
                "concept": "NoninterestIncomeOtherOperatingIncome",
                "unit": "usd",
                "value": 3051000
            },
            {
                "label": "Total noninterest income",
                "concept": "NoninterestIncome",
                "unit": "usd",
                "value": 35885000
            },
            {
                "label": "Salaries and employee benefits",
                "concept": "LaborAndRelatedExpense",
                "unit": "usd",
                "value": 57350000
            },
            {
                "label": "Data processing",
                "concept": "InformationTechnologyAndDataProcessing",
                "unit": "usd",
                "value": 4906000
            },
            {
                "label": "Net occupancy and equipment",
                "concept": "OccupancyNet",
                "unit": "usd",
                "value": 11835000
            },
            {
                "label": "Other real estate owned",
                "concept": "ForeclosedRealEstateExpense",
                "unit": "usd",
                "value": 1004000
            },
            {
                "label": "Professional fees",
                "concept": "ProfessionalFees",
                "unit": "usd",
                "value": 2454000
            },
            {
                "label": "Advertising and public relations",
                "concept": "AdvertisingExpense",
                "unit": "usd",
                "value": 2866000
            },
            {
                "label": "Intangible amortization",
                "concept": "AmortizationOfIntangibleAssets",
                "unit": "usd",
                "value": 2110000
            },
            {
                "label": "Communications",
                "concept": "Communication",
                "unit": "usd",
                "value": 1895000
            },
            {
                "label": "Merger and conversion related expenses",
                "concept": "BusinessCombinationAcquisitionRelatedCosts",
                "unit": "usd",
                "value": 0
            },
            {
                "label": "Other",
                "concept": "OtherNoninterestExpense",
                "unit": "usd",
                "value": 4412000
            },
            {
                "label": "Total noninterest expense",
                "concept": "NoninterestExpense",
                "unit": "usd",
                "value": 88832000
            },
            {
                "label": "Income before income taxes",
                "concept": "IncomeLossFromContinuingOperationsBeforeIncomeTaxesMinorityInterestAndIncomeLossFromEquityMethodInvestments",
                "unit": "usd",
                "value": 58700000
            },
            {
                "label": "Income taxes",
                "concept": "IncomeTaxExpenseBenefit",
                "unit": "usd",
                "value": 13590000
            },
            {
                "label": "Net income (loss)",
                "concept": "NetIncomeLoss",
                "unit": "usd",
                "value": 45110000
            },
            {
                "label": "Basic earnings per share (usd per share)",
                "concept": "EarningsPerShareBasic",
                "unit": "usd/shares",
                "value": 0.77
            },
            {
                "label": "Diluted earnings per share (usd per share)",
                "concept": "EarningsPerShareDiluted",
                "unit": "usd/shares",
                "value": 0.77
            },
            {
                "label": "Cash dividends per common share (usd per share)",
                "concept": "CommonStockDividendsPerShareCashPaid",
                "unit": "usd/shares",
                "value": 0.21
            }
        ]
    }
}