{
    "startDate": "2019-01-01",
    "endDate": "2019-03-31",
    "year": "2019",
    "quarter": "Q1",
    "symbol": "SIGI",
    "data": {
        "bs": [
            {
                "label": "",
                "concept": "HeldToMaturitySecurities",
                "unit": "usd",
                "value": 36493000
            },
            {
                "label": "",
                "concept": "AvailableForSaleSecuritiesDebtSecurities",
                "unit": "usd",
                "value": 5567358000
            },
            {
                "label": "",
                "concept": "EquitySecuritiesFvNi",
                "unit": "usd",
                "value": 163016000
            },
            {
                "label": "",
                "concept": "OtherShortTermInvestments",
                "unit": "usd",
                "value": 290653000
            },
            {
                "label": "",
                "concept": "OtherInvestments",
                "unit": "usd",
                "value": 176225000
            },
            {
                "label": "",
                "concept": "Investments",
                "unit": "usd",
                "value": 6233745000
            },
            {
                "label": "",
                "concept": "Cash",
                "unit": "usd",
                "value": 516000
            },
            {
                "label": "",
                "concept": "RestrictedCashAndCashEquivalentsAtCarryingValue",
                "unit": "usd",
                "value": 9998000
            },
            {
                "label": "",
                "concept": "AccruedInvestmentIncomeReceivable",
                "unit": "usd",
                "value": 42147000
            },
            {
                "label": "",
                "concept": "PremiumsReceivableAtCarryingValue",
                "unit": "usd",
                "value": 814914000
            },
            {
                "label": "",
                "concept": "ReinsuranceRecoverables",
                "unit": "usd",
                "value": 553206000
            },
            {
                "label": "",
                "concept": "PrepaidReinsurancePremiums",
                "unit": "usd",
                "value": 155700000
            },
            {
                "label": "",
                "concept": "DeferredTaxAssetsNet",
                "unit": "usd",
                "value": 32130000
            },
            {
                "label": "",
                "concept": "PropertyPlantAndEquipmentNet",
                "unit": "usd",
                "value": 68660000
            },
            {
                "label": "",
                "concept": "DeferredPolicyAcquisitionCosts",
                "unit": "usd",
                "value": 260754000
            },
            {
                "label": "",
                "concept": "Goodwill",
                "unit": "usd",
                "value": 7849000
            },
            {
                "label": "",
                "concept": "OtherAssets",
                "unit": "usd",
                "value": 103142000
            },
            {
                "label": "",
                "concept": "Assets",
                "unit": "usd",
                "value": 8282761000
            },
            {
                "label": "",
                "concept": "LiabilityForClaimsAndClaimsAdjustmentExpensePropertyCasualtyLiability",
                "unit": "usd",
                "value": 3966509000
            },
            {
                "label": "",
                "concept": "UnearnedPremiums",
                "unit": "usd",
                "value": 1470283000
            },
            {
                "label": "",
                "concept": "LongTermDebt",
                "unit": "usd",
                "value": 550104000
            },
            {
                "label": "",
                "concept": "AccruedIncomeTaxes",
                "unit": "usd",
                "value": 13551000
            },
            {
                "label": "",
                "concept": "AccruedSalariesCurrentAndNoncurrent",
                "unit": "usd",
                "value": 78177000
            },
            {
                "label": "",
                "concept": "OtherLiabilities",
                "unit": "usd",
                "value": 278915000
            },
            {
                "label": "",
                "concept": "Liabilities",
                "unit": "usd",
                "value": 6357539000
            },
            {
                "label": "",
                "concept": "PreferredStockValue",
                "unit": "usd",
                "value": 0
            },
            {
                "label": "",
                "concept": "CommonStockValue",
                "unit": "usd",
                "value": 206451000
            },
            {
                "label": "",
                "concept": "AdditionalPaidInCapitalCommonStock",
                "unit": "usd",
                "value": 398881000
            },
            {
                "label": "",
                "concept": "RetainedEarningsAccumulatedDeficit",
                "unit": "usd",
                "value": 1908119000
            },
            {
                "label": "",
                "concept": "AccumulatedOtherComprehensiveIncomeLossNetOfTax",
                "unit": "usd",
                "value": 3024000
            },
            {
                "label": "",
                "concept": "TreasuryStockValue",
                "unit": "usd",
                "value": 591253000
            },
            {
                "label": "",
                "concept": "StockholdersEquity",
                "unit": "usd",
                "value": 1925222000
            },
            {
                "label": "",
                "concept": "CommitmentsAndContingencies",
                "unit": "usd",
                "value": "N/A"
            },
            {
                "label": "",
                "concept": "LiabilitiesAndStockholdersEquity",
                "unit": "usd",
                "value": 8282761000
            }
        ],
        "cf": [],
        "ic": [
            {
                "label": "",
                "concept": "PremiumsEarnedNetPropertyAndCasualty",
                "unit": "usd",
                "value": 632573000
            },
            {
                "label": "",
                "concept": "NetInvestmentIncome",
                "unit": "usd",
                "value": 50618000
            },
            {
                "label": "",
                "concept": "DebtAndEquitySecuritiesGainLoss",
                "unit": "usd",
                "value": 3444000
            },
            {
                "label": "",
                "concept": "ImpairmentOfInvestments",
                "unit": "usd",
                "value": 104000
            },
            {
                "label": "",
                "concept": "EquitySecuritiesFvNiUnrealizedGainLoss",
                "unit": "usd",
                "value": 10111000
            },
            {
                "label": "",
                "concept": "GainLossOnInvestments",
                "unit": "usd",
                "value": 13451000
            },
            {
                "label": "",
                "concept": "OtherIncome",
                "unit": "usd",
                "value": 2320000
            },
            {
                "label": "",
                "concept": "Revenues",
                "unit": "usd",
                "value": 698962000
            },
            {
                "label": "",
                "concept": "IncurredClaimsPropertyCasualtyAndLiability",
                "unit": "usd",
                "value": 386579000
            },
            {
                "label": "",
                "concept": "DeferredPolicyAcquisitionCostAmortizationExpense",
                "unit": "usd",
                "value": 129674000
            },
            {
                "label": "",
                "concept": "OtherUnderwritingExpense",
                "unit": "usd",
                "value": 85079000
            },
            {
                "label": "",
                "concept": "InterestExpenseDebt",
                "unit": "usd",
                "value": 11526000
            },
            {
                "label": "",
                "concept": "OperatingCostsAndExpenses",
                "unit": "usd",
                "value": 12410000
            },
            {
                "label": "",
                "concept": "BenefitsLossesAndExpenses",
                "unit": "usd",
                "value": 625268000
            },
            {
                "label": "",
                "concept": "IncomeLossFromContinuingOperationsBeforeIncomeTaxesExtraordinaryItemsNoncontrollingInterest",
                "unit": "usd",
                "value": 73694000
            },
            {
                "label": "",
                "concept": "CurrentFederalTaxExpenseBenefit",
                "unit": "usd",
                "value": 12581000
            },
            {
                "label": "",
                "concept": "DeferredFederalIncomeTaxExpenseBenefit",
                "unit": "usd",
                "value": -235000
            },
            {
                "label": "",
                "concept": "IncomeTaxExpenseBenefit",
                "unit": "usd",
                "value": 12346000
            },
            {
                "label": "",
                "concept": "NetIncomeLoss",
                "unit": "usd",
                "value": 61348000
            },
            {
                "label": "",
                "concept": "EarningsPerShareBasic",
                "unit": "usd/shares",
                "value": 1.04
            },
            {
                "label": "",
                "concept": "EarningsPerShareDiluted",
                "unit": "usd/shares",
                "value": 1.02
            }
        ]
    }
}