{
    "startDate": "2019-01-01",
    "endDate": "2019-03-31",
    "year": "2019",
    "quarter": "Q1",
    "symbol": "TRV",
    "data": {
        "bs": [],
        "cf": [
            {
                "label": "",
                "concept": "NetIncomeLoss",
                "unit": "usd",
                "value": 796000000
            },
            {
                "label": "",
                "concept": "AdjustmentsToReconcileNetIncomeLossToCashProvidedByUsedInOperatingActivities",
                "unit": "usd",
                "value": -157000000
            },
            {
                "label": "",
                "concept": "NetCashProvidedByUsedInOperatingActivities",
                "unit": "usd",
                "value": 639000000
            },
            {
                "label": "",
                "concept": "ProceedsFromMaturitiesPrepaymentsAndCallsOfAvailableForSaleSecurities",
                "unit": "usd",
                "value": 1556000000
            },
            {
                "label": "",
                "concept": "ProceedsFromSaleOfAvailableForSaleSecuritiesDebt",
                "unit": "usd",
                "value": 769000000
            },
            {
                "label": "",
                "concept": "trv:ProceedsFromSaleOfEquitySecurities",
                "unit": "usd",
                "value": 39000000
            },
            {
                "label": "",
                "concept": "ProceedsFromSaleAndMaturityOfOtherInvestments",
                "unit": "usd",
                "value": 105000000
            },
            {
                "label": "",
                "concept": "PaymentsToAcquireAvailableForSaleSecuritiesDebt",
                "unit": "usd",
                "value": 2914000000
            },
            {
                "label": "",
                "concept": "trv:PaymentsToAcquireEquitySecurities",
                "unit": "usd",
                "value": 22000000
            },
            {
                "label": "",
                "concept": "PaymentsToAcquireRealEstateHeldForInvestment",
                "unit": "usd",
                "value": 77000000
            },
            {
                "label": "",
                "concept": "PaymentsToAcquireOtherInvestments",
                "unit": "usd",
                "value": 146000000
            },
            {
                "label": "",
                "concept": "PaymentsForProceedsFromAvailableforsaleSecuritiesShortterm",
                "unit": "usd",
                "value": 109000000
            },
            {
                "label": "",
                "concept": "trv:SecuritiesTransactionsInCourseOfSettlement",
                "unit": "usd",
                "value": 295000000
            },
            {
                "label": "",
                "concept": "PaymentsForProceedsFromOtherInvestingActivities",
                "unit": "usd",
                "value": 82000000
            },
            {
                "label": "",
                "concept": "NetCashProvidedByUsedInInvestingActivities",
                "unit": "usd",
                "value": -586000000
            },
            {
                "label": "",
                "concept": "PaymentsForRepurchaseOfCommonStock",
                "unit": "usd",
                "value": 375000000
            },
            {
                "label": "",
                "concept": "PaymentsRelatedToTaxWithholdingForShareBasedCompensation",
                "unit": "usd",
                "value": 46000000
            },
            {
                "label": "",
                "concept": "PaymentsOfDividendsCommonStock",
                "unit": "usd",
                "value": 205000000
            },
            {
                "label": "",
                "concept": "ProceedsFromDebtNetOfIssuanceCosts",
                "unit": "usd",
                "value": 492000000
            },
            {
                "label": "",
                "concept": "ProceedsFromStockOptionsExercised",
                "unit": "usd",
                "value": 63000000
            },
            {
                "label": "",
                "concept": "NetCashProvidedByUsedInFinancingActivities",
                "unit": "usd",
                "value": -71000000
            },
            {
                "label": "",
                "concept": "EffectOfExchangeRateOnCash",
                "unit": "usd",
                "value": 2000000
            },
            {
                "label": "",
                "concept": "CashPeriodIncreaseDecrease",
                "unit": "usd",
                "value": -16000000
            },
            {
                "label": "",
                "concept": "IncomeTaxesPaidNet",
                "unit": "usd",
                "value": 5000000
            },
            {
                "label": "",
                "concept": "InterestPaidNet",
                "unit": "usd",
                "value": 50000000
            }
        ],
        "ic": [
            {
                "label": "",
                "concept": "PremiumsEarnedNet",
                "unit": "usd",
                "value": 6855000000
            },
            {
                "label": "",
                "concept": "NetInvestmentIncome",
                "unit": "usd",
                "value": 582000000
            },
            {
                "label": "",
                "concept": "InsuranceCommissionsAndFees",
                "unit": "usd",
                "value": 109000000
            },
            {
                "label": "",
                "concept": "RealizedInvestmentGainsLosses",
                "unit": "usd",
                "value": 53000000
            },
            {
                "label": "",
                "concept": "OtherIncome",
                "unit": "usd",
                "value": 72000000
            },
            {
                "label": "",
                "concept": "Revenues",
                "unit": "usd",
                "value": 7671000000
            },
            {
                "label": "",
                "concept": "PolicyholderBenefitsAndClaimsIncurredNet",
                "unit": "usd",
                "value": 4442000000
            },
            {
                "label": "",
                "concept": "DeferredPolicyAcquisitionCostAmortizationExpense",
                "unit": "usd",
                "value": 1117000000
            },
            {
                "label": "",
                "concept": "SellingGeneralAndAdministrativeExpense",
                "unit": "usd",
                "value": 1057000000
            },
            {
                "label": "",
                "concept": "InterestExpense",
                "unit": "usd",
                "value": 88000000
            },
            {
                "label": "",
                "concept": "BenefitsLossesAndExpenses",
                "unit": "usd",
                "value": 6704000000
            },
            {
                "label": "",
                "concept": "IncomeLossFromContinuingOperationsBeforeIncomeTaxesExtraordinaryItemsNoncontrollingInterest",
                "unit": "usd",
                "value": 967000000
            },
            {
                "label": "",
                "concept": "IncomeTaxExpenseBenefit",
                "unit": "usd",
                "value": 171000000
            },
            {
                "label": "",
                "concept": "NetIncomeLoss",
                "unit": "usd",
                "value": 796000000
            },
            {
                "label": "",
                "concept": "ImpairmentOfInvestments",
                "unit": "usd",
                "value": 1000000
            },
            {
                "label": "",
                "concept": "trv:OtherThanTemporaryImpairmentLossTotalInvestmentsPortionRecognizedInEarnings",
                "unit": "usd",
                "value": 1000000
            },
            {
                "label": "",
                "concept": "OtherThanTemporaryImpairmentLossesInvestmentsPortionInOtherComprehensiveIncomeLossBeforeTaxPortionAttributableToParentAvailableforsaleSecurities",
                "unit": "usd",
                "value": 0
            }
        ]
    }
}