{
    "startDate": "2019-01-01",
    "endDate": "2019-03-31",
    "year": "2019",
    "quarter": "Q1",
    "symbol": "DIGIRAD",
    "data": {
        "bs": [
            {
                "label": "Cash and cash equivalents",
                "concept": "CashAndCashEquivalentsAtCarryingValue",
                "unit": "usd",
                "value": 797000
            },
            {
                "label": "Equity securities",
                "concept": "digirad:EquitySecuritiesFVNICurrent",
                "unit": "usd",
                "value": 17000
            },
            {
                "label": "Accounts receivable, net",
                "concept": "AccountsReceivableNetCurrent",
                "unit": "usd",
                "value": 13361000
            },
            {
                "label": "Inventories, net",
                "concept": "InventoryNet",
                "unit": "usd",
                "value": 5483000
            },
            {
                "label": "Restricted cash",
                "concept": "RestrictedCashAndCashEquivalentsAtCarryingValue",
                "unit": "usd",
                "value": 168000
            },
            {
                "label": "Other current assets",
                "concept": "OtherAssetsCurrent",
                "unit": "usd",
                "value": 1522000
            },
            {
                "label": "Total current assets",
                "concept": "AssetsCurrent",
                "unit": "usd",
                "value": 21348000
            },
            {
                "label": "Property and equipment, net",
                "concept": "PropertyPlantAndEquipmentNet",
                "unit": "usd",
                "value": 20575000
            },
            {
                "label": "Operating lease right-of-use assets, net",
                "concept": "OperatingLeaseRightOfUseAsset",
                "unit": "usd",
                "value": 3681000
            },
            {
                "label": "Intangible assets, net",
                "concept": "IntangibleAssetsNetExcludingGoodwill",
                "unit": "usd",
                "value": 4944000
            },
            {
                "label": "Goodwill",
                "concept": "Goodwill",
                "unit": "usd",
                "value": 1745000
            },
            {
                "label": "Restricted cash",
                "concept": "RestrictedCashAndCashEquivalentsNoncurrent",
                "unit": "usd",
                "value": 101000
            },
            {
                "label": "Deferred tax assets",
                "concept": "DeferredIncomeTaxAssetsNet",
                "unit": "usd",
                "value": 16000
            },
            {
                "label": "Other assets",
                "concept": "OtherAssetsNoncurrent",
                "unit": "usd",
                "value": 2183000
            },
            {
                "label": "Total assets",
                "concept": "Assets",
                "unit": "usd",
                "value": 54593000
            },
            {
                "label": "Accounts payable",
                "concept": "AccountsPayableCurrent",
                "unit": "usd",
                "value": 4808000
            },
            {
                "label": "Accrued compensation",
                "concept": "EmployeeRelatedLiabilitiesCurrent",
                "unit": "usd",
                "value": 3246000
            },
            {
                "label": "Accrued warranty",
                "concept": "ProductWarrantyAccrual",
                "unit": "usd",
                "value": 230000
            },
            {
                "label": "Deferred revenue",
                "concept": "DeferredRevenueCurrent",
                "unit": "usd",
                "value": 1414000
            },
            {
                "label": "Operating lease liabilities",
                "concept": "OperatingLeaseLiabilityCurrent",
                "unit": "usd",
                "value": 1251000
            },
            {
                "label": "Other current liabilities",
                "concept": "OtherAccruedLiabilitiesCurrent",
                "unit": "usd",
                "value": 2474000
            },
            {
                "label": "Total current liabilities",
                "concept": "LiabilitiesCurrent",
                "unit": "usd",
                "value": 13423000
            },
            {
                "label": "Long-term debt",
                "concept": "LongTermDebtNoncurrent",
                "unit": "usd",
                "value": 12517000
            },
            {
                "label": "Deferred tax liabilities",
                "concept": "DeferredIncomeTaxLiabilitiesNet",
                "unit": "usd",
                "value": 121000
            },
            {
                "label": "Operating lease liabilities, net of current portion",
                "concept": "OperatingLeaseLiabilityNoncurrent",
                "unit": "usd",
                "value": 2564000
            },
            {
                "label": "Other liabilities",
                "concept": "OtherLiabilitiesNoncurrent",
                "unit": "usd",
                "value": 1715000
            },
            {
                "label": "Total liabilities",
                "concept": "Liabilities",
                "unit": "usd",
                "value": 30340000
            },
            {
                "label": "Commitments and contingencies (Note 9)",
                "concept": "CommitmentsAndContingencies",
                "unit": "usd",
                "value": "N/A"
            },
            {
                "label": "Preferred stock, $0.0001 par value: 10,000,000 shares authorized; no shares issued or outstanding",
                "concept": "PreferredStockValue",
                "unit": "usd",
                "value": 0
            },
            {
                "label": "Common stock, $0.0001 par value: 80,000,000 shares authorized; 20,309,908 and 20,249,786 shares issued and outstanding (net of treasury shares) at March 31, 2019 and December 31, 2018, respectively",
                "concept": "CommonStockValue",
                "unit": "usd",
                "value": 2000
            },
            {
                "label": "Treasury stock, at cost; 2,588,484 shares at March 31, 2019 and December 31, 2018",
                "concept": "TreasuryStockValue",
                "unit": "usd",
                "value": 5728000
            },
            {
                "label": "Additional paid-in capital",
                "concept": "AdditionalPaidInCapital",
                "unit": "usd",
                "value": 145516000
            },
            {
                "label": "Accumulated other comprehensive loss",
                "concept": "AccumulatedOtherComprehensiveIncomeLossNetOfTax",
                "unit": "usd",
                "value": 0
            },
            {
                "label": "Accumulated deficit",
                "concept": "RetainedEarningsAccumulatedDeficit",
                "unit": "usd",
                "value": -115537000
            },
            {
                "label": "Total stockholders\u2019 equity",
                "concept": "StockholdersEquity",
                "unit": "usd",
                "value": 24253000
            },
            {
                "label": "Total liabilities and stockholders\u2019 equity",
                "concept": "LiabilitiesAndStockholdersEquity",
                "unit": "usd",
                "value": 54593000
            }
        ],
        "cf": [
            {
                "label": "Depreciation",
                "concept": "Depreciation",
                "unit": "usd",
                "value": 1526000
            },
            {
                "label": "Amortization of intangible assets",
                "concept": "digirad:AmortizationofIntangibleAssetsIncludingDiscontinuedOperations",
                "unit": "usd",
                "value": 283000
            },
            {
                "label": "Amortization of operating lease right-of-use assets",
                "concept": "digirad:OperatingLeaseRightOfUseAssetAmortization",
                "unit": "usd",
                "value": 276000
            },
            {
                "label": "Provision for bad debt",
                "concept": "ProvisionForDoubtfulAccounts",
                "unit": "usd",
                "value": 75000
            },
            {
                "label": "Gain on disposal of discontinued operations",
                "concept": "DiscontinuedOperationGainLossOnDisposalOfDiscontinuedOperationNetOfTax",
                "unit": "usd",
                "value": 0
            },
            {
                "label": "Stock-based compensation",
                "concept": "ShareBasedCompensation",
                "unit": "usd",
                "value": 112000
            },
            {
                "label": "Amortization of loan issuance costs",
                "concept": "AmortizationOfFinancingCosts",
                "unit": "usd",
                "value": 8000
            },
            {
                "label": "(Gain) loss on sale of assets",
                "concept": "GainLossOnSaleOfPropertyPlantEquipment",
                "unit": "usd",
                "value": 42000
            },
            {
                "label": "Deferred income taxes",
                "concept": "IncreaseDecreaseInDeferredIncomeTaxes",
                "unit": "usd",
                "value": 16000
            },
            {
                "label": "Other, net",
                "concept": "OtherNoncashIncomeExpense",
                "unit": "usd",
                "value": 28000
            },
            {
                "label": "Accounts receivable",
                "concept": "IncreaseDecreaseInAccountsReceivable",
                "unit": "usd",
                "value": 794000
            },
            {
                "label": "Inventories",
                "concept": "IncreaseDecreaseInInventories",
                "unit": "usd",
                "value": -8000
            },
            {
                "label": "Other assets",
                "concept": "IncreaseDecreaseInOtherOperatingAssets",
                "unit": "usd",
                "value": 454000
            },
            {
                "label": "Accounts payable",
                "concept": "IncreaseDecreaseInAccountsPayable",
                "unit": "usd",
                "value": -664000
            },
            {
                "label": "Accrued compensation",
                "concept": "IncreaseDecreaseInEmployeeRelatedLiabilities",
                "unit": "usd",
                "value": -616000
            },
            {
                "label": "Deferred revenue",
                "concept": "IncreaseDecreaseInDeferredRevenue",
                "unit": "usd",
                "value": -273000
            },
            {
                "label": "Operating lease liabilities",
                "concept": "digirad:IncreaseDecreaseInOperatingLeaseLiabilities",
                "unit": "usd",
                "value": -287000
            },
            {
                "label": "Other liabilities",
                "concept": "IncreaseDecreaseInOtherAccruedLiabilities",
                "unit": "usd",
                "value": 207000
            },
            {
                "label": "Net cash (used in) provided by operating activities",
                "concept": "NetCashProvidedByUsedInOperatingActivities",
                "unit": "usd",
                "value": -2185000
            },
            {
                "label": "Purchases of property and equipment",
                "concept": "PaymentsToAcquirePropertyPlantAndEquipment",
                "unit": "usd",
                "value": 387000
            },
            {
                "label": "Proceeds from sale of property and equipment",
                "concept": "ProceedsFromSaleOfPropertyPlantAndEquipment",
                "unit": "usd",
                "value": 257000
            },
            {
                "label": "Purchases of equity securities",
                "concept": "PaymentsToAcquireAvailableForSaleSecuritiesEquity",
                "unit": "usd",
                "value": 0
            },
            {
                "label": "Proceeds from sales of equity securities",
                "concept": "ProceedsFromSaleAndMaturityOfAvailableForSaleSecurities",
                "unit": "usd",
                "value": 140000
            },
            {
                "label": "Payments to acquire interest in joint ventures",
                "concept": "PaymentsToAcquireBusinessesNetOfCashAcquired",
                "unit": "usd",
                "value": 1000000
            },
            {
                "label": "Net cash (used in) provided by investing activities",
                "concept": "NetCashProvidedByUsedInInvestingActivities",
                "unit": "usd",
                "value": -990000
            },
            {
                "label": "Proceeds from long-term borrowings",
                "concept": "ProceedsFromIssuanceOfLongTermDebt",
                "unit": "usd",
                "value": 23517000
            },
            {
                "label": "Repayment of long-term debt",
                "concept": "RepaymentsOfLongTermDebt",
                "unit": "usd",
                "value": 20500000
            },
            {
                "label": "Loan issuance costs",
                "concept": "PaymentsOfDebtIssuanceCosts",
                "unit": "usd",
                "value": 381000
            },
            {
                "label": "Dividends paid",
                "concept": "PaymentsOfDividends",
                "unit": "usd",
                "value": 0
            },
            {
                "label": "Taxes paid related to net share settlement of equity awards",
                "concept": "PaymentsRelatedToTaxWithholdingForShareBasedCompensation",
                "unit": "usd",
                "value": 24000
            },
            {
                "label": "Repayment of obligations under finance leases",
                "concept": "RepaymentsOfLongTermCapitalLeaseObligations",
                "unit": "usd",
                "value": 184000
            },
            {
                "label": "Net cash provided by (used in) financing activities",
                "concept": "NetCashProvidedByUsedInFinancingActivities",
                "unit": "usd",
                "value": 2428000
            },
            {
                "label": "Net decrease in cash and cash equivalents and restricted cash",
                "concept": "CashCashEquivalentsRestrictedCashAndRestrictedCashEquivalentsPeriodIncreaseDecreaseIncludingExchangeRateEffect",
                "unit": "usd",
                "value": -747000
            }
        ],
        "ic": [
            {
                "label": "Revenues",
                "concept": "RevenueFromContractWithCustomerExcludingAssessedTax",
                "unit": "usd",
                "value": 21602000
            },
            {
                "label": "Total revenues",
                "concept": "Revenues",
                "unit": "usd",
                "value": 23912000
            },
            {
                "label": "Cost of revenues",
                "concept": "CostOfGoodsAndServicesSold",
                "unit": "usd",
                "value": 19931000
            },
            {
                "label": "Gross profit",
                "concept": "GrossProfit",
                "unit": "usd",
                "value": 3981000
            },
            {
                "label": "Marketing and sales",
                "concept": "SellingAndMarketingExpense",
                "unit": "usd",
                "value": 1143000
            },
            {
                "label": "General and administrative",
                "concept": "GeneralAndAdministrativeExpense",
                "unit": "usd",
                "value": 3690000
            },
            {
                "label": "Amortization of intangible assets",
                "concept": "AmortizationOfIntangibleAssets",
                "unit": "usd",
                "value": 283000
            },
            {
                "label": "Total operating expenses",
                "concept": "OperatingExpenses",
                "unit": "usd",
                "value": 5116000
            },
            {
                "label": "Loss from operations",
                "concept": "OperatingIncomeLoss",
                "unit": "usd",
                "value": -1135000
            },
            {
                "label": "Other expense, net",
                "concept": "OtherNonoperatingIncomeExpense",
                "unit": "usd",
                "value": -198000
            },
            {
                "label": "Interest expense, net",
                "concept": "InterestExpense",
                "unit": "usd",
                "value": 181000
            },
            {
                "label": "Loss on extinguishment of debt",
                "concept": "GainsLossesOnExtinguishmentOfDebt",
                "unit": "usd",
                "value": -151000
            },
            {
                "label": "Total other expense",
                "concept": "NonoperatingIncomeExpense",
                "unit": "usd",
                "value": -530000
            },
            {
                "label": "Loss before income taxes",
                "concept": "IncomeLossFromContinuingOperationsBeforeIncomeTaxesExtraordinaryItemsNoncontrollingInterest",
                "unit": "usd",
                "value": -1665000
            },
            {
                "label": "Income tax benefit",
                "concept": "IncomeTaxExpenseBenefit",
                "unit": "usd",
                "value": -8000
            },
            {
                "label": "Net loss from continuing operations",
                "concept": "IncomeLossFromContinuingOperations",
                "unit": "usd",
                "value": -1657000
            },
            {
                "label": "Net income from discontinued operations",
                "concept": "IncomeLossFromDiscontinuedOperationsNetOfTaxAttributableToReportingEntity",
                "unit": "usd",
                "value": 0
            },
            {
                "label": "Dividends declared per common share (in usd per share)",
                "concept": "CommonStockDividendsPerShareDeclared",
                "unit": "usd/shares",
                "value": 0
            },
            {
                "label": "Reclassification of tax provision impact",
                "concept": "OtherComprehensiveIncomeUnrealizedHoldingGainLossOnSecuritiesArisingDuringPeriodNetOfTax",
                "unit": "usd",
                "value": 22000
            },
            {
                "label": "Reclassification of unrealized gains on equity securities to retained earnings",
                "concept": "OtherComprehensiveIncomeLossAvailableForSaleSecuritiesAdjustmentNetOfTax",
                "unit": "usd",
                "value": 0
            },
            {
                "label": "Total other comprehensive income (loss)",
                "concept": "OtherComprehensiveIncomeLossNetOfTax",
                "unit": "usd",
                "value": 22000
            },
            {
                "label": "Comprehensive (loss) income",
                "concept": "ComprehensiveIncomeNetOfTax",
                "unit": "usd",
                "value": -1635000
            }
        ]
    }
}