{
    "startDate": "2019-01-28",
    "endDate": "2019-04-28",
    "year": "2019",
    "quarter": "Q2",
    "symbol": "VISI",
    "data": {
        "bs": [
            {
                "label": "Cash and cash equivalents",
                "concept": "CashAndCashEquivalentsAtCarryingValue",
                "unit": "usd",
                "value": 39689000
            },
            {
                "label": "Restricted cash and short-term investments",
                "concept": "visi:RestrictedCashandShorttermInvestments",
                "unit": "usd",
                "value": 9925000
            },
            {
                "label": "Trade accounts receivable, net of allowances of $104 and $759, respectively",
                "concept": "AccountsReceivableNetCurrent",
                "unit": "usd",
                "value": 139213000
            },
            {
                "label": "Other current assets",
                "concept": "OtherAssetsCurrent",
                "unit": "usd",
                "value": 5659000
            },
            {
                "label": "TOTAL CURRENT ASSETS",
                "concept": "AssetsCurrent",
                "unit": "usd",
                "value": 194486000
            },
            {
                "label": "Other assets, excluding current portion",
                "concept": "OtherAssetsNoncurrent",
                "unit": "usd",
                "value": 7779000
            },
            {
                "label": "Property, equipment and software, net",
                "concept": "visi:PropertyEquipmentAndSoftwareNet",
                "unit": "usd",
                "value": 24880000
            },
            {
                "label": "TOTAL ASSETS",
                "concept": "Assets",
                "unit": "usd",
                "value": 227145000
            },
            {
                "label": "Accrued compensation",
                "concept": "EmployeeRelatedLiabilitiesCurrent",
                "unit": "usd",
                "value": 23403000
            },
            {
                "label": "Accounts payable",
                "concept": "AccountsPayableCurrent",
                "unit": "usd",
                "value": 26183000
            },
            {
                "label": "Accrued taxes other than income taxes",
                "concept": "AccrualForTaxesOtherThanIncomeTaxesCurrent",
                "unit": "usd",
                "value": 18316000
            },
            {
                "label": "Accrued insurance and other",
                "concept": "AccruedInsuranceNoncurrent",
                "unit": "usd",
                "value": 28217000
            },
            {
                "label": "Income taxes payable",
                "concept": "TaxesPayableCurrent",
                "unit": "usd",
                "value": 1404000
            },
            {
                "label": "TOTAL CURRENT LIABILITIES",
                "concept": "LiabilitiesCurrent",
                "unit": "usd",
                "value": 97523000
            },
            {
                "label": "Accrued insurance and other, excluding current portion",
                "concept": "visi:AccruedInsuranceandOtherNoncurrent",
                "unit": "usd",
                "value": 10816000
            },
            {
                "label": "Deferred gain on sale of real estate, excluding current portion",
                "concept": "DeferredGainOnSaleOfProperty",
                "unit": "usd",
                "value": 21244000
            },
            {
                "label": "Income taxes payable, excluding current portion",
                "concept": "AccruedIncomeTaxesNoncurrent",
                "unit": "usd",
                "value": 608000
            },
            {
                "label": "Deferred income taxes",
                "concept": "DeferredIncomeTaxLiabilitiesNet",
                "unit": "usd",
                "value": 509000
            },
            {
                "label": "Long-term debt, excluding current portion, net",
                "concept": "LongTermDebtNoncurrent",
                "unit": "usd",
                "value": 54169000
            },
            {
                "label": "TOTAL LIABILITIES",
                "concept": "Liabilities",
                "unit": "usd",
                "value": 184869000
            },
            {
                "label": "Commitments and contingencies",
                "concept": "CommitmentsAndContingencies",
                "unit": "usd",
                "value": "N/A"
            },
            {
                "label": "Preferred stock, par value $1.00; Authorized - 500,000 shares; Issued - none",
                "concept": "PreferredStockValue",
                "unit": "usd",
                "value": 0
            },
            {
                "label": "Common stock, par value $0.10; Authorized - 120,000,000 shares; Issued - 23,738,003 shares; Outstanding - 21,211,828 shares and 21,179,068 shares, respectively",
                "concept": "CommonStockValue",
                "unit": "usd",
                "value": 2374000
            },
            {
                "label": "Paid-in capital",
                "concept": "AdditionalPaidInCapital",
                "unit": "usd",
                "value": 77931000
            },
            {
                "label": "(Accumulated deficit) retained earnings",
                "concept": "RetainedEarningsAccumulatedDeficit",
                "unit": "usd",
                "value": -656000
            },
            {
                "label": "Accumulated other comprehensive loss",
                "concept": "AccumulatedOtherComprehensiveIncomeLossNetOfTax",
                "unit": "usd",
                "value": -7091000
            },
            {
                "label": "Treasury stock, at cost; 2,526,175 and 2,558,935 shares, respectively",
                "concept": "TreasuryStockValue",
                "unit": "usd",
                "value": 30282000
            },
            {
                "label": "TOTAL STOCKHOLDERS\u2019 EQUITY",
                "concept": "StockholdersEquity",
                "unit": "usd",
                "value": 42276000
            },
            {
                "label": "TOTAL LIABILITIES AND STOCKHOLDERS\u2019 EQUITY",
                "concept": "LiabilitiesAndStockholdersEquity",
                "unit": "usd",
                "value": 227145000
            }
        ],
        "cf": [],
        "ic": [
            {
                "label": "NET REVENUE",
                "concept": "RevenueFromContractWithCustomerExcludingAssessedTax",
                "unit": "usd",
                "value": 252070000
            },
            {
                "label": "Cost of services",
                "concept": "CostOfGoodsAndServicesSold",
                "unit": "usd",
                "value": 215813000
            },
            {
                "label": "GROSS MARGIN",
                "concept": "GrossProfit",
                "unit": "usd",
                "value": 36257000
            },
            {
                "label": "Selling, administrative and other operating costs",
                "concept": "SellingGeneralAndAdministrativeExpense",
                "unit": "usd",
                "value": 38939000
            },
            {
                "label": "Restructuring and severance costs",
                "concept": "RestructuringCosts",
                "unit": "usd",
                "value": 724000
            },
            {
                "label": "Impairment charge",
                "concept": "AssetImpairmentCharges",
                "unit": "usd",
                "value": 347000
            },
            {
                "label": "Operating income (loss)",
                "concept": "OperatingIncomeLoss",
                "unit": "usd",
                "value": -3753000
            },
            {
                "label": "Interest income (expense), net",
                "concept": "InterestIncomeExpenseNet",
                "unit": "usd",
                "value": -699000
            },
            {
                "label": "Foreign exchange gain (loss), net",
                "concept": "ForeignCurrencyTransactionGainLossBeforeTax",
                "unit": "usd",
                "value": -314000
            },
            {
                "label": "Other income (expense), net",
                "concept": "OtherNonoperatingIncomeExpense",
                "unit": "usd",
                "value": -166000
            },
            {
                "label": "TOTAL OTHER INCOME (EXPENSE), NET",
                "concept": "NonoperatingIncomeExpense",
                "unit": "usd",
                "value": -1179000
            },
            {
                "label": "LOSS BEFORE INCOME TAXES",
                "concept": "IncomeLossFromContinuingOperationsBeforeIncomeTaxesMinorityInterestAndIncomeLossFromEquityMethodInvestments",
                "unit": "usd",
                "value": -4932000
            },
            {
                "label": "Income tax provision (benefit)",
                "concept": "IncomeTaxExpenseBenefit",
                "unit": "usd",
                "value": 233000
            },
            {
                "label": "NET LOSS",
                "concept": "NetIncomeLoss",
                "unit": "usd",
                "value": -5165000
            },
            {
                "label": "Net loss (usd per share)",
                "concept": "EarningsPerShareBasic",
                "unit": "usd/shares",
                "value": -0.24
            },
            {
                "label": "Weighted average number of shares (shares)",
                "concept": "WeightedAverageNumberOfSharesOutstandingBasic",
                "unit": "shares",
                "value": 21082000
            },
            {
                "label": "Net loss (usd per share)",
                "concept": "EarningsPerShareDiluted",
                "unit": "usd/shares",
                "value": -0.24
            },
            {
                "label": "Weighted average number of shares (shares)",
                "concept": "WeightedAverageNumberOfDilutedSharesOutstanding",
                "unit": "shares",
                "value": 21082000
            }
        ]
    }
}