{
    "startDate": "2019-01-01",
    "endDate": "2019-03-31",
    "year": "2019",
    "quarter": "Q1",
    "symbol": "HVT",
    "data": {
        "bs": [
            {
                "label": "Cash and cash equivalents",
                "concept": "CashAndCashEquivalentsAtCarryingValue",
                "unit": "usd",
                "value": 72951000
            },
            {
                "label": "Restricted cash and cash equivalents",
                "concept": "RestrictedCashAndCashEquivalentsAtCarryingValue",
                "unit": "usd",
                "value": 6549000
            },
            {
                "label": "Accounts receivable, net",
                "concept": "AccountsReceivableNetCurrent",
                "unit": "usd",
                "value": 1716000
            },
            {
                "label": "Inventories",
                "concept": "InventoryNet",
                "unit": "usd",
                "value": 109379000
            },
            {
                "label": "Prepaid expenses",
                "concept": "PrepaidExpenseCurrent",
                "unit": "usd",
                "value": 8590000
            },
            {
                "label": "Other current assets",
                "concept": "OtherAssetsCurrent",
                "unit": "usd",
                "value": 8573000
            },
            {
                "label": "Total current assets",
                "concept": "AssetsCurrent",
                "unit": "usd",
                "value": 207758000
            },
            {
                "label": "Accounts receivable, long-term, net",
                "concept": "AccountsReceivableNetNoncurrent",
                "unit": "usd",
                "value": 213000
            },
            {
                "label": "Property and equipment, net",
                "concept": "PropertyPlantAndEquipmentNet",
                "unit": "usd",
                "value": 158316000
            },
            {
                "label": "Right-of use lease assets",
                "concept": "OperatingLeaseRightOfUseAsset",
                "unit": "usd",
                "value": 188400000
            },
            {
                "label": "Deferred income taxes",
                "concept": "DeferredTaxAssetsLiabilitiesNetNoncurrent",
                "unit": "usd",
                "value": 10757000
            },
            {
                "label": "Other assets",
                "concept": "OtherAssetsNoncurrent",
                "unit": "usd",
                "value": 9639000
            },
            {
                "label": "Total assets",
                "concept": "Assets",
                "unit": "usd",
                "value": 575083000
            },
            {
                "label": "Accounts payable",
                "concept": "AccountsPayableCurrent",
                "unit": "usd",
                "value": 22134000
            },
            {
                "label": "Customer deposits",
                "concept": "ContractWithCustomerLiabilityCurrent",
                "unit": "usd",
                "value": 29437000
            },
            {
                "label": "Accrued liabilities",
                "concept": "AccruedLiabilitiesCurrent",
                "unit": "usd",
                "value": 32078000
            },
            {
                "label": "Current lease liabilities",
                "concept": "OperatingLeaseLiabilityCurrent",
                "unit": "usd",
                "value": 28799000
            },
            {
                "label": "Current portion of lease obligations",
                "concept": "CapitalLeaseObligationsCurrent",
                "unit": "usd",
                "value": 0
            },
            {
                "label": "Total current liabilities",
                "concept": "LiabilitiesCurrent",
                "unit": "usd",
                "value": 112448000
            },
            {
                "label": "Non-current lease liabilities",
                "concept": "OperatingLeaseLiabilityNoncurrent",
                "unit": "usd",
                "value": 157499000
            },
            {
                "label": "Lease obligations, less current portion",
                "concept": "CapitalLeaseObligationsNoncurrent",
                "unit": "usd",
                "value": 0
            },
            {
                "label": "Other liabilities",
                "concept": "OtherLiabilitiesNoncurrent",
                "unit": "usd",
                "value": 23210000
            },
            {
                "label": "Total liabilities",
                "concept": "Liabilities",
                "unit": "usd",
                "value": 293157000
            },
            {
                "label": "Preferred Stock, Authorized - 1,000 shares; Issued: None",
                "concept": "PreferredStockValue",
                "unit": "usd",
                "value": 0
            },
            {
                "label": "Additional paid-in capital",
                "concept": "AdditionalPaidInCapital",
                "unit": "usd",
                "value": 91888000
            },
            {
                "label": "Retained earnings",
                "concept": "RetainedEarningsAccumulatedDeficit",
                "unit": "usd",
                "value": 289126000
            },
            {
                "label": "Accumulated other comprehensive loss",
                "concept": "AccumulatedOtherComprehensiveIncomeLossNetOfTax",
                "unit": "usd",
                "value": -1456000
            },
            {
                "label": "Less treasury stock at cost - Common Stock (2019 and 2018 - 10,300 shares) and Convertible Class A Common Stock (2019 and 2018 - 522 shares)",
                "concept": "TreasuryStockValue",
                "unit": "usd",
                "value": 129025000
            },
            {
                "label": "Total stockholders' equity",
                "concept": "StockholdersEquity",
                "unit": "usd",
                "value": 281926000
            },
            {
                "label": "Total liabilities and stockholders' equity",
                "concept": "LiabilitiesAndStockholdersEquity",
                "unit": "usd",
                "value": 575083000
            }
        ],
        "cf": [
            {
                "label": "Net income",
                "concept": "NetIncomeLoss",
                "unit": "usd",
                "value": 3621000
            },
            {
                "label": "Depreciation and amortization",
                "concept": "DepreciationDepletionAndAmortization",
                "unit": "usd",
                "value": 5105000
            },
            {
                "label": "Stock-based compensation expense",
                "concept": "ShareBasedCompensation",
                "unit": "usd",
                "value": 1061000
            },
            {
                "label": "Gain on insurance recovery",
                "concept": "GainOnBusinessInterruptionInsuranceRecovery",
                "unit": "usd",
                "value": 0
            },
            {
                "label": "Proceeds from insurance recovery",
                "concept": "ProceedsFromInsuranceSettlementOperatingActivities",
                "unit": "usd",
                "value": 0
            },
            {
                "label": "Other",
                "concept": "OtherNoncashIncomeExpense",
                "unit": "usd",
                "value": 485000
            },
            {
                "label": "Accounts receivable",
                "concept": "IncreaseDecreaseInAccountsReceivable",
                "unit": "usd",
                "value": -126000
            },
            {
                "label": "Inventories",
                "concept": "IncreaseDecreaseInInventories",
                "unit": "usd",
                "value": 3539000
            },
            {
                "label": "Customer deposits",
                "concept": "IncreaseDecreaseInContractWithCustomerLiability",
                "unit": "usd",
                "value": 4972000
            },
            {
                "label": "Other assets and liabilities",
                "concept": "IncreaseDecreaseInOtherOperatingCapitalNet",
                "unit": "usd",
                "value": 1350000
            },
            {
                "label": "Accounts payable and accrued liabilities",
                "concept": "IncreaseDecreaseInAccountsPayableAndAccruedLiabilities",
                "unit": "usd",
                "value": -4093000
            },
            {
                "label": "Net cash provided by operating activities",
                "concept": "NetCashProvidedByUsedInOperatingActivities",
                "unit": "usd",
                "value": 5418000
            },
            {
                "label": "Capital expenditures",
                "concept": "PaymentsToAcquirePropertyPlantAndEquipment",
                "unit": "usd",
                "value": 3764000
            },
            {
                "label": "Proceeds from sale of land, property and equipment",
                "concept": "ProceedsFromSaleOfPropertyPlantAndEquipment",
                "unit": "usd",
                "value": 2255000
            },
            {
                "label": "Other",
                "concept": "PaymentsForProceedsFromOtherInvestingActivities",
                "unit": "usd",
                "value": 0
            },
            {
                "label": "Net cash used in investing activities",
                "concept": "NetCashProvidedByUsedInInvestingActivities",
                "unit": "usd",
                "value": -1509000
            },
            {
                "label": "Payments on lease obligations",
                "concept": "RepaymentsOfLongTermCapitalLeaseObligations",
                "unit": "usd",
                "value": 0
            },
            {
                "label": "Dividends paid",
                "concept": "PaymentsOfDividendsCommonStock",
                "unit": "usd",
                "value": 3685000
            },
            {
                "label": "Common stock repurchased",
                "concept": "PaymentsForRepurchaseOfCommonStock",
                "unit": "usd",
                "value": 0
            },
            {
                "label": "Other",
                "concept": "ProceedsFromPaymentsForOtherFinancingActivities",
                "unit": "usd",
                "value": -533000
            },
            {
                "label": "Net cash used in financing activities",
                "concept": "NetCashProvidedByUsedInFinancingActivities",
                "unit": "usd",
                "value": -4218000
            },
            {
                "label": "Decrease in cash, cash equivalents and restricted cash equivalents during the period",
                "concept": "CashCashEquivalentsRestrictedCashAndRestrictedCashEquivalentsPeriodIncreaseDecreaseExcludingExchangeRateEffect",
                "unit": "usd",
                "value": -309000
            }
        ],
        "ic": [
            {
                "label": "Net sales",
                "concept": "RevenueFromContractWithCustomerExcludingAssessedTax",
                "unit": "usd",
                "value": 187242000
            },
            {
                "label": "Cost of goods sold",
                "concept": "CostOfGoodsAndServicesSold",
                "unit": "usd",
                "value": 84159000
            },
            {
                "label": "Gross profit",
                "concept": "GrossProfit",
                "unit": "usd",
                "value": 103083000
            },
            {
                "label": "Selling, general and administrative",
                "concept": "SellingGeneralAndAdministrativeExpense",
                "unit": "usd",
                "value": 98879000
            },
            {
                "label": "Provision for doubtful accounts",
                "concept": "ProvisionForDoubtfulAccounts",
                "unit": "usd",
                "value": 4000
            },
            {
                "label": "Other (income) expense, net",
                "concept": "OtherOperatingIncomeExpenseNet",
                "unit": "usd",
                "value": 154000
            },
            {
                "label": "Total expenses",
                "concept": "OperatingExpenses",
                "unit": "usd",
                "value": 98729000
            },
            {
                "label": "Income before interest and income taxes",
                "concept": "IncomeLossFromContinuingOperationsBeforeInterestExpenseInterestIncomeIncomeTaxesExtraordinaryItemsNoncontrollingInterestsNet",
                "unit": "usd",
                "value": 4376000
            },
            {
                "label": "Interest (income) expense, net",
                "concept": "InterestIncomeExpenseNet",
                "unit": "usd",
                "value": 349000
            },
            {
                "label": "Income before income taxes",
                "concept": "IncomeLossFromContinuingOperationsBeforeIncomeTaxesMinorityInterestAndIncomeLossFromEquityMethodInvestments",
                "unit": "usd",
                "value": 4725000
            },
            {
                "label": "Income tax expense",
                "concept": "IncomeTaxExpenseBenefit",
                "unit": "usd",
                "value": 1104000
            },
            {
                "label": "Net income",
                "concept": "NetIncomeLoss",
                "unit": "usd",
                "value": 3621000
            },
            {
                "label": "Adjustments related to retirement plans; net of tax expense of $3 in 2019 and $9 in 2018",
                "concept": "DefinedBenefitPlanPlanAmendments",
                "unit": "usd",
                "value": 9000
            },
            {
                "label": "Comprehensive income",
                "concept": "ComprehensiveIncomeNetOfTax",
                "unit": "usd",
                "value": 3630000
            },
            {
                "label": "Common Stock (in dollars per share)",
                "concept": "EarningsPerShareBasic",
                "unit": "usd/shares",
                "value": 0.18
            },
            {
                "label": "Common Stock (in dollars per share)",
                "concept": "EarningsPerShareDiluted",
                "unit": "usd/shares",
                "value": 0.17
            },
            {
                "label": "Common Stock (in dollars per share)",
                "concept": "CommonStockDividendsPerShareCashPaid",
                "unit": "usd/shares",
                "value": 0.18
            }
        ]
    }
}