{
    "startDate": "2019-01-01",
    "endDate": "2019-03-31",
    "year": "2019",
    "quarter": "Q2",
    "symbol": "BRN",
    "data": {
        "bs": [
            {
                "label": "Cash and cash equivalents",
                "concept": "CashAndCashEquivalentsAtCarryingValue",
                "unit": "usd",
                "value": 6427000
            },
            {
                "label": "Certificates of deposit",
                "concept": "CertificatesOfDepositAtCarryingValue",
                "unit": "usd",
                "value": 0
            },
            {
                "label": "Accounts and other receivables, net of allowance for doubtful accounts of: $40,000 at March 31, 2019; $42,000 at September 30, 2018",
                "concept": "AccountsAndOtherReceivablesNetCurrent",
                "unit": "usd",
                "value": 2066000
            },
            {
                "label": "Income taxes receivable",
                "concept": "IncomeTaxesReceivable",
                "unit": "usd",
                "value": 102000
            },
            {
                "label": "Other current assets",
                "concept": "OtherAssetsCurrent",
                "unit": "usd",
                "value": 2198000
            },
            {
                "label": "Total current assets",
                "concept": "AssetsCurrent",
                "unit": "usd",
                "value": 10793000
            },
            {
                "label": "Income taxes receivable, net of current portion",
                "concept": "IncomeTaxesReceivableNoncurrent",
                "unit": "usd",
                "value": 460000
            },
            {
                "label": "Asset for retirement benefits",
                "concept": "DefinedBenefitPlanAssetsForPlanBenefitsNoncurrent",
                "unit": "usd",
                "value": 997000
            },
            {
                "label": "Investments",
                "concept": "LongTermInvestments",
                "unit": "usd",
                "value": 970000
            },
            {
                "label": "Property and equipment",
                "concept": "PropertyPlantAndEquipmentGross",
                "unit": "usd",
                "value": 71874000
            },
            {
                "label": "Accumulated depletion, depreciation, and amortization",
                "concept": "AccumulatedDepreciationDepletionAndAmortizationPropertyPlantAndEquipment",
                "unit": "usd",
                "value": 58949000
            },
            {
                "label": "Property and equipment, net",
                "concept": "PropertyPlantAndEquipmentNet",
                "unit": "usd",
                "value": 12925000
            },
            {
                "label": "Total assets",
                "concept": "Assets",
                "unit": "usd",
                "value": 26145000
            },
            {
                "label": "Accounts payable",
                "concept": "AccountsPayableCurrent",
                "unit": "usd",
                "value": 1615000
            },
            {
                "label": "Accrued capital expenditures",
                "concept": "brn:AccruedCapitalExpendituresCurrent",
                "unit": "usd",
                "value": 121000
            },
            {
                "label": "Accrued compensation",
                "concept": "EmployeeRelatedLiabilitiesCurrent",
                "unit": "usd",
                "value": 246000
            },
            {
                "label": "Accrued operating and other expenses",
                "concept": "OtherAccruedLiabilitiesCurrent",
                "unit": "usd",
                "value": 1057000
            },
            {
                "label": "Current portion of asset retirement obligation",
                "concept": "AssetRetirementObligationCurrent",
                "unit": "usd",
                "value": 648000
            },
            {
                "label": "Other current liabilities",
                "concept": "OtherLiabilitiesCurrent",
                "unit": "usd",
                "value": 1913000
            },
            {
                "label": "Total current liabilities",
                "concept": "LiabilitiesCurrent",
                "unit": "usd",
                "value": 5600000
            },
            {
                "label": "Deferred rent",
                "concept": "DeferredRentCreditNoncurrent",
                "unit": "usd",
                "value": 150000
            },
            {
                "label": "Liability for retirement benefits",
                "concept": "PensionAndOtherPostretirementDefinedBenefitPlansLiabilitiesNoncurrent",
                "unit": "usd",
                "value": 4515000
            },
            {
                "label": "Asset retirement obligation",
                "concept": "AssetRetirementObligationsNoncurrent",
                "unit": "usd",
                "value": 6500000
            },
            {
                "label": "Deferred income tax liabilities",
                "concept": "DeferredTaxLiabilitiesNoncurrent",
                "unit": "usd",
                "value": 205000
            },
            {
                "label": "Total liabilities",
                "concept": "Liabilities",
                "unit": "usd",
                "value": 16970000
            },
            {
                "label": "Commitments and contingencies",
                "concept": "CommitmentsAndContingencies",
                "unit": "usd",
                "value": "N/A"
            },
            {
                "label": "Common stock, par value $0.50 per share; authorized, 20,000,000 shares: 8,445,060 issued at March 31, 2019 and September 30, 2018",
                "concept": "CommonStockValue",
                "unit": "usd",
                "value": 4223000
            },
            {
                "label": "Additional paid-in capital",
                "concept": "AdditionalPaidInCapitalCommonStock",
                "unit": "usd",
                "value": 1350000
            },
            {
                "label": "Retained earnings",
                "concept": "RetainedEarningsAccumulatedDeficit",
                "unit": "usd",
                "value": 6548000
            },
            {
                "label": "Accumulated other comprehensive loss, net",
                "concept": "AccumulatedOtherComprehensiveIncomeLossNetOfTax",
                "unit": "usd",
                "value": -764000
            },
            {
                "label": "Treasury stock, at cost: 167,900 shares at March 31, 2019 and September 30, 2018",
                "concept": "TreasuryStockValue",
                "unit": "usd",
                "value": 2286000
            },
            {
                "label": "Total stockholders' equity",
                "concept": "StockholdersEquity",
                "unit": "usd",
                "value": 9071000
            },
            {
                "label": "Non-controlling interests",
                "concept": "MinorityInterest",
                "unit": "usd",
                "value": 104000
            },
            {
                "label": "Total equity",
                "concept": "StockholdersEquityIncludingPortionAttributableToNoncontrollingInterest",
                "unit": "usd",
                "value": 9175000
            },
            {
                "label": "Total liabilities and equity",
                "concept": "LiabilitiesAndStockholdersEquity",
                "unit": "usd",
                "value": 26145000
            }
        ],
        "cf": [],
        "ic": [
            {
                "label": "Revenues",
                "concept": "Revenues",
                "unit": "usd",
                "value": 2963000
            },
            {
                "label": "Oil and natural gas operating",
                "concept": "CostOfGoodsSoldOilAndGas",
                "unit": "usd",
                "value": 1249000
            },
            {
                "label": "Contract drilling operating",
                "concept": "ContractRevenueCost",
                "unit": "usd",
                "value": 1231000
            },
            {
                "label": "General and administrative",
                "concept": "GeneralAndAdministrativeExpense",
                "unit": "usd",
                "value": 1461000
            },
            {
                "label": "Interest expense",
                "concept": "InterestExpense",
                "unit": "usd",
                "value": 0
            },
            {
                "label": "Gain on sales of assets",
                "concept": "GainLossOnSaleOfProperty",
                "unit": "usd",
                "value": 0
            },
            {
                "label": "Total costs and expenses",
                "concept": "CostsAndExpenses",
                "unit": "usd",
                "value": 4942000
            },
            {
                "label": "(Loss) earnings before equity in loss of affiliates and income taxes",
                "concept": "IncomeLossFromContinuingOperationsBeforeIncomeTaxesMinorityInterestAndIncomeLossFromEquityMethodInvestments",
                "unit": "usd",
                "value": -1979000
            },
            {
                "label": "Income tax (benefit) provision",
                "concept": "IncomeTaxExpenseBenefit",
                "unit": "usd",
                "value": -35000
            },
            {
                "label": "Net (loss) earnings",
                "concept": "ProfitLoss",
                "unit": "usd",
                "value": -2151000
            },
            {
                "label": "Less: Net (loss) earnings attributable to non-controlling interests",
                "concept": "NetIncomeLossAttributableToNoncontrollingInterest",
                "unit": "usd",
                "value": -26000
            },
            {
                "label": "Net (loss) earnings attributable to Barnwell Industries, Inc.",
                "concept": "NetIncomeLoss",
                "unit": "usd",
                "value": -2125000
            },
            {
                "label": "Basic and diluted net (loss) earnings per common share attributable to Barnwell Industries, Inc. stockholders (in dollars per share)",
                "concept": "EarningsPerShareBasicAndDiluted",
                "unit": "usd/shares",
                "value": -0.26
            },
            {
                "label": "Basic and diluted (in shares)",
                "concept": "WeightedAverageNumberOfShareOutstandingBasicAndDiluted",
                "unit": "shares",
                "value": 8277000
            }
        ]
    }
}