{
    "startDate": "2019-01-01",
    "endDate": "2019-03-31",
    "year": "2019",
    "quarter": "Q1",
    "symbol": "BOOM",
    "data": {
        "bs": [
            {
                "label": "Cash and cash equivalents",
                "concept": "CashAndCashEquivalentsAtCarryingValue",
                "unit": "usd",
                "value": 14874000
            },
            {
                "label": "Accounts receivable, net of allowance for doubtful accounts of $574 and $513, respectively",
                "concept": "AccountsReceivableNetCurrent",
                "unit": "usd",
                "value": 73252000
            },
            {
                "label": "Inventories",
                "concept": "InventoryNet",
                "unit": "usd",
                "value": 50851000
            },
            {
                "label": "Prepaid expenses and other",
                "concept": "PrepaidExpenseAndOtherAssetsCurrent",
                "unit": "usd",
                "value": 7015000
            },
            {
                "label": "Total current assets",
                "concept": "AssetsCurrent",
                "unit": "usd",
                "value": 145992000
            },
            {
                "label": "Property, Plant and Equipment",
                "concept": "PropertyPlantAndEquipmentGross",
                "unit": "usd",
                "value": 166487000
            },
            {
                "label": "Less - accumulated depreciation",
                "concept": "AccumulatedDepreciationDepletionAndAmortizationPropertyPlantAndEquipment",
                "unit": "usd",
                "value": 66576000
            },
            {
                "label": "Property, plant and equipment, net",
                "concept": "PropertyPlantAndEquipmentNet",
                "unit": "usd",
                "value": 99911000
            },
            {
                "label": "Purchased intangible assets, net",
                "concept": "FiniteLivedIntangibleAssetsNet",
                "unit": "usd",
                "value": 7882000
            },
            {
                "label": "Deferred tax assets",
                "concept": "DeferredIncomeTaxAssetsNet",
                "unit": "usd",
                "value": 3843000
            },
            {
                "label": "Other assets",
                "concept": "OtherAssetsNoncurrent",
                "unit": "usd",
                "value": 8478000
            },
            {
                "label": "Total Assets",
                "concept": "Assets",
                "unit": "usd",
                "value": 266106000
            },
            {
                "label": "Accounts payable",
                "concept": "AccountsPayableCurrent",
                "unit": "usd",
                "value": 29747000
            },
            {
                "label": "Accrued expenses",
                "concept": "AccruedLiabilitiesCurrent",
                "unit": "usd",
                "value": 9873000
            },
            {
                "label": "Accrued anti-dumping penalties",
                "concept": "boom:AccruedTariffsCurrent",
                "unit": "usd",
                "value": 8000000
            },
            {
                "label": "Dividend payable",
                "concept": "DividendsPayableCurrent",
                "unit": "usd",
                "value": 299000
            },
            {
                "label": "Accrued income taxes",
                "concept": "AccruedIncomeTaxesCurrent",
                "unit": "usd",
                "value": 5367000
            },
            {
                "label": "Accrued employee compensation and benefits",
                "concept": "EmployeeRelatedLiabilitiesCurrent",
                "unit": "usd",
                "value": 5900000
            },
            {
                "label": "Current portion of long-term debt",
                "concept": "LongTermDebtCurrent",
                "unit": "usd",
                "value": 3125000
            },
            {
                "label": "Other current liabilities",
                "concept": "OtherLiabilitiesCurrent",
                "unit": "usd",
                "value": 2122000
            },
            {
                "label": "Total current liabilities",
                "concept": "LiabilitiesCurrent",
                "unit": "usd",
                "value": 66923000
            },
            {
                "label": "Long-term debt",
                "concept": "LongTermLineOfCredit",
                "unit": "usd",
                "value": 40239000
            },
            {
                "label": "Deferred tax liabilities",
                "concept": "DeferredIncomeTaxLiabilitiesNet",
                "unit": "usd",
                "value": 880000
            },
            {
                "label": "Other long-term liabilities",
                "concept": "OtherLiabilitiesNoncurrent",
                "unit": "usd",
                "value": 9153000
            },
            {
                "label": "Total liabilities",
                "concept": "Liabilities",
                "unit": "usd",
                "value": 117195000
            },
            {
                "label": "Commitments and contingencies (Note 11)",
                "concept": "CommitmentsAndContingencies",
                "unit": "usd",
                "value": "N/A"
            },
            {
                "label": "Preferred stock, $0.05 par value; 4,000,000 shares authorized; no issued and outstanding shares",
                "concept": "PreferredStockValue",
                "unit": "usd",
                "value": 0
            },
            {
                "label": "Common stock, $0.05 par value; 25,000,000 shares authorized; 14,985,696 and 14,905,776 shares outstanding, respectively",
                "concept": "CommonStockValue",
                "unit": "usd",
                "value": 755000
            },
            {
                "label": "Additional paid-in capital",
                "concept": "AdditionalPaidInCapital",
                "unit": "usd",
                "value": 81122000
            },
            {
                "label": "Retained earnings",
                "concept": "RetainedEarningsAccumulatedDeficit",
                "unit": "usd",
                "value": 104162000
            },
            {
                "label": "Other cumulative comprehensive loss",
                "concept": "AccumulatedOtherComprehensiveIncomeLossNetOfTax",
                "unit": "usd",
                "value": -35433000
            },
            {
                "label": "Treasury stock, at cost; 103,384 and 82,186 shares, respectively",
                "concept": "TreasuryStockValue",
                "unit": "usd",
                "value": 1695000
            },
            {
                "label": "Total stockholders\u2019 equity",
                "concept": "StockholdersEquity",
                "unit": "usd",
                "value": 148911000
            },
            {
                "label": "Total liabilities and stockholders\u2019 equity",
                "concept": "LiabilitiesAndStockholdersEquity",
                "unit": "usd",
                "value": 266106000
            }
        ],
        "cf": [
            {
                "label": "Depreciation",
                "concept": "Depreciation",
                "unit": "usd",
                "value": 1798000
            },
            {
                "label": "Amortization of purchased intangible assets",
                "concept": "AmortizationOfIntangibleAssets",
                "unit": "usd",
                "value": 398000
            },
            {
                "label": "Amortization of deferred debt issuance costs",
                "concept": "AmortizationOfFinancingCostsAndDiscounts",
                "unit": "usd",
                "value": 47000
            },
            {
                "label": "Stock-based compensation",
                "concept": "ShareBasedCompensation",
                "unit": "usd",
                "value": 1171000
            },
            {
                "label": "Deferred income taxes",
                "concept": "DeferredIncomeTaxExpenseBenefit",
                "unit": "usd",
                "value": 343000
            },
            {
                "label": "Restructuring expenses",
                "concept": "RestructuringSettlementAndImpairmentProvisions",
                "unit": "usd",
                "value": 78000
            },
            {
                "label": "Transition tax liability",
                "concept": "boom:TaxCutsAndJobsActOf2017IncompleteAccountingProvisionalIncomeTaxExpenseBenefit",
                "unit": "usd",
                "value": 0
            },
            {
                "label": "Accounts receivable, net",
                "concept": "IncreaseDecreaseInAccountsReceivable",
                "unit": "usd",
                "value": 13722000
            },
            {
                "label": "Inventories",
                "concept": "IncreaseDecreaseInInventories",
                "unit": "usd",
                "value": -110000
            },
            {
                "label": "Prepaid expenses and other",
                "concept": "IncreaseDecreaseInPrepaidDeferredExpenseAndOtherAssets",
                "unit": "usd",
                "value": -1178000
            },
            {
                "label": "Accounts payable",
                "concept": "IncreaseDecreaseInAccountsPayable",
                "unit": "usd",
                "value": 5342000
            },
            {
                "label": "Contract liabilities",
                "concept": "IncreaseDecreaseInContractWithCustomerLiability",
                "unit": "usd",
                "value": 1363000
            },
            {
                "label": "Accrued anti-dumping duties and penalties",
                "concept": "boom:IncreaseDecreaseInAccruedTariffs",
                "unit": "usd",
                "value": 0
            },
            {
                "label": "Accrued expenses and other liabilities",
                "concept": "IncreaseDecreaseInAccruedLiabilities",
                "unit": "usd",
                "value": -6279000
            },
            {
                "label": "Net cash provided by (used in) operating activities",
                "concept": "NetCashProvidedByUsedInOperatingActivities",
                "unit": "usd",
                "value": 6997000
            },
            {
                "label": "Acquisition of property, plant and equipment",
                "concept": "PaymentsToAcquirePropertyPlantAndEquipment",
                "unit": "usd",
                "value": 6601000
            },
            {
                "label": "Proceeds on sale of property, plant and equipment",
                "concept": "ProceedsFromSaleOfPropertyPlantAndEquipment",
                "unit": "usd",
                "value": 204000
            },
            {
                "label": "Net cash used in investing activities",
                "concept": "NetCashProvidedByUsedInInvestingActivities",
                "unit": "usd",
                "value": -6397000
            },
            {
                "label": "Borrowings on bank lines of credit, net",
                "concept": "ProceedsFromLongTermLinesOfCredit",
                "unit": "usd",
                "value": 2750000
            },
            {
                "label": "(Repayments) borrowings on capital expenditure facility",
                "concept": "ProceedsFromRepaymentsOfLinesOfCredit",
                "unit": "usd",
                "value": -781000
            },
            {
                "label": "Payment of dividends",
                "concept": "PaymentsOfDividends",
                "unit": "usd",
                "value": 298000
            },
            {
                "label": "Treasury stock purchases",
                "concept": "PaymentsForRepurchaseOfCommonStock",
                "unit": "usd",
                "value": 853000
            },
            {
                "label": "Net cash provided by financing activities",
                "concept": "NetCashProvidedByUsedInFinancingActivities",
                "unit": "usd",
                "value": 818000
            },
            {
                "label": "Effects of exchanges rates on cash",
                "concept": "EffectOfExchangeRateOnCashCashEquivalentsRestrictedCashAndRestrictedCashEquivalents",
                "unit": "usd",
                "value": 81000
            },
            {
                "label": "Net increase in cash and cash equivalents",
                "concept": "CashCashEquivalentsRestrictedCashAndRestrictedCashEquivalentsPeriodIncreaseDecreaseIncludingExchangeRateEffect",
                "unit": "usd",
                "value": 1499000
            },
            {
                "label": "Non-cash lease liabilities arising from obtaining right-of-use assets (Note 6)",
                "concept": "RightOfUseAssetObtainedInExchangeForOperatingLeaseLiability",
                "unit": "usd",
                "value": 8821000
            }
        ],
        "ic": [
            {
                "label": "Net sales",
                "concept": "RevenueFromContractWithCustomerExcludingAssessedTax",
                "unit": "usd",
                "value": 100135000
            },
            {
                "label": "Cost of products sold",
                "concept": "CostOfGoodsAndServicesSold",
                "unit": "usd",
                "value": 63730000
            },
            {
                "label": "Gross profit",
                "concept": "GrossProfit",
                "unit": "usd",
                "value": 36405000
            },
            {
                "label": "General and administrative expenses",
                "concept": "GeneralAndAdministrativeExpense",
                "unit": "usd",
                "value": 9168000
            },
            {
                "label": "Selling and distribution expenses",
                "concept": "SellingExpense",
                "unit": "usd",
                "value": 6309000
            },
            {
                "label": "Amortization of purchased intangible assets",
                "concept": "AmortizationOfIntangibleAssets",
                "unit": "usd",
                "value": 398000
            },
            {
                "label": "Restructuring expenses",
                "concept": "RestructuringSettlementAndImpairmentProvisions",
                "unit": "usd",
                "value": 78000
            },
            {
                "label": "Anti-dumping duty penalties",
                "concept": "boom:AntiDumpingDutyPenalties",
                "unit": "usd",
                "value": 0
            },
            {
                "label": "Total costs and expenses",
                "concept": "OperatingExpenses",
                "unit": "usd",
                "value": 15953000
            },
            {
                "label": "Operating income",
                "concept": "OperatingIncomeLoss",
                "unit": "usd",
                "value": 20452000
            },
            {
                "label": "Other expense, net",
                "concept": "OtherNonoperatingIncomeExpense",
                "unit": "usd",
                "value": -21000
            },
            {
                "label": "Interest expense, net",
                "concept": "InterestExpense",
                "unit": "usd",
                "value": 373000
            },
            {
                "label": "Income tax provision",
                "concept": "IncomeTaxExpenseBenefit",
                "unit": "usd",
                "value": 4888000
            },
            {
                "label": "Net income",
                "concept": "NetIncomeLoss",
                "unit": "usd",
                "value": 15170000
            },
            {
                "label": "Basic (in shares)",
                "concept": "WeightedAverageNumberOfSharesOutstandingBasic",
                "unit": "shares",
                "value": 14606052
            },
            {
                "label": "Diluted (in shares)",
                "concept": "WeightedAverageNumberOfDilutedSharesOutstanding",
                "unit": "shares",
                "value": 14671689
            },
            {
                "label": "Dividends declared per common share (in dollars per share)",
                "concept": "CommonStockDividendsPerShareDeclared",
                "unit": "usd/shares",
                "value": 0.02
            }
        ]
    }
}