{
    "startDate": "2018-02-04",
    "endDate": "2019-02-02",
    "year": "2018",
    "quarter": "FY",
    "symbol": "SSI",
    "data": {
        "bs": [
            {
                "label": "Cash and cash equivalents",
                "concept": "CashAndCashEquivalentsAtCarryingValue",
                "unit": "usd",
                "value": 15830000
            },
            {
                "label": "Merchandise inventories, net",
                "concept": "InventoryNet",
                "unit": "usd",
                "value": 424555000
            },
            {
                "label": "Prepaid expenses and other current assets",
                "concept": "PrepaidExpenseAndOtherAssetsCurrent",
                "unit": "usd",
                "value": 52518000
            },
            {
                "label": "Total current assets",
                "concept": "AssetsCurrent",
                "unit": "usd",
                "value": 492903000
            },
            {
                "label": "Property, equipment and leasehold improvements, net",
                "concept": "PropertyPlantAndEquipmentNet",
                "unit": "usd",
                "value": 224803000
            },
            {
                "label": "Intangible assets",
                "concept": "IntangibleAssetsNetExcludingGoodwill",
                "unit": "usd",
                "value": 2225000
            },
            {
                "label": "Other non-current assets, net",
                "concept": "OtherAssetsNoncurrent",
                "unit": "usd",
                "value": 24230000
            },
            {
                "label": "Total assets",
                "concept": "Assets",
                "unit": "usd",
                "value": 744161000
            },
            {
                "label": "Accounts payable",
                "concept": "AccountsPayableCurrent",
                "unit": "usd",
                "value": 106825000
            },
            {
                "label": "Accrued expenses and other current liabilities",
                "concept": "AccruedLiabilitiesCurrent",
                "unit": "usd",
                "value": 65715000
            },
            {
                "label": "Total current liabilities",
                "concept": "LiabilitiesCurrent",
                "unit": "usd",
                "value": 177352000
            },
            {
                "label": "Other long-term liabilities",
                "concept": "OtherLiabilitiesNoncurrent",
                "unit": "usd",
                "value": 61990000
            },
            {
                "label": "Total liabilities",
                "concept": "Liabilities",
                "unit": "usd",
                "value": 489636000
            },
            {
                "label": "Commitments and contingencies (Note 13)",
                "concept": "CommitmentsAndContingencies",
                "unit": "usd",
                "value": "N/A"
            },
            {
                "label": "Common stock, par value $0.01, 100,000 shares authorized, 33,469 and 32,806 shares issued, respectively",
                "concept": "CommonStockValue",
                "unit": "usd",
                "value": 335000
            },
            {
                "label": "Additional paid-in capital",
                "concept": "AdditionalPaidInCapitalCommonStock",
                "unit": "usd",
                "value": 423535000
            },
            {
                "label": "Treasury stock, at cost, 5,175 shares, respectively",
                "concept": "TreasuryStockValue",
                "unit": "usd",
                "value": 43579000
            },
            {
                "label": "Accumulated other comprehensive loss",
                "concept": "AccumulatedOtherComprehensiveIncomeLossDefinedBenefitPensionAndOtherPostretirementPlansNetOfTax",
                "unit": "usd",
                "value": 5857000
            },
            {
                "label": "Accumulated deficit",
                "concept": "RetainedEarningsAccumulatedDeficit",
                "unit": "usd",
                "value": -119909000
            },
            {
                "label": "Total stockholders' equity",
                "concept": "StockholdersEquity",
                "unit": "usd",
                "value": 254525000
            },
            {
                "label": "Total liabilities and stockholders' equity",
                "concept": "LiabilitiesAndStockholdersEquity",
                "unit": "usd",
                "value": 744161000
            }
        ],
        "cf": [
            {
                "label": "Net loss",
                "concept": "NetIncomeLoss",
                "unit": "usd",
                "value": -87714000
            },
            {
                "label": "Depreciation and amortization of long-lived assets",
                "concept": "DepreciationDepletionAndAmortization",
                "unit": "usd",
                "value": 58655000
            },
            {
                "label": "Impairment of long-lived assets",
                "concept": "ImpairmentOfLongLivedAssetsHeldForUse",
                "unit": "usd",
                "value": 2780000
            },
            {
                "label": "Impairment of trade name",
                "concept": "ImpairmentOfIntangibleAssetsIndefinitelivedExcludingGoodwill",
                "unit": "usd",
                "value": 14910000
            },
            {
                "label": "Gain on retirements of property, equipment and leasehold improvements",
                "concept": "GainLossOnSaleOfPropertyPlantEquipment",
                "unit": "usd",
                "value": 2370000
            },
            {
                "label": "Stock-based compensation expense",
                "concept": "ShareBasedCompensation",
                "unit": "usd",
                "value": 4804000
            },
            {
                "label": "Amortization of debt issuance costs",
                "concept": "AmortizationOfFinancingCosts",
                "unit": "usd",
                "value": 369000
            },
            {
                "label": "Deferred compensation obligation",
                "concept": "IncreaseDecreaseInDeferredCompensation",
                "unit": "usd",
                "value": 281000
            },
            {
                "label": "Amortization of employee benefit related costs and pension settlement charges",
                "concept": "PensionAndOtherPostretirementBenefitsExpenseReversalOfExpenseNoncash",
                "unit": "usd",
                "value": 1169000
            },
            {
                "label": "Construction allowances from landlords",
                "concept": "PaymentsForProceedsFromTenantAllowance",
                "unit": "usd",
                "value": -810000
            },
            {
                "label": "Decrease in merchandise inventories",
                "concept": "IncreaseDecreaseInInventories",
                "unit": "usd",
                "value": -13822000
            },
            {
                "label": "Increase in other assets",
                "concept": "IncreaseDecreaseInOtherOperatingAssets",
                "unit": "usd",
                "value": 2173000
            },
            {
                "label": "(Decrease) increase in accounts payable and other liabilities",
                "concept": "IncreaseDecreaseInAccountsPayableAndAccruedLiabilities",
                "unit": "usd",
                "value": -49779000
            },
            {
                "label": "Net cash (used in) provided by operating activities",
                "concept": "NetCashProvidedByUsedInOperatingActivities",
                "unit": "usd",
                "value": -44436000
            },
            {
                "label": "Additions to property, equipment and leasehold improvements",
                "concept": "PaymentsToAcquirePropertyPlantAndEquipment",
                "unit": "usd",
                "value": 30949000
            },
            {
                "label": "Proceeds from insurance and disposal of assets",
                "concept": "ProceedsFromSaleOfPropertyPlantAndEquipment",
                "unit": "usd",
                "value": 5612000
            },
            {
                "label": "Net cash used in investing activities",
                "concept": "NetCashProvidedByUsedInInvestingActivities",
                "unit": "usd",
                "value": -25337000
            },
            {
                "label": "Proceeds from revolving loan borrowings",
                "concept": "ProceedsFromLinesOfCredit",
                "unit": "usd",
                "value": 633554000
            },
            {
                "label": "Payments of revolving loan borrowings",
                "concept": "RepaymentsOfLinesOfCredit",
                "unit": "usd",
                "value": 608798000
            },
            {
                "label": "Proceeds from long-term debt obligation",
                "concept": "ProceedsFromIssuanceOfSecuredDebt",
                "unit": "usd",
                "value": 50000000
            },
            {
                "label": "Payments of long-term debt obligations",
                "concept": "RepaymentsOfLongTermDebtAndCapitalSecurities",
                "unit": "usd",
                "value": 2985000
            },
            {
                "label": "Payments of debt issuance costs",
                "concept": "PaymentsOfDebtIssuanceCosts",
                "unit": "usd",
                "value": 1138000
            },
            {
                "label": "Payments for stock related compensation",
                "concept": "ssi:PaymentsRelatedtoTaxWithholdingforShareBasedCompensationandTreasurySharesAcquiredUnderDeferredCompensationPlan",
                "unit": "usd",
                "value": 482000
            },
            {
                "label": "Cash dividends paid",
                "concept": "PaymentsOfDividends",
                "unit": "usd",
                "value": 5798000
            },
            {
                "label": "Net cash provided by financing activities",
                "concept": "NetCashProvidedByUsedInFinancingActivities",
                "unit": "usd",
                "value": 64353000
            },
            {
                "label": "Net (decrease) increase in cash and cash equivalents",
                "concept": "CashAndCashEquivalentsPeriodIncreaseDecrease",
                "unit": "usd",
                "value": -5420000
            },
            {
                "label": "Interest paid",
                "concept": "InterestPaid",
                "unit": "usd",
                "value": 11545000
            },
            {
                "label": "Income taxes paid (refunded)",
                "concept": "IncomeTaxesPaidNet",
                "unit": "usd",
                "value": 169000
            },
            {
                "label": "Unpaid liabilities for capital expenditures",
                "concept": "CapitalExpendituresIncurredButNotYetPaid",
                "unit": "usd",
                "value": 5630000
            }
        ],
        "ic": [
            {
                "label": "Cost of sales and related buying, occupancy and distribution expenses",
                "concept": "CostOfGoodsAndServicesSold",
                "unit": "usd",
                "value": 1250876000
            },
            {
                "label": "Interest expense",
                "concept": "InterestExpense",
                "unit": "usd",
                "value": 11798000
            },
            {
                "label": "Loss before income tax",
                "concept": "IncomeLossFromContinuingOperationsBeforeIncomeTaxesMinorityInterestAndIncomeLossFromEquityMethodInvestments",
                "unit": "usd",
                "value": -87276000
            },
            {
                "label": "Income tax expense (benefit)",
                "concept": "IncomeTaxExpenseBenefit",
                "unit": "usd",
                "value": 438000
            },
            {
                "label": "Net loss",
                "concept": "NetIncomeLoss",
                "unit": "usd",
                "value": -87714000
            },
            {
                "label": "Employee benefit related adjustment, net of tax of $0 and $233, respectively",
                "concept": "OtherComprehensiveIncomeDefinedBenefitPlansNetUnamortizedGainLossArisingDuringPeriodNetOfTax",
                "unit": "usd",
                "value": -1849000
            },
            {
                "label": "Amortization of employee benefit related costs, net of tax of $0 and $192, respectively",
                "concept": "OtherComprehensiveIncomeLossReclassificationAdjustmentFromAOCIPensionAndOtherPostretirementBenefitPlansForNetGainLossNetOfTax",
                "unit": "usd",
                "value": -600000
            },
            {
                "label": "Pension settlement charges, net of tax of $0 and $106, respectively",
                "concept": "OtherComprehensiveIncomeLossFinalizationOfPensionAndNonPensionPostretirementPlanValuationNetOfTax",
                "unit": "usd",
                "value": 569000
            },
            {
                "label": "Total other comprehensive (loss) income",
                "concept": "OtherComprehensiveIncomeLossNetOfTaxPortionAttributableToParent",
                "unit": "usd",
                "value": -680000
            },
            {
                "label": "Comprehensive loss",
                "concept": "ComprehensiveIncomeNetOfTax",
                "unit": "usd",
                "value": -88394000
            },
            {
                "label": "Diluted weighted average shares outstanding",
                "concept": "WeightedAverageNumberOfDilutedSharesOutstanding",
                "unit": "shares",
                "value": 28117000
            }
        ]
    }
}