{
    "startDate": "2019-01-01",
    "endDate": "2019-03-31",
    "year": "2019",
    "quarter": "Q1",
    "symbol": "WEP",
    "data": {
        "bs": [
            {
                "label": "Cash and cash equivalents",
                "concept": "CashAndCashEquivalentsAtCarryingValue",
                "unit": "usd",
                "value": 4600000
            },
            {
                "label": "Accounts receivable and unbilled revenues, net of reserves of $42.4 and $40.9, respectively",
                "concept": "AccountsAndOtherReceivablesNetCurrent",
                "unit": "usd",
                "value": 481600000
            },
            {
                "label": "Accounts receivable from related parties",
                "concept": "DueFromRelatedPartiesCurrent",
                "unit": "usd",
                "value": 83300000
            },
            {
                "label": "Materials, supplies, and inventories",
                "concept": "EnergyRelatedInventory",
                "unit": "usd",
                "value": 191800000
            },
            {
                "label": "Prepayments",
                "concept": "PrepaidExpenseCurrent",
                "unit": "usd",
                "value": 107600000
            },
            {
                "label": "Other",
                "concept": "OtherAssetsCurrent",
                "unit": "usd",
                "value": 4800000
            },
            {
                "label": "Current assets",
                "concept": "AssetsCurrent",
                "unit": "usd",
                "value": 873700000
            },
            {
                "label": "Property, plant, and equipment, net of accumulated depreciation and amortization of $4,385.2 and $4,505.5, respectively",
                "concept": "PropertyPlantAndEquipmentNet",
                "unit": "usd",
                "value": 9360400000
            },
            {
                "label": "Other",
                "concept": "OtherAssetsNoncurrent",
                "unit": "usd",
                "value": 108100000
            },
            {
                "label": "Long-term assets",
                "concept": "AssetsNoncurrent",
                "unit": "usd",
                "value": 12569100000
            },
            {
                "label": "Total assets",
                "concept": "Assets",
                "unit": "usd",
                "value": 13442800000
            },
            {
                "label": "Short-term debt",
                "concept": "CommercialPaper",
                "unit": "usd",
                "value": 75500000
            },
            {
                "label": "Current portion of long-term debt",
                "concept": "LongTermDebtCurrent",
                "unit": "usd",
                "value": 250000000
            },
            {
                "label": "Current portion of finance and capital lease obligations",
                "concept": "FinanceLeaseLiabilityCurrent",
                "unit": "usd",
                "value": 52000000
            },
            {
                "label": "Accounts payable",
                "concept": "AccountsPayableCurrent",
                "unit": "usd",
                "value": 181000000
            },
            {
                "label": "Accounts payable to related parties",
                "concept": "DueToRelatedPartiesCurrent",
                "unit": "usd",
                "value": 240500000
            },
            {
                "label": "Accrued payroll and benefits",
                "concept": "EmployeeRelatedLiabilitiesCurrent",
                "unit": "usd",
                "value": 37000000
            },
            {
                "label": "Other",
                "concept": "OtherLiabilitiesCurrent",
                "unit": "usd",
                "value": 161700000
            },
            {
                "label": "Current liabilities",
                "concept": "LiabilitiesCurrent",
                "unit": "usd",
                "value": 997700000
            },
            {
                "label": "Long-term debt",
                "concept": "LongTermDebtNoncurrent",
                "unit": "usd",
                "value": 2460100000
            },
            {
                "label": "Finance and capital lease obligations",
                "concept": "FinanceLeaseLiabilityNoncurrent",
                "unit": "usd",
                "value": 2813800000
            },
            {
                "label": "Deferred income taxes",
                "concept": "DeferredTaxLiabilitiesNoncurrent",
                "unit": "usd",
                "value": 1292400000
            },
            {
                "label": "Pension and OPEB obligations",
                "concept": "PensionAndOtherPostretirementDefinedBenefitPlansLiabilitiesNoncurrent",
                "unit": "usd",
                "value": 115600000
            },
            {
                "label": "Other",
                "concept": "OtherLiabilitiesNoncurrent",
                "unit": "usd",
                "value": 293300000
            },
            {
                "label": "Long-term liabilities",
                "concept": "LiabilitiesNoncurrent",
                "unit": "usd",
                "value": 8989000000
            },
            {
                "label": "Commitments and contingencies (Note 16)",
                "concept": "CommitmentsAndContingencies",
                "unit": "usd",
                "value": "N/A"
            },
            {
                "label": "Common stock \u2013 $10 par value; 65,000,000 shares authorized; 33,289,327 shares outstanding",
                "concept": "CommonStockValue",
                "unit": "usd",
                "value": 332900000
            },
            {
                "label": "Additional paid in capital",
                "concept": "AdditionalPaidInCapital",
                "unit": "usd",
                "value": 831500000
            },
            {
                "label": "Retained earnings",
                "concept": "RetainedEarningsAccumulatedDeficit",
                "unit": "usd",
                "value": 2261300000
            },
            {
                "label": "Common shareholder's equity",
                "concept": "StockholdersEquityIncludingPortionAttributableToNoncontrollingInterest",
                "unit": "usd",
                "value": 3425700000
            },
            {
                "label": "Total liabilities and equity",
                "concept": "LiabilitiesAndStockholdersEquity",
                "unit": "usd",
                "value": 13442800000
            }
        ],
        "cf": [
            {
                "label": "Deferred income taxes and investment tax credits, net",
                "concept": "DeferredIncomeTaxesAndTaxCredits",
                "unit": "usd",
                "value": -52600000
            },
            {
                "label": "Contributions and payments related to pension and OPEB plans",
                "concept": "PensionAndOtherPostretirementBenefitContributions",
                "unit": "usd",
                "value": 1900000
            },
            {
                "label": "Accounts receivable and unbilled revenues",
                "concept": "IncreaseDecreaseInAccountsAndOtherReceivables",
                "unit": "usd",
                "value": -16500000
            },
            {
                "label": "Materials, supplies, and inventories",
                "concept": "IncreaseDecreaseInInventories",
                "unit": "usd",
                "value": -49600000
            },
            {
                "label": "Prepaid taxes",
                "concept": "IncreaseDecreaseInPrepaidTaxes",
                "unit": "usd",
                "value": -55400000
            },
            {
                "label": "Other current assets",
                "concept": "IncreaseDecreaseInOtherCurrentAssets",
                "unit": "usd",
                "value": -900000
            },
            {
                "label": "Accounts payable",
                "concept": "IncreaseDecreaseInAccountsPayable",
                "unit": "usd",
                "value": -54000000
            },
            {
                "label": "Accrued taxes",
                "concept": "IncreaseDecreaseInAccruedTaxesPayable",
                "unit": "usd",
                "value": 13000000
            },
            {
                "label": "Amounts refundable to customers",
                "concept": "IncreaseDecreaseInOverUnderEnergyRecovery",
                "unit": "usd",
                "value": -15100000
            },
            {
                "label": "Other current liabilities",
                "concept": "IncreaseDecreaseInOtherCurrentLiabilities",
                "unit": "usd",
                "value": 2800000
            },
            {
                "label": "Other, net",
                "concept": "OtherOperatingActivitiesCashFlowStatement",
                "unit": "usd",
                "value": 45400000
            },
            {
                "label": "Net cash provided by operating activities",
                "concept": "NetCashProvidedByUsedInOperatingActivities",
                "unit": "usd",
                "value": 301200000
            },
            {
                "label": "Capital expenditures",
                "concept": "PaymentsToAcquirePropertyPlantAndEquipment",
                "unit": "usd",
                "value": 102400000
            },
            {
                "label": "Payments for assets transferred from affiliates",
                "concept": "wep:PaymentsForAssetsTransferredFromRelatedParty",
                "unit": "usd",
                "value": 0
            },
            {
                "label": "Other, net",
                "concept": "PaymentsForProceedsFromOtherInvestingActivities",
                "unit": "usd",
                "value": -1100000
            },
            {
                "label": "Net cash used in investing activities",
                "concept": "NetCashProvidedByUsedInInvestingActivities",
                "unit": "usd",
                "value": -101300000
            },
            {
                "label": "Change in short-term debt",
                "concept": "ProceedsFromRepaymentsOfShortTermDebt",
                "unit": "usd",
                "value": -59400000
            },
            {
                "label": "Payments for finance lease obligations",
                "concept": "FinanceLeasePrincipalPayments",
                "unit": "usd",
                "value": 5700000
            },
            {
                "label": "Payment of dividends to parent",
                "concept": "PaymentsOfDistributionsToAffiliates",
                "unit": "usd",
                "value": 150000000
            },
            {
                "label": "Payment of preferred stock dividends",
                "concept": "PaymentsOfDividendsPreferredStockAndPreferenceStock",
                "unit": "usd",
                "value": 300000
            },
            {
                "label": "Other, net",
                "concept": "ProceedsFromPaymentsForOtherFinancingActivities",
                "unit": "usd",
                "value": -100000
            },
            {
                "label": "Net cash used in financing activities",
                "concept": "NetCashProvidedByUsedInFinancingActivities",
                "unit": "usd",
                "value": -215500000
            },
            {
                "label": "Net change in cash and cash equivalents",
                "concept": "CashAndCashEquivalentsPeriodIncreaseDecrease",
                "unit": "usd",
                "value": -15600000
            }
        ],
        "ic": [
            {
                "label": "Cost of sales",
                "concept": "CostOfGoodsAndServicesSold",
                "unit": "usd",
                "value": 357200000
            },
            {
                "label": "Other operation and maintenance",
                "concept": "OtherCostAndExpenseOperating",
                "unit": "usd",
                "value": 258900000
            },
            {
                "label": "Depreciation and amortization",
                "concept": "DepreciationDepletionAndAmortization",
                "unit": "usd",
                "value": 96000000
            },
            {
                "label": "Property and revenue taxes",
                "concept": "TaxesExcludingIncomeAndExciseTaxes",
                "unit": "usd",
                "value": 25800000
            },
            {
                "label": "Total operating expenses",
                "concept": "UtilitiesOperatingExpense",
                "unit": "usd",
                "value": 737900000
            },
            {
                "label": "Operating income",
                "concept": "OperatingIncomeLoss",
                "unit": "usd",
                "value": 222900000
            },
            {
                "label": "Other income (expense), net",
                "concept": "OtherNonoperatingIncomeExpense",
                "unit": "usd",
                "value": 5500000
            },
            {
                "label": "Interest expense",
                "concept": "InterestExpense",
                "unit": "usd",
                "value": 119900000
            },
            {
                "label": "Other expense",
                "concept": "NonoperatingIncomeExpense",
                "unit": "usd",
                "value": -114400000
            },
            {
                "label": "Income before income taxes",
                "concept": "IncomeLossFromContinuingOperationsBeforeIncomeTaxesExtraordinaryItemsNoncontrollingInterest",
                "unit": "usd",
                "value": 108500000
            },
            {
                "label": "Income tax benefit",
                "concept": "IncomeTaxExpenseBenefit",
                "unit": "usd",
                "value": -6500000
            },
            {
                "label": "Net income",
                "concept": "IncomeLossFromContinuingOperations",
                "unit": "usd",
                "value": 115000000
            },
            {
                "label": "Preferred stock dividend requirements",
                "concept": "DividendsPreferredStockCash",
                "unit": "usd",
                "value": 300000
            },
            {
                "label": "Net income attributed to common shareholder",
                "concept": "NetIncomeLossAvailableToCommonStockholdersBasic",
                "unit": "usd",
                "value": 114700000
            }
        ]
    }
}