{
    "startDate": "2019-01-01",
    "endDate": "2019-03-31",
    "year": "2019",
    "quarter": "Q1",
    "symbol": "ZION",
    "data": {
        "bs": [
            {
                "label": "Cash and due from banks",
                "concept": "CashAndDueFromBanks",
                "unit": "usd",
                "value": 536000000
            },
            {
                "label": "Interest-bearing deposits",
                "concept": "InterestBearingDepositsInBanks",
                "unit": "usd",
                "value": 702000000
            },
            {
                "label": "Federal funds sold and security resell agreements",
                "concept": "FederalFundsSoldAndSecuritiesPurchasedUnderAgreementsToResell",
                "unit": "usd",
                "value": 438000000
            },
            {
                "label": "Available-for-sale, at fair value",
                "concept": "AvailableForSaleSecurities",
                "unit": "usd",
                "value": 14904000000
            },
            {
                "label": "Trading account, at fair value",
                "concept": "TradingSecurities",
                "unit": "usd",
                "value": 316000000
            },
            {
                "label": "Total investment securities",
                "concept": "MarketableSecurities",
                "unit": "usd",
                "value": 15984000000
            },
            {
                "label": "Loans and leases, net of unearned income and fees",
                "concept": "LoansAndLeasesReceivableNetOfDeferredIncome",
                "unit": "usd",
                "value": 47606000000
            },
            {
                "label": "Less allowance for loan losses",
                "concept": "LoansAndLeasesReceivableAllowance",
                "unit": "usd",
                "value": 497000000
            },
            {
                "label": "Loans held for investment, net of allowance",
                "concept": "LoansAndLeasesReceivableNetReportedAmountCoveredAndNotCovered",
                "unit": "usd",
                "value": 47109000000
            },
            {
                "label": "Other noninterest-bearing investments",
                "concept": "OtherInvestments",
                "unit": "usd",
                "value": 993000000
            },
            {
                "label": "Premises, equipment and software, net",
                "concept": "PropertyPlantAndEquipmentNet",
                "unit": "usd",
                "value": 1125000000
            },
            {
                "label": "Goodwill and intangibles",
                "concept": "IntangibleAssetsNetIncludingGoodwill",
                "unit": "usd",
                "value": 1014000000
            },
            {
                "label": "Other real estate owned",
                "concept": "OtherRealEstateAndForeclosedAssets",
                "unit": "usd",
                "value": 6000000
            },
            {
                "label": "Other assets",
                "concept": "OtherAssets",
                "unit": "usd",
                "value": 1219000000
            },
            {
                "label": "Total assets",
                "concept": "Assets",
                "unit": "usd",
                "value": 69195000000
            },
            {
                "label": "Noninterest-bearing demand",
                "concept": "NoninterestBearingDepositLiabilities",
                "unit": "usd",
                "value": 23259000000
            },
            {
                "label": "Savings and money market",
                "concept": "DepositsSavingsDeposits",
                "unit": "usd",
                "value": 26348000000
            },
            {
                "label": "Total deposits",
                "concept": "Deposits",
                "unit": "usd",
                "value": 54535000000
            },
            {
                "label": "Federal funds purchased and other short-term borrowings",
                "concept": "FederalFundsPurchasedAndSecuritiesSoldUnderAgreementsToRepurchase",
                "unit": "usd",
                "value": 4944000000
            },
            {
                "label": "Long-term Debt",
                "concept": "LongTermDebt",
                "unit": "usd",
                "value": 1228000000
            },
            {
                "label": "Other liabilities",
                "concept": "OtherLiabilities",
                "unit": "usd",
                "value": 841000000
            },
            {
                "label": "Total liabilities",
                "concept": "Liabilities",
                "unit": "usd",
                "value": 61607000000
            },
            {
                "label": "Preferred stock, without par value",
                "concept": "PreferredStockValue",
                "unit": "usd",
                "value": 566000000
            },
            {
                "label": "Additional Paid-in Capital",
                "concept": "AdditionalPaidInCapital",
                "unit": "usd",
                "value": 3541000000
            },
            {
                "label": "Retained earnings",
                "concept": "RetainedEarningsAccumulatedDeficit",
                "unit": "usd",
                "value": 3603000000
            },
            {
                "label": "Accumulated other comprehensive income (loss)",
                "concept": "AccumulatedOtherComprehensiveIncomeLossNetOfTax",
                "unit": "usd",
                "value": -122000000
            },
            {
                "label": "Stockholders' Equity",
                "concept": "StockholdersEquityIncludingPortionAttributableToNoncontrollingInterest",
                "unit": "usd",
                "value": 7588000000
            },
            {
                "label": "Total liabilities and shareholders' equity",
                "concept": "LiabilitiesAndStockholdersEquity",
                "unit": "usd",
                "value": 69195000000
            },
            {
                "label": "Preferred Stock, Shares Authorized",
                "concept": "PreferredStockSharesAuthorized",
                "unit": "shares",
                "value": 4400000
            },
            {
                "label": "Common Stock, Shares Authorized",
                "concept": "CommonStockSharesAuthorized",
                "unit": "shares",
                "value": 350000000
            },
            {
                "label": "Common Stock, Shares, Issued",
                "concept": "CommonStockSharesIssued",
                "unit": "shares",
                "value": 182513000
            },
            {
                "label": "Common Stock, Shares, Outstanding",
                "concept": "CommonStockSharesOutstanding",
                "unit": "shares",
                "value": 182513000
            }
        ],
        "cf": [
            {
                "label": "Net increase (decrease) in cash and due from banks",
                "concept": "CashAndCashEquivalentsPeriodIncreaseDecrease",
                "unit": "usd",
                "value": -78000000
            },
            {
                "label": "Cash paid for interest",
                "concept": "InterestPaid",
                "unit": "usd",
                "value": 95000000
            },
            {
                "label": "Net cash paid for income taxes",
                "concept": "IncomeTaxesPaidNet",
                "unit": "usd",
                "value": -2000000
            },
            {
                "label": "Net income for the period",
                "concept": "ProfitLoss",
                "unit": "usd",
                "value": 213000000
            },
            {
                "label": "Provision for credit losses",
                "concept": "ProvisionForLoanLeaseAndOtherLosses",
                "unit": "usd",
                "value": 4000000
            },
            {
                "label": "Depreciation and amortization",
                "concept": "DepreciationAndAmortization",
                "unit": "usd",
                "value": 44000000
            },
            {
                "label": "Share-based Compensation",
                "concept": "ShareBasedCompensation",
                "unit": "usd",
                "value": 14000000
            },
            {
                "label": "Deferred income tax expense",
                "concept": "DeferredIncomeTaxExpenseBenefit",
                "unit": "usd",
                "value": 15000000
            },
            {
                "label": "Net decrease (increase) in trading securities",
                "concept": "IncreaseDecreaseInTradingSecurities",
                "unit": "usd",
                "value": 210000000
            },
            {
                "label": "Net increase in loans held for sale",
                "concept": "IncreaseDecreaseInLoansHeldForSale",
                "unit": "usd",
                "value": 1000000
            },
            {
                "label": "Debt and Equity Securities, Gain (Loss)",
                "concept": "DebtAndEquitySecuritiesGainLoss",
                "unit": "usd",
                "value": 1000000
            },
            {
                "label": "Change in other liabilities",
                "concept": "IncreaseDecreaseInOperatingLiabilities",
                "unit": "usd",
                "value": -43000000
            },
            {
                "label": "Change in other assets",
                "concept": "IncreaseDecreaseInOtherOperatingAssets",
                "unit": "usd",
                "value": 70000000
            },
            {
                "label": "Other, net",
                "concept": "OtherNoncashIncomeExpense",
                "unit": "usd",
                "value": 8000000
            },
            {
                "label": "Net cash provided by (used in) operating activities",
                "concept": "NetCashProvidedByUsedInOperatingActivities",
                "unit": "usd",
                "value": -42000000
            },
            {
                "label": "Net decrease (increase) in money market investments",
                "concept": "PaymentsForProceedsFromShortTermInvestments",
                "unit": "usd",
                "value": -940000000
            },
            {
                "label": "Proceeds from maturities and paydowns of investment securities held-to-maturity",
                "concept": "ProceedsFromMaturitiesPrepaymentsAndCallsOfHeldToMaturitySecurities",
                "unit": "usd",
                "value": 101000000
            },
            {
                "label": "Purchases of investment securities held-to-maturity",
                "concept": "PaymentsToAcquireHeldToMaturitySecurities",
                "unit": "usd",
                "value": 91000000
            },
            {
                "label": "Proceeds from sales, maturities, and paydowns of investment securities available-for-sale",
                "concept": "ProceedsFromMaturitiesPrepaymentsAndCallsOfAvailableForSaleSecurities",
                "unit": "usd",
                "value": 587000000
            },
            {
                "label": "Purchases of investment securities available-for-sale",
                "concept": "PaymentsToAcquireAvailableForSaleSecurities",
                "unit": "usd",
                "value": 623000000
            },
            {
                "label": "Net change in loans and leases",
                "concept": "PaymentsForProceedsFromOtherLoansAndLeases",
                "unit": "usd",
                "value": 860000000
            },
            {
                "label": "Purchases and sales of other noninterest-bearing investments",
                "concept": "zion:Netchangeinothernoninterestbearinginvestments",
                "unit": "usd",
                "value": 54000000
            },
            {
                "label": "Purchases of premises and equipment",
                "concept": "PaymentsToAcquirePropertyPlantAndEquipment",
                "unit": "usd",
                "value": 25000000
            },
            {
                "label": "Other, net",
                "concept": "PaymentsForProceedsFromOtherInvestingActivities",
                "unit": "usd",
                "value": -4000000
            },
            {
                "label": "Net Cash Provided by (Used in) Investing Activities",
                "concept": "NetCashProvidedByUsedInInvestingActivities",
                "unit": "usd",
                "value": 87000000
            },
            {
                "label": "Net increase in deposits",
                "concept": "IncreaseDecreaseInDeposits",
                "unit": "usd",
                "value": 435000000
            },
            {
                "label": "Net change in short-term funds borrowed",
                "concept": "ProceedsFromRepaymentsOfShortTermDebt",
                "unit": "usd",
                "value": -709000000
            },
            {
                "label": "Repayments of debt over 90 days and up to one year",
                "concept": "zion:Repaymentsofdebtover90daysanduptooneyear",
                "unit": "usd",
                "value": 0
            },
            {
                "label": "Proceeds from the issuance of long-term debt",
                "concept": "ProceedsFromRepaymentsOfDebt",
                "unit": "usd",
                "value": 497000000
            },
            {
                "label": "Proceeds from Issuance of Common Stock",
                "concept": "ProceedsFromIssuanceOfCommonStock",
                "unit": "usd",
                "value": 4000000
            },
            {
                "label": "Dividends paid on common and preferred stock",
                "concept": "PaymentsOfDividends",
                "unit": "usd",
                "value": 66000000
            },
            {
                "label": "Bank common stock repurchased",
                "concept": "PaymentsForRepurchaseOfCommonStock",
                "unit": "usd",
                "value": 276000000
            },
            {
                "label": "Other, net",
                "concept": "ProceedsFromPaymentsForOtherFinancingActivities",
                "unit": "usd",
                "value": -8000000
            },
            {
                "label": "Net cash provided by (used in) financing activities",
                "concept": "NetCashProvidedByUsedInFinancingActivities",
                "unit": "usd",
                "value": -123000000
            },
            {
                "label": "Loans Held for Investment Transferred to Other Real Estate Owned",
                "concept": "TransferToOtherRealEstate",
                "unit": "usd",
                "value": 5000000
            },
            {
                "label": "Loans Held for Investment Reclassified to Loans Held for Sale, Net",
                "concept": "TransferOfPortfolioLoansAndLeasesToHeldForSale1",
                "unit": "usd",
                "value": 0
            }
        ],
        "ic": [
            {
                "label": "Other noninterest-bearing investments, Nonmarketable equity securities, Gross gains",
                "concept": "zion:OtherNoninterestBearingInvestmentsNonmarketableEquitySecuritiesGrossGains",
                "unit": "usd",
                "value": 4000000
            },
            {
                "label": "Other noninterest-bearing investments, Nonmarketable equity securities, Gross losses",
                "concept": "zion:OtherNoninterestBearingInvestmentsNonmarketableEquitySecuritiesGrossLosses",
                "unit": "usd",
                "value": 3000000
            },
            {
                "label": "Gain (Loss) on Investments",
                "concept": "GainLossOnInvestments",
                "unit": "usd",
                "value": 1000000
            }
        ]
    }
}