{
    "startDate": "2018-12-01",
    "endDate": "2019-02-28",
    "year": "2019",
    "quarter": "Q3",
    "symbol": "NRU",
    "data": {
        "bs": [
            {
                "label": "Cash and cash equivalents",
                "concept": "CashAndCashEquivalentsAtCarryingValue",
                "unit": "usd",
                "value": 223358000
            },
            {
                "label": "Restricted cash",
                "concept": "RestrictedCashAndCashEquivalents",
                "unit": "usd",
                "value": 7270000
            },
            {
                "label": "Total cash, cash equivalents and restricted cash",
                "concept": "CashCashEquivalentsRestrictedCashAndRestrictedCashEquivalents",
                "unit": "usd",
                "value": 230628000
            },
            {
                "label": "Time deposits",
                "concept": "TimeDepositsAtCarryingValue",
                "unit": "usd",
                "value": 0
            },
            {
                "label": "Equity securities",
                "concept": "EquitySecuritiesFvNi",
                "unit": "usd",
                "value": 89132000
            },
            {
                "label": "Debt securities held to maturity, at amortized cost",
                "concept": "HeldToMaturitySecurities",
                "unit": "usd",
                "value": 561400000
            },
            {
                "label": "Total investment securities",
                "concept": "Investments",
                "unit": "usd",
                "value": 650532000
            },
            {
                "label": "Accrued interest receivable",
                "concept": "AccruedInvestmentIncomeReceivable",
                "unit": "usd",
                "value": 130670000
            },
            {
                "label": "Other receivables",
                "concept": "OtherReceivables",
                "unit": "usd",
                "value": 36103000
            },
            {
                "label": "Fixed assets, net",
                "concept": "PropertyPlantAndEquipmentNet",
                "unit": "usd",
                "value": 118999000
            },
            {
                "label": "Derivative assets",
                "concept": "DerivativeAssets",
                "unit": "usd",
                "value": 185449000
            },
            {
                "label": "Accrued interest payable",
                "concept": "InterestPayableCurrentAndNoncurrent",
                "unit": "usd",
                "value": 190511000
            },
            {
                "label": "Short-term borrowings",
                "concept": "ShortTermBorrowings",
                "unit": "usd",
                "value": 3651941000
            },
            {
                "label": "Subordinated deferrable debt",
                "concept": "SubordinatedLongTermDebt",
                "unit": "usd",
                "value": 742516000
            },
            {
                "label": "Membership subordinated certificates",
                "concept": "nru:MembershipSubordinatedCertificates",
                "unit": "usd",
                "value": 630467000
            },
            {
                "label": "Loan and guarantee subordinated certificates",
                "concept": "nru:LoanandGuaranteeSubordinatedCertificates",
                "unit": "usd",
                "value": 505782000
            },
            {
                "label": "Member capital securities",
                "concept": "nru:MemberCapitalSecurities",
                "unit": "usd",
                "value": 221170000
            },
            {
                "label": "Total members\u2019 subordinated certificates",
                "concept": "nru:MembersSubordinatedCertificates",
                "unit": "usd",
                "value": 1357419000
            },
            {
                "label": "Total debt outstanding",
                "concept": "nru:LongTermDebtIncludingMembersSubordinatedCertificates",
                "unit": "usd",
                "value": 25316809000
            },
            {
                "label": "Derivative liabilities",
                "concept": "DerivativeLiabilities",
                "unit": "usd",
                "value": 243365000
            },
            {
                "label": "Retained equity",
                "concept": "RetainedEarningsAccumulatedDeficit",
                "unit": "usd",
                "value": 1522696000
            },
            {
                "label": "Accumulated other comprehensive income",
                "concept": "AccumulatedOtherComprehensiveIncomeLossNetOfTax",
                "unit": "usd",
                "value": 847000
            },
            {
                "label": "Total CFC equity",
                "concept": "StockholdersEquity",
                "unit": "usd",
                "value": 1523543000
            },
            {
                "label": "Noncontrolling interests",
                "concept": "MinorityInterest",
                "unit": "usd",
                "value": 29069000
            },
            {
                "label": "Total equity",
                "concept": "StockholdersEquityIncludingPortionAttributableToNoncontrollingInterest",
                "unit": "usd",
                "value": 1552612000
            },
            {
                "label": "Total liabilities and equity",
                "concept": "LiabilitiesAndStockholdersEquity",
                "unit": "usd",
                "value": 27410061000
            }
        ],
        "cf": [],
        "ic": [
            {
                "label": "Benefit (provision) for loan losses",
                "concept": "ProvisionForLoanLossesExpensed",
                "unit": "usd",
                "value": 182000
            },
            {
                "label": "Results of operations of foreclosed assets",
                "concept": "nru:OperatingIncomeLossonForeclosedAssets",
                "unit": "usd",
                "value": 0
            },
            {
                "label": "Salaries and employee benefits",
                "concept": "LaborAndRelatedExpense",
                "unit": "usd",
                "value": 13020000
            },
            {
                "label": "Other general and administrative expenses",
                "concept": "SellingGeneralAndAdministrativeExpense",
                "unit": "usd",
                "value": 9978000
            },
            {
                "label": "Losses on early extinguishment of debt",
                "concept": "GainsLossesOnExtinguishmentOfDebt",
                "unit": "usd",
                "value": 0
            },
            {
                "label": "Income (loss) before income taxes",
                "concept": "IncomeLossFromContinuingOperationsBeforeIncomeTaxesMinorityInterestAndIncomeLossFromEquityMethodInvestments",
                "unit": "usd",
                "value": -71620000
            },
            {
                "label": "Net income (loss)",
                "concept": "ProfitLoss",
                "unit": "usd",
                "value": -71471000
            },
            {
                "label": "Less: Net (income) loss attributable to noncontrolling interests",
                "concept": "NetIncomeLossAttributableToNoncontrollingInterest",
                "unit": "usd",
                "value": -539000
            },
            {
                "label": "Net income (loss) attributable to CFC",
                "concept": "NetIncomeLoss",
                "unit": "usd",
                "value": -70932000
            }
        ]
    }
}