{
    "startDate": "2019-01-01",
    "endDate": "2019-03-31",
    "year": "2019",
    "quarter": "Q1",
    "symbol": "C858",
    "data": {
        "bs": [
            {
                "label": "Cash, Cash Equivalents, Restricted Cash and Restricted Cash Equivalents",
                "concept": "CashCashEquivalentsRestrictedCashAndRestrictedCashEquivalents",
                "unit": "usd",
                "value": 341674000
            },
            {
                "label": "Cash, Cash Equivalents, Restricted Cash and Restricted Cash Equivalents",
                "concept": "CashCashEquivalentsRestrictedCashAndRestrictedCashEquivalents",
                "unit": "usd",
                "value": 341674000
            },
            {
                "label": "Cash and cash equivalents ($4,993 in 2014 held by variable interest entities (\"VIEs\"))",
                "concept": "CashAndCashEquivalentsAtCarryingValue",
                "unit": "usd",
                "value": 296317000
            },
            {
                "label": "Restricted Cash and Cash Equivalents",
                "concept": "RestrictedCashAndCashEquivalents",
                "unit": "usd",
                "value": 45357000
            },
            {
                "label": "Cash, Cash Equivalents, Restricted Cash and Restricted Cash Equivalents",
                "concept": "CashCashEquivalentsRestrictedCashAndRestrictedCashEquivalents",
                "unit": "usd",
                "value": 341674000
            }
        ],
        "cf": [
            {
                "label": "Net Income (Loss), Including Portion Attributable to Noncontrolling Interest",
                "concept": "ProfitLoss",
                "unit": "usd",
                "value": 4638000
            },
            {
                "label": "Provision for Loan and Lease Losses",
                "concept": "ProvisionForLoanAndLeaseLosses",
                "unit": "usd",
                "value": -961000
            },
            {
                "label": "Provision for Doubtful Accounts",
                "concept": "ProvisionForDoubtfulAccounts",
                "unit": "usd",
                "value": 11145000
            },
            {
                "label": "Depreciation, Amortization and Accretion, Net",
                "concept": "DepreciationAmortizationAndAccretionNet",
                "unit": "usd",
                "value": 6875000
            },
            {
                "label": "Share-based Compensation",
                "concept": "ShareBasedCompensation",
                "unit": "usd",
                "value": 3049000
            },
            {
                "label": "Gain (Loss) on Sale of Properties",
                "concept": "GainLossOnSaleOfProperties",
                "unit": "usd",
                "value": 1332000
            },
            {
                "label": "Income (Loss) from Equity Method Investments",
                "concept": "IncomeLossFromEquityMethodInvestments",
                "unit": "usd",
                "value": -17000
            },
            {
                "label": "Increase (Decrease) in Deferred Income Taxes",
                "concept": "IncreaseDecreaseInDeferredIncomeTaxes",
                "unit": "usd",
                "value": -1093000
            },
            {
                "label": "Asset Impairment Charges",
                "concept": "AssetImpairmentCharges",
                "unit": "usd",
                "value": 618000
            },
            {
                "label": "Increase (Decrease) in Other Deferred Liability",
                "concept": "IncreaseDecreaseInOtherDeferredLiability",
                "unit": "usd",
                "value": 209000
            },
            {
                "label": "Increase (Decrease) in Accounts and Notes Receivable",
                "concept": "IncreaseDecreaseInAccountsAndNotesReceivable",
                "unit": "usd",
                "value": 7607000
            },
            {
                "label": "Increase (Decrease) in Inventories",
                "concept": "IncreaseDecreaseInInventories",
                "unit": "usd",
                "value": 613000
            },
            {
                "label": "Increase (Decrease) in Other Operating Assets",
                "concept": "IncreaseDecreaseInOtherOperatingAssets",
                "unit": "usd",
                "value": 6726000
            },
            {
                "label": "Increase (Decrease) in Other Operating Liabilities",
                "concept": "IncreaseDecreaseInOtherOperatingLiabilities",
                "unit": "usd",
                "value": -11203000
            },
            {
                "label": "Net Cash Provided by (Used in) Operating Activities",
                "concept": "NetCashProvidedByUsedInOperatingActivities",
                "unit": "usd",
                "value": -6566000
            },
            {
                "label": "Proceeds from Equity Method Investment, Dividends or Distributions, Return of Capital",
                "concept": "ProceedsFromEquityMethodInvestmentDividendsOrDistributionsReturnOfCapital",
                "unit": "usd",
                "value": 2068000
            },
            {
                "label": "Payments to Acquire Interest in Joint Venture",
                "concept": "PaymentsToAcquireInterestInJointVenture",
                "unit": "usd",
                "value": 4920000
            },
            {
                "label": "Payments for (Proceeds from) Loans and Leases",
                "concept": "PaymentsForProceedsFromLoansAndLeases",
                "unit": "usd",
                "value": -1179000
            },
            {
                "label": "Proceeds from Sale of Foreclosed Assets",
                "concept": "ProceedsFromSaleOfForeclosedAssets",
                "unit": "usd",
                "value": 1936000
            },
            {
                "label": "Payments to Acquire and Develop Real Estate",
                "concept": "PaymentsToAcquireAndDevelopRealEstate",
                "unit": "usd",
                "value": 289000
            },
            {
                "label": "Payments to Acquire Property, Plant, and Equipment",
                "concept": "PaymentsToAcquirePropertyPlantAndEquipment",
                "unit": "usd",
                "value": 9693000
            },
            {
                "label": "Payments for (Proceeds from) Other Investing Activities",
                "concept": "PaymentsForProceedsFromOtherInvestingActivities",
                "unit": "usd",
                "value": 42000
            },
            {
                "label": "Net Cash Provided by (Used in) Investing Activities",
                "concept": "NetCashProvidedByUsedInInvestingActivities",
                "unit": "usd",
                "value": -9761000
            },
            {
                "label": "Repayments Of Long Term Debt",
                "concept": "RepaymentsOfLongTermDebt",
                "unit": "usd",
                "value": 75493000
            },
            {
                "label": "Proceeds from Issuance of Long-term Debt",
                "concept": "ProceedsFromIssuanceOfLongTermDebt",
                "unit": "usd",
                "value": 14791000
            },
            {
                "label": "Payments of Debt Issuance Costs",
                "concept": "PaymentsOfDebtIssuanceCosts",
                "unit": "usd",
                "value": 115000
            },
            {
                "label": "Proceeds from (Repurchase of) Redeemable Preferred Stock",
                "concept": "ProceedsFromRepurchaseOfRedeemablePreferredStock",
                "unit": "usd",
                "value": -125000
            },
            {
                "label": "Payments of Ordinary Dividends, Common Stock",
                "concept": "PaymentsOfDividendsCommonStock",
                "unit": "usd",
                "value": 934000
            },
            {
                "label": "Payments to Noncontrolling Interests",
                "concept": "PaymentsToMinorityShareholders",
                "unit": "usd",
                "value": 1220000
            },
            {
                "label": "Net Cash Provided by (Used in) Financing Activities",
                "concept": "NetCashProvidedByUsedInFinancingActivities",
                "unit": "usd",
                "value": -63096000
            },
            {
                "label": "Cash and Cash Equivalents, Period Increase (Decrease)",
                "concept": "CashCashEquivalentsRestrictedCashAndRestrictedCashEquivalentsPeriodIncreaseDecreaseIncludingExchangeRateEffect",
                "unit": "usd",
                "value": -79423000
            },
            {
                "label": "Interest Paid, Net",
                "concept": "InterestPaidNet",
                "unit": "usd",
                "value": 9745000
            },
            {
                "label": "Income Taxes Paid",
                "concept": "IncomeTaxesPaid",
                "unit": "usd",
                "value": 862000
            },
            {
                "label": "Right-of-Use Asset Obtained in Exchange for Operating Lease Liability",
                "concept": "RightOfUseAssetObtainedInExchangeForOperatingLeaseLiability",
                "unit": "usd",
                "value": 5864000
            }
        ],
        "ic": [
            {
                "label": "Revenue from Contract with Customer, Excluding Assessed Tax",
                "concept": "RevenueFromContractWithCustomerExcludingAssessedTax",
                "unit": "usd",
                "value": 198310000
            },
            {
                "label": "Interest and Dividend Income, Operating",
                "concept": "InterestAndDividendIncomeOperating",
                "unit": "usd",
                "value": 21415000
            },
            {
                "label": "Other Income",
                "concept": "OtherIncome",
                "unit": "usd",
                "value": 1343000
            },
            {
                "label": "Revenues, Total",
                "concept": "Revenues",
                "unit": "usd",
                "value": 221057000
            },
            {
                "label": "Interest Expense",
                "concept": "InterestExpense",
                "unit": "usd",
                "value": 11148000
            },
            {
                "label": "Provision for Loan Losses Expensed",
                "concept": "ProvisionForLoanLossesExpensed",
                "unit": "usd",
                "value": -961000
            },
            {
                "label": "Asset Impairment Charges",
                "concept": "AssetImpairmentCharges",
                "unit": "usd",
                "value": 618000
            },
            {
                "label": "Selling, General and Administrative Expense",
                "concept": "SellingGeneralAndAdministrativeExpense",
                "unit": "usd",
                "value": 121993000
            },
            {
                "label": "Costs and Expenses, Total",
                "concept": "CostsAndExpenses",
                "unit": "usd",
                "value": 214683000
            },
            {
                "label": "Income (Loss) from Equity Method Investments",
                "concept": "IncomeLossFromEquityMethodInvestments",
                "unit": "usd",
                "value": -17000
            },
            {
                "label": "Foreign Currency Transaction Gain (Loss), before Tax",
                "concept": "ForeignCurrencyTransactionGainLossBeforeTax",
                "unit": "usd",
                "value": 5000
            },
            {
                "label": "Income (Loss) from Continuing Operations before Income Taxes, Extraordinary Items, Noncontrolling Interest",
                "concept": "IncomeLossFromContinuingOperationsBeforeIncomeTaxesExtraordinaryItemsNoncontrollingInterest",
                "unit": "usd",
                "value": 6362000
            },
            {
                "label": "Income Tax Expense (Benefit)",
                "concept": "IncomeTaxExpenseBenefit",
                "unit": "usd",
                "value": 1724000
            },
            {
                "label": "Net Income (Loss), Including Portion Attributable to Noncontrolling Interest",
                "concept": "ProfitLoss",
                "unit": "usd",
                "value": 4638000
            },
            {
                "label": "Net Income (Loss) Attributable to Noncontrolling Interests",
                "concept": "NetIncomeLossAttributableToNoncontrollingInterest",
                "unit": "usd",
                "value": 3139000
            },
            {
                "label": "Net income (loss) attributable to BFC",
                "concept": "NetIncomeLoss",
                "unit": "usd",
                "value": 1499000
            },
            {
                "label": "Earnings Per Share, Basic",
                "concept": "EarningsPerShareBasic",
                "unit": "usd/shares",
                "value": 0.02
            },
            {
                "label": "Earnings Per Share, Diluted",
                "concept": "EarningsPerShareDiluted",
                "unit": "usd/shares",
                "value": 0.02
            },
            {
                "label": "Weighted Average Number of Shares Outstanding, Basic",
                "concept": "WeightedAverageNumberOfSharesOutstandingBasic",
                "unit": "shares",
                "value": 93220000
            },
            {
                "label": "Weighted Average Number of Shares Outstanding, Diluted",
                "concept": "WeightedAverageNumberOfDilutedSharesOutstanding",
                "unit": "shares",
                "value": 94487000
            },
            {
                "label": "Other Comprehensive Income (Loss), Unrealized Holding Gain (Loss) on Securities Arising During Period, Net of Tax",
                "concept": "OtherComprehensiveIncomeUnrealizedHoldingGainLossOnSecuritiesArisingDuringPeriodNetOfTax",
                "unit": "usd",
                "value": 28000
            },
            {
                "label": "Other Comprehensive Income (Loss), Foreign Currency Transaction and Translation Adjustment, Net of Tax",
                "concept": "OtherComprehensiveIncomeLossForeignCurrencyTransactionAndTranslationAdjustmentNetOfTax",
                "unit": "usd",
                "value": 101000
            },
            {
                "label": "Other Comprehensive Income (Loss), Net of Tax",
                "concept": "OtherComprehensiveIncomeLossNetOfTax",
                "unit": "usd",
                "value": 129000
            },
            {
                "label": "Comprehensive Income, Net of Tax, Including Portion Attributable to Noncontrolling Interest",
                "concept": "ComprehensiveIncomeNetOfTaxIncludingPortionAttributableToNoncontrollingInterest",
                "unit": "usd",
                "value": 4767000
            },
            {
                "label": "Comprehensive Income, Net of Tax, Attributable to Noncontrolling Interest",
                "concept": "ComprehensiveIncomeNetOfTaxAttributableToNoncontrollingInterest",
                "unit": "usd",
                "value": 3139000
            },
            {
                "label": "Comprehensive Income, Net of Tax, Attributable to Parent, Total",
                "concept": "ComprehensiveIncomeNetOfTax",
                "unit": "usd",
                "value": 1628000
            }
        ]
    }
}