{
    "startDate": "2019-01-01",
    "endDate": "2019-03-31",
    "year": "2019",
    "quarter": "Q1",
    "symbol": "FRAF",
    "data": {
        "bs": [
            {
                "label": "Cash and Cash Equivalents, at Carrying Value",
                "concept": "CashAndCashEquivalentsAtCarryingValue",
                "unit": "usd",
                "value": 47033000
            },
            {
                "label": "Cash and Cash Equivalents, at Carrying Value",
                "concept": "CashAndCashEquivalentsAtCarryingValue",
                "unit": "usd",
                "value": 47033000
            }
        ],
        "cf": [
            {
                "label": "Net Income (Loss) Attributable to Parent",
                "concept": "NetIncomeLoss",
                "unit": "usd",
                "value": 3237000
            },
            {
                "label": "Depreciation, Depletion and Amortization, Nonproduction",
                "concept": "DepreciationAndAmortization",
                "unit": "usd",
                "value": 338000
            },
            {
                "label": "The sum of the periodic adjustments of the differences between securities' face values and purchase prices that are charged against earnings. This is called accretion if the security was purchased at a discount and amortization if it was purchased at premium. As a noncash item, this element is an adjustment to net income when calculating cash provided by (used in) operations using the indirect method. The net increase in interest income during the period representing the systematic and rational allocation of deferred loan origination fees less deferred loan origination costs over the term of the debt arrangement to which they pertain.",
                "concept": "fraf:NetAmortizationOfLoansAndInvestmentSecurities",
                "unit": "usd",
                "value": 409000
            },
            {
                "label": "Provision for Loan and Lease Losses",
                "concept": "ProvisionForLoanAndLeaseLosses",
                "unit": "usd",
                "value": 399000
            },
            {
                "label": "Change In Fair Value Of Equity Securities",
                "concept": "fraf:ChangeInFairValueOfEquitySecurities",
                "unit": "usd",
                "value": 3000
            },
            {
                "label": "Gain (Loss) on Sale of Securities, Net",
                "concept": "DebtAndEquitySecuritiesGainLoss",
                "unit": "usd",
                "value": 24000
            },
            {
                "label": "Payments for Origination of Mortgage Loans Held-for-sale",
                "concept": "PaymentsForOriginationOfMortgageLoansHeldForSale",
                "unit": "usd",
                "value": 6467000
            },
            {
                "label": "Proceeds from Sale of Loans Held-for-sale",
                "concept": "ProceedsFromSaleOfLoansHeldForSale",
                "unit": "usd",
                "value": 6390000
            },
            {
                "label": "Bank Owned Life Insurance Income",
                "concept": "BankOwnedLifeInsuranceIncome",
                "unit": "usd",
                "value": 127000
            },
            {
                "label": "Increase (Decrease) in Other Operating Assets",
                "concept": "IncreaseDecreaseInOtherOperatingAssets",
                "unit": "usd",
                "value": 50000
            },
            {
                "label": "Increase (Decrease) in Other Operating Liabilities",
                "concept": "IncreaseDecreaseInOtherOperatingLiabilities",
                "unit": "usd",
                "value": 118000
            },
            {
                "label": "Net Cash Provided by (Used in) Operating Activities",
                "concept": "NetCashProvidedByUsedInOperatingActivities",
                "unit": "usd",
                "value": 4220000
            },
            {
                "label": "Proceeds from Sale and Maturity of Available-for-sale Securities",
                "concept": "ProceedsFromSaleAndMaturityOfAvailableForSaleSecurities",
                "unit": "usd",
                "value": 3876000
            },
            {
                "label": "Proceeds from Maturities, Prepayments and Calls of Available-for-sale Securities",
                "concept": "ProceedsFromMaturitiesPrepaymentsAndCallsOfAvailableForSaleSecurities",
                "unit": "usd",
                "value": 6084000
            },
            {
                "label": "Payments to Acquire Available-for-sale Securities",
                "concept": "PaymentsToAcquireAvailableForSaleSecurities",
                "unit": "usd",
                "value": 5344000
            },
            {
                "label": "Payments for (Proceeds from) Loans and Leases",
                "concept": "PaymentsForProceedsFromLoansAndLeases",
                "unit": "usd",
                "value": 7245000
            },
            {
                "label": "Payments for (Proceeds from) Productive Assets",
                "concept": "PaymentsForProceedsFromProductiveAssets",
                "unit": "usd",
                "value": 136000
            },
            {
                "label": "Net Cash Provided by (Used in) Investing Activities",
                "concept": "NetCashProvidedByUsedInInvestingActivities",
                "unit": "usd",
                "value": -2765000
            },
            {
                "label": "Increase (Decrease) in Deposits",
                "concept": "IncreaseDecreaseInDeposits",
                "unit": "usd",
                "value": -33621000
            },
            {
                "label": "Increase (Decrease) in Time Deposits",
                "concept": "IncreaseDecreaseInTimeDeposits",
                "unit": "usd",
                "value": 27483000
            },
            {
                "label": "Payments of Dividends, Common Stock",
                "concept": "PaymentsOfDividendsCommonStock",
                "unit": "usd",
                "value": 1192000
            },
            {
                "label": "Payments for Repurchase of Common Stock",
                "concept": "PaymentsForRepurchaseOfCommonStock",
                "unit": "usd",
                "value": 560000
            },
            {
                "label": "Proceeds To Stock Plans",
                "concept": "fraf:ProceedsToStockPlans",
                "unit": "usd",
                "value": 160000
            },
            {
                "label": "Proceeds from Stock Plans",
                "concept": "ProceedsFromStockPlans",
                "unit": "usd",
                "value": 351000
            },
            {
                "label": "Net Cash Provided by (Used in) Financing Activities",
                "concept": "NetCashProvidedByUsedInFinancingActivities",
                "unit": "usd",
                "value": -7379000
            },
            {
                "label": "Cash and Cash Equivalents, Period Increase (Decrease)",
                "concept": "CashCashEquivalentsRestrictedCashAndRestrictedCashEquivalentsPeriodIncreaseDecreaseExcludingExchangeRateEffect",
                "unit": "usd",
                "value": -5924000
            },
            {
                "label": "Interest Paid, Net",
                "concept": "InterestPaidNet",
                "unit": "usd",
                "value": 1562000
            },
            {
                "label": "Recognition of Operating Lease Right-of-Use Asset",
                "concept": "fraf:RecognitionOfOperatingLeaseRightOfUseAsset",
                "unit": "usd",
                "value": 6236000
            },
            {
                "label": "Recognition of Operating Lease Liability",
                "concept": "fraf:RecognitionOfOperatingLeaseLiability",
                "unit": "usd",
                "value": 6236000
            }
        ],
        "ic": [
            {
                "label": "Net Income (Loss) Attributable to Parent",
                "concept": "NetIncomeLoss",
                "unit": "usd",
                "value": 3237000
            },
            {
                "label": "Other Comprehensive Income (Loss), Unrealized Holding Gain (Loss) on Securities Arising During Period, before Tax",
                "concept": "OtherComprehensiveIncomeUnrealizedHoldingGainLossOnSecuritiesArisingDuringPeriodBeforeTax",
                "unit": "usd",
                "value": 1414000
            },
            {
                "label": "Other Comprehensive Income (Loss), Reclassification Adjustment for Sale of Securities Included in Net Income, before Tax",
                "concept": "OtherComprehensiveIncomeLossReclassificationAdjustmentFromAOCIForSaleOfSecuritiesBeforeTax",
                "unit": "usd",
                "value": 24000
            },
            {
                "label": "Other Comprehensive Income (Loss), Available-for-sale Securities, Tax",
                "concept": "OtherComprehensiveIncomeAvailableforsaleSecuritiesAdjustmentBeforeTaxPortionAttributableToParent",
                "unit": "usd",
                "value": 1390000
            },
            {
                "label": "Other Comprehensive Income (Loss), Available-for-sale Securities, Tax, Portion Attributable to Parent",
                "concept": "OtherComprehensiveIncomeAvailableforsaleSecuritiesTaxPortionAttributableToParent",
                "unit": "usd",
                "value": 291000
            },
            {
                "label": "Other Comprehensive Income (Loss), Available-for-sale Securities Adjustment, Net of Tax, Portion Attributable to Parent",
                "concept": "OtherComprehensiveIncomeAvailableforsaleSecuritiesAdjustmentNetOfTaxPortionAttributableToParent",
                "unit": "usd",
                "value": 1099000
            },
            {
                "label": "Other Comprehensive Income (Loss), Net of Tax, Portion Attributable to Parent",
                "concept": "OtherComprehensiveIncomeLossNetOfTaxPortionAttributableToParent",
                "unit": "usd",
                "value": 1099000
            },
            {
                "label": "Comprehensive Income (Loss), Net of Tax, Attributable to Parent",
                "concept": "ComprehensiveIncomeNetOfTax",
                "unit": "usd",
                "value": 4336000
            },
            {
                "label": "Other Comprehensive Income (Loss), Available-for-sale Securities, before Reclassification Adjustments, Tax",
                "concept": "OtherComprehensiveIncomeLossAvailableForSaleSecuritiesBeforeReclassificationAdjustmentsTax",
                "unit": "usd",
                "value": 5000
            }
        ]
    }
}