{
    "startDate": "2018-04-01",
    "endDate": "2019-03-31",
    "year": "2019",
    "quarter": "Q4",
    "symbol": "LM",
    "data": {
        "bs": [
            {
                "label": "REDEEMABLE NONCONTROLLING INTERESTS",
                "concept": "RedeemableNoncontrollingInterestEquityCarryingAmount",
                "unit": "usd",
                "value": 692376000
            }
        ],
        "cf": [],
        "ic": [
            {
                "label": "Total Operating Revenues",
                "concept": "Revenues",
                "unit": "usd",
                "value": 2903259000
            },
            {
                "label": "OPERATING INCOME",
                "concept": "OperatingIncomeLoss",
                "unit": "usd",
                "value": "N/A"
            },
            {
                "label": "INCOME BEFORE INCOME TAX PROVISION",
                "concept": "IncomeLossFromContinuingOperationsBeforeIncomeTaxesMinorityInterestAndIncomeLossFromEquityMethodInvestments",
                "unit": "usd",
                "value": "N/A"
            },
            {
                "label": "Income tax provision",
                "concept": "IncomeTaxExpenseBenefit",
                "unit": "usd",
                "value": 20561000
            },
            {
                "label": "NET INCOME",
                "concept": "ProfitLoss",
                "unit": "usd",
                "value": "N/A"
            },
            {
                "label": "Net Income (Loss) Attributable to Noncontrolling Interest",
                "concept": "NetIncomeLossAttributableToNoncontrollingInterest",
                "unit": "usd",
                "value": 36442000
            },
            {
                "label": "Net Income Attributable to Legg Mason, Inc.",
                "concept": "NetIncomeLoss",
                "unit": "usd",
                "value": "N/A"
            }
        ]
    }
}